:020000040000FA
:10300000C83F0020C1300000597400005163000027
:10301000FFFFFFFFFFFFFFFFFFFFFFFFFFFFFFFFC0
:10302000FFFFFFFFFFFFFFFFFFFFFFFFE97600004D
:10303000FFFFFFFFFFFFFFFF85740000C97800005E
:1030400035310000C5750000353100003531000014
:103050003531000035310000FF55000035310000EA
:10306000714900003531000035310000617B0000FE
:10307000B15E0000357600003531000035310000CA
:1030800035310000494B0000ED4C00009D6400000C
:103090007D6700003531000035310000353100001A
:1030A00031910000B18D0000353100003531000054
:1030B00035310000C17100003531000035310000AC
:1030C0001D4880471D4880471D4800471D4801692D
:1030D000002908D14169002905D18169002902D15F
:1030E000C169002909D01848C1680901090D0029E2
:1030F0000ED005290CD006290AD0BFF34F8F1348F4
:103100001349016013491248C860BFF34F8FFEE7AF
:103110000E4801680E48884200D070470E480F499B
:1031200001600A480E4901607047FEE7FEE7FEE7CE
:10313000FEE7FEE7FEE70000CD300000CD7800009E
:1031400065310000000308408001084000000020B5
:103150000400FA0500ED00E00081084001000000D5
:10316000000000000448854601F07EF90048004751
:1031700019EF0000C046C046C83F002030B50B46DE
:10318000014600202022012409E00D46D5409D4241
:1031900005D31D469540491B2546954040191546C7
:1031A000521E002DF1DC30BD70B5002425460028EC
:1031B00001DA01244042002901DA01254942FFF7E2
:1031C000DDFFAC4200D04042002C00D0494270BD2F
:1031D000F8B500242546002904DA0E460124002112
:1031E0004042B141002B04DA1E4600235242012521
:1031F000B34100F0F9FE8C4617461E46AC4203D0A0
:10320000002540428D41AC46002C02D0002657429A
:103210009E4161463A46334601B0F0BD00487047D2
:10322000EC5E010010B50446FFF7F8FF0068005D92
:10323000C007C00F10BD01466139192900D82038D8
:10324000704701464139192900D82030704703469C
:103250000B439B0703D009E008C9121F08C0042ACA
:10326000FAD203E00B780370401C491C521EF9D2BD
:103270007047D2B201E00270401C491EFBD2704779
:103280000022F6E710B513460A4604461946FFF732
:10329000F0FF204610BD30B505462A460B46107893
:1032A0001C78521C5B1C002801D0A042F7D0002CD7
:1032B00003D0002802D06D1CEFE7284630BD10B5C2
:1032C000044605E00B780370401C002B00D0491C1D
:1032D000521EF7D2204610BDCAB2401E4178401C93
:1032E0008A4202D00029F9D100207047421C01789F
:1032F000401C0029FBD1801A704710B5002200E065
:10330000521C835C8C5CA34201D1002BF8D1D8B253
:10331000E1B2401A10BD03460A780270401C491CF5
:10332000002AF9D11846704730B5054600200346FB
:1033300000E05B1C934205D2EC5CC85C201A01D112
:10334000002CF6D130BD10B508E00A4602E0A342D9
:1033500008D0521C1378002BF9D1401C0478002CA3
:10336000F3D1002010BD00000FB400B58DB009905E
:103370000B9010A900200091C0430A9000200C90EF
:1033800006480690064807906A4609A80F9900F07B
:10339000E1FE0DB008BC04B0184700007541000004
:1033A00095410000FFB50027FF4383B000205C6813
:1033B00001909E681D46A9697F1C0498884700906B
:1033C000296A88470028F6D10098401C0CD00320B9
:1033D00040028443002E19DD600614D500982B2886
:1033E00009D02D280FD103E00020C04307B0F0BD65
:1033F000012080020443A9697F1C04988847761E37
:103400000090002E02DD0098302803D00598002897
:1034100025D035E0012040020443A969761E7F1CB7
:10342000049888470090002E03DD782805D058289E
:1034300003D00598002810D022E00598002801D07C
:1034400010281DD1012040028443A969761E7F1CEB
:10345000049888470090102002E0082000E00A202D
:1034600005900DE0012149020C43059A0199761E51
:10347000514308180190A9697F1C0498884700905F
:10348000002E05DD0599009800F04FFE0028E9DACE
:10349000E96904988847A00502D40120C043A5E744
:1034A000E00722D1600611D56005019800D54042A1
:1034B00029680A1D2A600968220501D5087014E0F0
:1034C000220701D5088010E008600EE02868011D81
:1034D00029600068210502D50199017005E02107E6
:1034E000019901D5018000E0016038467EE7FFB513
:1034F000002083B000905068019091691446002626
:1035000097680498884705460C990698084305D0A3
:1035100009E0A169761C049888470546216A284677
:1035200088470028F5D1681C03D00198C00704D053
:1035300017E00020C04307B0F0BD2068011D2160E6
:10354000006800900DE00198C00704D10098057054
:103550000098401C0090A169761C7F1E0498884743
:103560000546002F1CDD681C1AD0069800280FD0D5
:10357000E817C00E401941118A00069940095118F8
:1035800040012A1A0968012090400142DBD107E07E
:103590000C980028D7D1216A284688470028D2D025
:1035A000E169049888470C98002807D1002E05DDB2
:1035B0000198C00702D1009800210170A068B842AC
:1035C00004DD0C98002804D0002F02D00120C04355
:1035D000B1E73046AFE70000FFB5087889B015467F
:1035E000FF2805D0491C2D2804D00022002407E024
:1035F00000240BE00122F9E70A235C430419491C6B
:103600000878FF28F8D1002A00D0644200200490F6
:103610002A7801462D2A01D02B2A0FD16D1C2D2A84
:1036200002D00022049209E00122FBE700260A22D0
:1036300033466D1C00F008FD381871412F78FF2FBC
:10364000F4D10C9AA218069202460A4304D0FF2332
:10365000069A9133DA4205DA002109980A4606C033
:103660000DB0F0BD0024B74AB54D2646079200F0D4
:10367000CDFE029006980391002801DA474200E04F
:10368000074639050020AF4A001C514101910090C6
:1036900012E0F80707D022462B463046079900F083
:1036A000EBFA0646079122462B461046194600F0D3
:1036B000E3FA04460D467F10002FEAD10698019BDD
:1036C0000028009A0399029806DA00F03DFB324682
:1036D000079B00F039FB05E000F0CEFA3246079B6D
:1036E00000F0CAFA049A002A02D00122D2075140FF
:1036F000099A03C2B4E7FFB591B0002009900025F4
:10370000ED432E209E685C681F460190B9696D1CD0
:10371000129888470090396A88470028F6D10098A7
:10372000401C0AD00D20C0018443002E12DD0098F9
:103730002B2809D02D280DD103E00020C04315B05F
:10374000F0BD012080020443B9696D1C12988847BE
:10375000761E009003A9600501D52D2000E02B20E6
:103760006A461073491C0CA80F9102900AE0B969CF
:103770006D1C129888470090012040020443139862
:10378000761E0560002E02DD00983028EFD00199EA
:103790000098884246D18020044308E00998401EE2
:1037A00009900120400204431399681C0860B9691C
:1037B0006D1C761E1298884700903028EED031E0BC
:1037C0000199884205D1200603D480200443761E47
:1037D0001EE0009806F098FA002826D0012040024A
:1037E000044307A90F980331761E88420BD2009834
:1037F0000F99303808700F98401C0F90200607D59D
:103800000998401E03E0200602D40998401C099044
:10381000A00502D51399681C0860B9696D1C12983F
:1038200088470090002ECBDC59E0002E57DD009831
:10383000652801D0452852D1A00550D503200002AB
:103840008443B9696D1C761E129888470090002E3B
:103850000CDD2B2804D02D2808D1FF200130044393
:10386000B9696D1C12988847761E0090E00501D555
:103870002D2100E02B21029801700298401C02903B
:10388000019025E00120400204430EA90298013175
:10389000761E88420ED20098029930380006000E3B
:1038A000087003D10299019881420AD90298401CFC
:1038B000029006E0E00501D5234801E0224840429D
:1038C0000990B9696D1C129888470090139805609B
:1038D000002E04DD009806F017FA0028D2D1F9690D
:1038E000129888470F99FF200870029903AA087060
:1038F00000200A900B900CA90AA8099BFFF76CFE08
:10390000A00502D40120C04319E72420044209D0B5
:10391000E00713D138680B9A0A99031D3B600068D1
:1039200006C00BE00B990A9800F02EFB0146E00759
:1039300004D13868021D3A60006801602846FEE63E
:10394000000014400000F03FF1D8FFFF70B50646BC
:1039500005F084FF046805460A220021304600F085
:103960007DFC2C6070BDF8B502464A40D40F420081
:103970004B0052085B089A4202D2024608461146A2
:103980004A0023D0C30D4A00DDB2120EAD1A202D1D
:1039900035DA49020126490AF6058A19002C00D0B9
:1039A000524220214F1B1146B9402A411018C20D26
:1039B0009A4221D0002C17D0012D08DCDA05801A9C
:1039C000D20F8019D207DBB200F088FCF8BDDA050F
:1039D000801A012340001B06C01880185A42801824
:1039E000CA0F1043490007E04908C2071143DA052E
:1039F000801A80194008801800F068FCF8BD61004A
:103A00000122511A001BF7E70122D2075140AAE711
:103A10000122D2075040A6E7024670B54A40D30FB4
:103A2000DB0740002DD04A002AD0010E140E000200
:103A300012020919400A520A8418E5010446544347
:103A4000000A120A2E045043A4194219200CC5433F
:103A5000AA18120C0125AD03521C521912047F3909
:103A6000240400D0521C104301D44000491EC2B2AD
:103A70000C06C0092018401C4008802A02D003E030
:103A8000002070BD40084000002900DA00201843E3
:103A900070BD70B502464A40D50F40004A00ED07A0
:103AA00040085208002814D0002A12D0C40DD30DAB
:103AB00041020120C0055202490A520AE41A0918BB
:103AC00012187D34914201D3641C00E04900002C9F
:103AD00001DA002070BD0023914201D3891A03430B
:103AE000400849000028F7D100290AD0914202D1AC
:103AF0000121C90705E0914201D2012101E0012124
:103B0000C943E005C018401900F0E0FB70BD00009B
:103B1000F0B507460846584087B0C00F04904800EB
:103B20000E46590040084908BC1A884105D238465B
:103B300031461E4617460B460246580040081043C1
:103B40004DD0300D039040055900400D490D0590B2
:103B5000401A0290402873DA18030121000B09056E
:103B60000843019004980092002806D01146019A5B
:103B700049420020904100910190029840210A1A88
:103B80000199009800F09DFA05460C466B4607CB5C
:103B900000F0B8FAC0197141039A0E0D0023D7172F
:103BA00056401A467A40164344D0049A002A2DD033
:103BB000029A012A039A15DC1205C01A91410126C6
:103BC0003605001C7141D20F059ED2070093019269
:103BD00002962A46234600F0C7FB07B0F0BD3846E0
:103BE0003146FAE71605234A0F46B218C01AB74104
:103BF00001210905001C4F4100187F41114618188A
:103C00007941E20F10436D19644113E0E2076D083A
:103C100015436408C2071443039A01261205C01A0B
:103C200091413605001C7141CE07400830434908D8
:103C3000C01851412A46234600F089FBCDE7FFE733
:103C4000049801224000C117121A00238B410498E6
:103C50003146C417381AA141EEE730B40124E40715
:103C6000634030BC54E730B40124E407614030BC09
:103C70004EE700000000E0FFF0B51FB488B00B99DC
:103C80000998002448400999C00F49004908099142
:103C9000C0070B990090490049080B9109990898B1
:103CA000A64608431CD00B990A98084318D00998D7
:103CB00001244000420D4800410D099824050003ED
:103CC000000B204309900B980003000B20430B903E
:103CD00050181C494018002201901446104605E077
:103CE000002001460DB0F0BD032801DA034600E0D4
:103CF00003239C46C11A0AAE0AE05F0008ADED5BE3
:103D00004F00F75B7D430027AA187C41491C5B1ECE
:103D10006145F2DD410004AB5A522104120C0A4302
:103D2000240C401C0828DFDB0198029000997046A3
:103D300001910090059B049A0799069800F014FBE6
:103D4000D0E700000DFCFFFFF0B50C465C4085B0ED
:103D5000E40FE40703944C000026640859009446DD
:103D6000490802460296224321D062460A431ED0E9
:103D70006200570D4A000E032303550D012402462D
:103D80002C492405781B1B0B360B40182343264374
:103D9000614600901C46501AB44103D30098401C61
:103DA000009002E0921800985B41002803DA00209E
:103DB000014605B0F0BD00200121090507468646F1
:103DC00011E064461D46141BB54106D36546521BDF
:103DD000B341744607430C43A646CD074008490843
:103DE000284392185B4105460D43EAD1104618431B
:103DF00013D06046194650407140084306D06046D3
:103E0000101AB34106D20122002306E0002201234A
:103E1000DB0702E00122D2435310009874460105EB
:103E2000381C6141029C039D0019694100F08FFA22
:103E3000BFE70000FD030000C217C10F504010B5DE
:103E40004018CA079623002100F048FA10BD10B5AB
:103E500000229623114600F041FA10BD0EB5C2179C
:103E6000C10F5040CA0740180021054B0293019230
:103E700000910A460B4600F077FA03B000BD00003F
:103E8000330400000EB505490291002100910A4655
:103E90000B46019100F068FA03B000BD3304000046
:103EA000410040020122400AD205090E80187F29F4
:103EB00001DA00207047962903DC9622511AC84087
:103EC000704796398840704770B5CD0F4A00090396
:103ED0000123090B1B0519430B4BED070024520D61
:103EE0009A4201DA002070BD074B34339A4203DC5A
:103EF0009A1A00F0F6F802E00449511888402C4361
:103F0000F1D0404270BD0000FF030000CDFBFFFF79
:103F1000C20FD207400040080BD0C10D0723DB01C0
:103F2000C91840020905400A1143C208400711435D
:103F3000704700200146704710B5002904DB0124BA
:103F4000E40740428C412146002B04DB1C46012340
:103F5000DB075242A3418B4200D1824210BD0000D8
:103F600010B5002904DB0124E40740428C412146BE
:103F7000002B04DB1C460123DB075242A34199427C
:103F800000D1904210BD0000CB0FDB07490010B5F7
:103F9000490802460A4307D00A0D07240903E40131
:103FA000090B121B002A01DC002010BDC900440FC0
:103FB0000C43C100E018D205801800F087F910BD4D
:103FC0000122D207002800DB101A002900DB511A59
:103FD000814270470122D207002800DB101A002915
:103FE00000DB511A88427047F0B51FB40646002026
:103FF00082B005464024019100901BE001992246C1
:104000000F46304600F06DF8049A059B801A9941DE
:1040100010D310461946224600F053F8361A8F4145
:104020000197224601200021009F00F04AF838182D
:104030004D4100902046641E0028DFDC019B009863
:104040002946324607B0F0BDF0B51FB486B0002057
:104050000090019002900698069980B2049007980B
:10406000090C02040014114307900027089D0998C9
:1040700006913E463C4603900398A9B20204000C08
:10408000039004982D0C154348430021224600F06C
:1040900018F8C719714110340E46402CECDB384635
:1040A000029A00F00EF8009A019B80180090594186
:1040B00002980191103002904028CCDB00980BB0A0
:1040C000F0BD10B5202A04DB0146203A91400020C3
:1040D00010BD914020239C1A0346E34019439040B1
:1040E00010BD10B5202A04DB0846203AD04000213C
:1040F00010BD0B46D340D0402024A21A9140084363
:10410000194610BD10B5202A06DBCB170846203A09
:104110001041C1170B4306E00B461341D040202449
:10412000A21A91400843194610BD3A2800D23038EF
:10413000202302469A43412A01D310463738884249
:1041400001D30020C0437047026813785118016002
:104150001846704710B5D160044951610449116295
:1041600000211161114600F091F910BD4941000094
:10417000253200004268002A08D001680B78491CEB
:10418000002B03D0521E06C0184670470121C160A3
:10419000881E70474268002A0BD0C3680168002B54
:1041A00007D183688B4204D0491E521C06C00020F0
:1041B00070470020C04370470FB400B589B00CA908
:1041C00000910B990023CB60204B214A0693079264
:1041D000042201921F4A02921F4A089202466B462D
:1041E0000020FFF788FA09B008BC04B0184770B582
:1041F00086B006460020C0430190002015460C46BC
:104200000091029104903246694604A8FFF7D4FF5A
:10421000024604982118002D05D0002801D0084638
:1042200000E020462860049800280DD0002A02DD16
:104230000098884208D0081B0190009432466946D5
:10424000029404A8FFF7B8FF06B070BD75410000E6
:1042500095410000FFFFFF7F25320000F7B5009C6D
:104260000F4600262578641C002D05D0FEF7D6FFEA
:104270000068405DC007F5D12B2D02D02D2D18D040
:10428000641E39462046029A00F09EFA002F04D0A0
:104290003968A14201D100993960710502240029D1
:1042A0000BDA4042002803DD05F0D8FA0460A007CD
:1042B000FEBD012080020643E3E70028F8DA05F09E
:1042C000CDFA04600048FEBDFFFFFF7F002904DA3D
:1042D000401C490001D140084000704770B40024E0
:1042E000050C05D11024000402D1002921D011248D
:1042F000050E01D100020834050F01D10001241D73
:10430000850F01D18000A41C002801DB4000641C43
:10431000002908D020252E1B0D46F540A14000D0D5
:1043200001212943084301061B1B000ADB1D02D59E
:10433000002070BC7047DB05181880180029F8DAD7
:10434000401C4900F5D170BC40084000704710B5D2
:10435000002B08DA0024401C614192185B411A438B
:1043600001D14008400010BDF0B51FB482B0054631
:104370000C0003D0084605F0B3F802E005F0B0F8F1
:1043800020300246009021462846FFF79AFE049B03
:10439000059A04460F4618431143084314D01846A3
:1043A00010431BD0009840210A1A18460599FFF7C0
:1043B00098FE05460E46009A05990498FFF781FE7F
:1043C000084305D0012004E02046394607B0F0BD7F
:1043D0000020C11705430E432C43374300990E9824
:1043E0006305401A7905E40A00220C43FD0A0A30ED
:1043F00002D500200146E9E70105101969410C9C2E
:104400000D9D00196941FFF7A2FFDFE70EB5054AD0
:1044100002920022009213460192FFF7A5FF03B01B
:1044200000BD0000330400004A0009030123090B0A
:104430001B0519430A4B10B5520D9A4202DA0020AF
:10444000014610BD064B34339A4203DC9A1AFFF73B
:1044500048FE10BD034BD218FFF733FE10BD00001D
:10446000FF030000CDFBFFFF064C0125064E05E0D3
:10447000E36807CC2B430C3C98471034B442F7D385
:10448000FEF774FE2465010044650100F3B58DB0AC
:1044900000200A9001200B90002608460C300C46A4
:1044A00009906269012109989047051E2ED0252D9B
:1044B0002DD0216A8847002818D062690121099807
:1044C0009047216A88470028F7D1411E6269099800
:1044D000904700E0761CA1690D988847216A8847BB
:1044E0000028F7D1E1690D988847DAE7A1690D98AE
:1044F00088470746A84201D1761CD2E7E1690D98AA
:1045000088477F1C02D10A98002877D04AE100270B
:1045100062693D463946099890472A280CD162695C
:10452000012109989047012506E00A214F433F18D1
:10453000303FEBD410200543626901210998904770
:10454000014630390A2903D29C498F42DEDCECE770
:10455000E90600D49A4F6C280AD04C2810D068285D
:1045600024D06A282ED074280CD07A280AD00DE0E6
:1045700062690121099890476C2823D004211CE02E
:10458000202005436269012109989047A760656072
:1045900065284FD026DC582839D01ADC452849D068
:1045A00012DC252834D04128B0D143E062690121D2
:1045B00009989047682802D008210D43E6E70120BA
:1045C000C002DEE70220DCE7462833D047282CD1A2
:1045D00030E05B2870D061282CD063286CD0642830
:1045E00023D161E06F284FD009DC662822D06728EC
:1045F00020D0692826D06E2817D12EE0CEE0702872
:104600004DD073286FD075284ED078280DD154E046
:10461000A1690D9888470546252800D16CE7E16916
:104620000D9888476D1C00D16DE7BBE00A224CE075
:104630000A2252E0012023466A46C0430D99FFF743
:104640005AF8A4E02846402108436060A8072346A2
:1046500001D5002239E000223FE0E80700D020E742
:104660002068011D21600068290501D5067018E742
:10467000290701D5068014E7A90703D5F1170660BD
:1046800041600EE706600CE7284640210843606061
:10469000A807234601D5082217E008221DE0494952
:1046A00028460840606016E02846402108436060C4
:1046B000A8072346BCD5B9E715E0284640210843A2
:1046C0006060A80707D5234610220120C0430D993A
:1046D000C046C0465BE0234610220120C0430D992E
:1046E000FEF760FE53E000210C910B460091632819
:1046F00002D05B2808D044E02079C00601D4012014
:10470000A060012000903CE0626901210998904777
:104710005E2805D101200C900146626909989047F6
:104720002169002906D10B4601AA8F00491CD351EB
:104730000829FADB002835D0216900290ED1C117DC
:10474000C90E09184A11930001AA9A18490949018A
:10475000411A0120136888400343136062690121F4
:10476000099890475D28E5D10C98002808D00020D2
:1047700001AB81005A58401CD2435A500828F8DB3C
:1047800001AB01202246C0430D99FEF7B0FE002880
:104790000ADA401C06D10B98002803D00020C04341
:1047A0000FB0F0BD0A98FBE7E90702D10A99491C4E
:1047B0000A91361800200B9073E60000CCCCCC0C8C
:1047C000FFFFFF7FF1F7FFFFF7B582B0029C0027E4
:1047D0002078641C15460197302802D0002D15D092
:1047E00015E020780127641C782804D0582802D0CE
:1047F000002D09D00BE0002D01D0102D07D100278E
:1048000010252078641C02E0082500E00A25002617
:10481000009610E00099012769430818020C294608
:1048200080B2714300908E183804864201D3012073
:1048300001902078641C2946FFF777FC0028E9DA0C
:104840000398002805D0002F01D0641E00E0029CD0
:1048500004600198002806D005F000F802210160EC
:10486000C81E05B0F0BD009930040843F9E770B5E3
:104870008C180578401C6B075B0F01D10378401C36
:104880002A1106D10278401C03E006780E70401C05
:10489000491C5B1EF9D12B0705D40023521E0DD4F1
:1048A0000B70491CFAE70378401CCB1A921C03E0FA
:1048B0001D780D70491C5B1C521EF9D5A142D8D33E
:1048C000002070BD8C2211507047002904D002686E
:1048D00080231A43026003E0026880239A43026047
:1048E000704700000EB50020009001900290012159
:1048F000090602988843401802908912019888435B
:10490000401801900123684607C800F069FD174868
:1049100000F085F802228021002000F093F80621A3
:10492000102000F07DFD0023012202210F4800F03D
:104930005FF800210D4800F077F800231A4609219E
:104940000A4800F03AF80121084800F061F8012215
:104950001146064800F022F801210448FFF7B5FF90
:104960000121024800F062F80EBD00000000014085
:1049700010B501210648FFF7A5FF0548006B0005AB
:10498000000D0449086001200349087010BD0000B3
:1049900000000140E0040020E404002010B5002ADB
:1049A00005D080231B580B438024235004E0802330
:1049B0001B588B438024235010BD70B50C469510B6
:1049C000AE00051DA9599507EE0E1F25B5402B46D3
:1049D0000D469D4329469507EE0E2546B5402B46CC
:1049E0000D461D4329469510AD00061D715170BD41
:1049F00070B5032900D100BF5C1E2404551E2D0292
:104A00002C430C430568802635402C43046070BD60
:104A1000CA06D20E02674A0952014267704701680E
:104A2000402211430160704701627047002904D0A1
:104A3000426F01231A43426703E0426F520852005B
:104A400042677047F7B50B46009DED00154EAA1959
:104A5000002000240027002120E000240027FF255B
:104A60008D401D40002D17D000200FE01D46C54091
:104A700001268E403540002D07D086000F25B54019
:104A80002C438600029DB5402F43401C0828EDD3DF
:104A90001568A5433D431560121D08310829DCDD6A
:104AA000FEBD00002020024000200349087003489A
:104AB0000068034908607047A00100209C000020A6
:104AC0009C010020FEB50020009001900290012181
:104AD000090402988843401802900123684607C8D9
:104AE00000F07EFC0E480068012104F010FD044631
:104AF0007D22D2000023FEF76BFB064631460948B3
:104B000000F04DF90021074800F04BF9012105485C
:104B100000F039F90121034800F029F9FEBD000039
:104B2000880500200060074070B504460548056808
:104B300001E001F0F5F903480068401BA042F8D3FA
:104B400070BD00009C00002010B53F4800F008F93F
:104B500003F0A4FD3D480068401C3C4908603C4807
:104B60000068401C3A4908603A480078012804D19E
:104B700039480088401C38490880384800780028A7
:104B80003FD137480088401C3549088035480078B7
:104B9000042801D1344800E034483149098888426A
:104BA00009D230480078042801D12F4800E02F486E
:104BB000401C2B4908802E480088401C2C49088046
:104BC00028480078042801D1274800E027482849D0
:104BD0000988884209D223480078042801D1224854
:104BE00000E02248401C2249088001F043FD01F00A
:104BF000B1FE10211F4809F0C3FD10211E4809F025
:104C0000F1FD1E480088401C1C49088008460088A9
:104C1000C82809DB002008801948006B10210840D3
:104C2000002801D004F014FC16480088401C1549E7
:104C3000088008460088322805DB0020088003F041
:104C4000ABFE03F0C3FE10BD006007409C000020D7
:104C5000A00000204805002076050020B3040020B5
:104C6000B0040020EE010020E093040060EA0000A0
:104C7000C00400201E0900202E090020B4000020DE
:104C800000800840B6000020FEB500200090019092
:104C900002900121490402988843401802900123A0
:104CA000684607C800F09CFB0E4800687D21C900DB
:104CB00004F02DFC04467D22D2000023FEF788FA82
:104CC00006463146084800F06AF80021064800F020
:104CD00068F80121044800F056F80121024800F06C
:104CE00046F8FEBD880500200070074010B5154845
:104CF00000F036F801201449086014480068401C90
:104D00001249086012480068401C114908601148A7
:104D10000068401C0F4908600F480088401C0E497D
:104D2000088007F0B9FC07F09DFD10F0F1FA0B4880
:104D30000078002801D1012000E000200749087018
:104D400010BD000000700740A4000020A800002053
:104D5000AC000020F0040020B0000020B2000020D1
:104D60004168490849004160BFF34F8F70470029EF
:104D700004D0026804231A43026003E0026804239B
:104D80009A4302607047002904D0026801231A4345
:104D9000026003E002685208520002607047C1607E
:104DA0007047816070470000F0B5364E0120B0704A
:104DB00000252F462EE0284601F0ACFE002827D122
:104DC0002C4644204443F06C015DCA0701D089079A
:104DD0001ED4B7702018C28D416889184160F06CEC
:104DE0002018028E816889188160F06C2018417843
:104DF000491CC9B2417010290AD3F06C0021201857
:104E00004770284602F070FE0121284602F06CFE31
:104E10006D1CEDB2707B8542CDD3B07800282FD0C9
:104E2000002329E0184601F075FE002822D11A4619
:104E300044214A43F16C144851188881F16C51188F
:104E40000882F16C51188882F16C51180883F06C5B
:104E50001018C781F06C10184782F06C1018C782C8
:104E6000F06C10184783F06C1118088E0887F16CED
:104E70005118C8865B1CDBB2707B8342D2D377713A
:104E8000F0BD0000A8050020FFFF0000F0B51F4D99
:104E9000E88C68640026374630E0304601F03AFE80
:104EA000002829D1344644204443E86CFD22015DAA
:104EB000490849001140015520184770E86C01214C
:104EC00020184760E86C490220188760E86C0022CF
:104ED00020184186E86C20188186E86C20184185EE
:104EE000E86C20188185E86C2018C785E86C2018CC
:104EF0000786304603F052FC761CF6B2687B864289
:104F0000CBD3AF706F70EF70F0BD0000A80500202C
:104F100070B505460C46002D02D0012D74D174E009
:104F2000002C4DD0284610F0A9FC74480088744924
:104F300008800A20714908800120724908706F4872
:104F40000078487000207049088002206F4908707E
:104F50006D4800786E4948706B48807800282AD0E8
:104F600000206949C870087188704871002166483E
:104F70008171C171017267480078012803D10D2049
:104F800002F098F900E000BF63480078092811D1C9
:104F90006048007801280DD15B4A1178574A107893
:104FA00010F0F2FC5849087802F0FEF9022007F0F0
:104FB000C3FE01E000E000BF01205049487223E039
:104FC0004F4800884D49088001204E4908704C48E0
:104FD000007848704949087802F0E6F94A4A1178A1
:104FE000464A107810F0D0FC44480088002805D0CC
:104FF0004248018828460EF0D3FC02E0474806F0FC
:10500000C7FD00203D49487275E0002C4DD0284670
:1050100010F034FC3C480088394908800A203A499D
:1050200008800220394908703748007838494870AC
:105030000020324908800120324908702F4800784A
:1050400048702E48807800282AD000202B49C8704C
:10505000087188704871002128488171C1710172FE
:105060002C480078002803D10D2002F023F900E03D
:1050700000BF29480078092811D126480078002867
:105080000DD1214A11781D4A107810F07DFC1B4982
:10509000087802F089F9022007F04EFE01E000E0F6
:1050A00000BF01201849487224E0154800881649BD
:1050B000088002201549087011480078144948708A
:1050C0001149087802F070F90F4A11780B4A1078EC
:1050D00010F05AFC0C480088002805D00A480188C6
:1050E00028460EF05DFC02E00D4806F051FD002060
:1050F0000549487200BF00BF70BD00003E09002096
:10510000EC010020710100204A0900202E09002036
:105110007901002088010020EE010020C00100205C
:10512000D00100207FB5044600200190029003903A
:10513000012189030298884340180290890303984B
:10514000884340180390012301A807C800F048F9DC
:105150000D2210210320FFF775FC21462248FEF79F
:105160000DF8451E0321684641800580002101712C
:1051700000200290FF2101316846818169461B4869
:1051800003F0C0FBFF210131184803F031FB00217F
:1051900068460170072141800021017141718171D0
:1051A000C171017201214172691C3C2251430846C0
:1051B0006421FDF7E3FF81B26846418100218181CE
:1051C00069460A4803F030FB0D20002809DB00BFC8
:1051D00000BFC206D20E01219140054A116000BFF6
:1051E00000BF00BF7FBD0000C0E1E40000400340FD
:1051F00000E100E070B504460D462046FFF792FF3F
:10520000A1B200232A46012000F002F870BD000080
:10521000FEB505460C4616461F4621462048FDF7BA
:10522000C3FF401E01900199491C3C22514308468E
:105230006421FDF7A3FF00901A48057021467143D1
:1052400008467D21C900FDF7AFFF174908802146B8
:10525000794308467D21C900FDF7A6FF1349088060
:10526000114800880988401811490860019881B2E6
:10527000104803F044FB009882B200210D4803F06F
:1052800037FB012211020B4803F0C3FA012200216F
:10529000084803F09FFA0121064803F0AEFAFEBD6C
:1052A000C0E1E400F4030020F6030020F80300202E
:1052B000FC03002000400340884202D9401A80B21B
:1052C000704700207047000070B504461748406BD7
:1052D0004607760F00F02EF82060330004F02FF917
:1052E000081605080B16160E12162068606010E0EE
:1052F0000F4860600DE00E4860600AE00120C003C6
:10530000606006E07D200002606002E000206060D6
:1053100000BF00BF0548056A052D02D3606840093B
:1053200001E06068E840A06070BD000000800840B7
:1053300000127A00F0B51B480068FF27013738409B
:10534000040A1848C069C50F164840687F003840F5
:10535000460A002E01D10020F0BD002C01D11248D8
:1053600000E0114802460F4FBF69FF00F80F1746D3
:10537000C7403A46012D01D11046EDE70948806942
:105380000F27FF053840C10D002900D11021054825
:10539000806903277F053840430D10464843D840B5
:1053A000DAE700000080084000127A007EB504466B
:1053B000002560118000094946182E2C00D10225D5
:1053C000E406E40E0321A14030680840E04045199E
:1053D0006846FFF779FF0298E8407EBD38800840B4
:1053E0003FB50E4C606AE16A226B0446009DAC43F7
:1053F00020460C46019DAC4321461446029DAC4319
:105400002246002B05D0009C2043019C2143029C96
:105410002243024C6062E16222633FBD008008408B
:10542000054A926A072383409A430B4683401A43F6
:10543000014B9A62704700000080084010B5034697
:10544000084843606520074C206003E00878054C5D
:105450002073491C1046521E0028F7D1014880686D
:1054600080B210BD00A0084000B587B000200190B8
:10547000029003900121490301988843401801904C
:10548000012301A807C8FFF7ABFF01206946087494
:105490000548006805900020069004A9034800F024
:1054A00007F807B000BD0000C404002000A00840B9
:1054B00002464B6853600B78002B06D0012B06D0B8
:1054C000022B06D00F2B06D106E0002006E0652057
:1054D00004E0E62002E000BF886800BF00BF106063
:1054E0007047000010B500200C4B012498645A7BD3
:1054F00011E0986C521E40009864D0B201F014FB89
:10550000002807D0D0B202F0E3FD002802D0986C4A
:1055100020439864D2B2002AEBD110BDA805002028
:10552000F0B5274C0746A0790025002805D1A078C2
:10553000002802D0E079002801D0A5653DE00023D5
:105540001A4622E0104601F0EFFA00281BD0104660
:1055500044214843E16CE68E4018018FB14206D9E0
:10556000418E00290FD0808E00280AD10BE0A68E34
:10557000B14208D2468E218F8E4204D2808E88425C
:1055800001D2627B0123521CD2B2607B8242D9D30A
:10559000002B05D0A06DC019A065E08C606400E010
:1055A000A565606DA18D884201D3608D00E0208DDE
:1055B000A16D814201D90120F0BD0020F0BD0000A5
:1055C000A805002010B500200649024606E0442345
:1055D000CC6C43431B19401CDA87C0B24B7B98420A
:1055E000F5D310BDA80500200348FF21C17200219A
:1055F000C182018370470000A8050020704710B5E4
:1056000001F058FA10BD0000014601228A40104600
:10561000014A506090607047404002400121814043
:10562000024A9161BFF34F8F704700004040024033
:10563000F8B5192636037F27BF0235460AE028460B
:1056400000F03AFA0446002C01D00020F8BD0120F9
:1056500080022D18BD42F2D9002000F017F9012078
:10566000F4E70000FFB5FFB0FFB087B02949FFA8FD
:105670004161406914214843192109034718B80AB8
:105680008502002405E0A0002858A10004AA50507B
:10569000641CFF2CF7D9781B81080391002407E0D4
:1056A0000021C94303980019800004AA1150641C0A
:1056B000052CF5D3284600F0FFF90646002E04D04D
:1056C00000207FB07FB00BB0F0BD002412E0A0003E
:1056D00004A90858401C00280BD0A20004AB99581C
:1056E000A200501900F0F4F90646002E01D0002067
:1056F000E7E7641CFF2CEAD9FFA8C26B016C406A83
:10570000019202910090FFA814300FC800F062F8D7
:10571000D7E700008B050000F0B589B007460E46BC
:105720001C2102A8FDF7ACFD1420704319210903C8
:1057300045182C6868460472200A03906C6821069C
:10574000039808430390200A0490AC68210604984B
:10575000084304902002010C68468182E8680790A3
:1057600028690890039A0499891A6A46928A5143D3
:105770000846FEF761FB06490190FEF78AF906909C
:105780001C2202A93846FDF762FD09B0F0BD0000F9
:1057900000006145632080020068704710B50A4B25
:1057A00000210CE088000B24A4020019026A501C9E
:1057B000002800D102E088001A5000BF491C0829C7
:1057C000F0D3012010BD0000080500200B2080024E
:1057D00000687047FFB585B016461F46142105982E
:1057E0004843192109034518142003902846133013
:1057F000029025490298884202D9002009B0F0BDE4
:1058000030020699084304902846049900F060F994
:105810000446002C01D00020F0E7300E3902084386
:105820000490281D049900F053F90446002C01D07F
:105830000020E3E7380E0E99090208430490284639
:105840000830049900F044F90446002C01D00020EF
:10585000D4E70F98019028460C30019900F038F9F0
:105860000446002C01D00020C8E71098009028467C
:105870001030009900F02CF90446002C01D00020D3
:10588000BCE70120BAE7000000FF0100F0B5FFB05F
:10589000FFB085B00746632080020168FFA8C160A1
:1058A000C068B84204D101207FB07FB005B0F0BD20
:1058B0006326B6023046801B8108FFA88160C0685D
:1058C000401C00280AD13946304600F001F905464F
:1058D000002D01D10120E7E70020E5E7002405E0E5
:1058E000A0003058A10001AA5050641CFF2CF7D929
:1058F000FFA88068800001A90F50304600F0DCF856
:105900000546002D01D00020CEE7002412E0A000C3
:1059100001A90858401C00280BD0A20001AB9958DF
:10592000A200901900F0D4F80546002D01D0002007
:10593000BAE7641CFF2CEAD90120B5E7F0B5FFB047
:10594000FFB087B03E4F0B208002016AFFA80161C3
:105950000021C160002410E0A1000B2292028918EE
:10596000086AA1007958814206D0411C002903D061
:105970000121FFAAD16002E0641C082CECD300BF17
:10598000FFA8C06800283AD00B26B6020196002472
:1059900006E0A10001984158A00002AA1150641C21
:1059A000FF2CF6D92748801B81080091002407E0CE
:1059B000A0003A5800990819800002A90A50641CF6
:1059C000082CF5D3304600F077F80546002D04D0BA
:1059D00000207FB07FB007B0F0BD00240CE0A20033
:1059E00002AB9958A200901900F072F80546002DFC
:1059F00001D00020EDE7641CFF2CF0D91DE000244D
:105A000019E0A0003858FFA94861A0000B218902C5
:105A10004018066AFFA9486986420BD0A100094ACE
:105A20008818FFA9496900F053F80546002D01D0F8
:105A30000020CEE7641C082CE3D30120C9E7000056
:105A400008050020202C00000EB502F063FBFFF7D4
:105A500039F80020009001900290FF210131029856
:105A600088434018029049000298884340180290E9
:105A7000C901029888434018029089100198884310
:105A800040180190090102988843401802900123B0
:105A9000684607C8FFF7A4FC01F046FE03F0D6F8FD
:105AA000112003F0FBFD0B2003F0F8FD0121022083
:105AB00002F05AF80EBD000010B504460348046019
:105AC00008200249C86000F011F810BD000008402D
:105AD00030B504460D460448046045600420024980
:105AE000C86000F003F830BD00000840174A1848AD
:105AF000406902231843164B58611420186106E0D0
:105B0000134800690C2318400C2800D103E010460C
:105B1000521E0028F4D100BF0D488169806902231C
:105B200098430B4B9861012040040840002801D0A5
:105B30000220704702200840002801D00120F8E729
:105B4000002A01D10320F4E70020F2E7FFFF0F0055
:105B500000000840816270473EB50020009001902F
:105B600002900121090400988843401800904900E0
:105B700000988843401800904900009888434018D6
:105B800000904900009888434018009049110198FE
:105B90008843401801900123684607C8FFF720FC9E
:105BA000012200210846FEF74DFF01221146002088
:105BB000FEF748FF012202210020FEF743FF0122E9
:105BC00003210020FEF73EFF012204210020FEF702
:105BD00039FF012205210020FEF734FF01220621B2
:105BE0000020FEF72FFF012207210020FEF72AFFE9
:105BF000FF2050490860012204211046FEF722FFD1
:105C0000012208211046FEF71DFF01224021104607
:105C1000FEF718FF012251031046FEF713FF012281
:105C200091031046FEF70EFF00220121490342486E
:105C300000F0E6F80022012189033F4800F0E0F877
:105C4000012149033C48FFF785FF012251033A48EF
:105C500000F07CF8032201214903374800F080F866
:105C6000012189033448FFF775FF0122910332486F
:105C700000F06CF80322012189032F4800F070F82E
:105C8000002204212C4800F061F8012208212A4852
:105C900000F05CF800224021274800F057F800226D
:105CA0000421254800F082F800224021224800F01B
:105CB0007DF801220421204800F06EF801224021E5
:105CC0001D4800F069F8012211460220FEF7BAFED5
:105CD000012202210846FEF7B5FE0122032102201F
:105CE000FEF7B0FE01220E210220FEF7ABFE0122DC
:105CF0000F210220FEF7A6FE104804681048044356
:105D00000E480460FF200B4908620E480A490862E9
:105D10000A490862012211460320FEF793FE002281
:105D20000121094800F012F801221146064800F04E
:105D300033F83EBD00000B4000200B4000400B40FC
:105D40000EC00000FFFF000000600B40002A03D0DF
:105D500003680B43036002E003688B4303607047F2
:105D6000F0B517460024002500220CE0CE07F60F00
:105D7000002E06D053003E469E40344303269E40EC
:105D800035434910521C102AF0D34669AE43466190
:105D9000466926434661F0BD002A03D043680B43A1
:105DA000436002E043688B434360704730B514465C
:105DB0008268C36815468D432A461D468D432B468F
:105DC000002C04D0012C06D0022C09D107E0154686
:105DD0000D432A4605E01D460D432B4601E000E039
:105DE00000BF00BF8260C36030BD0246D3690B4074
:105DF000002B01D0012000E0002070474162704775
:105E0000002A01D0416200E081627047F0B587B09E
:105E1000002700240020009001900290FF21013112
:105E200002988843401802900123684607C8FFF78C
:105E3000D7FA1C480068012103F069FB05467D2262
:105E4000D2000023FDF7C4F9471E00E0641C611C6A
:105E50003846FDF793F914498842F7D8611C384653
:105E6000FDF78CF9074668468781C48100210174DB
:105E700000200590FF2101316846018303A90B48EA
:105E800002F040FDFF210131084802F0B1FC01227F
:105E90001102064802F0BDFC0121044802F0ADFCED
:105EA00007B0F0BD88050020FFFF000000E00640BD
:105EB00010B5FF210131144802F09AFC02F0CEFE29
:105EC00000F03CFE00F0E6FE104908701048007833
:105ED000132811D0084600780E490978884206D068
:105EE0000A4800780FF052F901200B490870074862
:105EF00000780849087002E0132006490870012064
:105F00000649087010BD000000E00640450500206D
:105F100044050020680100205C0100205D01002094
:105F200070B554480078002800D070BD0120514958
:105F300008705148007800280FD000204E490870A2
:105F400006F07AFD4D480078042803D119214CA0B1
:105F500003F086FA192008F021FB4C48007800284D
:105F60000FD000204949087006F066FD43480078CC
:105F7000042803D11A2142A003F072FA1A2008F073
:105F80000DFB18E00FF0F0F80546284607F0F4FD89
:105F90000446132C0ED006F04FFD38480078042834
:105FA00004D1214636A003F05BFA00E000BF204692
:105FB00008F0F4FA00BF00BF354800783549097889
:105FC000884201D1012000E000200028DAD013200F
:105FD00031490870002031490870314800780028A4
:105FE00042D000202E49087024480078022803D0AF
:105FF00022480078052837D12A48807808280AD016
:106000002948807A002806D101202749887227482C
:1060100005F0BEFD0AE023488078082806D1224812
:10602000807A002802D000201F498872204880789A
:10603000022819D11F48807808280AD01E48807A83
:10604000002806D101201C4988721C4805F0A0FDDB
:106050000AE018488078082806D11748807A002876
:1060600002D000201449887200200249087000BF45
:106070005BE70000690100204C050020EE010020D4
:106080004556454E543A25640A000000620500203A
:106090006601002067010020440500205C0100200B
:1060A0005D0100201E0900203E090020C0010020E3
:1060B000F40600202E0900204A090020D00100200B
:1060C00010B508F031FC002800D110BD00F028F810
:1060D000FBE7000038B5044608210E48FFF78EFEA6
:1060E0000D48006800900EE00B4800680099401AC7
:1060F000A04200D908E0FFF713FF08480078042801
:1061000001D00CF045FDEFE700BF08210148FFF783
:1061100021FD38BD00200B409C000020EE01002036
:106120001CB50B4804680B480068002807D00948D4
:106130000068201A0849884201D201201CBDFF22B4
:10614000F53206A1684608F039F968460078F5E7A7
:106150009C000020E8040020B80B0000415400001F
:1061600070B507F07FFE08F0DFFB002817D0294844
:10617000FFF7B0FF2848056801E0FFF7D1FE08F0FF
:10618000D3FB002805D024480068401B23498842DF
:10619000F3D37D20C00008F0A1F907F063FE0024CE
:1061A00018E03220FFF796FF1B48056801E0FFF773
:1061B000B7FE08F0B9FB002805D117480068401B5E
:1061C00016498842F3D308F0AFFB002800D003E063
:1061D000601CC4B2032CE4D300BF08F0A5FB002868
:1061E00000D170BD07F0D0FD0D490E4807F080FECC
:1061F00000240BE0FFF794FF002801D00120F0E716
:106200007D20C00008F06AF9601CC4B2052CF1D3EF
:106210000020E6E7C40900009C00002010270000D1
:10622000204E0000B80B00007CB504460D4618490E
:1062300003C9019100900198002804D0002D02D0DC
:106240002878002804D101990098616020607CBD05
:1062500010480078002804D00199009861602060FF
:10626000F5E7FFF72DFF002809D1FF210131019843
:10627000FDF706F80199009861602060E7E77D224C
:1062800092012946204608F099F800BFDFE7000098
:10629000445C0100C90400200A4A09028918002848
:1062A00007D0012807D0022807D0032807D00020F4
:1062B0007047086B7047C86A7047886A7047486AB9
:1062C0007047000000A10140002003490870034806
:1062D0000068034908607047A80100209C00002066
:1062E000AC010020FEB505460E46280117494418AA
:1062F00000200090019002900121490201988843FA
:1063000040180190490101988843401801900123E9
:10631000684607C8FFF764F8227AE1882079FEF71B
:1063200091FBA27BA189A07AFEF78CFB3146206805
:1063300003F00EF801220021206803F079F8012211
:106340001146206803F074F8FEBD0000585E01009D
:1063500003F068FA10B516480078002826D11548D1
:106360000068002822D014488078002809DD1348EE
:106370000078002802D008F047F904E004F0A4FFF8
:1063800001E004F0A1FF0E4800680A4909680D4ABF
:106390008918884205D20A48006806490968884277
:1063A00004D201200249087004F08EFF10BD0000E5
:1063B000A8010020AC010020F4060020B20000205B
:1063C0009C00002060EA00000EB5002000900190C3
:1063D0000290019840084000401C0190012189036F
:1063E000019888434018019009010098884340189B
:1063F000009000988843401800900123684607C821
:10640000FEF7EEFF0022FF2101311248FFF7CEFC1C
:106410000022012149020F48FFF7C8FC0722FF2193
:1064200001310220FEF70EFB072201214902022062
:10643000FEF708FB00F0F2F8074808490860102052
:10644000888100200881064848600820C881002013
:1064500048810EBD00400B40640B0020540B00200F
:10646000A60400200EB50020009001900290019833
:1064700040084000401C01900123684607C801F015
:1064800035F80022FF2101310220FEF7DBFA00225D
:10649000012149020220FEF7D5FA0EBD10B50C21EC
:1064A000584800F025FB0446012000052040002844
:1064B0007ED101204005204000283CD0042020400F
:1064C000002818D0012050490870504908705049E0
:1064D000088000204F4948814F4908804D48428933
:1064E0004089401C4B4B588118464068815C4548A8
:1064F00000F00DFB49E0012040042040002844D07A
:10650000012043490880434840894249C98988425B
:1065100004DB00213B4800F0FAFA0BE03D484289D9
:106520004089401C3B4B588118464068815C354887
:1065300000F0EDFA29E004202040002806D00120D8
:10654000334908800020334908811EE001200004FF
:106550002040002819D001202D490880294800F04A
:10656000D2FA2C490A890989491C2A4B19811946F2
:10657000096888541846008919468989884203DBCE
:1065800000201946088100E000BF012040022040A1
:10659000002804D0012149021A4800F0F7F905202B
:1065A00000022040002806D005210902154800E01D
:1065B00018E000F0EBF90120C0022040002818D0BC
:1065C0000121C9020F4800F0E1F90E4800680821D6
:1065D00088430C49086008460068082108430949B7
:1065E000086006E00F20000220400146054800F048
:1065F000CDF902202040002802D000200449088064
:1066000010BD000000800440B2040020AE04002051
:10661000A4040020540B0020B004002000B587B073
:106620000020019002900390029840084000401C16
:106630000290012301A807C800F058FF0021684616
:1066400001744174012181745021018304A9074818
:1066500000F0B4F90121054800F09AF9012204493B
:10666000024800F01DFA07B000BD000000800440A1
:106670000606030010B50C480088002800D110BDA4
:1066800072B609480088401C0749088062B606486F
:106690000088142806DD002003490880FFF7E2FE89
:1066A000FFF792FE00BFEAE7A40400200EB5002029
:1066B000009001900290022101988843801C019073
:1066C00049030198884340180190C9000098884305
:1066D00040180090009888434018009001236846B5
:1066E00007C8FEF77DFE002280211248FFF75EFBFF
:1066F0000022FF2101310F48FFF758FB07228021BC
:106700000120FEF79FF90722FF2101310120FEF74A
:1067100099F900F0F3F808480849086010208881CA
:1067200000200881064848600820C8810020488170
:106730000EBD000000200B40840B0020740B0020D5
:10674000B60400200EB500200090019002900221B6
:1067500001988843801C01900123684607C800F017
:10676000C5FE002280210120FEF76CF90022FF21E6
:1067700001310120FEF766F90EBD000010B50C21B5
:10678000584800F0B5F904460120000520400028D3
:106790007ED101204005204000283CD0042020402C
:1067A000002818D0012050490870504908705049FD
:1067B000088000204F4948814F4908804D48428950
:1067C0004089401C4B4B588118464068815C4548C5
:1067D00000F09DF949E0012040042040002844D009
:1067E000012043490880434840894249C989884279
:1067F00004DB00213B4800F08AF90BE03D48428968
:106800004089401C3B4B588118464068815C3548A4
:1068100000F07DF929E004202040002806D0012066
:10682000334908800020334908811EE0012000041C
:106830002040002819D001202D490880294800F067
:1068400062F92C490A890989491C2A4B1981194680
:10685000096888541846008919468989884203DBEB
:1068600000201946088100E000BF012040022040BE
:10687000002804D0012149021A4800F087F80520B9
:1068800000022040002806D005210902154800E03A
:1068900018E000F07BF80120C0022040002818D04A
:1068A0000121C9020F4800F071F80E480068082164
:1068B00088430C49086008460068082108430949D4
:1068C000086006E00F20000220400146054800F065
:1068D0005DF802202040002802D0002004490880F2
:1068E00010BD000000900440C2040020BE0400203F
:1068F000B4040020740B0020C004002000B587B051
:106900000020019002900390022102988843801C8D
:106910000290012301A807C800F0E8FD00216846A5
:1069200001744174012181745021018304A9074835
:1069300000F044F80121054800F02AF8012204493A
:10694000024800F0ADF807B000BD00000090044020
:106950000606030010B50C480088002800D110BDC1
:1069600072B609480088401C0749088062B606488C
:106970000088142806DD002003490880FFF7E2FEA6
:10698000FFF794FE00BFEAE7B4040020C16070473F
:10699000002904D0026808231A43026003E0026859
:1069A00008239A43026070470246D06808400028D6
:1069B00001D0012070470020FCE70000FEB504462E
:1069C0000D4600200190009000BF00BF2068852187
:1069D00088432978084369780843A97808432060E8
:1069E0002889A0602B48844204D10020FEF7DEFCF9
:1069F00001900EE02848844204D10220FEF7D6FC24
:106A0000019006E02548844203D13620FEF7CEFCF3
:106A100001902068032189030840002806D0012145
:106A20008903401A05D0401A09D105E006200090DC
:106A300005E00820009002E00920009000BF00BFA0
:106A400014236A685A431146019AD300D018FCF700
:106A500095FB0099401AE978461A14236A685A434C
:106A600011460B23019A5A431046FCF787FB009905
:106A7000401AE978471A002E01DA002000E030467B
:106A80000646002F01DA002000E03846074626615E
:106A90006761FEBD0080044000900440008000401B
:106AA000002A03D043680B43436002E043688B43F2
:106AB0004360704710B50720FEF7A6FD0820FEF7DB
:106AC000A3FD0920FEF7A0FD0720FEF7A7FD082083
:106AD000FEF7A4FD0920FEF7A1FD00200249088071
:106AE0000249088010BD0000B0040020C00400204E
:106AF00008B50246002000900092009840180090CF
:106B00000098006808BD01468869C0B2704781617D
:106B100070470000442148430249C96C085C800664
:106B2000C00F7047A805002003490968C140C80785
:106B300000D0012070470000F805002010B501F0DA
:106B4000D9FA002871D101F0CFFA00286ED001F0F7
:106B5000B7F9444908600846006800284AD0012077
:106B60004149087041480088142820DD40480078D9
:106B700000281CD13F480078002818D107F0CAFF30
:106B8000384909680840002807D0364800683A4963
:106B9000086000203949086006E03248006837493B
:106BA00008600020344908600120314908702F48EE
:106BB000008819214901884240DD2E4800780028CC
:106BC00003D1284800682E490860112002F006FD14
:106BD00026480088C83825490880112002F05EFD4B
:106BE000002028490860012022490870002020491F
:106BF000087023E000201C4908701C4908801D49CA
:106C000008701B480078012818D11F480078042814
:106C10000DD1194800681D490840002807D0002000
:106C2000134908701449086008E014E012E01248A3
:106C300000681449086000200D4908701248007867
:106C400004280DD10748006801F016FF05480068C8
:106C500001F086FF04E000200D490870FEF7F4FE05
:106C600010BD0000400500204805002076050020EA
:106C7000490500204A0500207805002084050020F1
:106C80007C05002080050020EE010020044000006B
:106C90004D00002000B5E4480178E4480278E4485B
:106CA0000068E44B1860E44800685860E3480068F6
:106CB00098600020E04B1860DD4B1860DF4B1860D7
:106CC000D94B1870D94B18701320DD4B1870002069
:106CD000DC4B1870002908D01920D94B18700120FE
:106CE000D84B1870D648007800BD002A08D01A206A
:106CF000D34B18700120D34B1870D1480078F3E7BC
:106D0000CC4800680123DB031840002804D1C9489F
:106D100040681840002806D00F20C94B1870012089
:106D2000C84B187041E1C348006801231B03184099
:106D3000002804D1BF4840681840002806D00C2025
:106D4000BF4B18700120BF4B18702EE1B948007876
:106D5000C007C00F002805D1B6480079C007C00F92
:106D6000002806D00020B64B18700120B54B1870D3
:106D70001BE1B048006802231840002804D1AD4848
:106D800040681840002805D00120AD4B1870AD4B6D
:106D900018700AE1A748006804231840002804D1AD
:106DA000A4484068184000280AD0A7480078042862
:106DB000B8D00220A24B18700120A24B1870F4E04A
:106DC0009C48006808231840002804D1994840686E
:106DD0001840002806D00320994B18700120994BC9
:106DE0001870E2E09348006810231840002804D18E
:106DF000904840681840002806D00520904B187035
:106E00000120904B1870D0E08A4800682023184079
:106E1000002804D1874840681840002806D0042084
:106E2000874B18700120874B1870BEE081480068BE
:106E300040231840002804D17E48406818400028AC
:106E400006D006207E4B187001207E4B1870ACE0F7
:106E50007848006880231840002804D175484068AD
:106E60001840002806D00720754B18700120754B7C
:106E700018709AE06F480068FF230133184000281B
:106E800004D16C4840681840002806D008206C4B9C
:106E9000187001206B4B187087E06648006801236A
:106EA0005B021840002804D162484068184000285E
:106EB00006D00920624B18700120624B187074E0F4
:106EC0005C48006801239B021840002804D15948FF
:106ED00040681840002806D00A20594B187001203D
:106EE000584B187061E0534800680123DB021840DA
:106EF000002804D14F4840681840002806D00B20D5
:106F00004F4B187001204F4B18704EE049480068F5
:106F100001239B031840002804D1464840681840CC
:106F200000280AD04848007804283ED00E20444B60
:106F300018700120434B187037E03E480068012369
:106F40005B031840002804D13A48406818400028E4
:106F500006D00D203A4B187001203A4B187024E0EF
:106F60003448006801235B041840002804D13148EC
:106F700040681840002806D01120314B18700120BD
:106F8000304B187011E02B48006801231B04184097
:106F9000002804D1274840681840002805D0102058
:106FA000274B18700120274B187022488068022355
:106FB0001840002806D01720214B18700120214BC3
:106FC00018702DE01B48806801231B04184000281E
:106FD00006D015201A4B187001201A4B18701FE0AC
:106FE000144880680123DB031840002806D01420D1
:106FF000134B18700120134B187011E00D48806876
:107000000823184000280BD00A4880689B021840CB
:10701000002805D018200A4B18700120094B187061
:107020000748007860E600004C050020620500205B
:1070300080050020BC170020840500207C0500206E
:10704000440500203C050020EE01002003480069B3
:1070500001210843014908617047000000A0054074
:10706000002806D00649096801221143044A11602C
:1070700005E00349096849084900014A1160704761
:1070800000A0054000B587B000200090019002905C
:10709000012189030198884340180190C903019890
:1070A0008843401801900123684607C8FEF798F905
:1070B0000E2201210020FDF7C5FC0E220221002036
:1070C000FDF7C0FC0E2204210020FDF7BBFC0E22C0
:1070D00008210020FDF7B6FC0E2210210020FDF74C
:1070E000B1FC0E2220210020FDF7ACFC0E22402135
:1070F0000020FDF7A7FC0E2208210320FDF7A2FCCB
:107100000E2210210120FDF79DFC0E2220210120DE
:10711000FDF798FC0E22012189030220FDF792FC65
:107120000E220121C9030220FDF78CFC0E22022150
:107130000846FDF787FC0E2204210220FDF782FCA1
:107140000E2208210220FDF77DFC01216846017313
:10715000002141730220049000200690DF2080006F
:10716000059003A800F034F80222FF210904DF2073
:10717000800000F053F8012000F03EF81D200028A8
:1071800009DB00BF00BFC206D20E01219140054AB3
:10719000116000BF00BF00BF0120FFF761FF07B013
:1071A00000BD000000E100E004480069C007C00F16
:1071B000002801D0012070470020FCE700A0054016
:1071C00010B5FFF7F1FF002801D0FFF73FFF10BD1A
:1071D0000021084A11600178090242781203114324
:1071E000828812041143034A116081685160C168AA
:1071F0005161704700A00540002806D00649C968C3
:1072000001221143044AD16005E00349C9684908D5
:107210004900014AD160704700A0054010B5002A1E
:1072200006D0012A0CD0022A14D0032A24D11BE054
:10723000124B9B6804460C43A343104CA3601BE015
:107240000E4B9B6803430D4CA36023469B688B4306
:10725000A36011E0094B9B688343084CA36023465D
:107260009B680B43A36007E0044B9B6804460C43F8
:107270002343024CA36000BF00BF10BD00A0054027
:1072800030B50546002405E02946204600F012F8F6
:10729000601CC4B20F2CF7DD00231A46294618469D
:1072A00000F02EF800231A462946012000F028F8A5
:1072B00030BD000030B502460B460F2A00DD30BD60
:1072C00054000D4D60190D4C0578AD00645921B284
:1072D000002B05D045780124AC400C4321B205E0D9
:1072E00045780124AC400D46A54329B2034C0578EE
:1072F000AD00615100BFE2E7CC00002018A00540BE
:10730000F0B504460D461F46002C02D0012C00D0DB
:10731000F0BDA300224E9819224B0678B6009B5967
:1073200019B2002D05D046780123B3400B4319B2A2
:1073300005E046780123B3400E469E4331B2002D4E
:1073400005D046780123B3400B4319B205E04678D7
:107350000123B3400E469E4331B2002A05D0867801
:107360000123B3400B4319B205E086780123B340F3
:107370000E469E4331B2002F05D0C6780123B3409C
:107380000B4319B205E0C6780123B3400E469E4375
:1073900031B2044B0678B600995100BFB8E700003F
:1073A000EC00002018A0054030B502460A2A00DD96
:1073B00030BD00211BE04C000F4D60190F4C0578CB
:1073C000AD00645923B2914205DC45780124AC40FC
:1073D0001C4323B205E045780124AC401D46A5437B
:1073E0002BB2064C0578AD0063514C1CE1B20A2962
:1073F000E1DD00BFDCE70000CC00002018A0054064
:1074000010B5002113E04B000A4C18190A4B047800
:10741000A4001B591AB244780123A34014469C438C
:1074200022B2054B0478A4001A514B1CD9B20A2988
:10743000E9DD10BDCC00002018A005400120034963
:1074400008700348006803490860704795040020ED
:10745000AC0000209804002070470000012008497B
:10746000486000BF0648406801210903884300289E
:10747000F8D100BF024800680028FBD17047000027
:1074800000A1064070471FB5E12040020090FF2197
:107490000131684681800021C18001810020039074
:1074A0006946FEF71FFF1FBDF8B504460D460A27C3
:1074B0002046FBF71BFF064600BF002E01D12046E9
:1074C000F8BD022E0ADD2078302807D160787828B0
:1074D00002D06078582801D11027A41C2A462146E2
:1074E000384602F0BFF900900098E9E73FB50E4C2E
:1074F0006068A168E2680446009DAC4320460C46E3
:10750000019DAC4321461446029DAC432246002B0C
:1075100005D0009C2043019C2143029C2243024C45
:107520006060A160E2603FBD008108400449896855
:107530000222914342001143014A916070470000CA
:1075400000A00640002806D00649896801221143A0
:10755000044A916005E00349896849084900014AE5
:107560009160704700A006400EB500200090019089
:1075700002904021029888434030029001236846DF
:1075800007C8FDF72DFFFFF769FF0020FFF7CEFFCB
:107590000520400200F032F80121084600F018F8FA
:1075A0000020C04300F024F80120FFF7CBFF0121A9
:1075B000080200F02FF80EBD0148C068C0B2704745
:1075C00000A0064010B5FFF7F7FF044610BD00000D
:1075D000002905D0054A12690243044B1A6104E0F0
:1075E000024A12698243014B1A61704700A00640AB
:1075F000014948607047000000A0064004498968BE
:107600000F22120291430143014A9160704700002A
:1076100000A00640002905D0054A12690243044B28
:107620001A6104E0024A12698243014B1A617047F1
:1076300000A0064010B5FF2101311F4801F0D8F825
:107640001E480068002835D01C480068401E1B49B1
:107650000860084600681A490988884204D1002257
:107660001146154801F0B6F814480068002821D1E9
:1076700014480088124909884018104908600122FE
:1076800000210D4801F0A6F80F480078002804D02A
:107690000D480078401E0C4908700B4800780028FF
:1076A00008D10021044801F0A8F806221021032087
:1076B000FDF7C8F910BD000000400340FC030020A6
:1076C000F8030020F6030020F4030020C1B2054AAD
:1076D000116000BF03490969FF22013211400029EE
:1076E000F8D07047000004407047000030B5002417
:1076F0000C4D12E02046FFF70DFA00280BD1442074
:10770000E96C60434018E978002249004018418E36
:10771000204601F043F8641CE4B2687B8442E9D35C
:1077200030BD0000A80500200EB50020009001909B
:10773000029001218904029888434018029009119F
:1077400001988843401801900123684607C8FDF757
:1077500047FE0C2210210220FDF774F90C22202193
:107760000220FDF76FF90C2240210220FDF76AF993
:107770000C2280210220FDF765F90C220121C903AA
:107780000120FDF75FF90C2201210220FDF75AF9D3
:107790000C22012189020220FDF754F90C2201215B
:1077A000C9020220FDF74EF90C22FF210131002011
:1077B000FDF748F90C22012149020020FDF742F9AA
:1077C0000C22012189020020FDF73CF90C22012145
:1077D000C9020020FDF736F90C220121090300201F
:1077E000FDF730F90C22012149030020FDF72AF9A9
:1077F0000C22012189030020FDF724F90C2201212C
:10780000C9030020FDF71EF90C2201210846FDF7EF
:1078100019F90C2202210120FDF714F90EBD10B553
:107820000021192001F04AFF0121132001F046FF39
:107830000121142001F042FF0121112001F03EFF3F
:107840000121122001F03AFF02210C2001F036FF45
:107850000221182001F032FF0221012001F02EFF49
:107860000221082001F02AFF192001F0C7FE132091
:1078700001F0C4FE142001F0C1FE112001F0BEFE93
:10788000122001F0BBFE0C2001F0B8FE182001F020
:10789000B5FE012001F0B2FE082001F0AFFE10BDE0
:1078A00000B50749095C002000F01AFF054801688F
:1078B000490849000160016801221143016000BDCF
:1078C000E205002000A00140704700005748006B0F
:1078D000102108435549086355485649086100205E
:1078E0004860084680680005000D0521090340181E
:1078F0005049886050484860504808604B48006BC9
:1079000040210843494908634D4840691021084314
:107910004B4948614548406A0121C90288434349AF
:107920004862084640680121C90208433F4948604F
:1079300000BF3E4880680007C00F0028F9D03B48D0
:107940004068C008C000C01C3849486000BF3748C4
:10795000406B4007400F0328F9D13A480068C0083F
:10796000C000401C374908600020304908620846C2
:107970004068491588432D494860084600688915C4
:1079800008432A4908600846406808218843274977
:1079900048600846006849150843244908600846BD
:1079A000006B40218843214908630F20C00588618E
:1079B00008468069490308431C49886108460068F5
:1079C0008915084319490860084640684915084365
:1079D0001649486000BF154880688007C00F00281E
:1079E000F9D018480068C008C000C01C15490860DC
:1079F00000200E49086208464068C008C000401CCC
:107A0000486000BF0948406B4007400F0128F9D18A
:107A10000C480068102108430A4908600348406880
:107A200009158843014948607047000000800840FC
:107A3000CA35000000800640A0AF01000100A05F31
:107A400000ED00E00002084010B51149114800683F
:107A5000FBF794FB1049086008467D21C9000468C3
:107A60004C43601E0D49884200D90CE0601E0C4951
:107A700048610321081F01F05DFE0020084988616C
:107A80000720086100BF0021481E01F053FE10BD11
:107A900040420F0088050020CC040020FFFFFF00BB
:107AA00000E000E070B503460D4E75690022B16933
:107AB0000C4E36685E4334460FE0094EB06988428A
:107AC0000BD0884202D20E1AB21802E02E1A761893
:107AD000B2180146A24200D300E0EEE700BF70BD3D
:107AE00000E000E0CC040020F0B54422184F5043E1
:107AF000FA6C8B008218D21853684D001B031C0CC3
:107B000000235360FA6C7E8B821853195A8EB4424C
:107B100002D95E8DB24302E0B44203D25E8D760894
:107B20005E853243FE6C861976197286FA6C861869
:107B300075196D8D002D02D07B8B9C4207D10029D9
:107B4000115C01D0022300E0012319431154F0BD60
:107B5000A8050020014908617047000000A001400D
:107B600010B500F0B3F910BD002905D0054AD26860
:107B70000243044BDA6004E0024AD2688243014BBC
:107B8000DA60704700A0014010B50020084B094C96
:107B90000AE04421DA6C414389188A8FA24201D25B
:107BA000521C8A87401CC0B2597B8842F1D310BD59
:107BB000A805002060EA000010B5044800F062FC4F
:107BC00000F028FAFFF7B0FD10BD00004C100020B7
:107BD000F0B50025204F3AE02846FEF7A5FF002823
:107BE00033D02846FEF796FF00282ED128464421A0
:107BF000FE6C484381194022525A002A25D10B8F2E
:107C0000CA8E9C1A24B2002C1FD0641000D101240B
:107C1000934201D9CB8618E0934216D2305C3E7C69
:107C20004006C00F304205D0D01A4B8F5B009842FF
:107C300009DC0AE0B88A002807D1B879002804D105
:107C4000888F302801D91019C8866D1CEDB2787B59
:107C50008542C1D3F0BD0000A8050020F0B5964CC8
:107C60006079401C60716079002601280AD0617932
:107C7000204602297ED14179022900D34671002491
:107C8000054614E1002588E02846FEF74DFF002850
:107C900071D02B4644204343E06C1818C189C1833E
:107CA000E06C181881898183E06C84491818C681BA
:107CB000E06C18188181E06C1818428A4284E06CEC
:107CC0001818028A0284E06C18184682E06C1818B2
:107CD0000182E06C18188189C089FDF7EDFA02B2C3
:107CE000E06C1818018A408AFDF7E6FA00B2824279
:107CF00000DD104681B2E06C18188184E06C181821
:107D0000C28C408801F0A4F90246E06C1818428049
:107D1000E16C52085818478FBA42CA5C02D9202732
:107D20003A4301E0DF273A40CA54C18B428C91426A
:107D300000D31146008F081A02B2104602F09AFBD7
:107D4000218E4908884203D2E16C0420591805E0CD
:107D5000E06C19184878002801D0401E4870104681
:107D600002F088FB002816D02846FEF7D3FE002834
:107D7000E06C01E015E00EE003D018184078401CDC
:107D800001E018184078024100D10122E06C181877
:107D9000018F891801876D1CEDB2607B854200D28E
:107DA00072E7F0BD2046FEF7BFFE00287DD02346D7
:107DB00044204343E86C1818C18AC183E86C181842
:107DC000818A8183E86C3D491818C682E86C1818CE
:107DD0008182E86C1818428B4284E86C1818028B78
:107DE0000284E86C18184683E86C18180183E86C64
:107DF0001818818AC08AFDF75FFA02B2E86C181879
:107E0000018B408BFDF758FA00B2824200DD10462C
:107E100082B2E86C1818C284E86C1818818C40880B
:107E200001F016F90246E86C18184280E96C520815
:107E30005818478FBA42CA5C02D920273A4301E05A
:107E4000DF273A40CA54C18B428C914200D311467D
:107E5000008F081A02B2104602F00CFB298E490866
:107E6000884203D2E96C0420591805E0E86C19181F
:107E70004878002801D0401E4870104602F0FAFAF7
:107E8000002812D02046FEF745FE0028E86C04D0FA
:107E900018184078401C02E007E0181840780241AA
:107EA000E86C1818018F89180187641CE4B2687B9C
:107EB000844200D276E7F0BDA8050020FFFF000055
:107EC0000148806C70470000A805002070B5504D37
:107ED000686C002878D000234AE09807800F990842
:107EE000FEF7DAF982B2A8780028184632D0442189
:107EF0004843E96CEC784118A4000C19A489944219
:107F000003D9EC78A40009198A81E96CEC7841184E
:107F1000A4000C19E489944203D2EC78A400091956
:107F2000CA81E96CEC784118A4000C19A48A944227
:107F300003D9EC78A40009198A82E96C4018E97821
:107F400089004118C98A914210D2E9788900401805
:107F5000C2820BE0FEF7DEFD002807D14420E96C69
:107F600058434018E97849004018C2855B1CDBB2D1
:107F7000687B8342B1D30220FFF7ECFDA978012092
:107F80000029E97821D0002900D00020E8700024E1
:107F90000DE04420E96C60434018E9780022490074
:107FA0004018418E204600F0F9FB641CE4B2687B67
:107FB0008442EED3E878002800D00120FFF770FC5F
:107FC000287A401C287270BD1DE0002901D068701D
:107FD000F9E7E87000240FE02046FEF79BFD00283B
:107FE00008D14420E96C60434018818E002220466D
:107FF00000F0D4FB641CE4B2687B8442ECD3012023
:10800000FFF74EFCDFE70220FFF7A4FDDBE70000EF
:10801000A805002010B59EB0002444210DA8FBF750
:108020002FF9082110A8817418210DA8C1772349C0
:10803000684601877D2109014187491081874900F0
:10804000C1871F4910A801807D21890101811D4937
:10805000684681861C49C1861A49203910A841808A
:108060001849203181807D21C900C1804B21C90080
:10807000418110218181032101741F21C1811C21B3
:108080004174012118A8017541750321817500BF54
:1080900005E00E48015D15A80155601CC4B21C2CFA
:1080A000F7DB342211A96846FBF7D1F80DA80FC8F9
:1080B00000F08AF900F0CAFD1EB010BDB80B000038
:1080C00070170000FE0F0000FE030000045E0100B8
:1080D000442148430349C96C085CC00900D0012011
:1080E00070470000A80500200148807B7047000011
:1080F000A80500200348406C002801D000207047EC
:1081000001207047A80500200149096C084070470C
:10811000A805002030B5134DE88C6864FDF764FABB
:10812000FDF750FA002412E02046FEF7FDFC00287F
:108130000BD04420E96C60434018E97800224900E4
:108140004018418E204600F029FB641CE4B2687B95
:108150008442E9D3002028726872E8636882FFF7DE
:108160009FFB30BDA805002070B5384C0025256464
:10817000A57300F03FFA00F0A7F92078002808D096
:1081800000F0E0FBFCF782FE0020FFF789FB257082
:108190006572A078002826D00120FFF7B5FF0028DF
:1081A00002D0A07A401CA072A07A617C012688428D
:1081B00032D9A572207A002824D025726572606DAC
:1081C0002349884202D2606D08306065FFF746FDA2
:1081D00000F09EF9E07B002801D0FFF7F9FCFDF7E5
:1081E00081F9A67318E0607800280AD06570FCF762
:1081F000DBFDE570FFF77AFA0020FFF751FBFDF792
:1082000071F970BD607A401CC0B26072102803D949
:1082100065720020FFF744FB1020FFF775FF002870
:1082200006D0FFF7B1FC00F015F8202000F046F86A
:10823000FF200130FFF768FF0028E2D00120400254
:10824000FDF76EF90028DCD0267070BDA80500206F
:10825000804F120070B50023174C28E01846FFF736
:1082600037FF002821D01846FEF75EFC00281CD0FE
:108270001A4644204243E06C658E1018818FA94253
:1082800013D90021C186E06C812610188187E06C2B
:10829000855C6D086D0035406D066D0E85541018B7
:1082A000C187E06C1018403001805B1CDBB2607B42
:1082B0008342D3D370BD0000A8050020F0B5414D26
:1082C000A98A081880B2A882E98D884201D90020C5
:1082D000A882002371E01846FEF726FC00286AD029
:1082E0001A4644204243E86C815C8C46C90904D09C
:1082F00011180C8FC98E611A15E0141861888E0848
:10830000298E4F00CF197F08BE4203D90326F603FA
:1083100071430E0C218FB14202D9891B89B200E052
:108320000021E48E091B09B2002944D08C1000D131
:1083300001241018068FC18E8E4210D91846FEF700
:10834000E9FB002807D0E86C698B1018C08E8842C2
:1083500001D9081A04B2E86C1018C18E29E08E42C7
:1083600029D2664676062F7CF60F3E4218D0184674
:10837000FEF7D0FB0028E86C09D01018C18E028FE0
:108380008E1A428F5700D219964212DC13E0101851
:10839000C18E028F468F8A1A7600B24209DC0AE04B
:1083A000AA8A002A07D1AA79002A04D1828F302A0A
:1083B00001D90919C1865B1CDBB2687B83428AD371
:1083C000F0BD0000A80500200FB470B508AA2C4825
:1083D000917B0170D17B4170294C6A46908A3A3C6E
:1083E0006084D08AA084108BFF21C008E084508B69
:1083F0002085908B6085908CA085158A0231A81C01
:1084000080096583081AA083568AE683B01C800918
:10841000081A2084D08BA086108CE086508C208790
:10842000D08CE085108D208608AA107BB11C401CE2
:108430002073507B607310AA107CE073907C607492
:10844000507C20746A46508D6086A81CFAF796FE10
:10845000E065A8023146FAF791FE002304AD2066DC
:1084600007E0E81820300178184600F017F85B1C88
:10847000DBB2607B8342F4D370BC08BC04B0184705
:10848000E20500200149C86470470000A8050020EB
:108490000149086070470000F80500200A2905D34B
:1084A00044225043024AD26C801841877047000032
:1084B000A805002041030A0C0249C008CA84486488
:1084C00070470000A805002000B5104A90790028E8
:1084D00009D19078002806D0D079002803D1506DBA
:1084E000918D884201D2D08C0EE00420FFF70CFE63
:1084F00000280AD0506C002807D09078002804D0BB
:10850000FDF772F8506C401E506400BDA8050020B5
:10851000F0B50022164622E01046FEF705FB0028C3
:108520001BD010464421DB6C4843C1180C8FCD8E04
:10853000641B1D5C24B26F062C4FCF5F06D57F10E5
:108540007F42A74209DABF24254004E07F42A742C8
:1085500003DD402425431D548E87521CD2B2244B88
:10856000587B8242D8D31C46E6710023A6710125B0
:1085700037E01846FEF7D8FA002830D01A464420D3
:108580004243E06C815C4F06FF0FC9098F4207D060
:10859000111840310888FF2805D2401C088002E0ED
:1085A000101840300680E16C277B5018403000885E
:1085B000B84207D3885C470640067F0EC00FC00153
:1085C00007438F54885CC00900D0A571885C4006C1
:1085D00004D41846FEF79EFA002800D0E5715B1C13
:1085E000DBB2607B8342C4D3F0BD00003A000000E0
:1085F000A80500202849C86B00284CD0C86B401E35
:10860000C863488A401C80B24882C20703D10A6C02
:1086100001231A430A64820703D10A6C02231A4316
:108620000A64420703D10A6C04231A430A6402074E
:1086300003D10A6C08231A430A64C20603D10A6CE8
:1086400010231A430A64820603D10A6C20231A43BA
:108650000A64420603D10A6C40231A430A640206E4
:10866000120E03D10A6C80231A430A64C20504D196
:108670000A6CFF2301331A430A64820504D10A6C91
:1086800001235B021A430A64400504D1086C0122ED
:108690009202104308647047A80500200248C16B8D
:1086A000491CC16370470000A805002001239B03FB
:1086B000C9180143014801608260704700A0014071
:1086C00010B50402054820180160190411434160E7
:1086D000016820221143016010BD000000A101408B
:1086E000FEB52D4DC9B22A7FC0B2FFF7DFFF0020D3
:1086F000029001900746064600902FE0264800248D
:1087000050300068B100C84005072D0FE80700D0C1
:108710000124A80701D502200443680701D50420DD
:108720000443280701D508200443002C05D0E42386
:10873000224608213046FFF7C3FFE80701D0012099
:108740000290A80701D501200190680701D50120FA
:108750000090280700D50127761CF6B20E48407B12
:108760008008B042CAD80298002800D0012401989D
:10877000002801D0022004430098002801D00420E2
:108780000443002F01D008200443E423224608219B
:108790000020FFF795FFFEBDA805002010B5830857
:1087A0001C020B4BE318D960022A0AD08007800F05
:1087B00007D0012807D0022807D0032800D119616B
:1087C00010BDD96110BD996110BD596110BD000087
:1087D00000A1014030B5036D4D000124AC40A3431E
:1087E0000365036D4D001446AC402343036530BD63
:1087F000CA43C267BFF34F8F7047002904D0026994
:1088000001231A43026103E0026952085200026127
:108810007047002A03D0436F0B43436702E0436F66
:108820008B43436770470000FCB50D78AD000646EA
:108830004036AF190D78AD005036AD1901950D7861
:10884000AD001036AD1900950D786D062A0E274D36
:10885000A84203D103259540EC4302E00125954051
:10886000EC43224DA84200D100BF056D25400565AF
:10887000436D23401D4DA84206D18D79CE797600F7
:10888000354395402B4302E08D7995402B4343655A
:10889000164DA84209D1C56E25402B460D7A4E7A59
:1088A0007600354395402B43C3663D68FF26083666
:1088B000B5433D603D684E8835433D604E89019D1E
:1088C0002E608E89009D2E60084DA84208D10D793A
:1088D0004E79760035439540066D3543056504E0D5
:1088E000056D0E79964035430565FCBD00C002401C
:1088F00030B58D00044690342B191A6030BD8822A3
:10890000115070470B88882213504B8884221350D3
:10891000026803231B049A430260026801231B06BA
:108920009A43026002688B681A430260044A9042CC
:1089300002D10B798C2213508A898267704700001C
:1089400000C0024070B500210B46124C1CE00846E6
:1089500044225043E26C155CAD0613D48218D386D2
:10896000E26C812682189387E26C155C6D086D00BD
:1089700035406D066D0E15548218D387E26C801851
:1089800040300380491CC9B2607B8142DFD3A365BC
:1089900070BD0000A805002010B509480078042823
:1089A00007D108480078002803D10748007800283C
:1089B00000D110BD012004F013FC00BFF9E7000056
:1089C000EE0100204B0500205005002010B509489D
:1089D0000078042807D108480078002803D1074808
:1089E0000078002800D110BD012004F039FC00BF40
:1089F000F9E70000EE010020610500206605002077
:108A000010B5002007490870074908700749088019
:108A100007490870074908600749086004F0E0FB4F
:108A200010BD00004B0500204C0500204E05002025
:108A300050050020540500205805002010B50020E6
:108A400007490870074908700749088007490870F6
:108A5000074908600749086004F002FC10BD0000E7
:108A600061050020620500206405002066050020E5
:108A7000680500206C050020F8B505462F480078F1
:108A8000042803D12E480078002803D0002004F0E9
:108A9000A7FBF8BD2B4804680420284000280BD011
:108AA00029480078002804D1012027490870274868
:108AB00004602748046017E023480078002813D09A
:108AC00023480068201AFF212D3188420CD9204804
:108AD00000881E490988401A1E49098840181D4906
:108AE000088000201849087017480078002802D133
:108AF00004F076FBCDE704202840002801D0204672
:108B000001E013480068074610480068381A114908
:108B1000098846181048864209D301200F49087079
:108B20000749087000200B4908800749087006486B
:108B3000007804F055FB00BFABE70000EE01002019
:108B40004B0500209C00002050050020540500200B
:108B5000580500204E050020B80B00004C050020F1
:108B6000F8B5054630480078042803D12F4800782E
:108B7000002803D0002004F073FBF8BD2C480468E3
:108B800001208003284000280BD02A4800780028C4
:108B900004D1012027490870274804602748046051
:108BA00017E024480078002813D024480068201AD1
:108BB000FF212D3188420CD9204800881E490988A0
:108BC000401A1F49098840181D490880002019498A
:108BD000087018480078002802D104F041FBCCE767
:108BE000012080032840002801D0204601E01348DE
:108BF0000068074610480068381A11490988461865
:108C00001048864209D301200F49087007490870AF
:108C100000200B490880074908700648007804F0D6
:108C20001FFB00BFA9E70000EE0100206105002046
:108C30009C00002066050020680500206C050020CF
:108C400064050020102700006205002010B50248CE
:108C5000FFF71EFC10BD0000FFFF030010B5002051
:108C60000B4908707D20C000FFF724FC0B2000F0AA
:108C700015FD03210B2000F099FD01210220FEF7D4
:108C800073FFFFF771FA00200249087010BD000061
:108C9000460500204705002010B50024192000F0EB
:108CA0008DFC04E0144800F0B1FB601C84B220216C
:108CB000114800F044FB002803D0FF20113084420B
:108CC000F0DB02210C4800F03AFB002803D002211F
:108CD000094800F021FBFF2101310848FAF7D0FADA
:108CE00000210748418001808180002005490870EB
:108CF000192000F0C3FC10BD00100040940B0020B0
:108D0000940C0020C804002000B587B0002000901B
:108D10000190029001218902019888434018019036
:108D200009010198884340180190C90000988843C0
:108D3000401800900123684607C8FCF751FB002249
:108D4000012109031848FDF731F8062201214902E3
:108D50000120FBF777FE0622012109030120FBF722
:108D600071FEE12040020390FF210131684601823B
:108D70000021418281820020069003A90B4800F067
:108D8000E7FA01221146094800F052FB01220021B6
:108D9000064800F04DFB01221146044800F02CFB70
:108DA00000F0F0F807B000BD00200B4000100040BC
:108DB00010B534480069FF210131084000282ED049
:108DC00031488088002805D1002204212D4800F078
:108DD00013FB24E000241EE02B4840882B4A115C42
:108DE000284800F017FB28494988481CC117090E7C
:108DF000091809120902411A8AB223494A80084611
:108E00008088401E81B2204881808088002800D15F
:108E100003E0601CC4B2012CDEDB00BF00BF1948B8
:108E2000006920210840002821D0164800F0EEFA01
:108E3000C4B217488088FF2818DC154800881549F7
:108E40000C5413490988481CC117090E0918091246
:108E50000902411A8AB20E490A8008468088401CDD
:108E600081B20B48818001200B49087000BF054882
:108E7000006902210840002802D0024800F04CFAA4
:108E800010BD0000001000409C0D00209C0C002034
:108E9000940C0020940B0020C8040020F3B583B08C
:108EA000054640200290049E23E0402E01DD402034
:108EB00000E030460746002415E0295D0F4800F029
:108EC000A9FA0F48019005E00198401E0190002882
:108ED00000DC05E08021094800F031FA0028F3D0D9
:108EE00000BF601C84B2BC42E7DBED19F01B86B208
:108EF00000BF002ED9DC05B0F0BD0000001000401E
:108F0000204E0000094841880088814204DD07485E
:108F100001884088081A704704484088FF210131C1
:108F2000091A024800880818F5E700009C0D002087
:108F300010B512488088002801D1401E10BD1920AC
:108F400000F03CFB0D4840880D490C5C0B494988FA
:108F5000481CC117090E091809120902411A8AB2E0
:108F600006494A8008468088401E81B203488180B5
:108F7000192000F083FB2046E0E70000940C00205D
:108F8000940B002000210448418001808180034827
:108F90004180018081807047940C00209C0D00204E
:108FA00010B50446192000F009FB002C04D0FF2165
:108FB00001310848FAF764F900210748418001802F
:108FC0008180192000F05AFB00220421034800F0A0
:108FD00013FA10BD9C0C00209C0D002000100040D6
:108FE00070B504460D461DE0217816480088164AE3
:108FF0001154641C13490988481CC117090E09182B
:1090000009120902411A8AB20E490A80192000F099
:10901000D5FA0C488088401C81B20A48818019200A
:1090200000F02CFB2846691E8DB20028DCD10548D3
:109030008088002804D001220421044800F0DCF9D3
:1090400070BD00009C0D00209C0C00200010004012
:10905000914200D81146814202D908184008704751
:109060008142FCD20201101A001DC140080970475C
:1090700000B587B0002000900190029001214902C4
:10908000019888434018019049010198884340188D
:1090900001904901009888434018009001236846D8
:1090A00007C8FCF79DF9002220211F48FCF77EFE2F
:1090B000062210210320FBF7C5FC062220210320F5
:1090C000FBF7C0FCE12040020390FF21013168461C
:1090D00001820021418281820020069003A9134869
:1090E00000F036F901221146104800F0A1F90122E2
:1090F00000210E4800F09CF9202201210B4800F0CD
:109100008BF920220021094800F086F90122FF2175
:109110000231064800F070F9A8200449486100F0C7
:10912000B5F807B000BD000000600B40000004402F
:1091300010B530480069FF210131084000282ED0C9
:109140002D488088002805D100220421294800F0FC
:1091500053F924E000241EE027484088274A115C88
:10916000244800F057F924494988481CC117090EC2
:10917000091809120902411A8AB21F494A80084691
:109180008088401E81B21C4881808088002800D1E0
:1091900003E0601C84B2012CDEDB00BF00BF154879
:1091A0000069C007C00F002823D01CE0114800F060
:1091B0002DF9134908700846017812480088124AB0
:1091C000115410490988481CC117090E09180912C1
:1091D0000902411A8AB20B490A8008468088401C5D
:1091E00081B2084881800221024800F099F80028E5
:1091F000DCD110BD00000440180900201808002030
:109200006A0100201008002010070020094841884A
:109210000088814204DD074801884088081A7047A9
:1092200004484088FF210131091A024800880818C3
:10923000F5E700001809002010B5124880880028C2
:1092400001D1401E10BD182000F088F90D4880881B
:10925000401E81B20B488180182000F0DFF90948D8
:10926000408809490C5C07494988481CC117090E08
:10927000091809120902411A8AB202494A80204695
:10928000E0E700001008002010070020002104483B
:109290004180018081800348418001808180704746
:1092A000100800201809002070B504460D461DE086
:1092B000217816480088164A1154641C13490988FD
:1092C000481CC117090E091809120902411A8AB26D
:1092D0000E490A80182000F041F90C488088401C93
:1092E00081B20A488180182000F098F92846691E4A
:1092F000CDB20028DCD105488088002804D00122A6
:109300000421044800F078F870BD0000180900201E
:10931000180800200000044002690A4002617047FA
:109320000246012905D190680F231B041840000C48
:10933000704790680F231B061840000EF8E702469E
:1093400010690840002801D0012070470020FCE788
:10935000F8B504460D4600272646606823490840B4
:10936000E9880843A988084329890843E96808432C
:1093700060601F49701A8E4217D00ADC1D483018F1
:1093800000280DD001210903401A13D0401A25D11D
:109390001AE001210903401A11D0401A1ED118E029
:1093A0001820FCF703F8074618E01A20FBF7FEFF29
:1093B000074613E01C20FBF7F9FF07460EE01E20CE
:1093C000FBF7F4FF074609E00820FBF7EFFF07462D
:1093D00004E00A20FBF7EAFF074600BF00BF38465B
:1093E0002968F9F7CBFE6062F8BD0000FCE0FFFFE2
:1093F00000000440000000C0002A03D0C3680B43F3
:10940000C36002E0C3688B43C360704701460868CD
:1094100080B270470160704730B583684D003024DA
:10942000AC40A3434D001446AC402343836030BDA1
:1094300010B5002A05D0436810248C4023434360B4
:1094400004E0436810248C40A343436010BD000037
:1094500001480249086070470100A05F0080064093
:109460000FB410B503A9044B044A029800F054FC51
:1094700010BC08BC04B018473DD600008C05002085
:109480000FB47CB50C0009AD01D0611E00E00021D5
:1094900001910090074B6A462946089800F03CFC71
:1094A000002C02D0009A002111707CBC08BC04B0D2
:1094B0001847000055A400000FB410B504A9074BCD
:1094C00002AA039800F028FC044602A9002000F03C
:1094D000CCFF204610BC08BC04B018476BA40000A9
:1094E0002021020C01D010211046020A01D01046A2
:1094F0000839020901D01046091F820801D0104620
:10950000891E420801D0881E7047081A7047F8B5B6
:1095100082B28BB2040C0D0C104658430021264633
:109520005E43370C36048019794116466E43370C7A
:1095300036048019794126466E438919F8BD30B446
:109540007446641E2578641CAB4204D3635D5B00E3
:10955000E31830BC18471D46F8E70000002809DB77
:10956000C206D20E01219140034A1160BFF34F8F12
:10957000BFF36F8F7047000080E100E0002809DB37
:10958000C206D20E01219140034A1160BFF34F8FF2
:10959000BFF36F8F7047000080E100E0002809DB17
:1095A000C206D20E01219140034A1160BFF34F8FD2
:1095B000BFF36F8F7047000080E100E0002809DBF7
:1095C000C206D20E01219140034A1160BFF34F8FB2
:1095D000BFF36F8F7047000080E100E0002809DBD7
:1095E000C206D20E01219140034A1160BFF34F8F92
:1095F000BFF36F8F7047000080E100E0002809DBB7
:1096000000BF00BFC206D20E01219140024A116084
:1096100000BF00BF7047000000E100E0002809DB48
:1096200000BF00BFC206D20E01219140024A116064
:1096300000BF00BF7047000000E100E0002809DB28
:1096400000BF00BFC206D20E01219140024A116044
:1096500000BF00BF7047000000E100E0002809DB08
:1096600000BF00BFC206D20E01219140024A116024
:1096700000BF00BF7047000000E100E0002809DBE8
:1096800000BF00BFC206D20E01219140024A116004
:1096900000BF00BF7047000000E100E0002809DBC8
:1096A00000BF00BFC206D20E01219140024A1160E4
:1096B00000BF00BF7047000000E100E010B50028C7
:1096C00019DB1A4A03231B02D21883089B00D258C5
:1096D0008307DC0EFF23A3409A438B071B0E8407EE
:1096E000E40EA3401A43114B032424021B198408DF
:1096F000A4001A5118E00E4A03071B0F083B9B08F1
:109700009B00D2588307DC0EFF23A3409A438B07AC
:109710001B0E8407E40EA3401A43054B0407240FD5
:10972000083CA408A4001A5110BD000000E100E0AC
:109730001CED00E010B5002819DB1A4A03231B02B8
:10974000D21883089B00D2588307DC0EFF23A34066
:109750009A438B071B0E8407E40EA3401A43114B58
:10976000032424021B198408A4001A5118E00E4A8D
:1097700003071B0F083B9B089B00D2588307DC0E96
:10978000FF23A3409A438B071B0E8407E40EA340DC
:109790001A43054B0407240F083CA408A4001A51DF
:1097A00010BD000000E100E01CED00E010B5002855
:1097B00019DB1A4A03231B02D21883089B00D258D4
:1097C0008307DC0EFF23A3409A438B071B0E8407FD
:1097D000E40EA3401A43114B032424021B198408EE
:1097E000A4001A5118E00E4A03071B0F083B9B0800
:1097F0009B00D2588307DC0EFF23A3409A438B07BC
:109800001B0E8407E40EA3401A43054B0407240FE4
:10981000083CA408A4001A5110BD000000E100E0BB
:109820001CED00E0BFF34F8F03480449C860BFF34D
:109830004F8F00BF00BFFDE70400FA0500ED00E018
:10984000BFF34F8F03480449C860BFF34F8F00BF79
:1098500000BFFDE70400FA0500ED00E00048704796
:1098600014060020F7B506460F46002520E03C7898
:109870002046F9F7E0FCC4B2F9F7D0FC0068005DBF
:10988000202806D128467043054620463038451921
:109890000DE0102E0AD1412C08DB462C06DC2846B0
:1098A0007043054620463738451900E001E07F1C2B
:1098B000DDE700BF029805603846FEBD30B50028E0
:1098C00005D0164C021F20680023014605E008461B
:1098D00030BD904203D8034640680028F9D1002BE0
:1098E00000D05968002B0AD01C68D51AA54204D1B3
:1098F0001268A4181A461C6002E05A6000E0226058
:10990000002807D01468851AA54203D10568641998
:10991000146040685060184630BD00000C060020FE
:10992000F0B587B03C2006906F4805900520049064
:109930006E48007800280AD000206D4908606D4903
:1099400008706D4908706D490860684908706C4876
:1099500003906C4800686A49884202D969480068E7
:1099600001E069480068054664480068002813D093
:109970006248006885420FD360490968681A5A49ED
:10998000884208D300215A4A11605A4A11705A4A33
:1099900011705A4A116000BF04F0AEF90446002C61
:1099A0000CD15948006857490860002050490860A8
:1099B000504908705049087007B0F0BD4E48007813
:1099C000002804D0504800684E490860F4E7494830
:1099D0000078052807DB0120474908704A480068DD
:1099E00048490860E8E74848006841490968461A5C
:1099F0003F480068002801D03C2E01D3012000E040
:109A000000200746002F16D14048007800280DD0CE
:109A10003F4800683A49884208D93D4800683949BA
:109A20000860084600683549086003E03648006869
:109A300034490860C0E735480078002806D034482B
:109A400000682F49884201D9012000E000200290DF
:109A50002F4800680190002F2ED026480078052856
:109A60002ADA24480078401C2249087026480068F9
:109A70001F49086003F034FC24480078002812D005
:109A8000234800681E4988420DD9214800681D49B5
:109A900008600846006819490860002015490870E8
:109AA0001549087008E00298002805D01849019867
:109AB00008600120154908701448007800280DD06E
:109AC000134800680E49884208D9114800680D49BA
:109AD0000860084600680949086003E00A48006811
:109AE0000849086000BF67E7805101004E0100206F
:109AF0005001002054010020550100205801002091
:109B000080857467A8000020AC000020F4040020C9
:109B1000F0040020F1B50E4C0F480C4E001B0D4F09
:109B2000C508ED0000221146009804F0C3FE00288D
:109B300003D13068002801D00020F8BD3C6000202F
:109B40002560606001203060ECE700001006002016
:109B5000CC1700200C060020C83700200148006800
:109B6000704700001406002002E008C8121F08C158
:109B7000002AFAD170477047002001E001C1121F8E
:109B8000002AFBD1704700000149086070470000BF
:109B900014060020F0B51FB486B00998089A030D8A
:109BA0000021024314D05148514A1818504305145B
:109BB0001198012810981AD0281A401C00264D4FE1
:109BC0004D49009601910490002812DA444211E0B8
:109BD0001198012449A3012801D11098C143069886
:109BE000119A84600360C26041600BB0F0BD4042D6
:109BF000E4E70446210500203F4A001C514103913F
:109C0000029012E0E00707D032463B4601990098E7
:109C1000FAF732F80191009032463B461046194659
:109C2000FAF72AF806460F466410002CEAD1049889
:109C3000039B0028029A0999089806DAFAF71CF89B
:109C4000019B009AFAF718F805E0FAF77DF8019BF6
:109C5000009AFAF779F804460E460022284BFAF7E4
:109C60007FF903D80020C043014607E00022254BBE
:109C700020463146F9F74CFFFAF7D6FB102409E0ED
:109C8000002C0ADB0A220023FAF7AEF9079B3032D8
:109C90001A55641E02460A43F2D11122641C079B26
:109CA000121B1C19119B012B03D0012308430ED159
:109CB0000AE0084304D0112010900020119077E7AB
:109CC0001098151A6D1E0BE01098824202DD0023D9
:109CD0006D1C03E0824201DA00236D1E002BEED0E2
:109CE000069811998260C16030C07EE701FCFFFFD9
:109CF000104D0000000014400000F03F3000000054
:109D00000000F0430000E03F30380A2801D2012073
:109D10007047002070470000FFB597B00646002549
:109D20001BE2252876D100242746F749049400E059
:109D30000443761C32780120203A90400842F7D143
:109D400030782A280ED0022230780146303909298D
:109D500016D804990A235943303940181443761C05
:109D60000490F1E7189802C804911890002904DAC9
:109D70000120400304434842049002200443761C1F
:109D800030782E2814D1042004437078761C2A28B9
:109D900009D11898761C80C8189009E00A214F4311
:109DA000303FC719761C3078014630390929F5D97A
:109DB00030786C2810D006DC4C281AD068280ED0D9
:109DC0006A2817D104E0742813D07A2812D110E041
:109DD0000120400504430CE00121090501E00321B5
:109DE00009050C437178814203D101200005241834
:109DF000761C761C307866280BD013DC58287DD072
:109E000009DC00287BD04528F6D04628F4D0472826
:109E10001AD1A9E118E0632835D0642870D06528EC
:109E200012D1A1E170286CD008DC6728F1D0692834
:109E30007DD06E280DD06F2806D1BCE073282ED0BF
:109E4000752873D0782859D01A9A199990476D1CA3
:109E500082E16002400F022809D003280DD00428B7
:109E6000189801680DD00D60001D189074E11898C5
:109E7000EA1701680D604A60F6E7189801680D80DE
:109E8000F2E70D70F0E718986A4601781172001D2C
:109E900018900020507202A80090012005E0189848
:109EA00002C8189000200091C04361070ED5002120
:109EB00001E00199491C0191B94213DA8142F8DBB2
:109EC000019A0099895C0029F3D10BE0002101E09F
:109ED0000199491C01918142FADB019A0099895C40
:109EE0000029F5D1019904981A9B471A2146384652
:109EF000199A00F099FA4019019903E051E030E114
:109F000015E050E0451807E0009800990078491CDA
:109F100000911A9A199990470198401E0190401C8F
:109F2000F2D1214638461A9B199A12E137E00A20ED
:109F30000021009001916002410F022907D0189A78
:109F400001CA1892C2179446032908D00AE018984B
:109F5000C01DC108C90005C91891944607E000B2A8
:109F6000C2179446042902D140B2C1178C46002280
:109F70006146944506DA0A460021404291418C46EA
:109F80002D2102E0210504D52B216A461173012100
:109F900003E0E10701D02021F7E7029156E00A2013
:109FA0000AE0102008E01020009000210420044363
:109FB0000191082703E00820002101910090600230
:109FC000410F022907D0189A01CA1892002294461C
:109FD000032908D008E01898C01DC108C90005C9A8
:109FE0001891944603E080B2042900D1C0B2002148
:109FF000029121072AD531780D91702906D0009A57
:10A000001021019B4A401A4305D00EE040216A46C8
:10A010001173012108E06146014306D030216A46F0
:10A0200011730D99517302210291009A0821019B2D
:10A030004A401A430AD16146014301D1610705D55F
:10A0400030216A46117301217F1E0291317858290F
:10A0500004D02EA10E910DA90D910DE030A1F9E7CC
:10A060006146019B009AF9F7BFFF0E9B8C469B5CF3
:10A070000D9A521E0D92137061460143F0D10D9856
:10A0800005A9081A20300190600703D501200004BB
:10A09000844300E001270198874201DD381A00E07F
:10A0A0000020019900904118029809180498401A5C
:10A0B0000490E00306D421461A9B199A049800F0F4
:10A0C000B3F94519002706E003A81A9AC05D19994B
:10A0D00090476D1C7F1C02988742F5DBE0030CD58E
:10A0E00021461A9B199A049800F09EF9451904E03C
:10A0F0001A9A3020199990476D1C0099481E0090BB
:10A100000029F5DC1FE0000009280100303132335E
:10A1100034353637383961626364656600000000A3
:10A12000303132333435363738394142434445468D
:10A13000000000000D980D990078491C0D911A9AA5
:10A14000199990476D1C0199481E01900029F1DC76
:10A150004DE100F059F94519761C3078002800D0FF
:10A16000DFE528461BB0F0BD600700D4062718982D
:10A17000C01DC108C90048680A680831C30FDB0761
:10A180001891190001D09CA108E0210501D59BA1DF
:10A1900004E0E10701D09AA100E09AA143001091E8
:10A1A00030785B0865280CD006DC452809D04628A5
:10A1B0001DD0472841D141E0662818D067283CD1FE
:10A1C0003CE00021112F01DB112000E0781C0191FF
:10A1D000009008A911A8FFF7DDFC13990591002153
:10A1E000119A15927F1C12980197009150E001205E
:10A1F000C00703900120019008A9009711A8FFF75C
:10A20000C9FC139A149905920022119B009212988E
:10A210001593059A0192002901D0104602E0791C9D
:10A2200040180190381A01D5019804E04042401EC0
:10A230000090781C0190C01B029043E0012F00DACF
:10A2400001270021112F01DD112000E03846019186
:10A25000009008A911A8FFF79DFC13990591119A88
:10A260000021129815920091019721070CD40599AD
:10A27000B94201DB019900E00191012904DD159A41
:10A28000491E515C302906D0B84201DA011D05DAB9
:10A290000121029115E00199491EEDE7002805DC36
:10A2A0000099411800910199091A03E0019A411C93
:10A2B000914200DD01910099401A401C029001205A
:10A2C000C0070390200706D402990198814202DB5F
:10A2D0000020C043029000206946C87707AF0121E3
:10A2E00003980337C907884224D0022011902B20FD
:10A2F0001290039800280CDA404203902D2012900F
:10A3000007E00A210398F8F739FF30317F1E0390E8
:10A3100039701199481E11900029F2DC0398002829
:10A32000EFD1791E1298087030782021084045300E
:10A33000BF1E387006A8C01BC01D0390109800787F
:10A34000002800D00120019941180298C01709186F
:10A35000039809180498401A401E0490E00306D49C
:10A3600021461A9B199A049800F05EF84519109836
:10A370000078002803D01A9A199990476D1CE003C1
:10A3800024D521461A9B199A049800F04DF84519D6
:10A390001CE00098002807DB00990598884203DD3F
:10A3A0001598405C199901E0199930201A9A904744
:10A3B00000986D1C401C00900298401E02900028DE
:10A3C00004D11A9A2E20199990476D1C0199481EA4
:10A3D00001900029DDDC05E038781A9A7F1C199974
:10A3E00090476D1C0399481E03900029F4DC214618
:10A3F0001A9B199A0498ACE62D0000002B0000006F
:10A400002000000000000000F8B5044600251E46AC
:10A410001746880404D405E039462020B0476D1C57
:10A42000641EF9D52846F8BDFFB50446002581B065
:10A430001E46C80301D5302700E02027880404D534
:10A4400005E038460399B0476D1C641EF9D52846CF
:10A4500005B0F0BD4A68002A06D00A68531C0B609C
:10A4600010704868401E486070470A68531C0B60B3
:10A4700010707047002800DA404280B27047000038
:10A4800070B505460E4613480068082800D370BD15
:10A49000104A1268521CD1000F4A506B08F09EFA05
:10A4A0000446002C00D1F2E70B484463406B094995
:10A4B0000968C90045500848406B06490968C90049
:10A4C0004018067103480068401C0249086000BF3C
:10A4D000DDE7000008040020B00A002070B5044643
:10A4E0000E460025002E01D0002C01D1002070BDA9
:10A4F000A568002D01D1A66008E000E02D6828685D
:10A500000028FBD1314628460AF0CEFD0120EEE7B7
:10A51000FEB507460D4614461E46002001900090E9
:10A52000002F03D0002D01D0002C01D10020FEBD52
:10A530000898002809D0284600F022FC019001214B
:10A540004902E068084300900DE03146284600F0DB
:10A550005FFB01900198002800D1E8E70121490242
:10A56000E0688843009001214902E0680840002823
:10A5700005D1206A002802D0206A716888470198B6
:10A5800020620098E06021463846FFF7A7FFCEE73B
:10A59000FFB583B006460120029000210D9801709E
:10A5A000002527E00C206843841922680599069845
:10A5B00004F085FA0190019800280CD1207A002837
:10A5C00008D00FA223680F990E98FEF759FF0020BC
:10A5D00007B0F0BD0DE067680F9B0E9A0C990198CB
:10A5E000B847002801D1029007E001210D980170C1
:10A5F00000BF6D1C04988542D4D300BF0298E7E7E2
:10A600006D697373696E67207265717569726564CF
:10A61000206F7074696F6E2027257327000000007B
:10A6200070B50446002C00D170BD00250EE0605DC1
:10A63000002800D10CE0F8F7F1FD0068615D405C96
:10A64000202801D00020EFE7681CC5B2142DEEDBF6
:10A6500000BF0120E8E7FEB504460D460A2002903F
:10A66000002001902046F8F741FE00900098002855
:10A6700000D1FEBD009803281ADC10E00A210198E1
:10A6800048430190F8F7CAFD00682178405C202813
:10A6900004D120783038019940180190641C00984A
:10A6A000411E00910028E9D1019828602046E0E78A
:10A6B0002078302809D12078782802D020785828AE
:10A6C00003D110200290A61C00E0264623E0286853
:10A6D0000299484328603078761CF8F7ACFDC7B281
:10A6E000F8F79CFD0068C05D202805D13846303859
:10A6F0002968081828600EE0412F0ADB462F08DC85
:10A700000298102805D1384637382968081828607B
:10A7100001E03046ADE730780028D8D100BFA8E787
:10A7200010B50E480078002817D10D4800680028A1
:10A7300013D00C4800680A4909687D225201891823
:10A74000884205D20748006805490968884204D252
:10A7500001200249087000F0B7FD10BDA0010020E3
:10A760009C0100209C00002030B583B00446FFF718
:10A77000F5F9054600200090024601902146684602
:10A78000F9F735FD2846FFF7FFF90199009803B066
:10A7900030BD0000002003490870034800680349E9
:10A7A00008607047920100209C0000209801002062
:10A7B00010B51048007800281AD10F48006800280A
:10A7C00016D00E4800680C4909680D4A891888425D
:10A7D00005D20A48006808490968884208D2094831
:10A7E0000078002804D101200249087000F06CFDB7
:10A7F00010BD000092010020980100209C00002064
:10A8000088130000EE0100200146002902D00868EC
:10A81000002801D10020704702E08868401C886051
:10A82000002908D04A688868904204D28A6808687B
:10A83000805C2028F1DD4A688868904202D18868EF
:10A84000401E88600846E6E710B504460020FAF787
:10A8500069FCE0B232231A467D210901FAF7D8FCDF
:10A8600010BD0000F8B505460E461446204600F01F
:10A870005FF807460020084B3A46314600902846CC
:10A88000FFF746FE002801D03846F8BD384600F0F4
:10A89000BFF80020F9E700009C050020F8B5044649
:10A8A0000D4616460020044B3246294600902046AD
:10A8B000FFF72EFEF8BD00009C050020FEB5064601
:10A8C0000F4614461D462046294600F043F80190E5
:10A8D0000020084B009039463046019AFFF718FED9
:10A8E000002801D00198FEBD019800F091F80020E9
:10A8F000F9E700009C050020F8B505460E46144611
:10A90000204600F069F807460020084B3A463146D9
:10A9100000902846FFF7FCFD002801D03846F8BD1E
:10A92000384600F075F80020F9E700009C0500208B
:10A9300070B50546064800F0D8F80446002C05D04E
:10A94000002D01D0022000E00120E060204670BD13
:10A950009C05002070B505460E46134800F0C5F86A
:10A960000446002C1DD00820E060E661A5610F4A76
:10A970000F4B28463146F9F7F3FA02D80D486061CB
:10A980000FE000220C4B28463146F9F7D5FA03D8E0
:10A990000120C007606104E028463146F9F794FAC7
:10A9A0006061204670BD00009C0500200000C0FFD3
:10A9B000FFFFDF41FFFFFF7F0000E0C110B505484A
:10A9C00000F093F80446002C01D04020E0602046BF
:10A9D00010BD00009C05002070B505460B4800F036
:10A9E00084F80446002C0ED01020E0600749284669
:10A9F00000F00EF920612069002804D1204600F003
:10AA000007F8002070BD2046FCE700009C050020F0
:10AA100070B5044600252BE02568FF210131E06870
:10AA20000840002805D1A068002802D0A068FFF7E0
:10AA3000EFFFFF210131E0680840002806D12069BE
:10AA4000002803D00C4A2069516888470121490237
:10AA5000E0680840002806D1206A002803D0064A92
:10AA6000206A5168884704484168204688472C4638
:10AA7000002CD1D170BD00009C05002070B50446AB
:10AA80000D4601222946204603F0E7F870BD014635
:10AA9000002900D17047087B8007800F002801D073
:10AAA0000120F7E70020F5E70146002900D17047B3
:10AAB000087B082801D10120F9E70020F7E70146CB
:10AAC000002900D17047087B102801D10120F9E747
:10AAD0000020F7E70146002900D17047087B0228D3
:10AAE00001D10120F9E70020F7E770B504462820DE
:10AAF000216888470546002D03D028212846F8F70D
:10AB0000BFFB284670BD10B5044600221146204602
:10AB100000F002F810BD0000F0B589B004460D4603
:10AB200017461C2102A8F8F7ABFB0026002031498C
:10AB300008604860002C00D138E002942046F8F705
:10AB4000D5FB401C0390002004902B4A07CA06AB9B
:10AB500007C32948FFF7C9FF0646002E00D125E0AC
:10AB600002A808F0DBFE0090FFF74EFE01460190C0
:10AB7000304606F0B1FB002800D117E0002F0CD0C2
:10AB800002A8FFF741FE03990498884204D2049971
:10AB90000298405C002800D008E0002D03D0049902
:10ABA000029840182860304609B0F0BD002E02D04F
:10ABB0003046FFF72DFF002C1AD0009400200190A2
:10ABC00003990498884202D20498019005E0039802
:10ABD000002802D00398401E0190002D03D0019957
:10ABE0000098401828600348019A009906C000BFE9
:10ABF0000020D9E7940500209C05002010B50446EC
:10AC0000024A0021204606F09FFD10BD9C05002051
:10AC1000F8B504460D4600260027002C00D1F8BDEB
:10AC20002046F8F763FB461C3046296888470746EC
:10AC3000002F00D1F3E7324621463846F8F707FBEC
:10AC40003846ECE7F0B593B00446384960694618D9
:10AC50002069401C1290E0681190A0681090606814
:10AC60000F9020680E903022314902A8F8F7EFFAD1
:10AC700000272E4D463518E0FF376E37E817800F56
:10AC80004019801080000095281A05D164212846BB
:10AC9000F8F78AFA002906D1FF2191312846F8F702
:10ACA00083FA002900D17F1C6D1CB542E4DB01252D
:10ACB0001DE0681E800002A90858C719022D15D191
:10ACC000F017800F8019801080000096301A05D18F
:10ACD00064213046F8F768FA002906D1FF21913146
:10ACE0003046F8F761FA002900D17F1C6D1C1298DC
:10ACF0008542DEDB1198401EC719384618214843AB
:10AD0000E1210901484301901098484301994018F6
:10AD100001903C210F9848430199401801900E99E9
:10AD2000019840180190019813B0F0BD6C07000025
:10AD30004C5C010070B504460D46002C01D0002D7E
:10AD400001D1012070BDAC4201D10020FAE705E03D
:10AD50002078002800D1F5E7641C6D1C2078F8F7F6
:10AD600070FA06462878F8F76CFA8642F0D0207818
:10AD7000F8F767FA06462878F8F763FA301AE1E739
:10AD800070470000F0B5C3B082480078042801D1B4
:10AD900043B0F0BD80488088002828D17F480078E3
:10ADA000032823D17E48006800281FD07D48006812
:10ADB0007B490968401A052818D37A480068784901
:10ADC000086079A16846FBF72FFA684600780028EA
:10ADD0000BD00198002808D078A10198F8F75BFA09
:10ADE000002802D0042001F05DFF00BFD0E76A48D0
:10ADF0008488FF200130844200DD044600200FE0FB
:10AE0000654B5B881918CB171B0E5B181B121B02B6
:10AE1000CB1A9AB26B49895C02AB1954411C88B2B7
:10AE2000A042EDDB002002A9085502AD66A128462C
:10AE3000F8F731FA002805D0042001F033FFFDF7C0
:10AE40002BFFA5E755480078032821D12F4612E0B3
:10AE50003E461136307831280BDB3078392808DC53
:10AE600000205E490870012001F01CFFFDF714FF6F
:10AE70008EE7374600BF5AA13846F8F70CFA071E8E
:10AE8000E6D145488088C02801D9FDF705FF00BFFD
:10AE90005848007800287AD0424800685649096826
:10AEA000401A0F2843D955480088401C5349088050
:10AEB00008460088052810DD36480078002809D1AA
:10AEC0004F484079012803D04D484079022801D1EC
:10AED00005F072F8002049490880002045490870B3
:10AEE00047480079002819D1464800882A280BDAFB
:10AEF0004548008881B2434802880088401C414B85
:10AF000018805000414A11523D48C0693E490968C5
:10AF100040183D49086006F089FA38E03848007961
:10AF2000012834D107F064FF05F00EFA2FE038A1B4
:10AF30002846F8F7B0F9002829D000202D490870DC
:10AF40002F480079002809D12D48C0692E49096889
:10AF500040182D49086006F069FA16E02848007983
:10AF6000012812D1FAF764FB0A480078002809D1B9
:10AF700023484079012803D021484079022801D193
:10AF800005F01AF8002026490870FDF785FE00BF7D
:10AF9000FEE60000EE010020940C00209404002046
:10AFA00090040020AC00002041542B434D515454D8
:10AFB000434F4E4E4543543F000000007463703AC7
:10AFC0002F2F0000940B00202B434D515454434F1E
:10AFD0004E4E4543543A20302C30000047040020A8
:10AFE0002B434D515454434F4E4E4543543A203019
:10AFF0002C00000095040020980400209E040020EE
:10B00000080500209C04002014040020000B0020F0
:10B010002B434D5154545055423A20302C300000AF
:10B0200018040020F8B58948047889480068E121AF
:10B030004901884207D287488078022805D1844890
:10B040004068884201D3012000E000200546824884
:10B050000088E1214901884201DA002D09D0002C45
:10B0600007D0012C05D07D480078002801D10120AF
:10B0700000E000200646002E6DD000210C20FCF7D9
:10B0800019F96721002003F0EBFA6721002003F093
:10B0900007FB00F019F900210F20FCF70BF9002144
:10B0A0000B20FCF707F900210D20FCF703F9002124
:10B0B0000E20FCF7FFF8FCF7A3F900206849088090
:10B0C000C870087188704872887266490880C870B4
:10B0D00008718870487288725E488078022801D1B1
:10B0E000012000E001206049087000204870032022
:10B0F0005E4908700020487000BF07E000225949EF
:10B10000491D0A545649491D0A54401C0428F5DBC0
:10B11000574800F03DFD574800F03AFD01F096FC1D
:10B12000002001F009FE01204C4908705248407986
:10B13000002807D151480078002805D050480078F1
:10B14000002801D004F038FF4EA24FA1514808F06A
:10B1500099FA514908703E480068002805D13C48DA
:10B160004068002801D1012000E0002007463A484D
:10B1700000884B21C900884203DB002F01D0012049
:10B1800000E000200090009800285DD0002C5BD0EB
:10B1900042480078002857D132480088002853D10F
:10B1A0002F48008800284FD100210C20FCF782F89E
:10B1B0006721002003F054FA6721002003F070FAA1
:10B1C00000F082F800210F20FCF774F800210B201A
:10B1D000FCF770F800210D20FCF76CF800210E2020
:10B1E000FCF768F8FCF70CF900201D49C8700871DD
:10B1F00088701C49C8700871887000BF07E0002281
:10B200001849491D0A541649491D0A54401C04286E
:10B21000F5DB002001F090FD012020490870164860
:10B220004079002807D115480078002805D0144837
:10B230000078002801D004F0BFFE12A212A1154828
:10B2400008F020FA14490870F8BD0000EE01002053
:10B25000E0010020F4060020B00000204C01002096
:10B260004A0900203E0900207101002079010020D8
:10B27000C0010020D0010020080500203805002072
:10B28000390500204F4B000041542B4353434C4B96
:10B290003D320000000004404D0000204D01002020
:10B2A000F8B506460F463946304607F0A1FC04467D
:10B2B0000D46E12040010021001BA94102D2E120FE
:10B2C0004001F8BD2046FCE7002006E000220449CA
:10B2D000044B1B5C9B00CA50401C0428F6DB7047E3
:10B2E00018A00540945B0100F1B594B0FE480078C9
:10B2F000002806D1FDA1149805F05CF80120FA4958
:10B30000087003E0E1B2149805F03CF9FDF710FE77
:10B310000446401C0028F5D1A0E3F9480078002835
:10B320000FD0E0B21290012112A8FDF7B7FD032C57
:10B3300006D10020F2490870F2A1149805F03AF8FD
:10B340008CE3032C0AD1F6480068002806D00020C0
:10B35000F3490860F3A1149805F02CF8122C30D1B1
:10B36000F448006800282CD0F2480568012000034A
:10B3700085421ED3E807C00F00281AD0ED48806828
:10B3800000280ADDEB48C068002806D1E9490860BA
:10B39000E9A1149805F00EF812E0E648C368826847
:10B3A000416806681498B047ECA1149805F002F8BB
:10B3B00006E00020DF490860E9A1149804F0FAFFD4
:10B3C00000BF0A2C01D00D2C7BD10020EE49EF4AA2
:10B3D00012788854ED48007800283ADDEC4800786F
:10B3E00000280ED0EBA1E848F7F787FF002808D027
:10B3F000E9A1E548F7F781FF002802D00020E449E1
:10B400000870E3480078002831D0E2A1DE48F7F761
:10B4100074FF002805D0E0A1DB48F7F76EFF002895
:10B4200025D1DCA1D848F7F768FF002812D1FAF738
:10B43000FFF8012806D102F009F9D8A1149804F008
:10B44000B9FF03E0DDA1149804F0B4FF0020D04957
:10B450000870D8E2D0A1CC48F7F74FFF0028F8D108
:10B46000CB490870E0A1149804F0A4FFCBE2E6A158
:10B47000C548F7F742FF002807D10120A04908700E
:10B48000E4A1149804F096FFBDE2E8A1BE48F7F7E6
:10B4900034FF002806D19A4908709AA1149804F044
:10B4A00089FFB0E2E4A1B848F7F727FF002809D1E7
:10B4B000FAF78CF905462A46E1A1149804F07AFFC0
:10B4C000A1E2A8E2E0A1B048F7F717FF002806D1F3
:10B4D000DF48E0A10269149804F06CFF93E2DFA159
:10B4E000A948F7F70AFF002806D1D948D9A142692F
:10B4F000149804F05FFF86E2DA4BDB4ADBA1A24836
:10B50000F7F732FF022806D1D64A1178D64A1078CA
:10B51000FBF7D0FE77E2D34AD7A19B48F7F724FF89
:10B5200001280ED1CF480068002802D0012807D199
:10B5300002E0FFF7C9FE03E0D2480AF0BDFA00BFFF
:10B5400061E2D14BC84AD1A18F48F7F70DFF02281D
:10B5500028D1CD480078622813D0672809D07228F6
:10B5600017D100231A460121BF480068FBF7C8FE27
:10B5700017E0002301221946BB480068FBF7C0FE14
:10B580000FE0012300221146B7480068FBF7B8FE20
:10B5900007E000231A461946B3480068FBF7B0FEDF
:10B5A00000BF30E2BCA17848F7F7A7FE002805D11C
:10B5B000BB4ABCA1149804F0FDFE24E2C4A1724869
:10B5C000F7F79BFE002808D1FAF7E4F805462A466B
:10B5D000C1A1149804F0EEFE15E2C9A16A48F7F77C
:10B5E0008CFE00280AD1149806F00EF9C6A1149812
:10B5F00004F0E0FE01206649087004E2994AD0A1F7
:10B600006148F7F7B1FE012884D19648006812908E
:10B61000FAF7C0F80646002011901298002804DCC2
:10B62000CAA1149804F0C6FEECE102F08BFA0546BC
:10B630001422CD490CA8F7F70AFE0027D0E198485C
:10B64000864206DB03463246C8A1149804F0B2FED7
:10B65000CAE1D0486843D0494518E807C00F002820
:10B6600001D14C2000E052200B9028090921F7F766
:10B6700085FD48000CA90A5A0A9202F063FA129951
:10B68000C91BC64A5143401A0990280AC449F7F712
:10B6900075FD0846FF302D3008900899099840182C
:10B6A0000790280B3221F7F769FD08460191F8F75A
:10B6B000CEFBBC490290F8F7AFF9BB490390F8F70D
:10B6C00052F90690280C1521F7F758FD084602910B
:10B6D000F8F7BDFBB5490390F8F745F90590069AD0
:10B6E0000A990598019263E10C02002041544543F8
:10B6F00020434C492076312E30203E200A000000A5
:10B70000100200200A47534D206272696467652069
:10B7100064656163746976617465640A3E00000063
:10B7200008020020212141424F5254454421210A60
:10B7300000000000800900200A496E76616C69648F
:10B74000206172677320706F696E74657220646522
:10B750007465637465640A3E000000000A3E0000E0
:10B760000A496E76616C69642066756E6374696FF0
:10B770006E20706F696E74657220646574656374A1
:10B7800065640A3E00000000580900200D020020F8
:10B79000F1030020790000006E0000000A416C6C8B
:10B7A00020636F6F6B696E672073657373696F6E6B
:10B7B0007320657261736564000000000A4552528F
:10B7C0004F523A206661696C656420746F2065721F
:10B7D00061736520636F6F6B696E67207365737348
:10B7E000696F6E73000000000A436F6F6B696E67CC
:10B7F000206461746120776173206E6F74206572BC
:10B80000617365640000000067736D202D62203154
:10B81000000000000A47534D20627269646765208A
:10B820006163746976617465640A3E0067736D20B4
:10B830002D622030000000006D657461202D7300C2
:10B840000A25640A000000006D657461202D6900FE
:10B85000B00A00200A25730A000000006D657461BB
:10B86000202D6700E8030020EC0300206C656420B5
:10B870002D722564202564006C6564202D73256479
:10B8800000000000B8220000F00300206C65642076
:10B890002D63256420257300636F6F6B202D6D0071
:10B8A0008C0500000A4D617820636F6F6B696E67CD
:10B8B0002073657373696F6E7320666C61736820A3
:10B8C00063616E2073746F72653A2025640A00000C
:10B8D000636F6F6B202D6E000A436F6F6B696E672D
:10B8E0002073657373696F6E732073746F72656410
:10B8F00020696E20454550524F4D3A2025640A007C
:10B90000636F6F6B202D7000457261736520414C31
:10B910004C20636F6F6B696E6720646174613F20B8
:10B9200054797065207920746F20636F6E66697238
:10B930006D2C206E20746F2063616E63656C0A004D
:10B94000636F6F6B202D6420256400000A455252FE
:10B950004F523A20636F756E74206D757374206258
:10B9600065203E20300A0000B05B01000A466C6191
:10B9700073682066756C6C2061742025642F2564C3
:10B980002C2073746F70706564206561726C790A25
:10B99000000000000D6619005FF36E3C605400006B
:10B9A000F51A0000CDCCCC3D0000404000005243D1
:10B9B000009102903046079B099A0B99F9F70AFF0C
:10B9C00004900498012804D1761C1198401C119011
:10B9D00005E032463DA1149804F0ECFC04E07F1C25
:10B9E0001298874200DA2AE600BF1198002808DD85
:10B9F0003046F9F74BFF33463DA1119A149804F0F5
:10BA0000D9FC00BF00BF00204449087044A114982D
:10BA100004F0D0FC21E0082C01D07F2C0DD13F4850
:10BA20000078002819DD3D480078401E3B49087029
:10BA30003CA1149804F0BEFC0FE038480078272899
:10BA40000BD2364801780078401C344B18703648C9
:10BA50004454E1B2149804F095FD00BF149804F02A
:10BA60006BFD0446401C002800D056E42F480068B7
:10BA7000002828D02D4805680120000385421AD3EC
:10BA8000E807C00F002816D0294801780078401C2C
:10BA9000274B187027480078244A12689047139063
:10BAA000139800280EDA00202049086022A114987B
:10BAB00004F080FC06E000201C49086027A11498CF
:10BAC00004F078FC00BF002015B0F0BD0A455252CA
:10BAD0004F523A207772697465206661696C6564BB
:10BAE00020617420696E6465782025640A00000076
:10BAF0000A25642064756D6D792073657373696FB1
:10BB00006E287329207772697474656E2028746FAB
:10BB100074616C3A202564290A0000000D0200209F
:10BB20000A3E0000082008005809002008020020F2
:10BB30000F0200200E0200200A4261636B67726FE1
:10BB4000756E64206F7065726174696F6E20636FCB
:10BB50006D706C657465640A3E0000000A496E767B
:10BB6000616C69642066756E6374696F6E20706FB6
:10BB7000696E7465722064657465637465642061C0
:10BB80006E6420636C65617265640A3E00000000AB
:10BB9000F0B585B00446A07B002856D0606807F059
:10BBA000E1FD0390039807F0E7FDA0606168A068DD
:10BBB000884203D2039807F0DFFDA0606168A068A7
:10BBC000401A05283BD96168A068401AE121490163
:10BBD000884202D9A068401A606001201D4908709F
:10BBE0006168A06888422AD9F9F7D4FD05461A4849
:10BBF00085420FDB1949C869F8F729F90646174845
:10BC0000006A01960090A3892078A2686168F9F71C
:10BC100029FD13E01149C869F8F719F906460F48DC
:10BC2000006AA18902960091019021782846A368B4
:10BC30006268F9F7CFFD681CF9F728FE00BF002005
:10BC4000A0736060A060A08100BF09F061FB05B037
:10BC5000F0BD0000700100208C050000B00A00203B
:10BC6000F0B589B004460F4615461E462CA239464B
:10BC7000284602F024FF08902BA23946284602F0FD
:10BC80001EFF079029A23946284602F018FF0690A9
:10BC9000002005900490039005A9089802F027FF62
:10BCA000002803D00598007800280DD120A2304646
:10BCB0000E99FDF7E5FB01230022214625A004F0A3
:10BCC000BBF9002009B0F0BD04A9079802F00FFFEE
:10BCD000002801D113A0049003A9069802F007FFE1
:10BCE000002801D10FA003900399049801910090BE
:10BCF0001AA280212048059BFDF7C2FB042215A152
:10BD00001D48083809F051F901201C490870012329
:10BD10001A4621460FA004F08FF90120D2E7000057
:10BD200064617461000000007573720070776400D4
:10BD3000666F74613A206D697373696E67206F7204
:10BD400020656D70747920276461746127202855FF
:10BD5000524C2900666F74610000000041542B436F
:10BD6000464F54413D302C312C222573222C222564
:10BD700073222C2225732200600600203A05002041
:10BD8000FFB5C9B005461646002E01D0304603E087
:10BD900035A14A98FEF772FE0446902125A8F7F7D0
:10BDA0006FFA9022324925A8F7F751FA902225A977
:10BDB00001A8F7F74CFA04222EA101A809F0F5F822
:10BDC0000295002020A9087324902BA230464A999E
:10BDD00002F075FE0746002F0ED06946384602F085
:10BDE0004BFE002807D00098002802D000980128B8
:10BDF00001D10098249000BF002C1AD02046FEF7F5
:10BE00005EFE002815D02069002812D02069007835
:10BE100000280ED0802203A8216909F0C6F8FF226D
:10BE200001321748216909F0C0F8012020A90873E0
:10BE300004E000206946087311490870902201A9A6
:10BE40001048F7F704FA00200F49087001200F4945
:10BE5000087020A8027B0123294606A004F0ECF814
:10BE600020A8007B4DB0F0BD64617461000000004B
:10BE7000845C010066770000786170690000000052
:10BE800090090020580600203A0500205A000020A2
:10BE9000FFB589B015461E46129F5F4A116850686B
:10BEA00092680892069107900021059105A806A9BD
:10BEB0002B4601AAC1C20091032158480A9AFEF7F5
:10BEC00067FB04906846007D002818D1002D0BD038
:10BED00003A9284602F0D0FD002805D0039806905B
:10BEE00001200590049009E00498002806D04CA297
:10BEF00039463046FDF7C4FA0020049000BF04988C
:10BF0000002872D0069800287DDB4A490698886090
:10BF100008A8007800280FD00798002806DD4649B9
:10BF2000079809684018434948610AE04248006898
:10BF30003C304049486104E03F4800683C303D499E
:10BF40004861F9F7FBFC3B488468002003900A2C09
:10BF500013DA3A48407A002805D000210846F8F75D
:10BF6000D7FF012003903648407A002805D00021F1
:10BF70000120F8F7CDFF0120039030480088A0424F
:10BF800005DDA1B2002007F00BFD012003902C4835
:10BF90000088A04205DDA1B2012007F001FD0120CB
:10BFA00003900398002825D0254A1178234A107859
:10BFB00009F0EAFC2348007800280BD11F490988C2
:10BFC000092902DC1D49098800E00921C8B2FBF7F4
:10BFD000EBF90FE01B48007801280BD118490988BC
:10BFE000092903DC1649098801E00CE00921C8B2DF
:10BFF000FBF7DAF901231A4613A0099904F01CF89B
:10C0000001200DB0F0BD012300220FA0099904F01A
:10C0100013F80020F5E70000B05D01008C5D010021
:10C020006E6F20757361626C65206D6178506F77FB
:10C030006572000008050020AC0000203E090020C9
:10C040004A090020880100206C620000F8B504460F
:10C050000E461746069D03F05FFF01231A46214650
:10C0600002A003F0E9FF0120F8BD00006D7200009E
:10C07000F8B504460E461746069D012300222146C8
:10C0800002A003F0D9FF0020F8BD00007067000097
:10C09000FFB587B005460E461F4600200690059066
:10C0A00005A906AA109802970092019103903246C2
:10C0B0000A210F48099BFEF76BFA0446002C05D0B5
:10C0C0006846007D002801D0F9F738FC002C05D027
:10C0D0006846007D002801D0012000E000200246D3
:10C0E0000123294603A003F0A7FF20460BB0F0BDB3
:10C0F000145D010070750000F8B504460E46174641
:10C10000069D04F017FEF9F719FC01231A46214693
:10C1100002A003F091FF0020F8BD0000726400004F
:10C12000F8B504460F46069EF9F738FB0546012D83
:10C1300000D100E0002002460123214604A003F0C4
:10C140007BFF012D01D10120F8BD0020FCE700009C
:10C1500072700000F8B504460E461746069D07F0BB
:10C1600047FB01231A46214602A003F065FF012088
:10C17000F8BD0000736F000010B513480078042864
:10C1800000D110BD1148007800281AD1104800686D
:10C19000002816D00F4800680D490968441A0E4857
:10C1A000006884420CD301200849087000200B4924
:10C1B0000860084800680A490860002002F09EF9FB
:10C1C00000BF00BFDDE70000EE01002045040020B5
:10C1D0004C040020AC000020500400205804002033
:10C1E0005404002007490978042900D17047002130
:10C1F000054A117005490968054A1160054908603A
:10C2000000BFF3E7EE01002045040020AC00002051
:10C210004C0400205004002070B5B2B047480078AC
:10C22000002804D1022000F03DFD32B070BD43482B
:10C230000078042803D1002000F034FDF5E7002049
:10C240003F4908703F480068401C3E490860F9F7C4
:10C25000BDFA064632463CA122A8FDF72DF940481A
:10C2600004680A2C00DA0A244B200001844200DD15
:10C2700004463B488569002D00DC0025012D00DBCC
:10C2800001252346374A802102A80095FDF7F8F8DA
:10C2900000203549087035490870FCF7FDFC34A0D2
:10C2A00007F0B8F935A007F0B5F93948007800284B
:10C2B0003DD138A007F0AEF93AA007F0ABF93DA0A8
:10C2C00007F0A8F93F48FBF7EDFB01F063FD3EA046
:10C2D00007F0A0F943A007F09DF949A007F09AF9EB
:10C2E00050A007F097F95AA007F094F963A007F05F
:10C2F00091F96AA007F08EF96F48FBF7D3FB6FA0A6
:10C3000007F088F92F48FBF7CDFB22A807F082F948
:10C310006EA007F07FF974A007F07CF979A007F010
:10C3200079F96548FBF7BEFB012019490870FCF755
:10C33000B3FC02A807F06EF900BF76E7EE0100201B
:10C34000460400208C04002041542B434D5154548A
:10C35000414343513D302C222564222C3100000002
:10C3600008050020C86201003805002039050020BA
:10C3700041542B434D47463D3100000041542B436F
:10C380004E4D493D322C322C302C302C30000000E8
:10C390004704002041542B434D51545444495343C6
:10C3A0003D30000041542B434D51545452454C3DB7
:10C3B0003000000041542B434D51545453544F50BE
:10C3C00000000000A086010041542B4353534C430E
:10C3D00046473D2273736C76657273696F6E222CCB
:10C3E000302C340041542B4353534C4346473D2299
:10C3F000617574686D6F6465222C302C320000000A
:10C4000041542B4353534C4346473D22636163657C
:10C410007274222C302C226361636572742E7065F5
:10C420006D22000041542B4353534C4346473D2259
:10C43000636C69656E7463657274222C302C2263A0
:10C440006C69656E74636572742E70656D22000090
:10C4500041542B4353534C4346473D22636C69651B
:10C460006E746B6579222C302C22636C69656E7456
:10C470006B65792E70656D220000000041542B43DE
:10C4800053534C4346473D2269676E6F7265727421
:10C490006374696D65222C302C31000041542B43AC
:10C4A00053534C4346473D22656E61626C65534E63
:10C4B00049222C302C31000050C3000041542B4342
:10C4C0004D515454535441525400000041542B4395
:10C4D0004D5154544346473D22636865636B555440
:10C4E0004638222C302C300041542B434D515454AB
:10C4F0004346473D2276657273696F6E222C302C5D
:10C500003400000041542B434D51545453534C4379
:10C5100046473D302C30000030B595B00546002D23
:10C5200002D1401E15B030BD00201490139012901F
:10C53000119010900F900FA810A911AA12AB0093A0
:10C5400001920291039013AB14AA2FA12846F6F78B
:10C550000BFF0446062C18D00FA810A911AA12AB85
:10C56000009301920291039013AB14AA2CA12846C8
:10C57000F6F7FAFE0446062C02D00020C043D1E7AD
:10C580007D2109011498401814901498642804DA45
:10C590007D2109011498401814901398012817DB85
:10C5A00013980C2814DC1298012811DB119800282C
:10C5B0000EDB119817280BDC1098002808DB109868
:10C5C0003B2805DC0F98002802DB0F983B2802DD92
:10C5D0000020C043A6E72C2104A8F6F751FE164917
:10C5E0001498401A09901398401E089012980790CA
:10C5F00011980690109805900F98049000200C90C8
:10C6000004A8FEF71FFB8DE72534642F2532642F25
:10C610002532642C2532643A2532643A253264008E
:10C620002532642F2532642F2532642C2532643A5A
:10C630002532643A253264006C070000F3B581B0FE
:10C640000446002C00D1FEBDA07B002802D060680B
:10C65000002801D10020F6E7606807F083F806465D
:10C66000029807F07FF80546029F002E04D1002DA6
:10C6700002D00848076805E0002E03D0002D01D144
:10C680000020E0E76068B84201D90020DBE760687D
:10C69000381AD8E7AC00002010B56448807800282C
:10C6A0007ED062480079002805DD60480079401E90
:10C6B0005E4908710AE05D48C078002806DD5B48E5
:10C6C000C078401E5949C8703B200871584800780E
:10C6D000092808D157480078002804D1534A117915
:10C6E000D07809F013FA54480078002831D1534823
:10C6F000006800282DD052480068401C504908604E
:10C7000008460068052824D301204B490870002002
:10C710004B4908604548407A002804D045480078D5
:10C7200009F0ACF805E0474A1178404A107809F062
:10C730002BF940480078002804D13C490878FAF7E2
:10C7400033FE03E03F490878FAF72EFE022000F09E
:10C75000F3FA3648C078002867D1344800790028B9
:10C7600063D13249487288700420FEF76DF80020CA
:10C770002E49088034488078012801D1032000E048
:10C78000012032490870002048700846007830497E
:10C7900008702E4840784870002088702D4900E0CD
:10C7A00043E0098888B203222949F8F747FE2A495D
:10C7B0000860084600880004000E2449C870264816
:10C7C000007808712548FFF7E3F91E4A1178174AE7
:10C7D000107809F0D9F8002004E000221349491D1F
:10C7E0000A54401C0428F8DB00201D490860114849
:10C7F0000078002803D100210D20FAF75BFD0D48D9
:10C800000078002804D109490878FAF7CDFD03E043
:10C810000C490878FAF7C8FD00F018F904480078C8
:10C82000052802D0022000F087FA10BD3E09002042
:10C83000EE01002088010020900100208C010020E2
:10C84000F80100204A090020F406002071010020B0
:10C8500081010020C404002084010020C0010020C8
:10C86000B001002010B56148807800287ED05F4874
:10C870000079002805DD5D480079401E5B4908719C
:10C880000AE05A48C078002806DD5848C078401EA3
:10C890005649C8703B20087155480078092808D1CE
:10C8A00054480078012804D1504A1179D07809F011
:10C8B0002DF951480078002831D1504800680028EF
:10C8C0002DD04F480068401C4D490860084600685C
:10C8D000052824D3012048490870002048490860F1
:10C8E0004248407A002804D04248007808F0C6FF49
:10C8F00005E03E4A1178434A107809F045F83D4872
:10C900000078002804D13F490878FAF74DFD03E08C
:10C9100036490878FAF748FD022000F00DFA33484E
:10C92000C078002861D13148007900285DD12F49B5
:10C93000487288700420FDF787FF00202B4908808B
:10C9400001203149087000204870084600782F49BE
:10C9500008702D4840784870002088702C4909885C
:10C9600088B203222949F8F769FD00E03DE0294932
:10C970000860084600880004000E2349C870254856
:10C98000007808712448FFF703F9184A11781D4A06
:10C99000107808F0F9FF002004E000221349491D37
:10C9A0000A54401C0428F8DB00201C490860114888
:10C9B0000078012803D100210D20FAF77BFC0D48F7
:10C9C0000078002804D10F490878FAF7EDFC03E05D
:10C9D00006490878FAF7E8FC00F038F804480078CF
:10C9E000052802D0022000F0A7F910BD4A09002056
:10C9F000EE01002088010020900100208C01002021
:10CA0000000200203E090020790100208101002061
:10CA1000C404002084010020D0010020B0010020C7
:10CA20000449086800E000BF02490968091A2A2978
:10CA3000F9D370479C000020002002490870024989
:10CA4000088070474C010020B000002000200249FF
:10CA500008700249088070474D010020B000002096
:10CA600010B5002002490860FEF72EFC10BD000042
:10CA7000AC010020FFB5A1B005460E46002D01D146
:10CA800025B0F0BD802101A8F6F7FAFB002414E0E0
:10CA9000E0000F4A11582846F6F72FFC00280BD16A
:10CAA00080200090E0000A49401801AB47683046FA
:10CAB000249A2399B847E3E7641C092CE8D301239F
:10CAC00000223146284603F0B7FA0020D8E70000DC
:10CAD000BC5D01007CB5044600200090019000265A
:10CAE00000250CE0F6F79AFB0068615D405C2028A9
:10CAF00004D1625D3046761C69460A546D1C605D47
:10CB0000002801D0042EEDDB032E07DB6846F6F784
:10CB10001DFF85B2284608F0CFFF02E0002008F094
:10CB2000CBFF7CBD70B5F8F751FE044604492046A2
:10CB3000F6F724FB0D46284608F0BEFF70BD000046
:10CB4000102700001C480021016041608160032023
:10CB5000194908700420487018A01A4948601A48FA
:10CB60000078C8601948007800280BD11648407832
:10CB7000012807D016484078012803D0144840788F
:10CB8000022808D102200C4988700E490872012041
:10CB90001049087070470C484078032807D10120DD
:10CBA00005498870074908720A490870F2E70020B1
:10CBB0000849087000BFEDE7F4060020312E312E41
:10CBC000332E3100B00A00201E090020BE040020D0
:10CBD0002E090020B8000020F8B504460D460026B6
:10CBE0000027002C02D02068002801D10020F8BDC9
:10CBF0006068002805D06168A068884201D30020E1
:10CC0000F5E72648854201D90020F0E7A068401CDE
:10CC100045196068A84203D3A16820684018E6E778
:10CC20002069002801D00020E1E71D48854206D98F
:10CC30001A48854201D8074602E00020D7E76F0076
:10CC4000206A00280DD03946226A2068904706469F
:10CC5000002E1ED1E16920688847002060602060B6
:10CC6000C5E73846A16988470646002E06D1E16926
:10CC700020688847002060602060B8E7002E05D05B
:10CC8000A068421C30462168F6F7E1FAE1692068A5
:10CC9000884767602660A0688019A8E7FFFFFF7FCC
:10CCA000FFFFFF3F10B504461C4804702300FCF74B
:10CCB00046FC062604072C08313203F083FD2AE0E7
:10CCC00029E00020164908601649086003F066F95B
:10CCD00000280DD1144908701449087014480078D0
:10CCE000042801D1002000E002200C49087012E065
:10CCF0006721012001F0D4FC08F07EF90BE0002050
:10CD00000A4908700749086005E00A4800680549B3
:10CD1000086000E000BF00BF10BD000094040020C8
:10CD200058040020900400204704002046040020FE
:10CD3000EE010020AC00002070B5044600BFEFF308
:10CD40001080054672B62348007800280AD0002CCF
:10CD500008D021480078002804D100BF85F310884E
:10CD600000BF70BD1C480078092803D01A4800781D
:10CD7000052800D103E0FA21C800F8F73BFA16486D
:10CD8000007816490870144804701320144908707C
:10CD900000BF85F3108800BF10480078002805D137
:10CDA000002C03D0FBF7B6F903F022FC002C06D1CF
:10CDB00000F09CFB00200B4948700B494870042C84
:10CDC00005D1FBF71DFEFBF739FE00F0E1F900BFCE
:10CDD000C7E700005B000020EE010020EF0100200B
:10CDE000F00100207101002079010020002003499A
:10CDF00008700348006803490860704790010020EC
:10CE00009C0000208C01002010B504460021204623
:10CE100000F002F810BD0000F0B5A1B004460F46C6
:10CE20006E4903C920911F90FF202D301E903C2099
:10CE30001D90002F1AD16A480068002816D0694951
:10CE40000968674A1268881A67490979002902D077
:10CE5000FF212D3100E03C210B46984205D262496A
:10CE600006C96260216021B0F0BD00BF01F000F88A
:10CE7000002804D15C4903C961602060F3E75B4886
:10CE80000078052804DB584903C961602060EAE79F
:10CE9000002057490870574908705749086057499A
:10CEA0000870FBF7F9FE56A006F0B4FBFF20F53042
:10CEB000F7F73AFEFBF7F0FE4C480078401C4B4970
:10CEC000087052A006F0A6FB5348F7F72DFE534812
:10CED0001C9053A11C98F6F7DEF90546002D0DD1E4
:10CEE0001F904148209A1F9906C03E4800683C495F
:10CEF000086020991F9861602060B4E70020C0435B
:10CF00001B90202113A8F6F7BBF920210BA8F6F7F8
:10CF1000B7F900200790089009900A9003900490B8
:10CF20000590069003A807A90BAA13AB00920191E4
:10CF300002901BAA3CA12846F6F716FA064607A857
:10CF400008F048F903A808F045F903A808F012F81A
:10CF5000052E0EDB1B9800280BD10BA813AB3EA2AD
:10CF6000402100903E48FCF78BFA012020A9087070
:10CF700001E000201F90052E22DB07A8F6F7B6F986
:10CF800000281DD003A8F6F7B1F9062818D303A886
:10CF900007AB31A2182100901548FCF771FA012067
:10CFA000144908701248FFF7B7FA02900298002857
:10CFB00005DB11490298086001201049087000BF84
:10CFC0000948209A1F9906C006480068044908606D
:10CFD00020991F986160206000BF44E77C5C0100DD
:10CFE00000050020AC000020F8040020040500200B
:10CFF000A40F0020EC040020F0040020F404002022
:10D0000041542B434C42533D3000000041542B43CC
:10D010004C42533D34000000B80B0000940B00203C
:10D020002B434C42533A00002B434C42533A2025A9
:10D03000642C2533315B5E2C5D2C2533315B5E2CFB
:10D040005D2C252A5B5E2C5D2C2531355B5E2C5DCD
:10D050002C2531357300000025732C25730000004A
:10D06000FC0F002070B50546002D00D170BD0AA14F
:10D070002846F6F710F90446002C0BD0083408A116
:10D080002046F6F760F90646002E01D000203070E9
:10D090002046EBE70020E9E72B49434349443A00A7
:10D0A0000D0A0000F1B582B0029C00E0641C2078FB
:10D0B00000280BD020782028F8D020780D28F5D033
:10D0C00020780A28F2D020780928EFD02EA1204617
:10D0D000F6F7E1F8002814D02BA12046F6F7DBF88C
:10D0E00004460D212046F6F7F7F80446002C08D038
:10D0F000641C00E0641C20780A28FBD020780D28EE
:10D10000F8D0264639E000200190354603E001982A
:10D11000401C01906D1C2878302802DB28783928C3
:10D12000F5DD01980F280FD128780D2805D0287833
:10D130000A2802D02878002806D12946002901D0E3
:10D14000002008703046FEBD0D213046F6F7C4F8C9
:10D150000746002F04D10A213046F6F7BDF80746EE
:10D16000002F00D10CE07E1C00E0761C30780A28ED
:10D17000FBD030780D28F8D000BF30780028C2D11D
:10D1800000BF0020DFE7000041542B4347534E000F
:10D1900010B501200B49087000200B4908600B49AD
:10D1A00008600B4908700B49087001200A49087093
:10D1B00000200A49087003F005FB0020FFF772FD0C
:10D1C00010BD0000450400204C040020580400203D
:10D1D00047040020460400200C0400205D040020C9
:10D1E00070B50646002E11D11A480078002803D1E8
:10D1F00019480068002808D000210B20FAF75AF8D7
:10D200000020144908701449086070BD134805686F
:10D2100011480068002801D10F4805600E490968CF
:10D22000681AFF212D31F5F7A9FFC007C00F0121B2
:10D230000C1A0848007884420AD006480470002C72
:10D2400001D0012000E0002001460B20FAF732F85F
:10D2500000BFDAE7600500205C0500209C0000208C
:10D2600070B50646002E11D11A480078002803D167
:10D2700019480068002808D000210F20FAF71AF892
:10D280000020144908701449086070BD13480568EF
:10D2900011480068002801D10F4805600E4909684F
:10D2A000681AFF212D31F5F769FFC007C00F012172
:10D2B0000C1A0848007884420AD006480470002CF2
:10D2C00001D0012000E0002001460F20F9F7F2FF15
:10D2D00000BFDAE774050020700500209C000020E4
:10D2E0001CB501216846FFF797FD06480078002825
:10D2F00005D005480068002801D001201CBD002091
:10D30000FCE70000F4040020F004002000200349A2
:10D3100008700348006803490860704783000020D4
:10D320009C0000203800002010B535480078002807
:10D330001BD134480068002817D0334800683149B1
:10D340000968324A8918884205D22F4800682D4959
:10D350000968884209D201202949087072210020F9
:10D3600001F09EF9002001F0C9F82948007A002850
:10D3700043D02348007800283FD026480078002872
:10D380003BD000F055F80446002C18D0002022496C
:10D390000870FDF799FF6221002001F081F91F4814
:10D3A00001214907086000BFBFF34F8F1C481D498A
:10D3B000C860BFF34F8F00BF00BF00BFFDE7002074
:10D3C0001549087000211248017200200C490870AC
:10D3D00015490870154908600A490860622101F082
:10D3E0005FF90320FDF730FA08F0AEFA7D20000166
:10D3F000F7F79AFBFDF768FF10BD00BFFCE70000E0
:10D4000083000020380000209C00002088130000CA
:10D41000D8060020810000205B000020F5FAAA5504
:10D420000400FA0500ED00E0800000203400002038
:10D4300070B5FBF731FC1CA006F0ECF87D20C000B5
:10D44000F7F772FB1A4D1BA12846F5F724FF0028B9
:10D4500012D0FBF721FC1BA006F0DCF8FF20F53012
:10D46000F7F762FBFBF718FC0FA006F0D3F87D205E
:10D47000C000F7F759FB00BF194801682846F5F7C7
:10D480000AFF0446002C02D11649086070BD1448FA
:10D490000068F5F72BFF0419134801682046F5F7DB
:10D4A000FAFE06463046F1E741542B46534C5300F2
:10D4B000940B00206950686F6E655F52696E672E2D
:10D4C0006D70330041542B465344454C3D695068C0
:10D4D0006F6E655F52696E672E6D703300000000DD
:10D4E00034050020380000203005002010B5084821
:10D4F000007800280BD007480078002807D106489C
:10D5000000F078FC002802D000200149087010BD0E
:10D510003A050020EE0100206006002010B5044608
:10D5200007A12046F5F7B7FE002805D106A1204641
:10D53000F5F7B1FE002801D0012010BD0020FCE766
:10D540003134342C300000003134342C20300000D1
:10D5500002460023002A00D17047114616E00878E1
:10D56000462802D00878662805D1581CC3B2182B6B
:10D570000BDB0120F0E70878222806D00878202865
:10D5800003D008782C2800D00023491C08780028F4
:10D5900005D008780D2802D008780A28DFD10020AD
:10D5A000DAE7000010B500F009FC0020024908701D
:10D5B00001200249087010BD470400205C040020CF
:10D5C00070B504462546002D01D1002070BD0CE049
:10D5D0002846FFF7A3FF002806D02846FFF7B8FF2C
:10D5E000002801D00120F1E7AD1D04A12846F5F780
:10D5F00052FE051EECD100BFE8E700002B4352535A
:10D600004D3A000070B504462546002D01D100209A
:10D6100070BD07E02846FFF781FF002801D00120F8
:10D62000F6E7AD1D03A12846F5F735FE051EF1D13D
:10D6300000BFEDE72B4352534D3A000070B504464E
:10D640000D462046FAF742F870BD000010B50748B5
:10D65000806B002808D00549886BFCF72FF9002063
:10D66000024988630249086010BD0000B00A00202A
:10D6700004040020F1B5B0B03098002803D03098F1
:10D680000078002814D16221002001F009F8002060
:10D690009B4908709B4908709B49087200219B4870
:10D6A000017200209A4908609A49086031B0F0BDC3
:10D6B00099A02F909EA02E90FBF7EEFAA0A005F067
:10D6C000A9FF7D20C000F7F72FFA9F482D902E99D3
:10D6D0002D98F5F7E0FD0446002C12D02E98F5F7B2
:10D6E00005FE041920462F99F5F7D5FD002808D02E
:10D6F000FBF7D2FA95A005F08DFFFF20F530F7F784
:10D7000013FA00200C9000250B909AE0FBF7C4FA66
:10D7100096A005F07FFFFF202D30F7F705FAFBF705
:10D72000BBFA99A005F076FFFF202D30F7F7FCF942
:10D73000FBF7B2FA9CA005F06DFFFF202D30F7F744
:10D74000F3F9FBF7A9FA9FA005F064FFFF20F5307D
:10D75000F7F7EAF99E489FA102680DA8FBF7ACFE17
:10D76000FBF79AFA0DA805F055FFFF20F530F7F703
:10D77000DBF9FBF791FA9DA005F04CFFFF20F53097
:10D78000F7F7D2F96148C068012811D1FBF784FA94
:10D790009CA005F03FFFFF20F530F7F7C5F9FBF738
:10D7A0007BFAA14805F036FFFF20F530F7F7BCF90A
:10D7B000FBF772FA9DA005F02DFF002600200790D0
:10D7C0009E480690FF20F53005900EE0FF20F530D2
:10D7D000F7F7AAF90798FF30F53007905A482D90CF
:10D7E00097A12D98F5F757FD06469449079888426A
:10D7F00001DA002EEAD0002E14D002A803AB04AA4E
:10D8000093A100903046F5F7AFFD032809D10398A6
:10D810000B900398C82804D1012501213B480172CF
:10D8200015E000BF002D08D1FBF736FA8EA005F0F9
:10D83000F1FEFF20F530F7F777F90C98401C0C90BB
:10D8400000BF0C98052802DA002D00D15EE700BF6A
:10D85000002D20D16221002000F022FF0020284965
:10D860000870284908702849087200212748017269
:10D87000002027490860274908607E490870032076
:10D88000FCF7E2FF08F060F87D200001F7F74CF9A3
:10D89000FDF71AFD0AE7FBF7FFF977A005F0BAFEDE
:10D8A000002780480A90FF20F5300990002008905A
:10D8B00016E0FF20F530F7F737F9FF37F537224844
:10D8C0002D9079A12D98F5F7E6FC002805D177A1D8
:10D8D0002D98F5F7E0FC002802D00120089005E023
:10D8E0007048874202DA08980028E2D000BFFF2083
:10D8F000F530F7F719F95CA005F08CFE00BFD5E60E
:10D900008300002080000020E8060020D8060020C8
:10D91000340000203800002065436F6F6B335F4F89
:10D9200054415F54455354312E686578000000001F
:10D930002B46534C533A2046494C45533A0D0A0066
:10D9400041542B46534C5300940B002041542B461A
:10D950005344454C3D65436F6F6B335F4F54415F9C
:10D9600054455354312E68657800000041542B43D0
:10D9700053534C4346473D2273736C76657273690B
:10D980006F6E222C312C330041542B4353534C43A4
:10D9900046473D2269676E6F726572746374696D84
:10D9A00065222C312C31000041542B4353534C43FE
:10D9B00046473D22656E61626C65534E49222C31AB
:10D9C0002C31000041542B48545450494E495400C6
:10D9D0000004002041542B48545450504152413DC2
:10D9E0002255524C222C22257322000041542B48F0
:10D9F000545450504152413D2253534C43464722C8
:10DA00002C31000041542B48545450504152413D58
:10DA100022434F4E54454E54222C22746578742F65
:10DA2000706C61696E2200005462010041542B4801
:10DA3000545450414354494F4E3D3000307500001E
:10DA40002B48545450414354494F4E3A0000000073
:10DA50002B48545450414354494F4E3A2025642C8E
:10DA600025642C256400000041542B485454505424
:10DA700045524D005B00002041542B4854545052F5
:10DA800045414446494C453D2265436F6F6B335FCA
:10DA90004F54415F54455354312E686578222C31E0
:10DAA00000000000102700004F4B00002B4854548A
:10DAB000505245414446494C453A0000F8B51A4891
:10DAC000007800282DD019480068F6F7C0F90090BA
:10DAD000F6F71EFA04460022154BF6F735F906460E
:10DAE000F6F752FA1349086008460068F6F710FA8C
:10DAF0000646114A114BF6F7BFF80446F6F744FA0A
:10DB00000C490860012189070A480068F5F784FF7D
:10DB100008490860084601680948816205480068AC
:10DB2000F8BD0020FCE70000E4040020E004002031
:10DB300000FEAF40040200209A99999999990940F2
:10DB4000B00A0020084972B6084A1278002A07D0A5
:10DB5000074A1268044B9A4202D9054A106801E04C
:10DB6000044A106862B6704780857467F404002028
:10DB7000F0040020A800002000B501460B00FBF7D0
:10DB8000DEFC1B27292F0F11131517191B1D1F2131
:10DB900025312D2B2333433537393B3D3F4143005E
:10DBA000032000BD0420FCE70520FAE70620F8E783
:10DBB0000720F6E70820F4E70920F2E70A20F0E75B
:10DBC0000B20EEE70C20ECE71120EAE70D20E8E758
:10DBD0000020E6E70120E4E71020E2E70F20E0E77D
:10DBE0000220DEE70E20DCE71220DAE71420D8E777
:10DBF0001520D6E71620D4E71720D2E71820D0E763
:10DC00001920CEE71A20CCE71320CAE710B5054843
:10DC10000078002802D0FFF795FF10BD0248006889
:10DC2000FBE7000049000020AC0000202E207047D8
:10DC300070B505460C46002D01D0002C04D1002CF7
:10DC400001D00020207070BD142229462046F5F72F
:10DC500036FB0020207500BFF5E7F8B505460E46F7
:10DC600017460024002D01D0002E01D10020F8BD60
:10DC7000AC68002F0AD000E02468002C10D0304699
:10DC8000216AF5F73AFB0028F6D109E000E02468A4
:10DC9000002C05D03046216AFDF74CF80028F6D15B
:10DCA0002046E4E71CB510A16846F8F7BDFAFEF778
:10DCB000B7FE68460078002802D00198002803D1FA
:10DCC00000200C4908701CBD0198FFF7CBF90446F1
:10DCD000002C02D107490870F5E7202221460548AB
:10DCE00007F063F90348EEE741542B4349434349A6
:10DCF00044000000BC0F00201CB515480078052822
:10DD000003DB0020134908701CBD13A16846F8F717
:10DD10008BFAFEF785FE0198FFF7C4F90446002C44
:10DD20000CD10C4908700A480078052804DA084824
:10DD30000078401C064908700020E5E720222146B3
:10DD4000044807F032F90020014908700148DBE778
:10DD5000E5040020DC0F002041542B4347534E00C4
:10DD600010B504A005F056FC002006490870FEF727
:10DD700099FF10BD41542B434D51545444495343D2
:10DD80003D30000046040020002001490870704723
:10DD90002805002010B503A005F03CFC0648F9F763
:10DDA00081FE10BD41542B43534F433D224D7373AD
:10DDB000222C313234300000A86100001CB5064A24
:10DDC00006A1684600F0FAFA034A07A1684600F087
:10DDD000F5FA00F047F81CBD983A000041542B4377
:10DDE00046554E3D3000000041542B4346554E3DB4
:10DDF00031000000F8B50446002C02D0207800283D
:10DE000001D10020F8BDFAF747FF204605F002FCDB
:10DE100000250F4FFF20F530009013E0FF20F53074
:10DE2000F6F782FEFF35F5350A4E0BA13046F5F7C1
:10DE300032FA002805D109A13046F5F72CFA00285E
:10DE400000D002E002488542E8DB00BF0120D9E7AC
:10DE5000983A0000940B00204F4B00004552524F5F
:10DE6000520000000020014908607047E8040020CB
:10DE700007480078012807D005480078022803D019
:10DE800003480078042801D1012070470020FCE7F6
:10DE9000940400207CB5FFF7E5FF00241FE07D22FD
:10DEA000120111A1684600F089FA6846007800283E
:10DEB00001D001207CBDFAF7EFFE601C05280CD2D2
:10DEC0000A48056801E0F8F72BF808480068401B8D
:10DED0007D21C9008842F6D300BF601CC4B2052C66
:10DEE000DDDB0020E6E70000415400009C0000203C
:10DEF000F8B504460D461148066807681048808842
:10DF0000009011E00E4881880098814204D00C48AE
:10DF1000808800900948076808480068C01BA04234
:10DF200000D306E0F7F7FCFF04480068801BA84216
:10DF3000E8D300BFFAF7B0FEF8BD00009C00002057
:10DF4000940C002070B50546002D02D028780028DA
:10DF500001D1002070BD2C461AE0AC4209D0204609
:10DF60002038C07F0D2804D020462038C07F0A28E2
:10DF700001D10120EEE7681D844208D3601F05220D
:10DF800007A1F5F7D1F9002801D10120E2E7641DCE
:10DF900005A12046F5F77FF9041EDED100BFD9E7C1
:10DFA0002B434D45200000004552524F52000000C7
:10DFB00070B50546002D02D02878002801D1002038
:10DFC00070BD022219A12846F5F7AEF900280AD142
:10DFD000A878002805D0A8780D2802D0A8780A28AB
:10DFE00001D10120ECE72C4617E0AC4209D02046D5
:10DFF0002038C07F0D2804D020462038C07F0A2852
:10E000000AD1A078002805D0A0780D2802D0A078E9
:10E010000A2801D10120D3E7A41C04A12046F5F76A
:10E020003AF9041EE1D100BFCAE700004F4B0000DF
:10E0300010B50446002C07D004A12046F5F72BF9B3
:10E04000002801D0012010BD0020FCE72B435253D3
:10E050004D3D000010B504462046FFF7A9FF0028FB
:10E0600004D12046FFF76EFF002801D0012010BD2B
:10E070000020FCE770B505460C462046FFF7EAFF96
:10E08000002800D170BD2846FFF7D2FF002806D037
:10E0900004A12046F5F7FFF8002800D1F2E701209F
:10E0A000F0E700002B4352534D3A000010B586B004
:10E0B00000F03AFC002802D1022006B010BD224830
:10E0C0000078002801D00320F7E77D2292011FA1EC
:10E0D00004A800F073F90598FFF772FA002801D040
:10E0E0000020EAE7002426E07D2292011EA102A87A
:10E0F00000F064F97D22920114A1684600F05EF9F7
:10E100000198FFF75DFA00280DD001200E49087034
:10E110000398FFF777FA002803D0FFF743FA0120AE
:10E12000CBE70020C9E70398FFF76CFA002800D17D
:10E1300003E0601CC4B2052CD6DB00BF01200249FD
:10E1400008700220B9E700002805002041542B4345
:10E1500052534D3D3137362C32383533392C302C33
:10E16000302C31320000000041542B4352534D3DBE
:10E170003231342C32383533392C302C302C31328A
:10E180002C2246464646464646464646464646466D
:10E19000464646464646464646462200FFB581B0BC
:10E1A0000F46012675E0B1000498445820782D28C8
:10E1B0006ED160782D2805D1A21C3AA1019802F0F9
:10E1C000F9F865E065782946384600F0CBFB002871
:10E1D00057D0702D0CD006DC622D2ED0632D4BD085
:10E1E000652D4DD149E0732D19D0742D48D13BE0F8
:10E1F000A01C05F07FFB04462078302803D12D4871
:10E20000F7F768FF0AE02078312803D13220F7F7CA
:10E2100061FF03E028A1019802F0CCF830E000F0A3
:10E2200083FB002801D02DA000E02DA002462EA1E6
:10E230000090019802F0BEF822E0A01C05F05AFB05
:10E2400004462078302803D100202B4908700AE0CA
:10E250002078312803D101202749087003E027A145
:10E26000019802F0A7F80BE0F7F7B0FA014600902A
:10E270002BA0FBF7F5F803E002E0F7F7D9F900BFB0
:10E2800006E02A4627A1019802F094F805B0F0BDF7
:10E29000761C0398864286DB2BA1019802F08AF84F
:10E2A00000BFF3E74C6F6E67206F7074696F6E206C
:10E2B00025730A00C40900004552524F523A202DDE
:10E2C00070206F7074696F6E207370656369667912
:10E2D0002030206F7220310A0000000055500000ED
:10E2E000444F574E0000000047534D20706F776534
:10E2F0007265642025730A00100200204552524FB7
:10E30000523A202D62206F7074696F6E20737065B1
:10E31000636966792030206F7220310A00000000A6
:10E3200025640A004552524F523A20496E76616C7C
:10E3300069642073686F7274206F7074696F6E20E7
:10E340002D25630A00000000210A000010B51BE023
:10E35000134A5288134B9B5C0C68621C0A6003557D
:10E360000F4B5B885A1CD3171B0E9B181B121B02EA
:10E37000D31A9CB20A4B5C8072B6094A9288521E2C
:10E3800093B2074A938062B6054A9288002A02DD5A
:10E390000A68FF2ADCDB00220B68C25410BD0000B3
:10E3A000940C0020940B0020024800680249086089
:10E3B000704700009C000020E8040020F0B585B004
:10E3C00004460D4616463E4903C9039102900020BB
:10E3D00001900398002804D0002D02D0287800284E
:10E3E00005D1039902986160206005B0F0BD354801
:10E3F0000078002804D00399029861602060F4E757
:10E40000012030490870FAF7CBFDFAF745FCFF21EF
:10E4100001310398F4F734FF002204212A48FAF767
:10E42000EBFF2846F4F762FF80B2014600902846D1
:10E43000FAF734FD022125A0FAF730FD24480768D9
:10E4400029E024480078002802D1F7F769FD22E08E
:10E4500000202049087001A90398FFF777FF28469C
:10E460000399FFF707FE002812D001A90398FFF7D0
:10E470006DFF0398FFF79CFD69460872087A002833
:10E4800002D0FFF791FF02E000201349086007E087
:10E49000F7F746FD00BF0E480068C01BB042D0D35E
:10E4A00000BF6846007A002801D10B4908600020AF
:10E4B00004490870039902986160206000BF94E7E6
:10E4C0003C5C0100C9040020001000400D0A00005F
:10E4D0009C000020C8040020E804002070B5044619
:10E4E0000548056801E0F7F71BFD03480068401B7D
:10E4F000A042F8D370BD00009C00002010B5044677
:10E5000024480078042800D110BD23480078030077
:10E51000FBF715F806040E162830383C002C06D1FF
:10E5200000F002FA002802D00120FEF7BBFB2DE02C
:10E53000012C04D102F046F90020FEF7B3FB25E0E0
:10E54000002C09D101F02AFD002805D00320FEF798
:10E55000A9FBFDF761FE04E0012C02D10020FEF7CB
:10E56000A1FB13E0002C04D0012C02D10020FEF707
:10E5700099FB0BE0012C04D10520FEF793FBFFF77C
:10E58000EFFB03E0012C00D000BF00BF00BF00BFC5
:10E59000BAE70000EE0100209404002010B5044604
:10E5A000184800780300FAF7CAFF0A0E060A2A1272
:10E5B000161A1E22262A204606F0D2F820E020460F
:10E5C00005F09CFA1CE0204606F086F918E020468B
:10E5D00006F016F814E0204606F068F910E0204630
:10E5E00006F03EFA0CE0204606F01CFA08E0204651
:10E5F00006F072FA04E0204605F0A0FF00E000BF3C
:10E6000000BF10BDEE0100201148017B1148124AE5
:10E6100012789200815000210F4A52789200815066
:10E620000D4A9278920081500C488078022807D1D8
:10E630000748017B0748084AD2789200815005E0DC
:10E6400000210448044A92789200815070470000EB
:10E65000875B010018A00540945B0100F4060020D0
:10E66000FCB504460D460026002001900027622DCF
:10E6700008D0672D03D0722D06D1012604E00120B9
:10E68000019001E0012700BF00BF009732462146FC
:10E690000248019B05F07CF8FCBD0000BC00002096
:10E6A000FCB504460D460026002001900027622D8F
:10E6B00008D0672D03D0722D06D1012604E0012079
:10E6C000019001E0012700BF00BF009732462146BC
:10E6D0000248019B05F05CF8FCBD0000000700202B
:10E6E00010B50C210F48F8F703FA04460121C904BC
:10E6F0000C48F8F759F9002804D00121C904094849
:10E70000F8F744F904202040002806D10648007894
:10E71000002805D10549087002E00120024908706F
:10E7200010BD000000800440AE040020B2040020B0
:10E7300010B50C210F48F8F7DBF904460121C90494
:10E740000C48F8F731F9002804D00121C904094820
:10E75000F8F71CF904202040002806D1064800786C
:10E76000002805D10549087002E00120024908701F
:10E7700010BD000000900440BE040020C204002030
:10E7800070B505460E461320FAF7F8FE002405E0A2
:10E7900006480068005D2855601CC4B2701EA04287
:10E7A000F6DC1320FAF74AFF70BD0000540B00207E
:10E7B00070B505460E460021701E29541320FAF745
:10E7C000DDFE002405E0285D054949680855601C08
:10E7D000C4B2B442F7DB1320FAF730FF70BD00007B
:10E7E000540B002070B505460E461420FAF7D6FEED
:10E7F000002405E006480068005D2855601CC4B28E
:10E80000701EA042F6DC1420FAF728FF70BD00004D
:10E81000740B002070B505460E460021701E295469
:10E820001420FAF7BBFE002405E0285D054949687D
:10E830000855601CC4B2B442F7DB1420FAF70EFF8F
:10E8400070BD0000740B002070B505460E461446DE
:10E8500031462846F5F7BEFB06D821462846F5F78F
:10E86000AFFB01D8012070BD0020FCE710B50020EF
:10E870000E4948638863C86308600872C86008610D
:10E88000486148608861C8610021084801624162AE
:10E89000816220210648F4F7F3FC05490348C16270
:10E8A0000021016300200149086410BDB00A002066
:10E8B000900A0020F8B50B30C608F600104D19E09C
:10E8C0002068B04215D3B0420BD96368871B201D66
:10E8D0000093F4F7BCFCA019009B0760436028601C
:10E8E00004E060682860201DF4F7B1FC201D26605C
:10E8F000F8BD251D2C68002CE2D10020F8BD0000D9
:10E900000C06002010B5F6F745FF0446601C0028F1
:10E9100002D1F6F7BBFF04E00248844201DDF6F7BE
:10E92000B5FF10BD8C05000010B540210448F7F775
:10E930005CFA0446002C01D1012010BD0020FCE748
:10E9400000200B4005480078002803D104480078D7
:10E95000002801D0012070470020FCE7AE04002011
:10E96000BE04002030B502460B469C205043094DA2
:10E97000441900210AE00C20484325460C35401973
:10E98000007A984201D1012030BD491C0C29F2DBEC
:10E990000020F9E714020020F8B504460F46002CC9
:10E9A00000D1F8BD2046FCF772F8002805D02046BB
:10E9B000FCF790F838700120F3E72046FCF774F874
:10E9C00000280DD000221346A5692846E169F5F715
:10E9D000B3FA01D0012000E0002038700120E0E708
:10E9E0002046FCF76CF800282FD0206900282CD096
:10E9F000256917A12846F4F780FC00280BD016A142
:10EA00002846F4F77AFC002805D015A12846F4F72B
:10EA100074FC002802D101203870C2E711A12846F9
:10EA2000F4F76BFC00280BD010A12846F4F765FC26
:10EA3000002805D00FA12846F4F75FFC002803D179
:10EA4000002038700120ACE700BF0020A9E70000DB
:10EA500074727565000000005452554500000000B6
:10EA60003100000066616C736500000046414C5344
:10EA7000450000003000000070B504460D46002C33
:10EA800000D170BD2046FCF70FF8002807D0A2691E
:10EA90001046E169F5F718FA28600120F1E72046F1
:10EAA000FCF70DF8002808D02069002805D020695F
:10EAB000F4F74CFF28600120E3E70020E1E7F8B518
:10EAC00005460C461646002D04D031462846FBF775
:10EAD000D5FF00E000200746002F06D1002C04D00F
:10EAE00031462046FBF7CAFF07463846F8BD70B5E9
:10EAF00004460D46002C07D02046FBF7E0FF002817
:10EB000002D02069002801D1002070BD2069286052
:10EB10000120FAE7034804490978042901D103498F
:10EB2000084370470A200300EE0100200440000063
:10EB3000F8B507460C4615461E4669463846FFF7A7
:10EB40009BFF002806D10BA231462846FAF798FC15
:10EB50000020F8BD0098002806DA0EA231462846AB
:10EB6000FAF78EFC0020F4E7009860600120207224
:10EB700000BFEEE76475726174696F6E53206D7546
:10EB8000737420626520696E742F737472696E6786
:10EB9000000000006475726174696F6E53206D75BA
:10EBA0007374206265203E3D20300000F8B50746B2
:10EBB0000C4615461E4669463846FFF75DFF00289D
:10EBC00006D10CA231462846FAF75AFC0020F8BDBF
:10EBD0000098002802DB00980A2806DD0CA23146C6
:10EBE0002846FAF74DFC0020F1E70098206001204C
:10EBF000EDE700006D6178506F776572206D757379
:10EC00007420626520696E742F737472696E670078
:10EC1000696E76616C6964206D6178506F7765729A
:10EC20002028302D31302900FFB589B00025ED4373
:10EC30002F462846079000200590049003900290EC
:10EC4000012001906CE0019881000C9844582078D4
:10EC50002D2862D160782D2805D1A21C5FA10998CA
:10EC600001F0A8FB59E0667831460A98FFF77AFE72
:10EC700000284CD0632E1CD006DC302E30D0312E34
:10EC800031D0622E42D131E0722E02D0732E3DD1AE
:10EC90001EE0A078002805D154A1099801F08AFB54
:10ECA0000DB0F0BD06A9A01CFBF7D5FC069845B237
:10ECB0002CE0A078002804D159A1099801F07AFB32
:10ECC000EEE706A9A01CF8F7EFFB069847B21DE097
:10ECD00008A9A01CF8F7E8FB5E4806F0EDFE15E079
:10ECE0000120029012E0022002900FE0204604F082
:10ECF00001FE044607A92046FBF7ADFC044620466A
:10ED000004F0F8FD041E00D000BF00BF05E032464D
:10ED100051A1099801F04EFBC2E70198401C0190F7
:10ED20000B99019888428EDB681C00281CD0002DAE
:10ED300016DB102D14DA0298012804D1E8B2002164
:10ED4000F8F7B8FA10E00298022804D1E8B20121DD
:10ED5000F8F7B0FA08E049A1099801F02BFB03E0AD
:10ED600054A1099801F026FB002F31DB012F04DDAF
:10ED70005BA1099801F01EFB2AE0E11C0C46084645
:10ED800004F0B8FD044619E02078F4F754FA52284C
:10ED900002D10120059010E02078F4F74CFA4728C2
:10EDA00002D10120049008E02078F4F744FA4228C8
:10EDB00002D10120039000E003E0641C20780028C9
:10EDC000E2D100BF3846039B049A0599F8F798FAF8
:10EDD00050A1099801F0EEFA00BF61E74C6F6E6731
:10EDE000206F7074696F6E2025730A004552524F70
:10EDF000523A206E6F20726564206C6564207661E3
:10EE00006C75652073706563696669656420666FFB
:10EE100072206F7074696F6E202D720A00000000FE
:10EE20004552524F523A206E6F20524742206C6535
:10EE300064206E756D6265722073706563696669C2
:10EE4000656420666F72206F7074696F6E202D6329
:10EE50000A000000B82200004552524F523A2049A1
:10EE60006E76616C69642073686F7274206F707461
:10EE7000696F6E202D25630A000000004552524F35
:10EE8000523A206D757374207370656369667920DA
:10EE90002D3020286F666629206F72202D312028A2
:10EEA0006F6E2920666F72202D72206F7074696FEB
:10EEB0006E0A00004552524F523A20496E76616CFC
:10EEC0006964204C4544206E756D62657220666FE2
:10EED00072202D72206F7074696F6E0A000000003E
:10EEE0004552524F523A20496E76616C6964205205
:10EEF0004742204C45442020666F72202D63206FCE
:10EF00007074696F6E2C207573652030206F7220CD
:10EF1000310A0000210A00000EB5FFF7A7FCF7F741
:10EF200053FAF7F7C3FBF6F717FEF5F7CBFDF5F746
:10EF3000ABFEF6F76BFFF8F73FFEF8F7A4FAF9F728
:10EF4000E3FEFAF795F8F8F79DF8F8F70DFB0120C6
:10EF5000F8F7F8FAFDF7F6FDFFF7D4FCF5F7C2FC79
:10EF6000F6F782FAF8F770FDF8F759FCF6F716FC99
:10EF700001214903F748F6F741FF01218903F548CC
:10EF8000F6F73CFFF4A0F5494861F3A00861F4A04E
:10EF9000FAF766FAFEE3F548007800282BD16421E1
:10EFA000F3480068F4F7EAF8002905D1F148006851
:10EFB000EF49096888420BD1EF480078002807D153
:10EFC000EE484078032803D0ED484078032812D15A
:10EFD0006421E7480068F4F7D1F8002909D1E54831
:10EFE0000068E3490968884203D0E1480068E149C4
:10EFF0000860FDF7A7FDF6F793FFE24800780428C4
:10F000000FD1E1480078002808D002E0DF48FCF783
:10F010006BF9DD4800780028F8D102E0DB48FCF706
:10F0200063F9D248007800280BD0D948807A0028AC
:10F0300005D1D848807A002801D1F7F78BF906F07E
:10F04000A9F9D0480078022803D0CE4800780528D6
:10F0500077D1C821C6480068F4F790F80029F7D1A5
:10F06000CD480068C249096888426AD0C048006833
:10F07000C9490860C648807A002803D1C548807A0B
:10F08000002849D0C5480078002803D1C048807ABC
:10F09000002807D1C1480078012805D1BD48807AF1
:10F0A000002801D0012000E000200546002D13D0EB
:10F0B000BB48807802280FD1B8480078002802D1D8
:10F0C000AE48807801E0AE4880780446082C02D033
:10F0D000204606F017FC1EE0B1488078022812D1C5
:10F0E000AC4A1178AA4A107806F04EFCAB49097870
:10F0F000002902D1A649098801E0A6490988C8B2B9
:10F10000F8F752F907E09D488078082803D09B491A
:10F11000887806F0F7FB00BFA248007800281FD0CF
:10F120009B48807A00281BD19A4A1178984A107817
:10F1300006F02AFC99490978002903D194490988E5
:10F1400002E038E093490988C8B2F8F72DF99048F1
:10F150000088002804D08E480188002004F020FC9C
:10F160009148007800281ED08A48807A00281AD159
:10F17000884A1178864A107806F006FC8749097893
:10F18000012902D18349098801E081490988C8B26F
:10F19000F8F70AF97F480088002804D07D480188E4
:10F1A000012004F0FDFB7A48807A7E490870794896
:10F1B000807A7D49087005F089FFFBF7F9FAFBF7C3
:10F1C000AFFA02F043FAFBF72DFF06F06DF9FEF7F8
:10F1D000ABF806F055F8F6F7A3FE7448007800285F
:10F1E00005D068480078002801D103F0D1FCFFF772
:10F1F0009BFB6F49087004F0D9F802F02BF96D48B9
:10F20000006B10210840002801D0FAF721F9F6F729
:10F21000F5F902F0A7FFFBF7B5FD01F0EDF9FCF7FA
:10F22000ABFF01F09FF8F6F77BFEFFF78BFB0028A2
:10F2300003D14E480078002829D05F480078002884
:10F2400016D05E480078002812D05D48007800286B
:10F250000ED05C48007800280AD05B480068401C4B
:10F26000002808D058480068401C5749086002E050
:10F27000002055490860544800687D21C900884233
:10F2800001D3012000E000205049087004E0002074
:10F290004D4908604D4908704D48007801282FD12C
:10F2A0004C480078032808D04A480078012804D048
:10F2B00049A24AA1354804F0E5F9464800780228F9
:10F2C00003D10020FFF71AF917E04248007801281F
:10F2D00013D040480078002803D10A20FCF782FFB1
:10F2E0000BE03C480078042807D126480078002825
:10F2F00003D067210120FFF7D3F9002034490870BB
:10F3000037480078012824D136484079002807D1B1
:10F3100035480078002871D03448007800286DD036
:10F32000F6F738FA00287DDD2E480079002802D053
:10F33000012876D170E02E48007800286BD12D4846
:10F34000006800285CD02C4800682A490968401AE7
:10F3500057E073E000200B404E410000B00A00204F
:10F360004154454320434C490A000000B8000020A6
:10F370009C0000201C000020BE0400201E0900206C
:10F380002E090020EE0100201002002000000440A1
:10F390003E0900204A0900201800002088010020B2
:10F3A000F406002020000020210000205B00002047
:10F3B00081000020008008406A0000206B000020CF
:10F3C0006C0000206D000020700000204C00002028
:10F3D000B6010020940400204F4B0000415400006F
:10F3E000B70100200805002038050020390500205D
:10F3F0009504002010000020AC00002014E011E073
:10F400000F2004460F2C05D3FE480068FE49086013
:10F4100002F00CF800BF04E003F0EAFC00F094FFF7
:10F4200000BF01E000F0C8FDF8A2F9A1FB4804F01C
:10F4300029F9FB4908700020FA490870FA48007859
:10F4400001281ED1F9480078042808D1672101203D
:10F45000FFF726F903F018FB05F0CEFD0CE0F448A9
:10F460000078042808D072210220FFF719F906F06D
:10F470006BFA0520FBF7E8F905F01AFE0020EA49CF
:10F480000870F6F74DFDFFF74FFA0446002C04D143
:10F49000E8490870E849087015E0E5480078042854
:10F4A00011D0E448007800280DD1E0480078002809
:10F4B00009D1E1480078002805D10520FCF792FE2B
:10F4C0000120DD490870DB480470DC480078002822
:10F4D00008D0DB480078002804D005F04DFF00205C
:10F4E000D6490870FFF720FA00287CD0D54ED64FB9
:10F4F0000024D6480078002832D0D548006831462C
:10F5000088422DD3D24800683946884228D8002541
:10F51000D0480068002809D0CE48006831468842AB
:10F5200004D3CC4800683946884201D9012510E04F
:10F53000C848C9A214210368C848F9F7A1FFC74801
:10F54000F3F7D4FEC6490860084600680A2800D2CE
:10F550000125002D03D0BE480068BE49086000BFE9
:10F56000C0480078002831D1B148007804282DD057
:10F57000AE480078022803D0AC480078042825D192
:10F580000521A0480068F3F7F9FD00291ED19D4828
:10F590000068B5490968884218D09A480068B2499D
:10F5A0000860AA48007800280ED0A9480068A5493C
:10F5B000884209D3A6480068A349884204D8A448D1
:10F5C0000068A449086001E0FAF7AAF9A1480068B8
:10F5D00000281CD09F48A0A2142103689F48F9F777
:10F5E0004FFF9E4800E030E0F3F780FE9C49086042
:10F5F000984800689349884209D396480068924920
:10F60000884204D8964800680A2800D30124002CB8
:10F6100012D094480078002809D18E480068934998
:10F620000860FDF713FA01208E4908700CE0894844
:10F6300000688E49086007E086480068002803D00B
:10F64000704800688349086000BF89480078002836
:10F6500054D177480078042850D0744800780328A3
:10F660004CD072480078012848D0FFF75DF9002897
:10F6700044D0052163480068F3F780FD00293DD19F
:10F68000604800687B490968884237D05D48006857
:10F6900078490860FEF706FB77490860084600686D
:10F6A000002806D175A076490861002070490870CD
:10F6B00024E071480068F3F719FE724908600846B3
:10F6C0000068142803D000206949087016E06E49CC
:10F6D00069480068FEF7ACFA6B48FAF7A1FF00280A
:10F6E00006D001206249087067486549086105E055
:10F6F00062A06349086100205D4908706348007991
:10F70000002837D14A480078042833D04748007889
:10F7100004282FD1FFF708F900282BD005213948FC
:10F720000068F3F72BFD002924D1364800685849BA
:10F73000096888421ED04E48007800281AD0314807
:10F7400000685349086001A8FDF75EFB4F48029A24
:10F75000019906C00838007900280BD04B48006892
:10F76000002807D0494800684A49086008460068F0
:10F770004349486145480079002802D13FA04049EB
:10F7800048614548006845490968884238D028489A
:10F79000007800E093E3002832D03F4800683F49FA
:10F7A0000968441A3E480078012812D1C82C10D3A9
:10F7B00041033C48F6F7CEF9012189033948F6F7B1
:10F7C000C9F9002036490870334800683349086099
:10F7D0006BE033480078002867D1142C65D30121F1
:10F7E00049033048F6F70AFB012189032D48F6F753
:10F7F00005FB01202A49087027480068274953E083
:10F8000054E052E0AC000020100000204F4B0000FC
:10F8100041542B4353434C4B3D3200000000044005
:10F820004D000020B7010020B80100209404002002
:10F83000EE010020980000209900002082000020A6
:10F840008100002080857467005786F4F40400204E
:10F85000F0040020A8000020256C75002D06002073
:10F86000540000204900002028000020E80100206A
:10F870004B0000202C000020400000204E410000E2
:10F88000B00A002050000020180600207800002058
:10F890003000002044000020A000002024000020B0
:10F8A0005900002000200B40086000BFFE4800788F
:10F8B000002803D0FD480088002802D10020FC4920
:10F8C0004870F9480078002803D0FA4800880028DA
:10F8D00002D10020F84948700821F548FEF768FF7A
:10F8E0000821F548FEF796FF002009E0F349095C7E
:10F8F000F34A1154F349095CF34A1154411CC8B24C
:10F900000B28F3DBED48C07BF0490978884203D02F
:10F91000EE480078002871D1E348007800286DD0C7
:10F92000E1480078042869D0E9480078002865D1CA
:10F93000DD480078022803D0DB480078052856D13E
:10F94000DE48807800281BD0DC488078012817D05A
:10F95000DA488078022813D0D848807803280FD05E
:10F96000D648807804280BD0D4488078052807D062
:10F97000D2488078062803D0D0488078072836D12E
:10F98000D4480078002803D0D3488078012804D1D7
:10F99000CA49887805F0B6FF05E0C64A1178C34A1F
:10F9A000107805F0F1FFCD480078002806D1CC484A
:10F9B0000068CA494860012008701FE0C7484068D5
:10F9C000C7490968081AFF21F531884216D3C34890
:10F9D0004078002812D1B9488178C2480068FAF707
:10F9E0004FFD0120BD4948700020087006E000204E
:10F9F000C043BA494860002008704870B648807813
:10FA000002286BD10020B149087000BF07E0AD4962
:10FA1000095CAE4A12788918AC4A1170401C0F2854
:10FA2000F5DBA848C07BA9490978884203D0A748DC
:10FA30000078002873D19C48007800286FD09A483D
:10FA4000007804286BD0A2480078002867D1964837
:10FA50000078022803D094480078052858D19948A6
:10FA6000807800281BD097488078012817D09548C7
:10FA70008078022813D09348807803280FD09148CB
:10FA8000807804280BD08F488078052807D08D48CF
:10FA90008078062803D08B488078072838D18D4895
:10FAA0000078012804D18749887805F02BFF05E00C
:10FAB000804A11787D4A107805F066FF8148817888
:10FAC00088480068FAF7DCFC87480078002806D1EF
:10FAD0008348006884494860012008701FE082481C
:10FAE00040687F490968081AFF21F531884216D31A
:10FAF0007D484078002812D17248817879480068A2
:10FB0000FAF7BEFC0120784948700020087006E032
:10FB10000020C043744948600020087048707D216F
:10FB2000C90072480068F3F729FB002913D1704817
:10FB300000686E49096888420DD06C4800686C49BD
:10FB40000860FEF7CDFD64488078022802D1FEF7F8
:10FB5000EFFD00E000BFFA2164480068F3F70EFBF8
:10FB6000002933D1624800686049096888422DD075
:10FB70005E4800685E4908605E4800785E49097822
:10FB8000884216D054488078022809D15948007814
:10FB90005A490978884201D0012002E0002000E0A3
:10FBA0000120002805D053480078401C51490870B6
:10FBB00000E000BF4F480078032804DB00204D49D7
:10FBC0000870012000E000204D4908703648007898
:10FBD000002867D03E480078002863D0324800787B
:10FBE00004285FD067210020FEF73AFD672100203E
:10FBF000FEF756FD012043490870FBF765FB002125
:10FC00000C20F7F757FB00210F20F7F753FB0021DB
:10FC10000B20F7F74FFB00210D20F7F74BFB0021DE
:10FC20000E20F7F747FBF7F7EBFB00202149088090
:10FC3000C87008718870487288721C490880C87042
:10FC4000087188704872887223488078022801D130
:10FC5000012000E0032016490870002048700220AF
:10FC60001849087000201449487000BF07E00022BE
:10FC70000E49491D0A540F49491D0A54401C0428C5
:10FC8000F5DB2148FBF784FF2048FBF781FF0020CC
:10FC9000FDF752F81E484079002801D000F08CF999
:10FCA0001CA239E03EE00000EE0100203E090020E9
:10FCB000710100204A090020790100201E0900205E
:10FCC000410600202E0900204C0600205C00002088
:10FCD0004C00002088010020F40600208400002051
:10FCE000AC000020A80000208C0000209C00002018
:10FCF0001400002068000020B2040020C20400208C
:10FD000069000020A8010020C0010020D0010020CF
:10FD1000080500204F4B00006A496B4803F0B2FC15
:10FD20006A4908706A48807B002803D16948807B53
:10FD300000287DD0002008E06749095C674A11541B
:10FD40006749095C674A1154401C0B28F4DB66497B
:10FD5000098888B20B226149F5F770FB6349086096
:10FD60006149098888B20B225E49F5F767FB604953
:10FD700008605748807B002809D05748C07A0002A5
:10FD80005549097B08435949096888420DD05148B3
:10FD9000807B002866D05248C07A00025049097B17
:10FDA00008435349096888425CD100264A48407993
:10FDB000002803D14A484079002836D04D48807841
:10FDC000022823D14449497B0902434A527911430D
:10FDD0000846F4F731F88721C9050090F3F759FE7A
:10FDE00007463F49497B09023D4A5279114308467B
:10FDF000F4F722F88721C9050090F3F74AFE019035
:10FE000038460199F3F7AFFD06460EE03249497BCB
:10FE10000902314A527911430846F4F70DF80746B2
:10FE20008721C905F3F735FE06462B48C07800E068
:10FE300018E00402284909790C432948C0780502D2
:10FE4000274909790D43002C03D02046F3F7FFFF23
:10FE500002E02846F3F7FBFF02903046029901F0DA
:10FE60004DFB00BFFF2101312348F5F7BEFF2349B9
:10FE70000870012149022048F5F7B7FF20490870B2
:10FE800080212048F5F7B1FF1F490870FF2101319B
:10FE90001C48F5F7AAFF1D49087004211948F5F719
:10FEA000A4FF012800D100E000201949087019487A
:10FEB000006B10210840002801D0F9F7C9FAFFF7BC
:10FEC0006AF8000010F80000000004404D00002017
:10FED000C0010020D00100201E09002041060020A2
:10FEE0002E0900204C060020C404002060000020E1
:10FEF00064000020F406002000400B406A0000204F
:10FF00006B00002000200B406C0000206D000020E2
:10FF100074000020008008400120014908707047EB
:10FF20005D04002009480068002801D101207047C5
:10FF30000748006805490968401A0649C9688842A7
:10FF400001D30120F3E70020F1E70000380400208E
:10FF5000AC00002008050020034800680349086041
:10FF60000020034908707047AC00002038040020CE
:10FF70005D04002010B507480078002801D001205A
:10FF800010BD0548807C002800D1F9E7FFF7CAFFC3
:10FF9000F6E700005D040020080500200548007811
:10FFA000002805D003480078042801D001207047BC
:10FFB0000020FCE7EE01002010B50FA003F02AFBA3
:10FFC00011A003F027FB14A003F024FB1648F7F759
:10FFD00069FDF8F761FE00201449087014490870A3
:10FFE00014480078042803D10020FCF75BFE02E0EF
:10FFF0000220FCF757FE10BD41542B434D51545481
:020000040001F9
:10000000444953433D30000041542B434D51545417
:1000100052454C3D3000000041542B434D51545447
:1000200053544F5000000000A086010047040020F8
:1000300046040020EE010020FFB5A1B00746FAF704
:10004000BDFC1F901F98002801D125B0F0BD22985B
:10005000F3F704FF02460B460391029084A11F9818
:10006000FAF72CFC83A1239A1F98FAF7FBFBF5F70C
:10007000ADFB1E901E98F3F705FF02460B46039159
:1000800002907DA11F98FAF719FC002F70D07BA178
:100090003846F3F732F9002805D079A13846F3F74E
:1000A0002CF9002864D1FAF789FC0646002E04D109
:1000B0001F98FAF7ADFC0020C7E772490868F3F70C
:1000C000CDFE02460B46019100906FA13046FAF733
:1000D000F5FB6C498869F3F7C1FE02460B460191B6
:1000E00000906AA13046FAF7E9FB664800790028DB
:1000F00001D167A000E067A0024669A13046FAF787
:10010000FBFB60484079002801D166A006E05D480D
:100110004079012801D166A000E068A0024669A1EB
:100120003046FAF7E9FB57498868F3F797FE02462D
:100130000B460191009064A13046FAF7BFFB51498C
:10014000C868F3F78BFE02460B46019100905FA151
:100150003046FAF7B3FB4B48807C002801D00120E1
:1001600000E000204749497C002902D0012101E03C
:1001700026E00021009101904248007C002801D037
:10018000012000E00020034651A2062102A8F9F751
:1001900077F902AA51A13046FAF7AEFB3949C8698E
:1001A000F3F75CFE02460B46019100904CA13046ED
:1001B000FAF784FB32464BA11F98FAF76FFB00BF9A
:1001C0001F98FAF71BFD05461F98FAF721FC002D32
:1001D00001D1002039E745A2202116A81E9BF9F77E
:1001E0004FF916A8F3F782F815902846F3F77EF832
:1001F0001490012440A241A1414803F043FA044075
:1002000040A2402104A8159BF9F73AF942A204A99B
:100210003B4803F037FA044037A216A9384803F0E8
:1002200031FA04403DA2402104A8149BF9F728F9B3
:1002300039A204A9324803F025FA04402EA2294627
:100240002F4803F01FFA04403AA2402104A8249B3F
:10025000F9F716F928A204A9294803F013FA044073
:100260002846F9F72BFBF8F717FD2046EDE60000CE
:10027000636964006F6B000073696400707500004F
:1002800072700000080500206B61000070730000B0
:10029000616C6C00657373656E7469616C0000005D
:1002A000706D0000616C776179735F6F6E000000A4
:1002B0006F6E5F64656D616E640000006F6E6365F4
:1002C00000000000637300006D7000006D70690035
:1002D00025645825645825640000000043454D00FE
:1002E0006E636200706172616D730000726573709D
:1002F0002F256C75000000004F4B0000415400009A
:100300000000044041542B434D515454544F504924
:10031000433D302C257A75003E00000041542B43AC
:100320004D5154545041594C4F41443D302C257A45
:100330007500000041542B434D5154545055423DDB
:10034000302C25642C363000002003490870034807
:100350000068034908607047880400209C00002062
:100360008404002000B50E480078042800D100BDA8
:100370000C480078002810D10B48006800280CD0E9
:100380000A48006808490968094A8918884204D35C
:10039000F7F754F801200349087000BFE7E70000B1
:1003A000EE01002088040020840400209C0000202E
:1003B000701700000FB4F0B587B00EA80690A2E049
:1003C0000D980078252872D10D98401C0D900D983D
:1003D000007873280CD1069810C8069004E02178A4
:1003E0000C9800F0CFF8641C20780028F7D187E043
:1003F0000D980078632807D1069810C80690E1B2DE
:100400000C9800F0BFF87BE00D98007864282BD1A1
:10041000069810C8069025460026002D01D1012619
:1004200008E005E0761C0A212846F2F7BDFE0546E5
:10043000002DF7D1771E0DE00A212046F2F7B4FE19
:100440003031C8B201A9C8550A212046F2F7ACFEE6
:1004500004467F1E002FEFDA002001A9885501A86D
:100460000C9900F05BF84BE00D98007878281FD1CC
:100470000824069820C80690601E0EE02907090F80
:10048000303101AA115401A9095C392903DD01A900
:10049000095CC91D11542D11401E0028EEDA002000
:1004A00001A9085501A80C9900F038F828E022E0CD
:1004B0000D980078682823D10224069820C8069059
:1004C000601E0EE02907090F303101AA115401A95D
:1004D000095C392903DD01A9095CC91D11542D11DD
:1004E000401E0028EEDA002001A9085501A80C9949
:1004F00000F014F804E00D9801780C9800F042F830
:100500000D98401C0D900D980078002800D057E7FA
:10051000069007B0F0BC08BC04B0184770B504469C
:100520000D4604E02178284600F02CF8641C207861
:100530000028F7D170BD000070B505460F48854210
:100540000AD1F8F779FE0446601C002801D1401E4C
:1005500070BDE4B22046FBE7094885420AD1F8F7AE
:10056000E7FC0446601C002801D1401EF0E7E4B21D
:100570002046EDE70020C043EAE700000000044009
:100580000010004073B505461648854212D1164E3C
:1005900009E0F8F73BFE0446002C00DD04E0701E85
:1005A000061E00DC00E0F4E700BF012101A8F8F717
:1005B0007BFE15E00D48854212D10B4E09E0F8F79D
:1005C000A1FC0446002C00DD04E0701E061E00DCC9
:1005D00000E0F4E700BF012101A8F8F701FD00BF2A
:1005E0007CBD000000000440102700000010004007
:1005F00010B5FDF7C9FB10BD10B569480078042897
:1006000000D110BD67480078012800D0F9E7FEF757
:100610008BF9002800D1F4E763480068002809D06E
:100620006248006860490968401A6149096888425F
:1006300000D2E6E75D4800685B49086002205C493B
:1006400008605C480078042816D1FDF72FFD0446A9
:10065000012C0AD1002058490870564908705749A2
:100660000870022052490860CBE700205349087007
:10067000052050490870C4E700F09CF9002830D0EC
:1006800000204E4908704B4800780E2812DB0020ED
:100690004B49087000F096F8FFF780FC002803D162
:1006A0000220FCF7FFFA04E00320FCF7FBFAFBF75B
:1006B000B3FDA6E73F480078002804D13E48007803
:1006C000002800D19DE73B480078062803D1082088
:1006D0003849087004E037480078401C35490870F4
:1006E0008FE736480078401C34490870314800785C
:1006F00000F016FB002801D0012000E00520044690
:100700002E480078A04249DB00202C490870294877
:100710000078012805DC0020274908702549087069
:100720003CE0244800780E2812D1002024490870AB
:1007300000F048F8FFF732FC002803D10220FCF754
:10074000B1FA04E00320FCF7ADFAFBF765FD58E7CA
:100750001848007800F0E4FA002802D000F064F8AD
:100760001CE014480078052805D1012011490870C3
:100770001149087012E012480078022807DA104880
:100780000078401C0E49087000F004F906E00120D2
:10079000084908700849087000F03AF800BF30E7CF
:1007A000EE0100209404002068040020AC0000202A
:1007B0006C04002064040020710400206504002003
:1007C0007004002010B5002008490870084908701E
:1007D000084908600220084908600020074908709D
:1007E000102207A1094804F0E0FB10BD64040020BA
:1007F00065040020680400206C04002071040020BF
:100800006F6E6F6D6F6E646F0000000072040020E9
:100810000020034908701E2002490860704700004C
:10082000650400206C04002010B500F0B3F810BD82
:1008300038B505460BA12846F2F72DFD0446002CDD
:1008400000D138BD002000906A4608A12046F2F78A
:100850008BFD012803D10098012800D1F1E7002089
:10086000EFE700002B43474154543A002B434741E4
:1008700054543A20256400007CB506460C4610A16D
:100880003046F2F708FD0546002D00D17CBD6320FF
:10089000019000906B4601AA0BA12846F2F764FD77
:1008A000022801D00020F1E7002C01D0019820603F
:1008B0000198632801D00120E8E70020E6E7000066
:1008C0002B4353513A0000002B4353513A202564E7
:1008D0002C25640038B504460020C04300906946CA
:1008E000204600F00DF8002800D138BD00980128FE
:1008F00002D00098052801D10120F6E70020F4E796
:100900007CB506460C4617A13046F2F7C4FC0546F6
:10091000002D04D115A13046F2F7BDFC0546002D8F
:1009200001D100207CBD00200190401E00906B464C
:1009300001AA10A12846F2F717FD022809D06B463C
:1009400001AA10A12846F2F70FFD022801D00020CD
:10095000E8E7002C01D0009820600098C017401CE8
:10096000E0E700002B435245473A00002B43475233
:1009700045473A002B435245473A2025642C2564CD
:10098000000000002B43475245473A2025642C25A0
:100990006400000010B5FDF711FA0120034908704A
:1009A000002003490870FFF70DFF10BD5C04002014
:1009B0004704002030B591B000200F901090002423
:1009C0009D4800780300F8F7BAFD0F0918233D5B36
:1009D0005D7B8C8EA4CED9DBE5F8170097480078B4
:1009E000002808D1FDF756FA002805D001209349C8
:1009F0000870012400E001241AE191A10DA8F5F787
:100A000013FC0E990D9810910F9008A8047F0FE128
:100A10008CA10DA8F5F708FC0E990D9810910F9078
:100A200008A8007F00280AD01098002807D088A1C5
:100A30001098F2F730FC002801D0012000E00020DF
:100A40000446F5E0FDF72EF90546002D02D0287882
:100A5000002801D10024EBE006227FA12846F2F70E
:100A600063FC002805D110227DA1804804F09DFA86
:100A700004E010227EA17D4804F097FA0124D7E01B
:100A80000124D5E063200E907DA10CA8F5F7CCFBE6
:100A90000D990C9810910F9008A8007F002807D09E
:100AA0000EA91098FFF7E8FE002801D0012000E011
:100AB00000200446002C02D073490E980864B7E069
:100AC0006A4B72A2302103A8F8F7DAFC03A901A847
:100AD000F5F7AAFB0299019810910F9008A8047FDE
:100AE000A6E00124A4E06FA10DA8F5F79DFB0E99E7
:100AF0000D9810910F9008A8007F002806D010983C
:100B0000FFF796FE002801D0012000E000200446F7
:100B10008EE067A10DA8F5F787FB0E990D9810914F
:100B20000F9008A8007F002806D01098FFF7D2FE8B
:100B3000002801D0012000E000200446002C11D143
:100B40005EA10DA8F5F770FB08A8007D002806D06F
:100B50000E98FFF7BFFE002801D0012000E0002022
:100B6000044600BF64E058A10DA8F5F75DFB0E999F
:100B70000D9810910F9008A8047F59E0012457E0C8
:100B800054A10DA8F5F750FB0E990D9810910F90F8
:100B900001244DE052A10DA8F5F746FB08A8007D01
:100BA00000280BD00E98002808D050A10E98F2F71C
:100BB00072FB002802D001243AE019E04EA10BA8F4
:100BC000F5F732FB0C990B9810910F9008A8007F55
:100BD000002808D11098002807D04AA11098F2F7F1
:100BE0005AFB002801D0012000E0002004461FE04D
:100BF000FCF776FB05460DA8FCF706F908A8007E71
:100C0000002805D00D98002802D01F490D98486192
:100C1000002D0BD03F480078002807D03E480068E0
:100C2000002803D03C4800683C4908602C4600BFBF
:100C300000BF204611B030BD6404002071040020C4
:100C40004154000041542B4350494E3F00000000E6
:100C500052454144590000003839343537330000DB
:100C60006F6E6F6D6F6E646F000000007204002085
:100C7000696F742D65752E6165722E6E6574000046
:100C800041542B4353510000B00A002041542B43E0
:100C90004744434F4E543D312C224950222C2225AB
:100CA0007322000041542B43474154543F0000003D
:100CB00041542B435245473F0000000041542B4311
:100CC000475245473F00000041542B435053493F92
:100CD0000000000041542B43474143543F000000B3
:100CE00041542B4E45544F50454E3F002B4E4554DA
:100CF0004F50454E3A20310041542B4E45544F50F1
:100D0000454E0000616C7265616479206F70656E9C
:100D100065640000F4040020F0040020A800002016
:100D20000146082901D0092901D10120704700207E
:100D3000FCE7000000B589B02022054901A8F2F7C0
:100D400086FA202201A90348F2F781FA09B000BD12
:100D50001C5C010008050020F8B507460C4600267B
:100D6000002000907D21C900E068884201D3002066
:100D7000F8BDE068401CE060A1682068405C5B282A
:100D800000D064E0A068401CA0602046F9F73CFD5C
:100D9000002C09D06168A068884205D2A16820684B
:100DA000405C5D2800D147E0002C03D06168A0685A
:100DB000884203D3A068401EA06048E0A068401E9F
:100DC000A06000BF20461030F9F78FFE0546002DC9
:100DD00000D13CE0002E02D12E46009504E00098A0
:100DE0000560009868600095A068401CA0602046DF
:100DF000F9F70AFD2146009800F06EFA002800D1AC
:100E000025E02046F9F700FD002C08D06168A068B5
:100E1000884204D2A1682068405C2C28D2D0002CE3
:100E200008D06168A068884204D2A1682068405C4C
:100E30005D2800D00BE000BFE068401EE06020208D
:100E4000F860BE60A068401CA060012090E7002E02
:100E500002D03046F9F7DCFD002089E70246002386
:100E6000002100BF23E0505C302806DB505C3928AD
:100E700003DC505C3038C31815E0505C412806DBB9
:100E8000505C462803DC505C3738C3180BE0505CDC
:100E9000612806DB505C662803DC505C5738C318B9
:100EA00001E000207047032900D21B01491C0429DE
:100EB000D9D31846F6E70000F3B593B00C4600BF4F
:100EC00000201290FCF7B2FE01900025002C02D009
:100ED0002068002802D1002015B0F0BD00253CE0BC
:100EE000A16820684018405D34281FD009DC2B38E9
:100EF0000300F8F724FB09212F222B2F1718191AAA
:100F00002F00382816D006DC352810D036280FD010
:100F100037281FD10DE039280DD045280FD065287E
:100F200018D10BE000BF00BF00BF00BF00BF00BF73
:100F300000BF00BF00BF00BF00BF00BF00BFA1686F
:100F400020684018405D02A9485504E002A90198B4
:100F5000485500E00BE000BF6D1C3F2D06D2002C71
:100F600004D0A068401961688842B9D300BF00204E
:100F700002A9485512A902A804F02FF806460F4608
:100F800002A81299884201D10020A5E71398C761F1
:100F90008661144A144B30463946F2F7E1FF03D814
:100FA00012491398416111E00022114B3046394635
:100FB000F2F7C2FF04D80121C9071398416105E087
:100FC00030463946F2F780FF13994861082113989B
:100FD000C160A06802AA1299891A4018A060012075
:100FE0007AE700000000C0FFFFFFDF41FFFFFF7F47
:100FF0000000E0C1F3B581B00C46002700257D213B
:10100000C900E068884201D30020FEBDE068401CB2
:10101000E060002C08D06168A068884204D2A16812
:101020002068405C7B2800D084E0A068401CA06061
:101030002046F9F7E9FB002C09D06168A0688842D6
:1010400005D2A1682068405C7D2800D165E0002CB5
:1010500003D06168A068884203D3A068401EA060E6
:1010600068E0A068401EA06000BF20461030F9F77D
:101070003CFD0646002E00D15CE0002F02D1374631
:10108000354602E02E6075603546A068401CA060C1
:101090002046F9F7B9FB2146284600F052F800280F
:1010A00000D147E02046F9F7AFFB2869286200200D
:1010B0002861002C08D06168A068884204D2A16829
:1010C0002068405C3A2800D034E0A068401CA06052
:1010D0002046F9F799FB2146284600F0FDF8002844
:1010E00000D127E02046F9F78FFB002C08D061687B
:1010F000A068884204D2A1682068405C2C28B4D043
:10110000002C08D06168A068884204D2A1682068D9
:10111000405C7D2800D00DE000BFE068401EE0602C
:1011200040210198C16001988760A068401CA060C0
:1011300001206AE7002F02D03846F9F769FC002049
:1011400063E7F3B583B00C46A16820684018461CDD
:10115000A16820684018451C002002900027A16863
:101160002068405C222800D0AAE000200190009076
:101170000EE028785C280AD1681C2168401A616852
:10118000884200D39CE00098401C00906D1C6D1CB0
:101190002068281A6168884202D228782228E8D17B
:1011A0002068281A6168884202D22878222800D054
:1011B00086E0A16820684018291A0098081A019052
:1011C00021690198401C88470746002F00D177E02D
:1011D000029762E030785C2807D030780299087076
:1011E000761C0298401C029057E002200190A81B38
:1011F000012800DA64E07078662819D008DC22281B
:1012000032D02F2832D05C282FD0622840D108E07D
:101210006E2814D0722819D074281ED0752837D1A2
:101220002BE00820029908700298401C029030E0E0
:101230000C20029908700298401C029029E00A20B4
:10124000029908700298401C029022E00D20029939
:1012500008700298401C02901BE009200299087057
:101260000298401C029014E000BF00BF7078029901
:1012700008700298401C02900BE002AA29463046F2
:1012800004F050F901900198002800D118E000E026
:1012900016E000BF0198361800BFAE429AD3002076
:1012A0000299087010210398C160039807612068B3
:1012B000281AA060A068401CA060012005B0F0BD05
:1012C000002F02D0384661698847002E02D020687E
:1012D000301AA0600020F1E770B505460C46002CDE
:1012E00002D02068002801D1002070BD002C14D04D
:1012F000A068001D616888420FD8A268216888181C
:10130000042244A1F2F710F8002806D10420E86076
:10131000A068001DA0600120E7E7002C14D0A068A1
:10132000401D616888420FD8A2682168881805228C
:101330003AA1F1F7F9FF002806D10120E860A06882
:10134000401DA0600120D0E7002C16D0A068001D31
:101350006168884211D8A26821688818042231A1E6
:10136000F1F7E2FF002808D10220E860012068615F
:10137000A068001DA0600120B7E7002C0DD06168B7
:10138000A068884209D2A1682068405C222804D164
:1013900021462846FFF7D5FEA7E7002C17D0616845
:1013A000A068884213D2A1682068405C2D2809D02B
:1013B000A1682068405C302809DBA1682068405C97
:1013C000392804DC21462846FFF776FD8DE7002CFE
:1013D0000DD06168A068884209D2A1682068405C8D
:1013E0005B2804D121462846FFF7B6FC7DE7002C98
:1013F0000DD06168A068884209D2A1682068405C6D
:101400007B2804D121462846FFF7F4FD6DE7002034
:101410006BE700006E756C6C0000000066616C7319
:101420006500000074727565000000000120054928
:1014300008700020044908700448006804490860E6
:1014400070470000180400200C0400209C000020BD
:101450001004002010B521480078042800D110BDE8
:101460001F480078002836D11E480068002832D076
:101470001D4800681B4909681C4A891888422AD3FC
:10148000012017490870F4F785F91949096888425D
:101490001BDC00201649086003F0CCFC0020154935
:1014A0000870154908700D480078002806D1F4F737
:1014B00071F9002802D1FEF77FFD05E007480078AA
:1014C000002801D1FFF7B2FFC9E70948006801F021
:1014D00085FDFEF739FF00BFC1E70000EE010020E7
:1014E0000C040020100400209C000020B80B000019
:1014F000140400204404002018040020F3B583B035
:101500000C463D490398F2F765FD09D23B49039823
:10151000F2F756FD04D23A490398F2F7BAFA03906B
:10152000384A39492046FDF78FF9002801D105B026
:10153000F0BD364A36490398FDF786F9002801D0F8
:10154000039800E0002002903248C068401C3149F6
:10155000C860C868F2F77BFC064631467F20C005AC
:10156000F2F797FA05462B4801680298F2F74CFA11
:1015700007462946F2F750FA0646264801683046E3
:10158000F2F7F1F923490860084641682046F2F76E
:101590003BFA07462946F2F73FFA06461D484168DE
:1015A0003046F2F7E0F91B49486021460298F2F70D
:1015B00033FA0190174881680198F2F725FA074637
:1015C0002946F2F729FA0646124881683046F2F7B2
:1015D000CAF910498860084601680F4801620D4940
:1015E0004868F2F75DFC0C49C8610A4881680A48FE
:1015F000416200BF9BE700000050C3478096184B34
:101600000024744900009643000048430000A041B4
:10161000CDCC4C3D3C100020B00A002000200349F6
:10162000886048600860C860704700003C10002077
:1016300000200349087003480068034908607047A8
:10164000A10100209C000020A401002010B52F481B
:101650000078002859D12E480068002855D02D4820
:101660000078002851D12C488078012803D02A48DE
:101670008078022849D1FDF765F9002845D0274830
:101680000078002841D101202049087021480078C5
:10169000002837D122A223A1234801F0F3FF2348D9
:1016A000006B401C21490863FBF7D0F90120204959
:1016B0000870FCF747FA1F49086001210C20F5F774
:1016C000F9FD1D4A11781D4A107804F05DF91248A1
:1016D0008078022800D103E018490878F5F764FE05
:1016E0000D488078022803D10120FBF725FB02E09A
:1016F0000220FBF721FB012011490870002111484D
:10170000017202E000200149087010BDA101002013
:10171000A4010020EE010020F40600204C0000206F
:101720004F4B00004154000000000440B00A00206C
:10173000A80100206C0100204A0900203E09002079
:10174000B6010020D8060020F0B589B007460E4645
:101750001446002524216846F1F792FDFF20013050
:10176000216888470090FF200130019005962046AF
:1017700007C806AB07C30098002800D137E06946C8
:10178000384600F06DFC002800D130E0684603F0D8
:10179000B5FEA06800280BD0029B591C0098A268D7
:1017A00090470546002D00D121E0002000901BE06D
:1017B000029A501C216888470546002D00D116E08A
:1017C0000298401C019B834201D2019801E00298DB
:1017D000401C024628460099F1F739FD0020029985
:1017E0006854009861688847284609B0F0BD0098A1
:1017F000002802D0009861688847002D02D0284652
:10180000616888470020F0E7F1B5FFB0FFB0A2B0F3
:10181000F3F7C0FFFFA9C867A848C569A848807842
:10182000012801D0012100E00021FFA84167C06F1D
:10183000002802DA0020FFA9C867002D09DCA1A159
:10184000FFA884300068FEF7B5FD7FB07FB023B0FD
:10185000F0BDFFA8C06F002800D106E0FFA9C96F46
:101860004919481E2946F1F79FFCFFA98867FFA880
:101870009DA1826F84300068FEF79CFD0020FFA9C7
:10188000086713E1FFA8016F6943C166C16FC06EAD
:10189000091AFFA88166806EA84201DDFFA885664F
:1018A000FCF750F90746F3F791FF18909B48406802
:1018B000002802D09948406800E097A00197009066
:1018C00097A20121890219A8189BF7F7D9FD0446B0
:1018D000002C03DD01208002844206DB9DA1FFA8CD
:1018E00084300068FEF766FDAFE70026ADE0FFA894
:1018F000C06E811912A8F3F70FFF14991398814253
:1019000011DD1498C2171399CB17401A9A41E1239D
:101910005B010021181A914101D2184604E0149984
:101920001398081A00E000201190FFA9496F1622B1
:101930005143944A8A1810A9898A4900505AF2F7EB
:1019400086FA0B901198F2F782FA0A900B99F2F747
:1019500063F88D490C90F2F79CF810901198F2F70B
:1019600091FA099108901898F2F7D2FA059104902B
:101970001798F2F7CDFA03910290059B049AF2F7BB
:101980007BF907910690099B089AF2F775F90022F6
:101990007E4B0B910A90F2F7D7F90F910E90012030
:1019A0008002001B0D9046488078012801D17848BC
:1019B00000E0784801461098F2F70CFB07D2404847
:1019C0008078012801D1724800E072481090109888
:1019D000F2F79EFA0B910A90FFA8806E401EB0426B
:1019E00001DD6DA000E04CA008900F990E980791C2
:1019F00006900B990A9805910490FFA8406F162154
:101A000048436049411810A8808A4000095A149A36
:101A1000139801920291009010A8037A19A909194C
:101A20005E4A09910D990998F7F72AFD0746002F9C
:101A300002DD0D98874206DB46A1FFA884300068CE
:101A4000FEF7B8FC01E7E419761CFFA8806E864219
:101A500000DA4CE7A01C01218902884206DB3DA187
:101A6000FFA884300068FEF7A5FCEEE65D21204665
:101A7000641C19AA11547D202146641C5054002076
:101A800019A90855FFA88430016819A8FEF746FD7A
:101A90000A21FFA884300068FEF774FD6420F3F784
:101AA00043F8FFA8006F401CFFA90867FFA9086F53
:101AB000896F884200DAE5E600BFC6E60805002027
:101AC000F40600200A4552524F523A20696E766160
:101AD0006C696420636F6F6B696E6720626C6F6303
:101AE0006B2073697A650A000A4E756D6265722013
:101AF0006F6620636F6F6B696E6720626C6F636BDC
:101B000073203A2025640A436F6F6B696E67204229
:101B10006C6F636B73203A0A00000000B00A00206B
:101B20007B226465764944223A7B22736E223A22F4
:101B30002575222C224657223A222573227D2C22FB
:101B40007473223A256C752C22436F6F6B223A5BBB
:101B5000000000000A4552524F523A20636F6F6BEB
:101B6000696E6720626C6F636B20697320746F6F9E
:101B7000206C6172676520746F207072696E740AE0
:101B800000000000C25B0100000061450020AC4085
:101B90000000484500404E452C0000002461010033
:101BA000F3B581B00C460025002701988668002C0B
:101BB00001D10020FEBD01212046FBF70DF80546AE
:101BC000002D00D1F6E75B202870A068401CA060C3
:101BD000E068401CE0602AE02146304600F040FA10
:101BE000002800D1E6E7204603F088FC3068002892
:101BF0001CD06069002801D0022000E001200746C7
:101C0000791C2046FAF7E8FF0546002D00D1D1E700
:101C10002C2028706D1C6069002802D020202870BC
:101C20006D1C00202870A068C019A0603668002EC6
:101C3000D2D102212046FAF7CFFF0546002D00D170
:101C4000B8E75D2028706D1C00202870E068401EF9
:101C5000E0600120AEE70000F3B58FB00D4600272D
:101C60000F998869C9690D910C9000260024FBF733
:101C7000DDFF0490002D02D1002011B0F0BD002244
:101C800013460D990C98F1F7F7FF002213460191C6
:101C90000090F2F751F905D023A105A8F7F70CFC45
:101CA00006461BE022A105A80D9B0C9AF7F704FC41
:101CB000064602AA20A105A8F1F756FB012806D185
:101CC0000D9B0C9A03990298F2F736F906D01BA1E6
:101CD00005A80D9B0C9AF7F7EFFB0646002E01DBDB
:101CE000192E01DD0020C8E7711C2846FAF774FFA1
:101CF0000746002F00D1C0E700240CE005A8015DD5
:101D00000498814202D12E20385503E005A8005DD9
:101D1000385500BF641CB442F0D300203855A86881
:101D20008019A8600120A8E76E756C6C00000000A7
:101D300025312E3135670000256C670025312E31A5
:101D400037670000F3B581B00C46002500260198E6
:101D50008768002C01D10020FEBD6069002801D0F9
:101D6000022000E001200646711C2046FAF734FFED
:101D70000546002D00D1EFE77B2028706D1CE06840
:101D8000401CE0606069002802D00A2028706D1CA9
:101D9000A0688019A06072E06069002819D0204610
:101DA000E168FAF719FF0546002D00D1D4E70020BD
:101DB000009005E0092028706D1C0098401C0090E0
:101DC000E16800988142F5D8E168A0684018A060F9
:101DD00000BF2146386A00F083F8002800D1BBE735
:101DE000204603F08BFB6069002801D0022000E050
:101DF0000120064631462046FAF7EEFE0546002D44
:101E000000D1A9E73A2028706D1C6069002802D033
:101E1000092028706D1CA0688019A06021463846F2
:101E200000F01EF9002800D196E7204603F066FB7B
:101E30006069002801D0012000E0002039680029F5
:101E400001D0012100E000214618711C2046FAF75C
:101E5000C3FE0546002D00D17EE73868002802D079
:101E60002C2028706D1C6069002802D00A20287080
:101E70006D1C00202870A0688019A0603F68002FAA
:101E80008AD16069002802D0E068401C00E002208E
:101E900001462046FAF7A0FE0546002D00D15BE77B
:101EA000606900280AD0002003E0092129706D1C18
:101EB000401CE168491E8142F7D800BF7D20287090
:101EC0006D1C00202870E068401EE060012043E7A0
:101ED00070B504460D462946206900F001F870BD32
:101EE000F3B583B0074600240026002500200290A9
:101EF00001900498002801D105B0F0BD002F0DD14C
:101F000003210498FAF768FE0646002E00D1F3E795
:101F100050A13046F1F7FFF90120EDE73C4624E0FF
:101F200020780C2811D006DC08280DD009280FD005
:101F30000A2811D10AE00D2809D0222802D05C28F5
:101F40000AD100E000BF00BF00BF00BF00BF00BF5C
:101F50000198401C019006E02078202802DA0198C0
:101F6000401D019000BF00BF641C20780028D7D11D
:101F7000E11B0198081802900299C91C0498FAF70D
:101F80002BFE0646002E00D1B6E70198002810D19E
:101F9000222030703946701C029AF1F758F922213C
:101FA0000298401C315400210298801C31540120B9
:101FB000A2E722203070751C3C463DE020781F28A7
:101FC00008DD2078222805D020785C2802D02078EF
:101FD00028702FE05C2028706D1C20780C2815D00C
:101FE00006DC08280FD0092819D00A281AD110E0D9
:101FF0000D2811D0222803D05C2813D1287018E0B6
:102000002220287015E06220287012E066202870D7
:102010000FE06E2028700CE07220287009E0742018
:10202000287006E022780CA12846F7F745FA2D1D06
:1020300000BF00BF641C6D1C20780028BED1222187
:102040000298401C315400210298801C3154012018
:1020500052E700002222000075253034780000008D
:10206000F8B504460E460025002C01D0002E01D103
:102070000020F8BD207B102857D008DC01281BD099
:10208000022827D0042809D008285DD130E0202874
:1020900050D0402853D0802856D12EE0052130461C
:1020A000FAF79AFD0546002D00D1E2E727A1284660
:1020B000F1F731F90120DCE706213046FAF78CFD13
:1020C0000546002D00D1D4E722A12846F1F723F9D7
:1020D0000120CEE705213046FAF77EFD0546002DAA
:1020E00000D1C6E71DA12846F1F715F90120C0E788
:1020F00031462046FFF7B0FDBBE7002720690028E6
:1021000000D1B6E72069F1F7F1F8471C39463046AF
:10211000FAF762FD0546002D00D1AAE73A462846A7
:102120002169F1F794F80120A3E731462046FFF733
:10213000CFFE9EE731462046FFF732FD99E7314654
:102140002046FFF7FFFD94E7002092E76E756C6C68
:102150000000000066616C736500000074727565B4
:1021600000000000F0B5D7B000205690C6E0002473
:10217000E4432046559000200FE0664B5B88191819
:10218000CB171B0E5B181B121B02CA1A6249895C13
:102190007B2901D1044604E0401C5E4989888142C4
:1021A000EBDC00BF601C002800D1AFE0601C0FE03A
:1021B000584B5B881918CB171B0E5B181B121B02A0
:1021C000CA1A5549895C7D2901D1559004E0401C0B
:1021D000504989888142EBDC00BF5598401C00289B
:1021E00000D193E05598001B451CFF2041308542EB
:1021F00014DB484949880919481CC117090E0918F8
:1022000009120902411A8AB242494A800846818865
:10221000601C081A81B23F4881806FE000200EE008
:102220003C4B5B881B191918CB171B0E5B181B1234
:102230001B02CA1A3849895C05AB1954401CA842D4
:10224000EEDB002005A9485505A8F8F75CFC06461A
:10225000002E38D031A13046F8F710FC074630A1E7
:102260003046F8F70BFC03902EA13046F8F706FC39
:102270000290002F23D03846F8F721FC00281ED00A
:10228000386900281BD00398002818D00398F8F765
:102290000BFC002813D03869019003984069009026
:1022A000224900980968884208D0204900980860AF
:1022B0003246029B00990198FAF7DCFB00BF3046DA
:1022C000F8F7A6FB00BF5598401C049011494A88B6
:1022D00004995018C117090E091809120902411A68
:1022E0008AB20C494A80084681880498081A81B24B
:1022F000084881805698401C569000BF5698032885
:1023000004DA04488088002800DD30E700BF57B0B9
:10231000F0BD0000940C0020940B002074790000A4
:10232000636964006461746100000000940000202F
:10233000F8B507460C4615461E4669463846FCF772
:10234000D6FB002806D118A231462846F7F798F8A0
:102350000020F8BD1BA10098F0F7CFFF002802D1A4
:102360001B4948711AE01BA10098F0F7C6FF00282E
:1023700003D101201649487110E019A10098F0F727
:10238000BCFF002803D102201149487106E016A2C3
:1023900031462846F7F774F80020DAE72068401C39
:1023A00020600120D5E70000636F6E6E5374726188
:1023B00074656779206D757374206265207374721B
:1023C000696E6700616C776179735F6F6E00000002
:1023D000080500206F6E5F64656D616E640000002B
:1023E0006F6E636500000000636F6E6E5374726100
:1023F0007465677920696E76616C6964000000001D
:10240000F8B507460C4615461E4669463846FCF7A1
:1024100033FB002806D110A231462846F7F730F8E2
:102420000020F8BD00980A2803DB13490098884271
:1024300006DD12A231462846F7F722F80020F0E721
:102440001549009808602068401C2060012013494D
:10245000087000BFE5E700006B656570416C697648
:1024600065206D75737420626520696E74206F72CB
:1024700020737472696E6700805101006B6565702E
:10248000416C697665206D7573742062652031300A
:102490002E2E383634303000080500203805002054
:1024A000FFB583B006460F4600BF3046F8F7FCFA8A
:1024B000002802D0F569B46915E03046F8F7FFFA54
:1024C000002808D03069002805D03069F8F74CF9A9
:1024D00004460D4607E01CA206990598F6F7D0FFC2
:1024E000002007B0F0BD0022134620462946F1F730
:1024F00023FD06D900221D4B20462946F1F730FD69
:1025000006D21BA206990598F6F7BAFF0020E8E765
:1025100022462B4600201D49F1F716FC0191009040
:10252000F1F7D2FC02900298642801DA642002904C
:102530007D21C9000298F0F737FE1549C860386858
:10254000401C38600120CCE76D657461467265718E
:10255000487A206D757374206265206E756D6265B2
:1025600072206F7220737472696E670000002440DD
:102570006D65746146726571487A206D757374205B
:1025800062652028302C31305D00000000408F4013
:1025900008050020F8B507460C4615461E46694654
:1025A0003846FCF769FA002806D10EA231462846C3
:1025B000F6F766FF0020F8BD0098012803DB1049FC
:1025C0000098884206DD0FA231462846F6F758FFEC
:1025D0000020F0E711490098C8602068401C206086
:1025E0000120E8E76D657461496E74657276616C0F
:1025F00053206D75737420626520696E740000004D
:10260000805101006D657461496E74657276616C0C
:102610005320312E2E38363430300000080500208B
:10262000F8B507460C4615461E4669463846FCF77F
:1026300023FA002806D10EA231462846F6F720FFDD
:102640000020F8BD0098012802DB00980A2806DD6A
:1026500010A231462846F6F713FF0020F1E714498F
:102660000098C8612068401C20600120E9E7000054
:102670006E756D436F6F6B426C6F636B206D75731E
:102680007420626520696E74206F722073747269A1
:102690006E6700006E756D436F6F6B426C6F636B9E
:1026A000206D75737420626520312E2E313000004C
:1026B00008050020F8B507460C4615461E46694633
:1026C0003846FCF714FA002806D113A231462846F2
:1026D000F6F7D6FE0020F8BD16A10098F0F70DFE23
:1026E000002802D11449087110E014A10098F0F7F5
:1026F00004FE002803D101200F49087106E012A250
:1027000031462846F6F7BCFE0020E4E72068401C6E
:1027100020600120DFE700007061796C6F61644D1B
:102720006F6465206D7573742062652073747269BF
:102730006E670000616C6C000805002065737365AE
:102740006E7469616C0000007061796C6F61644D3A
:102750006F646520696E76616C696400F8B5074640
:102760000C4615461E4669463846FCF785F9002892
:1027700006D112A231462846F6F782FE0020F8BDA7
:102780000098002809D00098012806D00BA23146F5
:102790002846F6F775FE0020F1E70F48806900999A
:1027A000884209D00098C0B20B4988612068401C5B
:1027B00020600120094908700120E0E7706572730C
:1027C000697374656E74206D757374206265203052
:1027D000206F72203100000008050020390500201C
:1027E000F8B507460C4615461E4669463846FCF7BE
:1027F000D3F8002806D108A231462846F6F740FE55
:102800000020F8BD684600780C4908742068401C18
:1028100020600120F5E7000073656E64436F6F6B05
:10282000696E6753657373696F6E73206D7573742A
:1028300020626520626F6F6C0000000008050020B8
:10284000F8B507460C4615461E4669463846FCF75D
:10285000A3F8002806D108A231462846F6F710FE54
:102860000020F8BD68460078094948742068401C7B
:1028700020600120F5E7000073656E644572726F99
:102880007273206D75737420626520626F6F6C00C7
:1028900008050020F8B507460C4615461E46694651
:1028A0003846FCF779F8002806D108A231462846B8
:1028B000F6F7E6FD0020F8BD6846007809498874FF
:1028C0002068401C20600120F5E7000073656E64FD
:1028D0004D657461206D75737420626520626F6F41
:1028E0006C00000008050020F0B589B005460E46D2
:1028F0000024002736E0F6F7CFF91EA21EA12348D8
:1029000000F0C0FE002801D1641C2BE020A221A110
:102910001E4800F0B7FE002801D1641C22E03346B7
:1029200023A21E2101A8F6F7ABFD12A201A91748A8
:1029300000F0A8FE002801D1641C13E014A229466F
:10294000124800F09FFE002801D1641C0AE010A28A
:102950001DA10E4800F096FE002801D1641C01E084
:10296000012700BF052C01DA002FC4D0384609B07A
:10297000F0BD00003E00000041542B434D51545423
:10298000544F5049433D302C323500000000044084
:102990004F4B000075736167652D7261772D64611F
:1029A00074612D746F7069632D70726F6400000024
:1029B00041542B434D5154545041594C4F41443D87
:1029C000302C25640000000041542B434D515454D9
:1029D0005055423D302C312C36300000F3B583B0D9
:1029E00005001AD028680190284680380290C76FE9
:1029F00004983E1F864200D906462846F6F75EFF39
:102A000004460091324629460498FBF753FF01998A
:102A1000002806D0016005B0F0BD0498F7F77AF8F9
:102A2000F9E729600299002CCF670AD02168621863
:102A3000291F8A4202D9291B091F21600099616060
:102A4000E9E7024A00991160E5E700000C06002062
:102A500003480078002801D102490870704700003F
:102A600049000020E504002000200149087070475B
:102A70000405002010B5012002490870FFF7F4FF9B
:102A800010BD00004E01002010B500F009F801E073
:102A9000F3F746FA00F02EF80028F9D010BD000038
:102AA00000200C4908600C4908600C4800680C497B
:102AB000086001200B490870002007E00A490A5C01
:102AC0000A490B4B1B5C9B00CA50401C0428F5DBD9
:102AD000704700002C010020300100209C000020E5
:102AE0003401002038010020985B010018A0054047
:102AF000945B01001E480078002801D10120704736
:102B00001C4800681C490968401AFA2801D20020B4
:102B1000F5E7184800681849086018480068401C24
:102B2000164908600846006806280FDB0020086088
:102B300013480068401C12490860084600680228D3
:102B400004DB00200A4908700120D8E700200BE0D0
:102B50000A49096889000B4A89180A5C0A490B4B23
:102B60001B5C9B00CA50401C0428F1DB0020C6E718
:102B7000380100209C000020340100202C0100209E
:102B800030010020985B010018A00540945B010013
:102B900070B50D251048046810480068201A962862
:102BA00019D300200BE00E49096889000D4A8918E5
:102BB0000A5C0D490D4B1B5C9B00CA50401C04284D
:102BC000F1DB294606480068401CF0F7EDFA04489E
:102BD00001600248046070BD9C000020400100209C
:102BE0003C010020F400002018A00540945B010087
:102BF00002460B46934202DD981AC1177047002027
:102C00000146FBE7F0B5FFB09CB05D489A905D4887
:102C100099905D48007800280CD05C4800685849BD
:102C2000884207D3594800685649884202D8574815
:102C3000076801E0564807680120F6F7B1F9F2F796
:102C4000C5FD5449086054480078C860FAF736FF5B
:102C500001215248F3F7C9F8514908704D49886A73
:102C60000021F1F7B7F915D84A49886A4D49F1F7BB
:102C7000A7F90FD84749886AF1F74AF90546484845
:102C8000007849A2009501910290102195A8F6F7CD
:102C9000F7FB07E0102246A195A8F0F710FB0020F3
:102CA00098A9C87043480088434909880091019059
:102CB000424843A2202103688DA8F6F7E1FB35487E
:102CC00042A21021036B89A8F6F7DAFB89A88DA927
:102CD00095AA05970692079108902E48406900280A
:102CE00002D02C48406900E037A02A490969002930
:102CF00002D02849096900E033A1264AD268254B51
:102D00001B7A0193029203910490224840680028A4
:102D100002D02048406800E02BA000901D482C4ABB
:102D200001214902036809A8F6F7AAFB0446002C12
:102D300003DD01204002844203DB00207FB01CB091
:102D4000F0BD24A224A1254800F09CFC214609A83E
:102D5000FFF7CAFD002800D1F0E71EA220A11F48FE
:102D600000F090FC214908700020144908601249C5
:102D70000880104908800021064801630120DDE732
:102D800080857467005786F449000020A800002061
:102D9000AC000020B00A00201E09002000600B409B
:102DA0005800002066668640252E3266582564004D
:102DB0004E410000BC010020BA0100208C0400201C
:102DC000256458256458256400000000256400002F
:102DD000246301004F4B00004154000000000440F8
:102DE00041542B4353434C4B3D3200004D000020D7
:102DF000F0B5E1B00120F6F7D3F8F5F74DFF02F09A
:102E000005FAF2F7C7FC609000205E905F90002109
:102E10005C915D915A915B915891599100270026E0
:102E200081E031460FA8F2F777FC65488078401EB4
:102E3000162148436349401810A909894900405A9E
:102E40000E9011991098F8F72BFA05460E98F1F7A5
:102E500019F8099108902846F1F714F8079106909F
:102E6000099B089AF0F708FF0022574B0B910A9034
:102E7000F0F76AFF0D910C9051498978012902D130
:102E80001921C90100E051490846F0F7E7FF0B910D
:102E90000A900D9B0C9AF1F74FF800D242E0002106
:102EA0005E9A5F98521948415E925F900E98F0F7D3
:102EB000E9FF0B910A905D9B5C9AF0F729FE5D910A
:102EC0005C900D9B0C9A5B995A98F0F721FE5B91F0
:102ED0005A902846F0F7D6FF079106901598F1F71B
:102EE00017F8039102901498F1F712F801910090ED
:102EF000039B029AF0F7C0FE05910490079B069A87
:102F0000F0F7BAFE0022304B09910890F0F71CFF51
:102F10000B910A90599B589AF0F7FAFD59915890E5
:102F20007F1C00BF761C6098864200DA79E7002F8C
:102F30000ADD3846F0F792FF05462A460B465D99B2
:102F40005C98F0F701FF01E0002001465791569090
:102F5000FAF7F8FD0546F2F739FC064659995898F4
:102F60000B910A905B995A98099108905F995E9825
:102F70000791069057995698059104901448406817
:102F8000002802D01248406800E012A03346124ADE
:102F9000FF2101316C46A1C416A8F6F771FA044668
:102FA000002C01DDFF2C02DD002061B0F0BD2146C8
:102FB00016A8FFF799FC002800D1F6E70120F4E7F6
:102FC000F4060020C25B01000020AC40E40C0000CD
:102FD000B00A002000000000A8630100F0B5FFB0B7
:102FE000FFB09FB005460120F5F7DAFFF2F7D2FBFC
:102FF000FFA90867FFA8006F854203DB7FB07FB0A1
:103000001FB0F0BDFFA8006F401B7149C96988421D
:1030100002DB6F48C06902E0FFA8006F401BFFA9F8
:10302000C866FAF78FFD0646F2F7D0FB07466948F7
:103030004068002802D06748406800E066A03B4630
:1030400066A201218902019600901AA8F6F718FAE3
:103050000446002C03DD01208002844200DBCDE722
:10306000002793E0E91913A8F2F756FB1599149875
:10307000F8F716F912901298F0F704FF09910890EA
:103080001998F0F745FF059104901898F0F740FF64
:1030900003910290059B049AF0F7EEFD07910690CC
:1030A000099B089AF0F7E8FD0022594B0B910A9012
:1030B000F0F74AFE1191109056498978491E162260
:1030C0005143554A8A1810A9098B4900505AF0F704
:1030D000BEFE0B901298F0F7BAFE0A900B99F0F72B
:1030E0009BFC4E490C90F0F7D4FC0F904948807837
:1030F000012801D14A4900E04A490E910E990F98E2
:10310000F0F768FF01D20E980F9001208002001B9B
:103110000D900D98002800DC70E70F98F0F7F8FE8E
:103120000B910A90FFA8C06E401EB84201DD3EA080
:1031300000E029A0089011991098079106900B992A
:103140000A980591049033488078401E1621484320
:103150003149411810A8008B4000095A159A14985B
:1031600001920291009010A8037B1AA909192F4A15
:1031700009910D990998F6F783F90646002E02DDAC
:103180000D98864200DB39E7A4197F1CFFA8C06EAA
:10319000874200DA66E7A01C01218902884200DB31
:1031A0002CE75D222046641C1AA90A547D21204682
:1031B000641C1AAA115400201AA9085521461AA8FD
:1031C000FFF792FB002800D118E700BF16E70000C8
:1031D00008050020B00A0020000000007B22646582
:1031E000764944223A7B22736E223A222575222C9C
:1031F000224657223A222573227D2C227473223ACA
:10320000256C752C22436F6F6B223A5B0000000027
:103210000020AC40F4060020C25B010000006145C4
:103220000000484500404E452C000000246101008C
:10323000F0B5FFB0C8B00120F5F7B2FE72B6414854
:10324000406B002803D040480068002804D162B6D3
:1032500000207FB048B0F0BDF2F7B8FAC6903A4807
:103260000068C5903748476B0020364948633649A7
:10327000086062B60020C49034A20321090204A8A9
:10328000C69BF6F7FDF80446002C03DD0320000280
:10329000844200DB51E0002525E003200002001BF2
:1032A00003900398002800DC47E0C598401EA84220
:1032B00001D92EA100E02EA1E800C01900790191EA
:1032C0000090E8003B5804A800192AA20290039934
:1032D000F6F7D6F80646002E02DD0398864200DB9C
:1032E0002BE0A4196D1CC5988542D6D3A01C0321E0
:1032F0000902884200DB20E05D222046641C04A90C
:103300000A547D222046641C0A540020085520A23D
:1033100020A1214800F0B6F9214604A8FFF7E4FAFD
:10332000002800D109E01AA21CA11B4800F0AAF94C
:103330001D4908700120C49000BF3846F6F7BEFA58
:10334000C49886E7B00A0020080400207B22646548
:10335000764944223A7B22736E223A222575227DD9
:103360002C2265727243223A5B0000002C000000A0
:10337000000000007B227473223A22256C64222C08
:1033800022657272223A222564227D257300000094
:103390004F4B0000415400000000044041542B43B7
:1033A00053434C4B3D3200004D00002010B589487E
:1033B0000078042800D110BD87480068E121490148
:1033C000884202D908468449086083484068E12160
:1033D0004901884202D908467F4948607F484079C0
:1033E000002804D0012803D0022872D172E000BF67
:1033F0007A48007C002835D078480079002809D127
:10340000F2F7C8F97549C969884201DB01200CE06F
:1034100000200AE06F480078002805D1F2F7BAF9D9
:10342000002801DD012000E0002000281AD06C48AF
:103430000078002816D16B480078042812D10120AA
:103440006749087065480079002802D0012808D132
:1034500002E0FDF7EBFF04E0FFF7CAFCFCF774FFA6
:1034600000BF00BF5D48407C002809D05E4800686E
:10347000032805D35B480078042801D1FFF7D8FE64
:10348000FCF778FD002824D056480078042820D185
:103490005648007800281CD155480078002803D1F0
:1034A00054480068002814D15348006853490968FB
:1034B000401A052803D251480068002809D14E4817
:1034C00000684E490860FFF79DFB002801D0FCF71B
:1034D00043FD7CE04A4800780300F6F730F8050425
:1034E000104451647600FCF745FD002806D03D48A5
:1034F0000078042802D101204149087065E03B486A
:103500000078002807D13A480078002804D13948CB
:103510000068002800D058E037480068374909683B
:10352000401A052804D235480068002800D04CE035
:103530003148006831490860FFF764FB002808D073
:10354000FCF70AFD00202F49087002202C49087062
:1035500008E024480078042804D000202849087096
:103560002949087031E020480068002801D0FFF7A1
:103570005FFE03202249087000201949087024E0EA
:10358000F2F708F9002807DD15480078002802D175
:10359000FDF74CFF03E002E0042019490870002009
:1035A0001949087011E00D484079002807D11748E3
:1035B0000078002805D016480078002801D0FCF7D4
:1035C000FBFC00200E49087000BF00BF00BF00BF19
:1035D00000BFF0E6EE010020E00100200805002019
:1035E0001804002094040020080400209504002002
:1035F0000C04002010040020AC0000206004002017
:10360000440400208A04002089040020380500209A
:1036100039050020F8B5044617480078002800D086
:10362000F8BD12E0154E03E0701E061E00DC03E03C
:10363000F5F768FC0028F7D000BF20780090012142
:103640006846F5F7CDFC641C00BF20780028E9D15E
:103650000A4D03E0681E051E00DC03E0F5F752FC8E
:103660000028F7D000BF022105A0F5F7B9FCF9F753
:10367000D7F900BFD4E70000C904002010270000DC
:103680000D0A0000F0B5C5B00C46164600273148BB
:1036900004900020039030480078002802D00020D9
:1036A00045B0F0BD15E02D48009005E00098401EA3
:1036B0000090002800DC03E0F5F724FC0028F5D09A
:1036C00000BF20780290012102A8F5F789FC641C54
:1036D00000BF20780028E6D12048019005E001983D
:1036E000401E0190002800DC03E0F5F70BFC0028E9
:1036F000F5D000BF02211AA0F5F772FCF9F790F996
:1037000019E0F5F715FC0546681C002812D0FF2FBC
:1037100005DA38467F1C05A90D540020C855002E37
:1037200009D0314605A8EFF7B6FD002803D00120E7
:10373000039005E004E00498411E04910028E0D1C4
:1037400000BF00BFF5F7F4FB401C0028FAD1039836
:10375000C0B2A5E730750000C904002010270000A2
:103760000D0A000001460348814201D30120704741
:103770000020FCE78085746710B50446002C02D059
:10378000FAF7E0F910BD01480068FBE7AC00002043
:10379000F0B504460D4616461F462570A672E77220
:1037A00005982073002D08D100202072607A002334
:1037B0001A461946F3F7A4FD17E0012D08D10120A0
:1037C0002072607A3A463146059BF3F799FD0CE08A
:1037D000022D0AD105480068606000202072607ADE
:1037E0003A463146059BF3F78BFDF0BD9C00002067
:1037F00010B500210C20F3F75DFD67210020FAF7DA
:103800002FFF67210020FAF74BFFF7F75DFD00213E
:103810000F20F3F74FFD00210B20F3F74BFD0021A4
:103820000D20F3F747FD00210E20F3F743FDF3F7DA
:10383000E7FD002020490880C87008718870487230
:1038400088721E490880C870087188704872887232
:103850001B488078022801D1012000E0032019498B
:10386000087000204870022017490870002017498E
:10387000487000BF07E000221049491D0A540E4954
:10388000491D0A54401C0428F5DB1148F8F780F95B
:103890001048F8F77DF90020F9F74EFA0E48407904
:1038A000002801D0FCF788FB0CA20DA10F48FFF700
:1038B000E9FE0F49087010BD4A0900203E090020AA
:1038C000F4060020710100202E090020790100205B
:1038D000C0010020D0010020080500204F4B00004F
:1038E00041542B4353434C4B3D32000000000440F5
:1038F0004D00002010B504460BE0EFF78FFC006888
:103900002178405CC007C00F002801D1204610BDBF
:10391000641C20780028F0D12046F8E710B5044652
:10392000002C05D02068002802D0A068002801D013
:10393000002010BD002C10D0A068001D61688842D6
:103940000BD2A26821688818032205A1EFF7ECFCCE
:10395000002802D1A068C01CA0602046E9E7000052
:10396000EFBBBF0070B504460D462046F8F710F9CE
:1039700009480078002802D0FAF7E4F801E0074887
:1039800000686060A5810120A0730020A06001F0A4
:10399000BFFCFDF743FE70BD49000020AC000020D5
:1039A00070B505460C46002D0AD14948807A00289A
:1039B00006D121464748FFF7D5FF454804800BE074
:1039C000012D09D14448807A002805D12146434879
:1039D000FFF7C8FF40480480002D03D13C48407ADF
:1039E000002805D1012D04D13B48407A002800D0A1
:1039F00005E0394A1178364A107801F0C5FF384899
:103A0000807801281FD10320364908704C70084681
:103A10000078354908703348407848700020887035
:103A20003249098888B203222F49F1F707FD30494E
:103A30000860084600880004000E2A49C8702C4817
:103A40000078087142E02B48007800281FD101203F
:103A5000244908704C7008460078234908702148B2
:103A600040784870002088702049098888B2032275
:103A70001D49F1F7E3FC1E49086008460088000470
:103A8000000E1849C8701A48007808711EE001201D
:103A9000194908704C700846007813490870164898
:103AA00040784870002088701049098888B2032245
:103AB0000D49F1F7C3FC0E49086008460088000470
:103AC000000E0D49C8700A480078087170BD0000EA
:103AD0003E090020C00100204A090020D00100203A
:103AE000F40600207101002081010020C4040020A0
:103AF00084010020880100207901002070B505466E
:103B0000F848406900280AD0F6484069F649096833
:103B1000884204D80A20F349886000204861F148AF
:103B2000846800260A2C11DAF048407A002804D074
:103B300000210846F1F7ECF90126ED48407A00280B
:103B400004D000210120F1F7E3F90126E7480088BD
:103B5000A04204DDA1B20020FFF722FF0126E448C5
:103B60000088A04204DDA1B20120FFF719FF012661
:103B7000002E26D0DE4A1178DC4A107801F004FFCE
:103B8000DC48007800280BD1D8490988092902DCD3
:103B9000D649098800E00921C8B2F3F705FC0EE018
:103BA000D448007801280AD1D1490988092902DCC2
:103BB000CF49098800E00921C8B2F3F7F5FBF1F716
:103BC000BDFEA81E16287DD243007B449B885B0067
:103BD0009F447C004001000238027002A802E0020B
:103BE000180350038803D5030D04B2007800E800E1
:103BF0001500560478003301650478005A0400204B
:103C0000BB490880C8700871887048728872B749CB
:103C10000880C8700871887048728872B6488078C9
:103C2000022801D1012000E00320B44908700020DF
:103C300048700220B24908700020B2494870B2486A
:103C40000068B2490968401A142808D9B0480078B9
:103C5000002804D0FAF7D8FCF2F736FB01E0F7F7BA
:103C600033FB00210C20F3F725FB67210020FAF736
:103C7000F7FC67210020FAF713FD002007E000227F
:103C80009A49491D0A549A49491D0A54401C04285E
:103C9000F5DBF3F7B5FB00210B20F3F70BFB00215D
:103CA0000F20F3F707FB00210D20F3F703FB9948E2
:103CB000F7F76EFF9848F7F76BFF0020F9F73CF82D
:103CC000012000E0FDE3954908702AE28A488078E7
:103CD00002282FD18648407A002803D18348407AB1
:103CE000002800D027E0FA21C800F1F783FA00206D
:103CF0008049087001210B20F3F7DCFA00210F2026
:103D0000F3F7D8FA79488078002804D001210D20F3
:103D1000F3F7D0FA03E000210D20F3F7CBFA744A51
:103D20001178724A107801F02FFE70490878F3F785
:103D30003BFB00E000BFF1E36F48807802282FD101
:103D40006B48407A002803D16848407A002800D0A8
:103D500027E0FA21C800F1F74DFA01206549087003
:103D600001210F20F3F7A6FA00210B20F3F7A2FAA6
:103D70005F488078002804D001210D20F3F79AFADB
:103D800003E000210D20F3F795FA594A1178574ABC
:103D9000107801F0F9FD56490878F3F705FB00E0CB
:103DA00000BFBBE3FA21C800F1F724FA01210D207E
:103DB000F3F780FAF3F724FB4E48007800281BD174
:103DC0004A488078002800D003E00021084601F02E
:103DD0009DFE46488078002803D00920F8F7ACFF04
:103DE00002E00820F8F7A8FF40488078002802D0B9
:103DF000F8F7FCFF00E000BF3E48007801281BD127
:103E00003B488078002800D003E00021084601F0FC
:103E10007DFE37488078002803D00920F8F78CFF12
:103E200002E00820F8F788FF31488078002802D0A7
:103E3000F8F7DCFF00E000BF70E339480088401C61
:103E40003749088001210E20F3F734FA0520F8F7EE
:103E500073FF63E3F8F7FAFDFA21C800F1F7CAF936
:103E600024480078002803D12148407A002807D14F
:103E700020480078012804D11C48407A002800D04E
:103E8000A7E01C480078002803D11848407A002891
:103E900007D118480078012809D11548407A002830
:103EA00005D0002113480078F1F732F800E000BF98
:103EB0001048007800280BD10F488078012803D1E2
:103EC00003200E49087006E001200C49087002E04A
:103ED00001200C49087007480078002822D10749C2
:103EE000487022E008050020AC0000203E090020B8
:103EF0004A09002088010020F406002071010020FA
:103F00002E09002079010020A80000206C0100206B
:103F100070010020C0010020D0010020B701002066
:103F2000BC0100200020F8494870F84800780028BB
:103F30001BD1F7480078F7490870F5484078487079
:103F400000208870F449098888B20322F149F1F70A
:103F500075FAF2490860084600880004000EEC4932
:103F6000C870EE48007808711AE0E7480078E9491F
:103F70000870E5484078487000208870E649098854
:103F800088B20322E349F1F759FAE4490860084688
:103F900000880004000EDC49C870E0480078087111
:103FA000DA480078002805D1DD490880DD48F7F7B8
:103FB000EFFD05E00020DC490880DC48F7F7E8FD6C
:103FC000D94A1178D64A107801F0DEFC0020F3F7C8
:103FD000EBF9A3E2CD480078002803D1D248407A1B
:103FE000002807D1C9480078012804D1CC48407A7C
:103FF000002800D025E0C5480078002803D1C84833
:10400000407A002807D1C1480078012809D1C64864
:10401000407A002805D00021BC480078F0F778FFEE
:1040200000E000BF012C08DB0121B8480078FFF751
:10403000B7FC0120F3F7B8F903E00320F6F704FC1E
:1040400000BF6BE2B1480078002803D1B648407A3F
:10405000002807D1AD480078012804D1B048407A43
:10406000002800D025E0A9480078002803D1AC48FA
:10407000407A002807D1A5480078012809D1AA482C
:10408000407A002805D00021A0480078F0F740FFD2
:1040900000E000BF022C08DB02219C480078FFF7FB
:1040A0007FFC0220F3F780F903E00320F6F7CCFB56
:1040B00000BF33E295480078002803D19A48407A3F
:1040C000002807D191480078012804D19448407A0B
:1040D000002800D025E08D480078002803D19048C2
:1040E000407A002807D189480078012809D18E48F4
:1040F000407A002805D0002184480078F0F708FFB6
:1041000000E000BF032C08DB032180480078FFF7A4
:1041100047FC0320F3F748F903E00320F6F794FB8C
:1041200000BFFBE179480078002803D17E48407A3F
:10413000002807D175480078012804D17848407AD2
:10414000002800D025E071480078002803D1744889
:10415000407A002807D16D480078012809D17248BB
:10416000407A002805D0002168480078F0F7D0FE9A
:1041700000E000BF042C08DB042164480078FFF74E
:104180000FFC0420F3F710F903E00320F6F75CFBC3
:1041900000BFC3E15D480078002803D16248407A3F
:1041A000002807D159480078012804D15C48407A9A
:1041B000002800D025E055480078002803D1584851
:1041C000407A002807D151480078012809D1564883
:1041D000407A002805D000214C480078F0F798FE7E
:1041E00000E000BF052C08DB052148480078FFF7F8
:1041F000D7FB0520F3F7D8F803E00320F6F724FBFC
:1042000000BF8BE141480078002803D14648407A3E
:10421000002807D13D480078012804D14048407A61
:10422000002800D025E039480078002803D13C4818
:10423000407A002807D135480078012809D13A484A
:10424000407A002805D0002130480078F0F760FE61
:1042500000E000BF062C08DB06212C480078FFF7A1
:104260009FFB0620F3F7A0F803E00320F6F7ECFA33
:1042700000BF53E125480078002803D12A48407A3E
:10428000002807D121480078012804D12448407A29
:10429000002800D025E01D480078002803D12048E0
:1042A000407A002807D119480078012809D11E4812
:1042B000407A002805D0002114480078F0F728FE45
:1042C00000E000BF072C08DB072110480078FFF74B
:1042D00067FB0720F3F768F803E00320F6F7B4FA6A
:1042E00000BF1BE109480078002803D10E48407A3E
:1042F000002807D105480078012819D10848407ADC
:10430000002815D03AE00000790100208801002043
:104310007101002081010020C404002084010020DC
:104320003E090020C00100204A090020D0010020E1
:104330007B480078002803D17A48407A002807D1CA
:1043400077480078012809D17748407A002805D0BD
:10435000002173480078F0F7DBFD00E000BF082C77
:1043600008DB08216E480078FFF71AFB0820F3F7F6
:104370001BF803E00320F6F767FA00BFCEE06848B9
:104380000078002803D16848407A002807D16448A3
:104390000078012804D16348407A002800D025E045
:1043A0005F480078002803D15E48407A002807D192
:1043B0005B480078012809D15B48407A002805D085
:1043C000002157480078F0F7A3FD00E000BF092C5A
:1043D00008DB092152480078FFF7E2FA0920F2F7DA
:1043E000E3FF03E00320F6F72FFA00BF96E04F4803
:1043F0008078022843D14A480078002803D14A48EF
:10440000407A00283BD146480078012803D145482E
:10441000407A002833D142480078002803D141482F
:10442000407A002807D13E48007801280DD13E4847
:10443000407A002809D0FA21C800F0F7DBFE0021FD
:1044400037480078F0F764FD19E00A2C03DA0320FE
:10445000F6F7FAF962E0FA21C800F0F7CBFE012185
:104460002F480078F0F754FD3148F7F791FB3148B9
:10447000F7F78EFB0A212A480078FFF791FA4DE002
:104480000320F8F759FC49E00620F8F755FCFA211B
:10449000C800F0F7AFFE0120274908703EE0204831
:1044A0000078002803D11F488078002807D11C48D5
:1044B0000078012830D11C48807800282CD00320B7
:1044C00000E02AE0F6F7C0F915480078002811D17D
:1044D0001449C8700871887000BF04E000221149B7
:1044E000491D0A54401C0428F8DB00210D20F2F776
:1044F000E1FE11E000200C49C8700871887000BF0F
:1045000004E000220849491D0A54401C0428F8DB35
:1045100000210D20F2F7CEFE00E000BF00BF70BD0D
:10452000880100203E0900204A090020F4060020EE
:10453000C0010020D0010020B801002010B50446C1
:10454000152C54D10320F6F77FF92A48007800286B
:1045500024D12949C8700871887000BF04E0002286
:104560002549491D0A54401C0428F8DB2248407A9A
:10457000002804D01F48007801F080F905E01F4AA8
:1045800011781D4A107801F0FFF91B490878F2F7FD
:104590000BFF00210D20F2F78DFE24E000201749CB
:1045A000C8700871887000BF04E000221349491DDB
:1045B0000A54401C0428F8DB1048407A002804D034
:1045C0000C48007801F05AF905E00C4A11780A4AC3
:1045D000107801F0D9F900210D20F2F76BFE0749A0
:1045E0000878F2F7E1FE0220F8F7A6FB00E000BF32
:1045F00000BF10BD880100203E0900204A090020AC
:1046000070B50446112C10D008DC002C13D0012CFE
:104610003BD0032C43D0102C75D14BE0182C2ED05E
:10462000192C50D01A2CF7D16EE00020F8F784FB3B
:10463000F6F74AFE8CE04748007800280FD0FA21B0
:10464000C800F0F7D7FDF8F76DFA42480078002867
:1046500001D1012000E000203E4908700EE0FA215F
:10466000C800F0F7C7FD01F001F83A4800780028CB
:1046700001D1012000E000203649087068E00020E8
:10468000F8F75AFBF6F720FE62E0FA21C800F0F7CF
:10469000B1FD3149098888B201F00EFA58E0FA21DB
:1046A000C800F0F7A7FDF1F775F885B2284601F0CC
:1046B00003FA4DE0FA21C800F0F79CFD274948684D
:1046C000F8F708FA44E0FA21C800F0F793FD6721F3
:1046D0000020F9F7C5FF67210020F9F7E1FFF6F7A1
:1046E000F3FD0020F2F7CCFDF1F73AFD002803D0EE
:1046F000F4F786F9F5F7A4F800F0B8FFF0F7D4F96D
:10470000F4F77EF924E022E0FA21C800F0F772FD08
:10471000FA20F0F709FAF0F78BFFFCF70BFBF1F743
:104720000DF900250FE00120F2F7AAFDFF20F5307A
:10473000F0F7FAF90020F2F7A3FDFF20F530F0F7CB
:10474000F3F9681CC5B2022DEDDBF5F779F800BF6F
:1047500000BF70BDF10100208C040020B00A0020D1
:1047600010B50446112C0AD004DC022C2AD00E2CE1
:1047700027D14DE0142C72D0172CF9D17CE0002108
:104780000C20F2F797FD67210020F9F769FF6721F8
:104790000020F9F785FFF6F797FD00210F20F2F7CB
:1047A00089FD00210B20F2F785FD00210D20F2F795
:1047B00081FDF2F725FE0020F8F7BEFA0120354909
:1047C000087064E000203449087000210F20F2F7DF
:1047D00071FD01210B20F2F76DFD30488078002833
:1047E00004D001210D20F2F765FD03E000210D202A
:1047F000F2F760FD2A4A1178284A107801F0C4F8CF
:1048000026490878F2F7D0FD0220F8F795FA3EE045
:1048100001202149087001210F20F2F74BFD0021F2
:104820000B20F2F747FD1E488078002804D00121B4
:104830000D20F2F73FFD03E000210D20F2F73AFDD5
:10484000174A1178154A107801F09EF81449087833
:10485000F2F7AAFD0220F8F76FFA18E0FFE7114817
:104860000088401C0F49088001210E20F2F722FD2C
:104870000520F8F761FA0AE00620F8F75DFAFA2158
:10488000C800F0F7B7FC01200749087000BF00BF5F
:1048900010BD0000B7010020880100203E09002063
:1048A0004A090020BC010020B801002010B50446D0
:1048B000142C0BD10320F5F7C7FF00210E20F2F7CF
:1048C000F9FC04480078F8F737FA00E000BF00BFB1
:1048D00010BD0000EF01002070B5044620461138DD
:1048E0000300F4F72CFE080554815881816474811B
:1048F0003F480078002800D070BDFEF7A9F8FEF709
:10490000B9F8FAF71FF8002800D16EE0394880782E
:10491000002804D100F0AAFEFCF78AFE36E036A299
:1049200036A13748FEF7AEFE3648006B401C3549CD
:104930000863F8F78BF8012033490870F9F702F99A
:104940003249086001210C20F2F7B4FC304A11789A
:10495000304A107801F018F826488078022800D1F3
:1049600003E02C490878F2F71FFD224880780228DE
:1049700003D10120F8F7E0F902E00220F8F7DCF9B2
:104980000120254908700021244801722DE00320F0
:10499000F8F7D2F929E0FA21C800F0F72BFCF9F773
:1049A0008DF8054600F086FEF5F7F4FE1DE01C4884
:1049B0000078002805D101201949087001F07CF821
:1049C00004E000201649087001F076F80DE005209B
:1049D000F5F73AFFF8F744F80420F8F7ADF900F0DE
:1049E00045FEF0F761F800E000BF00BF00BF83E7BD
:1049F0005B000020F40600204F4B000041540000F3
:104A000000000440B00A0020A80100206C01002032
:104A10004A0900203E090020B6010020D8060020E7
:104A20003C00002010B50446002C02D0112C14D1FB
:104A30000BE00021084600F0A7FF72210020F9F7E3
:104A40000FFE0120F8F778F908E072210020F9F74D
:104A500007FE0120F8F770F900BF00BF00BF10BDCE
:104A600010B504461948007806282DD0012C29D00D
:104A7000112C02D0172C24D108E0FA21C800F0F73D
:104A8000B9FB13480078F8F757F91CE0FA21C80081
:104A9000F0F7B0FBF9F792F9FDF7DAFFFDF7EAFF5F
:104AA00000200C490870F9F7F5F90020F9F726FD08
:104AB00067210120F9F7F4FD05480078F8F73CF983
:104AC00001E000BF00BF00BF10BD0000EE010020EC
:104AD000EF0100204704002070B50546E81E0300E2
:104AE000F4F72DFD0F090A0B0C0D0E0F101112F724
:104AF000F7F7BBF6F70000BF00BF00BF00BF00BF65
:104B000000BF00BF00BF00BFFA21C800F0F772FB72
:104B1000EC1EC348007800282ED1C2480068022845
:104B200001D1062C13DCC048C079062805D1002C21
:104B300003D0BC480068032809D0BB48007A00288D
:104B400006DD052C04DDB7480068022800D109E025
:104B5000B548401DB34A12688454B2480068401CEE
:104B6000B0490860B048C079062837D1AD48006820
:104B7000401CAC49086031E0A948007801282DD1DB
:104B8000A8480068022801D1062C13DCA748C07988
:104B9000062805D1002C03D0A2480068032809D0BC
:104BA000A248007A002806DD052C04DD9D48006837
:104BB000022800D109E09D48401D9A4A1268845499
:104BC00098480068401C974908609848C0790628B2
:104BD00004D194480068401C9249086091480068DC
:104BE000032802DD00208F4908608D4800780028E6
:104BF00017D18D4840790A2148438B49897940185B
:104C00008949C8700846C0790A2148438649097A0B
:104C10004018854908710A461179D07800F076FF6E
:104C20001AE07F480078012816D1804840790A218F
:104C300048437E49897940187C49C8700846C07944
:104C40000A2148437949097A4018784908710A4687
:104C50001179D07800F05AFFE0E000207149086037
:104C60006F480078002843D16F4840790A214843B3
:104C70006D49897940186C49C8700846C0790A2185
:104C800048436949097A4018674908710846C0785D
:104C900000281FD10846007900281BD10878F2F7B8
:104CA00083FB6148407A002804D05D48007800F01A
:104CB000E5FD05E05D4A11785B4A107800F064FE7E
:104CC00000210D20F2F7F6FA0220F8F735F854E04B
:104CD00054E0A2E056480088401C5549088009204D
:104CE000F8F72AF8012050498870F8F77FF844E077
:104CF0004B480078012840D14C4840790A2148436C
:104D00004A49897940184949C8700846C0790A213A
:104D100048434649097A4018444908710846C07812
:104D200000281DD108460079002819D10878F2F72B
:104D30003BFB3E48407A002804D03948007800F018
:104D40009DFD05E0394A1178374A107800F01CFEC5
:104D500000210D20F2F7AEFA0220F7F7EDFF0CE08C
:104D600033480088401C324908800920F7F7E4FFE7
:104D700001202E498870F8F739F84FE000210D2006
:104D8000F2F798FA002027490860254800780028A3
:104D90001FD100BF04E000222349491D0A54401CD2
:104DA0000428F8DB20490878F2F7FEFA1E48407A1A
:104DB000002804D01A48007800F060FD05E01B4A86
:104DC0001178194A107800F0DFFD0220F7F7B4FFE0
:104DD00022E01348007801281ED1002004E00022C0
:104DE0001249491D0A54401C0428F8DB0F49087871
:104DF000F2F7DAFA0D48407A002804D00848007823
:104E000000F03CFD05E0094A1178074A107800F0EF
:104E1000BBFD0220F7F790FF00E000BF00BF70BDB0
:104E200088010020B00100203E0900204A0900202E
:104E3000BA010020F0B589B000204A4908604A490B
:104E4000098849001C2251430846F4F763FE0446D2
:104E5000002C03D14449088009B0F0BDF0F79AFC5A
:104E6000064600253CE068004049085AB04206DB8F
:104E70002046F4F723FD00203B490880ECE768005A
:104E80003A49085A301A022801DB022003E0680080
:104E90003649085A301A089000271CE0324800882A
:104EA000400030490968884200DC17E068002F4A5A
:104EB000105AC11901A8F0F72FFC2A4909681C22D1
:104EC0005143081901A9EEF7C2F926480068401CB1
:104ED000244908607F1C08988742DFDB00BF6D1CF7
:104EE000214800888542BEDB1E4800682049884270
:104EF00006DD2046F4F7E2FC00201B490880ABE702
:104F0000F0F796FB00251DE01C206843001980691E
:104F10001C216943091949691C226A4312199289A3
:104F20000092019102901C206843001983681C20A4
:104F30006843001942681C206843215C2846F0F74A
:104F400049FC6D1C074800688542DDDB05480068A8
:104F5000F0F79CFC0020044908802046F4F7AEFCE2
:104F600000BF79E7A00400209C040020000B002073
:104F70008C05000010B5044600200AE0215C3029B1
:104F800001DB392904DD3A2902D00022225403E052
:104F9000401C215C0029F1D100BF2046EEF7A6F9A4
:104FA000082801D90020207210BD70B504460E46B5
:104FB0001546002C01D0002D00D170BD002E02D16D
:104FC00000202070F9E76A1E31462046EEF777F997
:104FD0000021681E215400BFEFE700B50A4683B0E8
:104FE00000210091019101466846EFF700F901990F
:104FF000009803B000BD000030B58FB01FA10DA810
:10500000F1F712F90E98002803D1214908700FB06A
:1050100030BD1F48007800282DD108A8007D002849
:1050200029D0F0F7D3FB044623461AA20B210AA885
:10503000F4F726FA05462B46174A242101A8F4F76F
:105040001FFA01A8FEF7E6FA14A20AA91448FEF70F
:1050500019FB2B46134A242101A8F4F711FA01A8E1
:10506000FEF7D8FA0DA20AA90D48FEF70BFB0120A6
:105070000749087000BF00BFC9E7000041542B4337
:105080004D515454434F4E4E4543543F0000000091
:105090004604002025750000EE5B01004F4B000028
:1050A00000100040075C010001604860704700008C
:1050B00000200349087003480068034908607047EE
:1050C000910100209C0000209401002010B51E4892
:1050D0000078002837D11D480068002833D01C48CC
:1050E00000681A4909681B4A8918884205D218487D
:1050F000006816490968884225D2012012490870C3
:10510000FA21C800F0F776F813480078002803D198
:105110001248407A002807D10F480078012808D1AA
:105120000F48407A002804D00B48007800F0A6FB16
:1051300005E00B4A1178094A107800F025FC09486F
:105140000078F7F7F9FD10BD9101002094010020CF
:105150009C000020C4090000880100203E090020B6
:105160004A090020EF01002010B5064806490978D9
:10517000445C0548007800F023F803490870204695
:1051800010BD00005E0100206701002070B50446DC
:105190000848007800F014F8054607480078854272
:1051A00000D170BD05480349097844540148057091
:1051B00000BFF6E766010020670100205E010020C5
:1051C0000246511CC817400F4018C010C000081AF2
:1051D000C0B2704770B505462846EEF787F804461A
:1051E00010E0611E685C0D2805D00A2803D0202835
:1051F00001D0092804D10022611E6A54641E00E017
:1052000002E000BF002CECD100BF70BDF0B591B042
:10521000F0F7C0FA10901098002803DC0020014637
:1052200011B0F0BD002109A8F0F776FA0A980890AD
:105230000B9E00242546012715E0394601A8F0F70A
:105240006BFA0298B04204DC0398B0420ADD039E78
:1052500008E031460898FDF7CBFC04194D4102984F
:105260000890039E7F1C10988742E6DB3146089821
:10527000FDF7BEFC04194D4120462946D0E7000049
:1052800010B517480078002828D016480078002864
:1052900024D1F7F7E5FBF6F717F862210220F9F7BA
:1052A000FFF90120104908700020104908601048DB
:1052B00000681049086010A0FEF7ACF90FA0FEF7D7
:1052C000A9F9FDF7C5FBFDF7D5FB00200E490870D5
:1052D00001200E49087000200149087010BD00002F
:1052E0005A000020EE0100205B0000203C0100205D
:1052F0009C000020400100204154000041542B43F9
:10530000524553455400000047040020820000200D
:1053100010B5F8F77BFC044621461348F7F78EF9E1
:105320001249086008460068E1214901884202D913
:1053300008460E4908600E48807802280FD12146A1
:105340000C48F7F77BF90949486008464068E121B5
:105350004901884206D908460449486002E0002015
:105360000249486010BD0000C0010020E00100209B
:10537000F4060020D00100200020034908700348F3
:105380000068034908607047800000209C000020EE
:105390003400002030B541480468414800780228B4
:1053A00030D13F484068201AFF212D31884234D344
:1053B0003B484460007A002801D1012000E0002031
:1053C000374908720D462D7A002D02D00D462D7BEF
:1053D00000E000252B46324D2D7A002D02D0304DB5
:1053E000ED7A00E000252A462D4D2D7A002D02D0C1
:1053F0002B4DAD7A00E000252946294D687AF1F75A
:105400007FFF0AE026480078012806D1244D2B7B37
:10541000EA7AA97A687AF1F773FF224800780228BD
:1054200030D120484068201AFF212D31884234D3E2
:105430001C484460007A002801D1012000E00020CF
:10544000184908720D462D7A002D02D00D462D7B8D
:1054500000E000252B46134D2D7A002D02D0114D72
:10546000ED7A00E000252A460E4D2D7A002D02D05F
:105470000C4DAD7A00E0002529460A4D687AF1F717
:105480003FFF0AE007480078012806D1054D2B7B35
:10549000EA7AA97A687AF1F733FF30BD9C000020E0
:1054A00000070020BC00002010B50F48007800283D
:1054B00019D10E480068002815D00D4800680B4926
:1054C00009680C4A8918884205D2094800680749CA
:1054D0000968884207D20120034908700648F8F796
:1054E000C9F8F7F713FF10BD80000020340000203A
:1054F0009C000020A86100006006002070B50446F2
:105500000025002C02D02068002800D170BDA168C1
:10551000206845182846EDF7E9FEA1684018A0600C
:1055200000BFF3E7F7B586B01546002400260698BD
:10553000059000200490039002900190079905982F
:10554000081A062800DA88E00598801CFBF786FC1C
:10555000064637208002864203D34148864200D85F
:105560007BE01B20C00286422CD33E48864229D8CD
:105570000598871D002000900C2002900798C01B02
:10558000062800DA69E038785C2802D17878752836
:1055900000D062E0B81CFBF761FC00903721890263
:1055A0000098884203D32E490098884200D954E0DD
:1055B000B005000B00998905890D084301210904F4
:1055C000441802E0062002903446802C02D20120CA
:1055D00004901AE00120C002844204D20220049008
:1055E000C020019011E001200004844204D2032075
:1055F0000490E020019008E01B48844204D8042075
:105600000490F020019000E027E00498401EC0B212
:1056100003900CE0204680210843BF2108402A68FF
:1056200003995054A4090398401EC0B203900398F4
:105630000028EFDC0498012804DD01982043296844
:10564000087003E06006400E296808702968049815
:1056500008182860029809B0F0BD0020FBE70000A0
:10566000FFDF0000FFDB0000FFFF10000E48417964
:105670000E480F4A1278920081500B4881790B48EE
:105680000B4A5278920081500748C1780748084A6F
:105690009278920081500448C1790448044AD27833
:1056A0009200815070470000875B010018A0054000
:1056B000945B0100FEB5064666480290664D304692
:1056C0000299EEF77DFC01D2002418E0294630460D
:1056D000EEF780FC01D2614C11E028460299EEF70A
:1056E00093F9019030460299EEF78EF900900199F6
:1056F000EEF7CFF907465949EEF78EF904465749B8
:105700002046EEF75DFC21D855492046EEF762FCB5
:105710001CD8544801785448544A12789200815059
:10572000504801785048514A5278920081504D4873
:1057300001784D484D4A927892008150494801784D
:1057400049484A4AD2789200815082E04449204632
:10575000EEF736FC20D846492046EEF73BFC1BD836
:1057600000214148414A1278920081503D48017819
:105770003D483E4A5278920081503A4801783A4872
:105780003A4A927892008150364801783648374A32
:10579000D278920081505CE035492046EEF710FC4B
:1057A0001DD834492046EEF715FC18D800212E48A4
:1057B0002E4A1278920081502C4A527892008150E1
:1057C000284801782848294A927892008150254833
:1057D00001782548254AD2789200815039E0254940
:1057E0002046EEF7EDFB1AD800212046EEF7F2FB3B
:1057F00015D800211C481D4A1278920081501B4A7E
:10580000527892008150194A92789200815015483E
:1058100001781548154AD2789200815019E016484F
:10582000C1781148114A12789200815012480179CA
:105830000D480E4A5278920081500F4801790A486B
:105840000A4A9278920081500021084A52789200C8
:105850008150FEBD66662640000060400000C842E0
:10586000000096427C5B010018A00540945B01009B
:10587000000048420000C841875B010010B50446A3
:105880000A20F1F791FD002C02D0012C31D117E054
:105890001948417819481A4A1278920081501648DE
:1058A00001781648164A5278920081500021144A15
:1058B000927892008150124AD2789200815018E07A
:1058C00000210E480E4A1278920081500C4A5278FC
:1058D00092008150084841780848094A927892001D
:1058E0008150054801780548054AD27892008150D8
:1058F00000BF00BF10BD00007C5B010018A0054088
:10590000945B010000220C490C4B1B789B00CA5091
:105910000B49CA780849094B5B789B00CA50094972
:105920000A5C0549054B9B789B00CA500022034B3B
:10593000DB789B00CA50704718A00540945B0100BB
:10594000875B01007C5B01000C480078042800D1D3
:10595000704740210A480B4A127892008150094A48
:10596000527892008150074A927892008150054AFD
:10597000D2789200815000BFEAE70000EE010020DB
:1059800018A00540945B010010B5444A927A002AA1
:105990000CD0434AD378434A434C2478A400135193
:1059A0000023414C6478A400135129E00A280ED149
:1059B0003E4A53783B4A3C4C2478A40013513B4A5E
:1059C0001378384A384C6478A400135118E00A2937
:1059D0000AD10023334A344C2478A4001351324CAA
:1059E0006478A40013510BE0304A135C2D4A2E4C0E
:1059F0002478A400135100232B4C6478A400135185
:105A00002B4A9278022A3DD12A4A927A002A0DD056
:105A10000023244A244CA478A4001351204AD378AC
:105A2000204A214CE478A400135135E00A290ED114
:105A30001E4A53781B4A1C4CA478A40013511B4ADD
:105A40001378184A184CE478A400135124E00A286B
:105A50000AD10023134A144CA478A4001351124C09
:105A6000E478A400135117E000230E4A0E4CA478EA
:105A7000A40013510D4A535C0A4A0B4CE478A4006D
:105A8000135109E00023074A074CA478A4001351DE
:105A9000054CE478A400135110BD00003E0900201D
:105AA000875B010018A00540945B01007C5B01004E
:105AB000F40600204A090020F8B507467D26F600C6
:105AC000002518E031463846EDF76EFB0446092CF8
:105AD00000DD12E00A48015D0A480B4A525D92005F
:105AE000815020467043381A87B20A213046EDF7BC
:105AF0005BFB06466D1C042DE4DB00BFF8BD000017
:105B00007C5B010018A00540945B01007FB5054651
:105B10000C460A212846EDF747FB00900A2128464B
:105B2000EDF742FB01910A212046EDF73DFB029083
:105B30000A212046EDF738FB039100200AE081009E
:105B40006A4651580A4A525C0A490B4B1B5C9B003F
:105B5000CA50401C0428F2DB05490198085C8021EA
:105B600008430449044A5278920088507FBD0000DF
:105B70007C5B010018A00540945B01003F065B4F71
:105B8000666D7D277F6F805E3F37795077783973F8
:105B90006E3D6D76090803026D6E37396E37390038
:105BA0003739005E39005E3F005E3F375E3F377930
:105BB0002C0190015802BC0284034C041405DC053E
:105BC000400600002C0190015802BC0284034C04E2
:105BD0001405DC054006000000002C019001F401D2
:105BE0005802BC0220035C03AC03E8037206415474
:105BF0002B434D515454535542544F5049433D301B
:105C00002C25642C310D0041542B434D51545453D9
:105C100055423D302C25642C310D00005802000007
:105C2000000100000A000000805101000101010094
:105C30000000000000000000020000000000000062
:105C4000A40E002000000000A40E00201F00000091
:105C50001C0000001F0000001E0000001F000000CC
:105C60001E0000001F0000001F0000001E000000BA
:105C70001F0000001E0000001F000000FC0F00209D
:105C80000000000000000000000000000000000014
:105C90000000000000000000000000000000000004
:105CA00000000000000000000000000000000000F4
:105CB00000000000000000000000000000000000E4
:105CC00000000000000000000000000000000000D4
:105CD00000000000000000000000000000000000C4
:105CE00000000000000000000000000000000000B4
:105CF00000000000000000000000000000000000A4
:105D00000000000000000000000000000000000093
:105D10000000000080640100012401000000000078
:105D20008C6401005D270100000000007464010024
:105D3000B5260100000000000865010031230100C4
:105D400000000000486401009525010000000000EB
:105D500018650100A124010000000000E0640100BA
:105D6000E127010000000000F46401004128010067
:105D700000000000586401009528010000000000A8
:105D8000A06401002126010000000000C46401009D
:105D9000ADEB000000000000D0640100ADEB00009E
:105DA00000000000B064010031EB000000000000C2
:105DB000FFFFFFFF0000000000000000046501007D
:105DC00081BD00006464010061BC00000065010049
:105DD00091C000006C64010091BE0000BC64010031
:105DE00055C100009C64010071C00000DC6401002A
:105DF0004DC0000070640100F9C00000C0640100E3
:105E000021C10000414141414141414141414141A4
:105E10002D2D2D4141411818181818181818181848
:105E20001818181800000B4000200B4000400B40D1
:105E300000600B40000000000000000003020200B0
:105E40000200004000800101010101030010040074
:105E500008000101010C02030000044003001000CF
:105E60000600030020000600004040404040404043
:105E7000404041414141414040404040404040401D
:105E800040404040404040404005020202020202C1
:105E90000202020202020202022020202020202010
:105EA0002020200202020202020290909090909024
:105EB00010101010101010101010101010101010E2
:105EC0001010101002020202020288888888888856
:105ED0000808080808080808080808080808080842
:105EE000080808080202020240000000695E010082
:105EF00045524153452046554E430000434F4F4BBA
:105F00002046554E43000000544553542046554EFC
:105F10004300000062726964676520554152542055
:105F2000746F20434C4900002D6E20207072696E02
:105F3000742063757272656E7420636F6F6B696E27
:105F4000672073657373696F6E20636F756E74205D
:105F500073746F72656420696E20454550524F4DD1
:105F600000000000436F6D6D756E6963617465209C
:105F7000776974682047534D000000007267620023
:105F80006C65640072656400627269646765000034
:105F90002D6D20207072696E74206D6178206E7591
:105FA0006D626572206F6620636F6F6B696E67202C
:105FB00073657373696F6E7320666C6173682063B9
:105FC000616E2073746F7265000000002D702020D8
:105FD0007072696E7420636F6F6B696E6720626C9C
:105FE0006F636B7320616E6420636F6E6669726DA0
:105FF0002065726173650000657261736500000061
:106000006F66660037736567000000002D64203CF2
:106010004E3E20207772697465204E207265616C57
:1060200069737469632064756D6D7920636F6F6B3C
:10603000696E672073657373696F6E7320746F2068
:10604000666C617368000000636F6F6B0000000096
:106050005B2D623C302E2E36343E5D2073657420FD
:106060006272696768746E657373206C6576656CBF
:106070000000000067736D006E756D002D723C307E
:106080002E2E31353E203C2D307C2D313E20726548
:1060900064206C6564202D30206F6666202D3120D1
:1060A0006F6E00005B737769746368206C656420B1
:1060B0006F6E00002D703C307C313E70756C7365E6
:1060C0002074686520706F7765722070696E2E206D
:1060D000303A322E355320746F20706F77657220FE
:1060E0006F66662C20313A35306D5320746F207006
:1060F0006F776572206F6E006F6E00002D633C300D
:106100007C313E205B5B727C677C625D5D207365E9
:106110007420524742206C656420636F6C6F757207
:10612000000000007B2270616E223A222563222C3F
:10613000226F6E54223A256C642C226F66665422BC
:106140003A256C642C22707772223A25752C2270C5
:10615000777243223A252E32662C225067223A2546
:106160002E32667D25730000436F6F6B696E67206A
:1061700073657373696F6E20666C617368207374E6
:106180006F7261676520636F6D6D616E647300008F
:10619000726561642074686520737461747573003E
:1061A00073746174757300006272696768740000CB
:1061B0007072696E7400000072756E206C656420E8
:1061C0006379636C6520746573740000746573741F
:1061D000000000006D6178004D616E6970756C6142
:1061E0007465204C45447320616E642037205365EC
:1061F0006720446973706C61790000002D733C5B0B
:10620000302E2E395D5B2E5D5B302E2E395D5B2E80
:106210007C3A5D5B302E2E395D5B2E5D5B302E2E21
:10622000395D5B2E5D3E20446973706C6179206E30
:10623000756D626572206F6E2037207365676D65BE
:106240006E7420646973706C6179000064756D6DA3
:106250007900000041542B48545450504152413D64
:10626000225553455244415441222C22582D41502D
:10627000492D4B65793A20736B646A6633383475FF
:10628000726A39333475723339687233383433385B
:106290003475687233383479333965756877727755
:1062A0007266397738347279683338343338343336
:1062B00068723379716F64666B6A33393338377259
:1062C000673472220000000041542B434D51545456
:1062D000434F4E4E4543543D302C227463703A2F49
:1062E0002F61336236736F63667164747071342D1D
:1062F0006174732E696F742E61702D736F7574687D
:10630000656173742D312E616D617A6F6E61777383
:106310002E636F6D3A38383833222C25642C25646F
:10632000000000007B226465764944223A7B227398
:106330006E223A222575222C224657223A222573B4
:10634000222C227074223A222575222C226D63227F
:106350003A222575222C22736964223A222573225F
:106360002C226C6F63223A222573227D2C227473B7
:10637000223A256C752C2273746174223A7B224276
:10638000617456223A222573222C2253544C223A0D
:10639000222573222C22737476636E74223A22258E
:1063A00073227D7D000000007B22646576494422D3
:1063B0003A7B22736E223A222575222C22465722DE
:1063C0003A222573227D2C227473223A256C752C77
:1063D00022436F6F6B416767223A7B22636F756E52
:1063E00074223A25642C2261766750777257223ADC
:1063F000252E32662C22746F74616C536563732290
:106400003A256C6C752C2270777243223A252E3215
:10641000662C2250675768223A252E32667D7D0011
:106420002B46534C533A2046494C45533A0D0A00EB
:1064300065436F6F6B335F4F54415F544553543125
:106440002E686578000000006D657461496E7465A2
:106450007276616C5300000073656E644D65746103
:1064600000000000666F7461000000006C620000B4
:10647000726400007061796C6F61644D6F646500D7
:106480006B656570416C69766500000070657273BC
:10649000697374656E74466C616700007067000014
:1064A0006E756D436F6F6B426C6F636B0000000025
:1064B0006475726174696F6E00000000736F000094
:1064C000727000006D6178506F7765720000000097
:1064D0006D61785F706F7765720000006D7200000B
:1064E00073656E64436F6F6B696E67536573736931
:1064F0006F6E730073656E644572726F7273000025
:106500007075000066770000636F6E6E5374726181
:1065100074656779000000006D657461467265718D
:10652000487A0000446501001000002008060000C1
:106530006E4800009466010018060020B039000083
:10654000789B000001189AFF0101257A01050125B9
:10655000695809206409115459131204180F0401D1
:1065600004020403040404050407040601150106DB
:10657000050530120501050205030504050506079A
:10658000060203041832302A213B293C89053203D4
:106590003206220C5B080803112930014002571310
:1065A000F24C0A41528814805F0114D861012329FA
:1065B000EC1A840C147C600132721A04081AFC185C
:1065C0004273190C1AA40432305AF80C32311A7C76
:1065D000301AFC0C32631ACC2C1AB80432741AA884
:1065E000081A5018023F621A74441A6464239DE129
:1065F00014D464011AB41032701AA0605A909C1A14
:1066000088201A1404296C29841A080C29842A4821
:10661000C04A5E9C1AF8141AF00C024B6529601AE5
:106620006870412AD4901964326D1A78181A280CAF
:10663000326E1AB0181ACC0C29B4144C62012A0C10
:10664000D0017B139009024C20021B055202000965
:10665000106F6E6F6D6F6E646F022701E928120173
:106660000342FFFF2A589D195B320A148051018BA7
:1066700001016849B861143064011A200401510411
:106680001087930323159B23BD981BDD299001439D
:04669000022B7D005C
:04000005000030C106
:00000001FF
