:020000040000FA
:10300000D03F0020C130000059740000516300001F
:10301000FFFFFFFFFFFFFFFFFFFFFFFFFFFFFFFFC0
:10302000FFFFFFFFFFFFFFFFFFFFFFFFE97600004D
:10303000FFFFFFFFFFFFFFFF85740000C97800005E
:1030400035310000C5750000353100003531000014
:103050003531000035310000FF55000035310000EA
:10306000714900003531000035310000617B0000FE
:10307000B15E0000357600003531000035310000CA
:1030800035310000494B0000ED4C00009D6400000C
:103090007D6700003531000035310000353100001A
:1030A00031910000B18D0000353100003531000054
:1030B00035310000C17100003531000035310000AC
:1030C0001D4880471D4880471D4800471D4801692D
:1030D000002908D14169002905D18169002902D15F
:1030E000C169002909D01848C1680901090D0029E2
:1030F0000ED005290CD006290AD0BFF34F8F1348F4
:103100001349016013491248C860BFF34F8FFEE7AF
:103110000E4801680E48884200D070470E480F499B
:1031200001600A480E4901607047FEE7FEE7FEE7CE
:10313000FEE7FEE7FEE70000CD300000CD7800009E
:1031400065310000000308408001084000000020B5
:103150000400FA0500ED00E00081084001000000D5
:10316000000000000448854601F07EF90048004751
:10317000E9EE0000C046C046D03F002030B50B4607
:10318000014600202022012409E00D46D5409D4241
:1031900005D31D469540491B2546954040191546C7
:1031A000521E002DF1DC30BD70B5002425460028EC
:1031B00001DA01244042002901DA01254942FFF7E2
:1031C000DDFFAC4200D04042002C00D0494270BD2F
:1031D000F8B500242546002904DA0E460124002112
:1031E0004042B141002B04DA1E4600235242012521
:1031F000B34100F0F9FE8C4617461E46AC4203D0A0
:10320000002540428D41AC46002C02D0002657429A
:103210009E4161463A46334601B0F0BD00487047D2
:10322000D85E010010B50446FFF7F8FF0068005DA6
:10323000C007C00F10BD01466139192900D82038D8
:10324000704701464139192900D82030704703469C
:103250000B439B0703D009E008C9121F08C0042ACA
:10326000FAD203E00B780370401C491C521EF9D2BD
:103270007047D2B201E00270401C491EFBD2704779
:103280000022F6E710B513460A4604461946FFF732
:10329000F0FF204610BD30B505462A460B46107893
:1032A0001C78521C5B1C002801D0A042F7D0002CD7
:1032B00003D0002802D06D1CEFE7284630BD10B5C2
:1032C000044605E00B780370401C002B00D0491C1D
:1032D000521EF7D2204610BDCAB2401E4178401C93
:1032E0008A4202D00029F9D100207047421C01789F
:1032F000401C0029FBD1801A704710B5002200E065
:10330000521C835C8C5CA34201D1002BF8D1D8B253
:10331000E1B2401A10BD03460A780270401C491CF5
:10332000002AF9D11846704730B5054600200346FB
:1033300000E05B1C934205D2EC5CC85C201A01D112
:10334000002CF6D130BD10B508E00A4602E0A342D9
:1033500008D0521C1378002BF9D1401C0478002CA3
:10336000F3D1002010BD00000FB400B58DB009905E
:103370000B9010A900200091C0430A9000200C90EF
:1033800006480690064807906A4609A80F9900F07B
:10339000E1FE0DB008BC04B0184700007541000004
:1033A00095410000FFB50027FF4383B000205C6813
:1033B00001909E681D46A9697F1C0498884700906B
:1033C000296A88470028F6D10098401C0CD00320B9
:1033D00040028443002E19DD600614D500982B2886
:1033E00009D02D280FD103E00020C04307B0F0BD65
:1033F000012080020443A9697F1C04988847761E37
:103400000090002E02DD0098302803D00598002897
:1034100025D035E0012040020443A969761E7F1CB7
:10342000049888470090002E03DD782805D058289E
:1034300003D00598002810D022E00598002801D07C
:1034400010281DD1012040028443A969761E7F1CEB
:10345000049888470090102002E0082000E00A202D
:1034600005900DE0012149020C43059A0199761E51
:10347000514308180190A9697F1C0498884700905F
:10348000002E05DD0599009800F04FFE0028E9DACE
:10349000E96904988847A00502D40120C043A5E744
:1034A000E00722D1600611D56005019800D54042A1
:1034B00029680A1D2A600968220501D5087014E0F0
:1034C000220701D5088010E008600EE02868011D81
:1034D00029600068210502D50199017005E02107E6
:1034E000019901D5018000E0016038467EE7FFB513
:1034F000002083B000905068019091691446002626
:1035000097680498884705460C990698084305D0A3
:1035100009E0A169761C049888470546216A284677
:1035200088470028F5D1681C03D00198C00704D053
:1035300017E00020C04307B0F0BD2068011D2160E6
:10354000006800900DE00198C00704D10098057054
:103550000098401C0090A169761C7F1E0498884743
:103560000546002F1CDD681C1AD0069800280FD0D5
:10357000E817C00E401941118A00069940095118F8
:1035800040012A1A0968012090400142DBD107E07E
:103590000C980028D7D1216A284688470028D2D025
:1035A000E169049888470C98002807D1002E05DDB2
:1035B0000198C00702D1009800210170A068B842AC
:1035C00004DD0C98002804D0002F02D00120C04355
:1035D000B1E73046AFE70000FFB5087889B015467F
:1035E000FF2805D0491C2D2804D00022002407E024
:1035F00000240BE00122F9E70A235C430419491C6B
:103600000878FF28F8D1002A00D0644200200490F6
:103610002A7801462D2A01D02B2A0FD16D1C2D2A84
:1036200002D00022049209E00122FBE700260A22D0
:1036300033466D1C00F008FD381871412F78FF2FBC
:10364000F4D10C9AA218069202460A4304D0FF2332
:10365000069A9133DA4205DA002109980A4606C033
:103660000DB0F0BD0024B74AB54D2646079200F0D4
:10367000CDFE029006980391002801DA474200E04F
:10368000074639050020AF4A001C514101910090C6
:1036900012E0F80707D022462B463046079900F083
:1036A000EBFA0646079122462B461046194600F0D3
:1036B000E3FA04460D467F10002FEAD10698019BDD
:1036C0000028009A0399029806DA00F03DFB324682
:1036D000079B00F039FB05E000F0CEFA3246079B6D
:1036E00000F0CAFA049A002A02D00122D2075140FF
:1036F000099A03C2B4E7FFB591B0002009900025F4
:10370000ED432E209E685C681F460190B9696D1CD0
:10371000129888470090396A88470028F6D10098A7
:10372000401C0AD00D20C0018443002E12DD0098F9
:103730002B2809D02D280DD103E00020C04315B05F
:10374000F0BD012080020443B9696D1C12988847BE
:10375000761E009003A9600501D52D2000E02B20E6
:103760006A461073491C0CA80F9102900AE0B969CF
:103770006D1C129888470090012040020443139862
:10378000761E0560002E02DD00983028EFD00199EA
:103790000098884246D18020044308E00998401EE2
:1037A00009900120400204431399681C0860B9691C
:1037B0006D1C761E1298884700903028EED031E0BC
:1037C0000199884205D1200603D480200443761E47
:1037D0001EE0009806F098FA002826D0012040024A
:1037E000044307A90F980331761E88420BD2009834
:1037F0000F99303808700F98401C0F90200607D59D
:103800000998401E03E0200602D40998401C099044
:10381000A00502D51399681C0860B9696D1C12983F
:1038200088470090002ECBDC59E0002E57DD009831
:10383000652801D0452852D1A00550D503200002AB
:103840008443B9696D1C761E129888470090002E3B
:103850000CDD2B2804D02D2808D1FF200130044393
:10386000B9696D1C12988847761E0090E00501D555
:103870002D2100E02B21029801700298401C02903B
:10388000019025E00120400204430EA90298013175
:10389000761E88420ED20098029930380006000E3B
:1038A000087003D10299019881420AD90298401CFC
:1038B000029006E0E00501D5234801E0224840429D
:1038C0000990B9696D1C129888470090139805609B
:1038D000002E04DD009806F017FA0028D2D1F9690D
:1038E000129888470F99FF200870029903AA087060
:1038F00000200A900B900CA90AA8099BFFF76CFE08
:10390000A00502D40120C04319E72420044209D0B5
:10391000E00713D138680B9A0A99031D3B600068D1
:1039200006C00BE00B990A9800F02EFB0146E00759
:1039300004D13868021D3A60006801602846FEE63E
:10394000000014400000F03FF1D8FFFF70B50646BC
:1039500005F084FF046805460A220021304600F085
:103960007DFC2C6070BDF8B502464A40D40F420081
:103970004B0052085B089A4202D2024608461146A2
:103980004A0023D0C30D4A00DDB2120EAD1A202D1D
:1039900035DA49020126490AF6058A19002C00D0B9
:1039A000524220214F1B1146B9402A411018C20D26
:1039B0009A4221D0002C17D0012D08DCDA05801A9C
:1039C000D20F8019D207DBB200F088FCF8BDDA050F
:1039D000801A012340001B06C01880185A42801824
:1039E000CA0F1043490007E04908C2071143DA052E
:1039F000801A80194008801800F068FCF8BD61004A
:103A00000122511A001BF7E70122D2075140AAE711
:103A10000122D2075040A6E7024670B54A40D30FB4
:103A2000DB0740002DD04A002AD0010E140E000200
:103A300012020919400A520A8418E5010446544347
:103A4000000A120A2E045043A4194219200CC5433F
:103A5000AA18120C0125AD03521C521912047F3909
:103A6000240400D0521C104301D44000491EC2B2AD
:103A70000C06C0092018401C4008802A02D003E030
:103A8000002070BD40084000002900DA00201843E3
:103A900070BD70B502464A40D50F40004A00ED07A0
:103AA00040085208002814D0002A12D0C40DD30DAB
:103AB00041020120C0055202490A520AE41A0918BB
:103AC00012187D34914201D3641C00E04900002C9F
:103AD00001DA002070BD0023914201D3891A03430B
:103AE000400849000028F7D100290AD0914202D1AC
:103AF0000121C90705E0914201D2012101E0012124
:103B0000C943E005C018401900F0E0FB70BD00009B
:103B1000F0B507460846584087B0C00F04904800EB
:103B20000E46590040084908BC1A884105D238465B
:103B300031461E4617460B460246580040081043C1
:103B40004DD0300D039040055900400D490D0590B2
:103B5000401A0290402873DA18030121000B09056E
:103B60000843019004980092002806D01146019A5B
:103B700049420020904100910190029840210A1A88
:103B80000199009800F09DFA05460C466B4607CB5C
:103B900000F0B8FAC0197141039A0E0D0023D7172F
:103BA00056401A467A40164344D0049A002A2DD033
:103BB000029A012A039A15DC1205C01A91410126C6
:103BC0003605001C7141D20F059ED2070093019269
:103BD00002962A46234600F0C7FB07B0F0BD3846E0
:103BE0003146FAE71605234A0F46B218C01AB74104
:103BF00001210905001C4F4100187F41114618188A
:103C00007941E20F10436D19644113E0E2076D083A
:103C100015436408C2071443039A01261205C01A0B
:103C200091413605001C7141CE07400830434908D8
:103C3000C01851412A46234600F089FBCDE7FFE733
:103C4000049801224000C117121A00238B410498E6
:103C50003146C417381AA141EEE730B40124E40715
:103C6000634030BC54E730B40124E407614030BC09
:103C70004EE700000000E0FFF0B51FB488B00B99DC
:103C80000998002448400999C00F49004908099142
:103C9000C0070B990090490049080B9109990898B1
:103CA000A64608431CD00B990A98084318D00998D7
:103CB00001244000420D4800410D099824050003ED
:103CC000000B204309900B980003000B20430B903E
:103CD00050181C494018002201901446104605E077
:103CE000002001460DB0F0BD032801DA034600E0D4
:103CF00003239C46C11A0AAE0AE05F0008ADED5BE3
:103D00004F00F75B7D430027AA187C41491C5B1ECE
:103D10006145F2DD410004AB5A522104120C0A4302
:103D2000240C401C0828DFDB0198029000997046A3
:103D300001910090059B049A0799069800F014FBE6
:103D4000D0E700000DFCFFFFF0B50C465C4085B0ED
:103D5000E40FE40703944C000026640859009446DD
:103D6000490802460296224321D062460A431ED0E9
:103D70006200570D4A000E032303550D012402462D
:103D80002C492405781B1B0B360B40182343264374
:103D9000614600901C46501AB44103D30098401C61
:103DA000009002E0921800985B41002803DA00209E
:103DB000014605B0F0BD00200121090507468646F1
:103DC00011E064461D46141BB54106D36546521BDF
:103DD000B341744607430C43A646CD074008490843
:103DE000284392185B4105460D43EAD1104618431B
:103DF00013D06046194650407140084306D06046D3
:103E0000101AB34106D20122002306E0002201234A
:103E1000DB0702E00122D2435310009874460105EB
:103E2000381C6141029C039D0019694100F08FFA22
:103E3000BFE70000FD030000C217C10F504010B5DE
:103E40004018CA079623002100F048FA10BD10B5AB
:103E500000229623114600F041FA10BD0EB5C2179C
:103E6000C10F5040CA0740180021054B0293019230
:103E700000910A460B4600F077FA03B000BD00003F
:103E8000330400000EB505490291002100910A4655
:103E90000B46019100F068FA03B000BD3304000046
:103EA000410040020122400AD205090E80187F29F4
:103EB00001DA00207047962903DC9622511AC84087
:103EC000704796398840704770B5CD0F4A00090396
:103ED0000123090B1B0519430B4BED070024520D61
:103EE0009A4201DA002070BD074B34339A4203DC5A
:103EF0009A1A00F0F6F802E00449511888402C4361
:103F0000F1D0404270BD0000FF030000CDFBFFFF79
:103F1000C20FD207400040080BD0C10D0723DB01C0
:103F2000C91840020905400A1143C208400711435D
:103F3000704700200146704710B5002904DB0124BA
:103F4000E40740428C412146002B04DB1C46012340
:103F5000DB075242A3418B4200D1824210BD0000D8
:103F600010B5002904DB0124E40740428C412146BE
:103F7000002B04DB1C460123DB075242A34199427C
:103F800000D1904210BD0000CB0FDB07490010B5F7
:103F9000490802460A4307D00A0D07240903E40131
:103FA000090B121B002A01DC002010BDC900440FC0
:103FB0000C43C100E018D205801800F087F910BD4D
:103FC0000122D207002800DB101A002900DB511A59
:103FD000814270470122D207002800DB101A002915
:103FE00000DB511A88427047F0B51FB40646002026
:103FF00082B005464024019100901BE001992246C1
:104000000F46304600F06DF8049A059B801A9941DE
:1040100010D310461946224600F053F8361A8F4145
:104020000197224601200021009F00F04AF838182D
:104030004D4100902046641E0028DFDC019B009863
:104040002946324607B0F0BDF0B51FB486B0002057
:104050000090019002900698069980B2049007980B
:10406000090C02040014114307900027089D0998C9
:1040700006913E463C4603900398A9B20204000C08
:10408000039004982D0C154348430021224600F06C
:1040900018F8C719714110340E46402CECDB384635
:1040A000029A00F00EF8009A019B80180090594186
:1040B00002980191103002904028CCDB00980BB0A0
:1040C000F0BD10B5202A04DB0146203A91400020C3
:1040D00010BD914020239C1A0346E34019439040B1
:1040E00010BD10B5202A04DB0846203AD04000213C
:1040F00010BD0B46D340D0402024A21A9140084363
:10410000194610BD10B5202A06DBCB170846203A09
:104110001041C1170B4306E00B461341D040202449
:10412000A21A91400843194610BD3A2800D23038EF
:10413000202302469A43412A01D310463738884249
:1041400001D30020C0437047026813785118016002
:104150001846704710B5D160044951610449116295
:1041600000211161114600F091F910BD4941000094
:10417000253200004268002A08D001680B78491CEB
:10418000002B03D0521E06C0184670470121C160A3
:10419000881E70474268002A0BD0C3680168002B54
:1041A00007D183688B4204D0491E521C06C00020F0
:1041B00070470020C04370470FB400B589B00CA908
:1041C00000910B990023CB60204B214A0693079264
:1041D000042201921F4A02921F4A089202466B462D
:1041E0000020FFF788FA09B008BC04B0184770B582
:1041F00086B006460020C0430190002015460C46BC
:104200000091029104903246694604A8FFF7D4FF5A
:10421000024604982118002D05D0002801D0084638
:1042200000E020462860049800280DD0002A02DD16
:104230000098884208D0081B0190009432466946D5
:10424000029404A8FFF7B8FF06B070BD75410000E6
:1042500095410000FFFFFF7F25320000F7B5009C6D
:104260000F4600262578641C002D05D0FEF7D6FFEA
:104270000068405DC007F5D12B2D02D02D2D18D040
:10428000641E39462046029A00F09EFA002F04D0A0
:104290003968A14201D100993960710502240029D1
:1042A0000BDA4042002803DD05F0D8FA0460A007CD
:1042B000FEBD012080020643E3E70028F8DA05F09E
:1042C000CDFA04600048FEBDFFFFFF7F002904DA3D
:1042D000401C490001D140084000704770B40024E0
:1042E000050C05D11024000402D1002921D011248D
:1042F000050E01D100020834050F01D10001241D73
:10430000850F01D18000A41C002801DB4000641C43
:10431000002908D020252E1B0D46F540A14000D0D5
:1043200001212943084301061B1B000ADB1D02D59E
:10433000002070BC7047DB05181880180029F8DAD7
:10434000401C4900F5D170BC40084000704710B5D2
:10435000002B08DA0024401C614192185B411A438B
:1043600001D14008400010BDF0B51FB482B0054631
:104370000C0003D0084605F0B3F802E005F0B0F8F1
:1043800020300246009021462846FFF79AFE049B03
:10439000059A04460F4618431143084314D01846A3
:1043A00010431BD0009840210A1A18460599FFF7C0
:1043B00098FE05460E46009A05990498FFF781FE7F
:1043C000084305D0012004E02046394607B0F0BD7F
:1043D0000020C11705430E432C43374300990E9824
:1043E0006305401A7905E40A00220C43FD0A0A30ED
:1043F00002D500200146E9E70105101969410C9C2E
:104400000D9D00196941FFF7A2FFDFE70EB5054AD0
:1044100002920022009213460192FFF7A5FF03B01B
:1044200000BD0000330400004A0009030123090B0A
:104430001B0519430A4B10B5520D9A4202DA0020AF
:10444000014610BD064B34339A4203DC9A1AFFF73B
:1044500048FE10BD034BD218FFF733FE10BD00001D
:10446000FF030000CDFBFFFF064C0125064E05E0D3
:10447000E36807CC2B430C3C98471034B442F7D385
:10448000FEF774FE1065010030650100F3B58DB0D4
:1044900000200A9001200B90002608460C300C46A4
:1044A00009906269012109989047051E2ED0252D9B
:1044B0002DD0216A8847002818D062690121099807
:1044C0009047216A88470028F7D1411E6269099800
:1044D000904700E0761CA1690D988847216A8847BB
:1044E0000028F7D1E1690D988847DAE7A1690D98AE
:1044F00088470746A84201D1761CD2E7E1690D98AA
:1045000088477F1C02D10A98002877D04AE100270B
:1045100062693D463946099890472A280CD162695C
:10452000012109989047012506E00A214F433F18D1
:10453000303FEBD410200543626901210998904770
:10454000014630390A2903D29C498F42DEDCECE770
:10455000E90600D49A4F6C280AD04C2810D068285D
:1045600024D06A282ED074280CD07A280AD00DE0E6
:1045700062690121099890476C2823D004211CE02E
:10458000202005436269012109989047A760656072
:1045900065284FD026DC582839D01ADC452849D068
:1045A00012DC252834D04128B0D143E062690121D2
:1045B00009989047682802D008210D43E6E70120BA
:1045C000C002DEE70220DCE7462833D047282CD1A2
:1045D00030E05B2870D061282CD063286CD0642830
:1045E00023D161E06F284FD009DC662822D06728EC
:1045F00020D0692826D06E2817D12EE0CEE0702872
:104600004DD073286FD075284ED078280DD154E046
:10461000A1690D9888470546252800D16CE7E16916
:104620000D9888476D1C00D16DE7BBE00A224CE075
:104630000A2252E0012023466A46C0430D99FFF743
:104640005AF8A4E02846402108436060A8072346A2
:1046500001D5002239E000223FE0E80700D020E742
:104660002068011D21600068290501D5067018E742
:10467000290701D5068014E7A90703D5F1170660BD
:1046800041600EE706600CE7284640210843606061
:10469000A807234601D5082217E008221DE0494952
:1046A00028460840606016E02846402108436060C4
:1046B000A8072346BCD5B9E715E0284640210843A2
:1046C0006060A80707D5234610220120C0430D993A
:1046D000C046C0465BE0234610220120C0430D992E
:1046E000FEF760FE53E000210C910B460091632819
:1046F00002D05B2808D044E02079C00601D4012014
:10470000A060012000903CE0626901210998904777
:104710005E2805D101200C900146626909989047F6
:104720002169002906D10B4601AA8F00491CD351EB
:104730000829FADB002835D0216900290ED1C117DC
:10474000C90E09184A11930001AA9A18490949018A
:10475000411A0120136888400343136062690121F4
:10476000099890475D28E5D10C98002808D00020D2
:1047700001AB81005A58401CD2435A500828F8DB3C
:1047800001AB01202246C0430D99FEF7B0FE002880
:104790000ADA401C06D10B98002803D00020C04341
:1047A0000FB0F0BD0A98FBE7E90702D10A99491C4E
:1047B0000A91361800200B9073E60000CCCCCC0C8C
:1047C000FFFFFF7FF1F7FFFFF7B582B0029C0027E4
:1047D0002078641C15460197302802D0002D15D092
:1047E00015E020780127641C782804D0582802D0CE
:1047F000002D09D00BE0002D01D0102D07D100278E
:1048000010252078641C02E0082500E00A25002617
:10481000009610E00099012769430818020C294608
:1048200080B2714300908E183804864201D3012073
:1048300001902078641C2946FFF777FC0028E9DA0C
:104840000398002805D0002F01D0641E00E0029CD0
:1048500004600198002806D005F000F802210160EC
:10486000C81E05B0F0BD009930040843F9E770B5E3
:104870008C180578401C6B075B0F01D10378401C36
:104880002A1106D10278401C03E006780E70401C05
:10489000491C5B1EF9D12B0705D40023521E0DD4F1
:1048A0000B70491CFAE70378401CCB1A921C03E0FA
:1048B0001D780D70491C5B1C521EF9D5A142D8D33E
:1048C000002070BD8C2211507047002904D002686E
:1048D00080231A43026003E0026880239A43026047
:1048E000704700000EB50020009001900290012159
:1048F000090602988843401802908912019888435B
:10490000401801900123684607C800F069FD174868
:1049100000F085F802228021002000F093F80621A3
:10492000102000F07DFD0023012202210F4800F03D
:104930005FF800210D4800F077F800231A4609219E
:104940000A4800F03AF80121084800F061F8012215
:104950001146064800F022F801210448FFF7B5FF90
:104960000121024800F062F80EBD00000000014085
:1049700010B501210648FFF7A5FF0548006B0005AB
:10498000000D0449086001200349087010BD0000B3
:1049900000000140E4040020E804002010B5002AD3
:1049A00005D080231B580B438024235004E0802330
:1049B0001B588B438024235010BD70B50C469510B6
:1049C000AE00051DA9599507EE0E1F25B5402B46D3
:1049D0000D469D4329469507EE0E2546B5402B46CC
:1049E0000D461D4329469510AD00061D715170BD41
:1049F00070B5032900D100BF5C1E2404551E2D0292
:104A00002C430C430568802635402C43046070BD60
:104A1000CA06D20E02674A0952014267704701680E
:104A2000402211430160704701627047002904D0A1
:104A3000426F01231A43426703E0426F520852005B
:104A400042677047F7B50B46009DED00154EAA1959
:104A5000002000240027002120E000240027FF255B
:104A60008D401D40002D17D000200FE01D46C54091
:104A700001268E403540002D07D086000F25B54019
:104A80002C438600029DB5402F43401C0828EDD3DF
:104A90001568A5433D431560121D08310829DCDD6A
:104AA000FEBD00002020024000200349087003489A
:104AB0000068034908607047A00100209C000020A6
:104AC0009C010020FEB50020009001900290012181
:104AD000090402988843401802900123684607C8D9
:104AE00000F07EFC0E480068012104F010FD044631
:104AF0007D22D2000023FEF76BFB064631460948B3
:104B000000F04DF90021074800F04BF9012105485C
:104B100000F039F90121034800F029F9FEBD000039
:104B20008C0500200060074070B504460548056804
:104B300001E001F0F5F903480068401BA042F8D3FA
:104B400070BD00009C00002010B53F4800F008F93F
:104B500003F0A4FD3D480068401C3C4908603C4807
:104B60000068401C3A4908603A480078012804D19E
:104B700039480088401C38490880384800780028A7
:104B80003FD137480088401C3549088035480078B7
:104B9000042801D1344800E034483149098888426A
:104BA00009D230480078042801D12F4800E02F486E
:104BB000401C2B4908802E480088401C2C49088046
:104BC00028480078042801D1274800E027482849D0
:104BD0000988884209D223480078042801D1224854
:104BE00000E02248401C2249088001F043FD01F00A
:104BF000B1FE10211F4809F0ABFD10211E4809F03D
:104C0000D9FD1E480088401C1C49088008460088C1
:104C1000C82809DB002008801948006B10210840D3
:104C2000002801D004F014FC16480088401C1549E7
:104C3000088008460088322805DB0020088003F041
:104C4000ABFE03F0C3FE10BD006007409C000020D7
:104C5000A00000204C0500207A050020B7040020A9
:104C6000B4040020EE010020E093040060EA00009C
:104C7000C40400202209002032090020B4000020D2
:104C800000800840B6000020FEB500200090019092
:104C900002900121490402988843401802900123A0
:104CA000684607C800F09CFB0E4800687D21C900DB
:104CB00004F02DFC04467D22D2000023FEF788FA82
:104CC00006463146084800F06AF80021064800F020
:104CD00068F80121044800F056F80121024800F06C
:104CE00046F8FEBD8C0500200070074010B5154841
:104CF00000F036F801201449086014480068401C90
:104D00001249086012480068401C114908601148A7
:104D10000068401C0F4908600F480088401C0E497D
:104D2000088007F0B9FC07F09DFD10F0E7FA0B488A
:104D30000078002801D1012000E000200749087018
:104D400010BD000000700740A4000020A800002053
:104D5000AC000020F4040020B0000020B2000020CD
:104D60004168490849004160BFF34F8F70470029EF
:104D700004D0026804231A43026003E0026804239B
:104D80009A4302607047002904D0026801231A4345
:104D9000026003E002685208520002607047C1607E
:104DA0007047816070470000F0B5364E0120B0704A
:104DB00000252F462EE0284601F0ACFE002827D122
:104DC0002C4644204443F06C015DCA0701D089079A
:104DD0001ED4B7702018C28D416889184160F06CEC
:104DE0002018028E816889188160F06C2018417843
:104DF000491CC9B2417010290AD3F06C0021201857
:104E00004770284602F070FE0121284602F06CFE31
:104E10006D1CEDB2707B8542CDD3B07800282FD0C9
:104E2000002329E0184601F075FE002822D11A4619
:104E300044214A43F16C144851188881F16C51188F
:104E40000882F16C51188882F16C51180883F06C5B
:104E50001018C781F06C10184782F06C1018C782C8
:104E6000F06C10184783F06C1118088E0887F16CED
:104E70005118C8865B1CDBB2707B8342D2D377713A
:104E8000F0BD0000AC050020FFFF0000F0B51F4D95
:104E9000E88C68640026374630E0304601F03AFE80
:104EA000002829D1344644204443E86CFD22015DAA
:104EB000490849001140015520184770E86C01214C
:104EC00020184760E86C490220188760E86C0022CF
:104ED00020184186E86C20188186E86C20184185EE
:104EE000E86C20188185E86C2018C785E86C2018CC
:104EF0000786304603F052FC761CF6B2687B864289
:104F0000CBD3AF706F70EF70F0BD0000AC05002028
:104F100070B505460C46002D02D0012D74D174E009
:104F2000002C4DD0284610F09FFC7448008874492E
:104F300008800A20714908800120724908706F4872
:104F40000078487000207049088002206F4908707E
:104F50006D4800786E4948706B48807800282AD0E8
:104F600000206949C870087188704871002166483E
:104F70008171C171017267480078012803D10D2049
:104F800002F098F900E000BF63480078092811D1C9
:104F90006048007801280DD15B4A1178574A107893
:104FA00010F0E8FC5849087802F0FEF9022007F0FA
:104FB000C5FE01E000E000BF01205049487223E037
:104FC0004F4800884D49088001204E4908704C48E0
:104FD000007848704949087802F0E6F94A4A1178A1
:104FE000464A107810F0C6FC44480088002805D0D6
:104FF0004248018828460EF0C9FC02E0474806F006
:10500000C7FD00203D49487275E0002C4DD0284670
:1050100010F02AFC3C480088394908800A203A49A7
:1050200008800220394908703748007838494870AC
:105030000020324908800120324908702F4800784A
:1050400048702E48807800282AD000202B49C8704C
:10505000087188704871002128488171C1710172FE
:105060002C480078002803D10D2002F023F900E03D
:1050700000BF29480078092811D126480078002867
:105080000DD1214A11781D4A107810F073FC1B498C
:10509000087802F089F9022007F050FE01E000E0F4
:1050A00000BF01201849487224E0154800881649BD
:1050B000088002201549087011480078144948708A
:1050C0001149087802F070F90F4A11780B4A1078EC
:1050D00010F050FC0C480088002805D00A480188D0
:1050E00028460EF053FC02E00D4806F051FD00206A
:1050F0000549487200BF00BF70BD00004209002092
:10510000EC010020710100204E090020320900202E
:105110007901002088010020EE010020C00100205C
:10512000D00100207FB5044600200190029003903A
:10513000012189030298884340180290890303984B
:10514000884340180390012301A807C800F048F9DC
:105150000D2210210320FFF775FC21462248FEF79F
:105160000DF8451E0321684641800580002101712C
:1051700000200290FF2101316846818169461B4869
:1051800003F0C0FBFF210131184803F031FB00217F
:1051900068460170072141800021017141718171D0
:1051A000C171017201214172691C3C2251430846C0
:1051B0006421FDF7E3FF81B26846418100218181CE
:1051C00069460A4803F030FB0D20002809DB00BFC8
:1051D00000BFC206D20E01219140054A116000BFF6
:1051E00000BF00BF7FBD0000C0E1E40000400340FD
:1051F00000E100E070B504460D462046FFF792FF3F
:10520000A1B200232A46012000F002F870BD000080
:10521000FEB505460C4616461F4621462048FDF7BA
:10522000C3FF401E01900199491C3C22514308468E
:105230006421FDF7A3FF00901A48057021467143D1
:1052400008467D21C900FDF7AFFF174908802146B8
:10525000794308467D21C900FDF7A6FF1349088060
:10526000114800880988401811490860019881B2E6
:10527000104803F044FB009882B200210D4803F06F
:1052800037FB012211020B4803F0C3FA012200216F
:10529000084803F09FFA0121064803F0AEFAFEBD6C
:1052A000C0E1E400F4030020F6030020F80300202E
:1052B000FC03002000400340884202D9401A80B21B
:1052C000704700207047000070B504461748406BD7
:1052D0004607760F00F02EF82060330004F02FF917
:1052E000081605080B16160E12162068606010E0EE
:1052F0000F4860600DE00E4860600AE00120C003C6
:10530000606006E07D200002606002E000206060D6
:1053100000BF00BF0548056A052D02D3606840093B
:1053200001E06068E840A06070BD000000800840B7
:1053300000127A00F0B51B480068FF27013738409B
:10534000040A1848C069C50F164840687F003840F5
:10535000460A002E01D10020F0BD002C01D11248D8
:1053600000E0114802460F4FBF69FF00F80F1746D3
:10537000C7403A46012D01D11046EDE70948806942
:105380000F27FF053840C10D002900D11021054825
:10539000806903277F053840430D10464843D840B5
:1053A000DAE700000080084000127A007EB504466B
:1053B000002560118000094946182E2C00D10225D5
:1053C000E406E40E0321A14030680840E04045199E
:1053D0006846FFF779FF0298E8407EBD38800840B4
:1053E0003FB50E4C606AE16A226B0446009DAC43F7
:1053F00020460C46019DAC4321461446029DAC4319
:105400002246002B05D0009C2043019C2143029C96
:105410002243024C6062E16222633FBD008008408B
:10542000054A926A072383409A430B4683401A43F6
:10543000014B9A62704700000080084010B5034697
:10544000084843606520074C206003E00878054C5D
:105450002073491C1046521E0028F7D1014880686D
:1054600080B210BD00A0084000B587B000200190B8
:10547000029003900121490301988843401801904C
:10548000012301A807C8FFF7ABFF01206946087494
:105490000548006805900020069004A9034800F024
:1054A00007F807B000BD0000C804002000A00840B5
:1054B00002464B6853600B78002B06D0012B06D0B8
:1054C000022B06D00F2B06D106E0002006E0652057
:1054D00004E0E62002E000BF886800BF00BF106063
:1054E0007047000010B500200C4B012498645A7BD3
:1054F00011E0986C521E40009864D0B201F014FB89
:10550000002807D0D0B202F0E3FD002802D0986C4A
:1055100020439864D2B2002AEBD110BDAC05002024
:10552000F0B5274C0746A0790025002805D1A078C2
:10553000002802D0E079002801D0A5653DE00023D5
:105540001A4622E0104601F0EFFA00281BD0104660
:1055500044214843E16CE68E4018018FB14206D9E0
:10556000418E00290FD0808E00280AD10BE0A68E34
:10557000B14208D2468E218F8E4204D2808E88425C
:1055800001D2627B0123521CD2B2607B8242D9D30A
:10559000002B05D0A06DC019A065E08C606400E010
:1055A000A565606DA18D884201D3608D00E0208DDE
:1055B000A16D814201D90120F0BD0020F0BD0000A5
:1055C000AC05002010B500200649024606E0442341
:1055D000CC6C43431B19401CDA87C0B24B7B98420A
:1055E000F5D310BDAC0500200348FF21C172002196
:1055F000C182018370470000AC050020704710B5E0
:1056000001F058FA10BD0000014601228A40104600
:10561000014A506090607047404002400121814043
:10562000024A9161BFF34F8F704700004040024033
:10563000F8B5192636037F27BF0235460AE028460B
:1056400000F03AFA0446002C01D00020F8BD0120F9
:1056500080022D18BD42F2D9002000F017F9012078
:10566000F4E70000FFB5FFB0FFB087B02949FFA8FD
:105670004161406914214843192109034718B80AB8
:105680008502002405E0A0002858A10004AA50507B
:10569000641CFF2CF7D9781B81080391002407E0D4
:1056A0000021C94303980019800004AA1150641C0A
:1056B000052CF5D3284600F0FFF90646002E04D04D
:1056C00000207FB07FB00BB0F0BD002412E0A0003E
:1056D00004A90858401C00280BD0A20004AB99581C
:1056E000A200501900F0F4F90646002E01D0002067
:1056F000E7E7641CFF2CEAD9FFA8C26B016C406A83
:10570000019202910090FFA814300FC800F062F8D7
:10571000D7E700008B050000F0B589B007460E46BC
:105720001C2102A8FDF7ACFD1420704319210903C8
:1057300045182C6868460472200A03906C6821069C
:10574000039808430390200A0490AC68210604984B
:10575000084304902002010C68468182E8680790A3
:1057600028690890039A0499891A6A46928A5143D3
:105770000846FEF761FB06490190FEF78AF906909C
:105780001C2202A93846FDF762FD09B0F0BD0000F9
:1057900000006145632080020068704710B50A4B25
:1057A00000210CE088000B24A4020019026A501C9E
:1057B000002800D102E088001A5000BF491C0829C7
:1057C000F0D3012010BD00000C0500200B2080024A
:1057D00000687047FFB585B016461F46142105982E
:1057E0004843192109034518142003902846133013
:1057F000029025490298884202D9002009B0F0BDE4
:1058000030020699084304902846049900F060F994
:105810000446002C01D00020F0E7300E3902084386
:105820000490281D049900F053F90446002C01D07F
:105830000020E3E7380E0E99090208430490284639
:105840000830049900F044F90446002C01D00020EF
:10585000D4E70F98019028460C30019900F038F9F0
:105860000446002C01D00020C8E71098009028467C
:105870001030009900F02CF90446002C01D00020D3
:10588000BCE70120BAE7000000FF0100F0B5FFB05F
:10589000FFB085B00746632080020168FFA8C160A1
:1058A000C068B84204D101207FB07FB005B0F0BD20
:1058B0006326B6023046801B8108FFA88160C0685D
:1058C000401C00280AD13946304600F001F905464F
:1058D000002D01D10120E7E70020E5E7002405E0E5
:1058E000A0003058A10001AA5050641CFF2CF7D929
:1058F000FFA88068800001A90F50304600F0DCF856
:105900000546002D01D00020CEE7002412E0A000C3
:1059100001A90858401C00280BD0A20001AB9958DF
:10592000A200901900F0D4F80546002D01D0002007
:10593000BAE7641CFF2CEAD90120B5E7F0B5FFB047
:10594000FFB087B03E4F0B208002016AFFA80161C3
:105950000021C160002410E0A1000B2292028918EE
:10596000086AA1007958814206D0411C002903D061
:105970000121FFAAD16002E0641C082CECD300BF17
:10598000FFA8C06800283AD00B26B6020196002472
:1059900006E0A10001984158A00002AA1150641C21
:1059A000FF2CF6D92748801B81080091002407E0CE
:1059B000A0003A5800990819800002A90A50641CF6
:1059C000082CF5D3304600F077F80546002D04D0BA
:1059D00000207FB07FB007B0F0BD00240CE0A20033
:1059E00002AB9958A200901900F072F80546002DFC
:1059F00001D00020EDE7641CFF2CF0D91DE000244D
:105A000019E0A0003858FFA94861A0000B218902C5
:105A10004018066AFFA9486986420BD0A100094ACE
:105A20008818FFA9496900F053F80546002D01D0F8
:105A30000020CEE7641C082CE3D30120C9E7000056
:105A40000C050020202C00000EB502F063FBFFF7D0
:105A500039F80020009001900290FF210131029856
:105A600088434018029049000298884340180290E9
:105A7000C901029888434018029089100198884310
:105A800040180190090102988843401802900123B0
:105A9000684607C8FFF7A4FC01F046FE03F0D6F8FD
:105AA000112003F0FBFD0B2003F0F8FD0121022083
:105AB00002F05AF80EBD000010B504460348046019
:105AC00008200249C86000F011F810BD000008402D
:105AD00030B504460D460448046045600420024980
:105AE000C86000F003F830BD00000840174A1848AD
:105AF000406902231843164B58611420186106E0D0
:105B0000134800690C2318400C2800D103E010460C
:105B1000521E0028F4D100BF0D488169806902231C
:105B200098430B4B9861012040040840002801D0A5
:105B30000220704702200840002801D00120F8E729
:105B4000002A01D10320F4E70020F2E7FFFF0F0055
:105B500000000840816270473EB50020009001902F
:105B600002900121090400988843401800904900E0
:105B700000988843401800904900009888434018D6
:105B800000904900009888434018009049110198FE
:105B90008843401801900123684607C8FFF720FC9E
:105BA000012200210846FEF74DFF01221146002088
:105BB000FEF748FF012202210020FEF743FF0122E9
:105BC00003210020FEF73EFF012204210020FEF702
:105BD00039FF012205210020FEF734FF01220621B2
:105BE0000020FEF72FFF012207210020FEF72AFFE9
:105BF000FF2050490860012204211046FEF722FFD1
:105C0000012208211046FEF71DFF01224021104607
:105C1000FEF718FF012251031046FEF713FF012281
:105C200091031046FEF70EFF00220121490342486E
:105C300000F0E6F80022012189033F4800F0E0F877
:105C4000012149033C48FFF785FF012251033A48EF
:105C500000F07CF8032201214903374800F080F866
:105C6000012189033448FFF775FF0122910332486F
:105C700000F06CF80322012189032F4800F070F82E
:105C8000002204212C4800F061F8012208212A4852
:105C900000F05CF800224021274800F057F800226D
:105CA0000421254800F082F800224021224800F01B
:105CB0007DF801220421204800F06EF801224021E5
:105CC0001D4800F069F8012211460220FEF7BAFED5
:105CD000012202210846FEF7B5FE0122032102201F
:105CE000FEF7B0FE01220E210220FEF7ABFE0122DC
:105CF0000F210220FEF7A6FE104804681048044356
:105D00000E480460FF200B4908620E480A490862E9
:105D10000A490862012211460320FEF793FE002281
:105D20000121094800F012F801221146064800F04E
:105D300033F83EBD00000B4000200B4000400B40FC
:105D40000EC00000FFFF000000600B40002A03D0DF
:105D500003680B43036002E003688B4303607047F2
:105D6000F0B517460024002500220CE0CE07F60F00
:105D7000002E06D053003E469E40344303269E40EC
:105D800035434910521C102AF0D34669AE43466190
:105D9000466926434661F0BD002A03D043680B43A1
:105DA000436002E043688B434360704730B514465C
:105DB0008268C36815468D432A461D468D432B468F
:105DC000002C04D0012C06D0022C09D107E0154686
:105DD0000D432A4605E01D460D432B4601E000E039
:105DE00000BF00BF8260C36030BD0246D3690B4074
:105DF000002B01D0012000E0002070474162704775
:105E0000002A01D0416200E081627047F0B587B09E
:105E1000002700240020009001900290FF21013112
:105E200002988843401802900123684607C8FFF78C
:105E3000D7FA1C480068012103F069FB05467D2262
:105E4000D2000023FDF7C4F9471E00E0641C611C6A
:105E50003846FDF793F914498842F7D8611C384653
:105E6000FDF78CF9074668468781C48100210174DB
:105E700000200590FF2101316846018303A90B48EA
:105E800002F040FDFF210131084802F0B1FC01227F
:105E90001102064802F0BDFC0121044802F0ADFCED
:105EA00007B0F0BD8C050020FFFF000000E00640B9
:105EB00010B5FF210131144802F09AFC02F0CEFE29
:105EC00000F03CFE00F0E6FE104908701048007833
:105ED000132811D0084600780E490978884206D068
:105EE0000A4800780FF048F901200B49087007486C
:105EF00000780849087002E0132006490870012064
:105F00000649087010BD000000E006404905002069
:105F100048050020680100205C0100205D01002090
:105F200070B554480078002800D070BD0120514958
:105F300008705148007800280FD000204E490870A2
:105F400006F07AFD4D480078042803D119214CA0B1
:105F500003F086FA192008F009FB4C480078002865
:105F60000FD000204949087006F066FD43480078CC
:105F7000042803D11A2142A003F072FA1A2008F073
:105F8000F5FA18E00FF0E6F80546284607F0EEFDB2
:105F90000446132C0ED006F04FFD38480078042834
:105FA00004D1214636A003F05BFA00E000BF204692
:105FB00008F0DCFA00BF00BF3548007835490978A1
:105FC000884201D1012000E000200028DAD013200F
:105FD00031490870002031490870314800780028A4
:105FE00042D000202E49087024480078022803D0AF
:105FF00022480078052837D12A48807808280AD016
:106000002948807A002806D101202749887227482C
:1060100005F0BEFD0AE023488078082806D1224812
:10602000807A002802D000201F498872204880789A
:10603000022819D11F48807808280AD01E48807A83
:10604000002806D101201C4988721C4805F0A0FDDB
:106050000AE018488078082806D11748807A002876
:1060600002D000201449887200200249087000BF45
:106070005BE700006901002050050020EE010020D0
:106080004556454E543A25640A0000006605002036
:106090006601002067010020480500205C01002007
:1060A0005D0100202209002042090020C0010020DB
:1060B000F8060020320900204E090020D0010020FF
:1060C00010B508F019FC002800D110BD00F028F828
:1060D000FBE7000038B5044608210E48FFF78EFEA6
:1060E0000D48006800900EE00B4800680099401AC7
:1060F000A04200D908E0FFF713FF08480078042801
:1061000001D00CF03BFDEFE700BF08210148FFF78D
:1061100021FD38BD00200B409C000020EE01002036
:106120001CB50B4804680B480068002807D00948D4
:106130000068201A0849884201D201201CBDFF22B4
:10614000F53206A1684608F021F968460078F5E7BF
:106150009C000020EC040020B80B0000415400001B
:1061600070B507F079FE08F0C7FB002817D0294862
:10617000FFF7B0FF2848056801E0FFF7D1FE08F0FF
:10618000BBFB002805D024480068401B23498842F7
:10619000F3D37D20C00008F089F907F05DFE0024EC
:1061A00018E03220FFF796FF1B48056801E0FFF773
:1061B000B7FE08F0A1FB002805D117480068401B76
:1061C00016498842F3D308F097FB002800D003E07B
:1061D000601CC4B2032CE4D300BF08F08DFB002880
:1061E00000D170BD07F0CAFD0D490E4807F068FEEA
:1061F00000240BE0FFF794FF002801D00120F0E716
:106200007D20C00008F052F9601CC4B2052CF1D307
:106210000020E6E7C40900009C00002010270000D1
:10622000204E0000B80B00007CB504460D4618490E
:1062300003C9019100900198002804D0002D02D0DC
:106240002878002804D101990098616020607CBD05
:1062500010480078002804D00199009861602060FF
:10626000F5E7FFF72DFF002809D1FF210131019843
:10627000FDF706F80199009861602060E7E77D224C
:1062800092012946204608F081F800BFDFE70000B0
:10629000305C0100CD0400200A4A09028918002858
:1062A00007D0012807D0022807D0032807D00020F4
:1062B0007047086B7047C86A7047886A7047486AB9
:1062C0007047000000A10140002003490870034806
:1062D0000068034908607047A80100209C00002066
:1062E000AC010020FEB505460E46280117494418AA
:1062F00000200090019002900121490201988843FA
:1063000040180190490101988843401801900123E9
:10631000684607C8FFF764F8227AE1882079FEF71B
:1063200091FBA27BA189A07AFEF78CFB3146206805
:1063300003F00EF801220021206803F079F8012211
:106340001146206803F074F8FEBD0000445E0100B1
:1063500003F068FA10B516480078002826D11548D1
:106360000068002822D014488078002809DD1348EE
:106370000078002802D008F02FF904E004F0A4FF10
:1063800001E004F0A1FF0E4800680A4909680D4ABF
:106390008918884205D20A48006806490968884277
:1063A00004D201200249087004F08EFF10BD0000E5
:1063B000A8010020AC010020F8060020B200002057
:1063C0009C00002060EA00000EB5002000900190C3
:1063D0000290019840084000401C0190012189036F
:1063E000019888434018019009010098884340189B
:1063F000009000988843401800900123684607C821
:10640000FEF7EEFF0022FF2101311248FFF7CEFC1C
:106410000022012149020F48FFF7C8FC0722FF2193
:1064200001310220FEF70EFB072201214902022062
:10643000FEF708FB00F0F2F8074808490860102052
:10644000888100200881064848600820C881002013
:1064500048810EBD00400B40680B0020580B002007
:10646000AA0400200EB5002000900190029001982F
:1064700040084000401C01900123684607C801F015
:1064800035F80022FF2101310220FEF7DBFA00225D
:10649000012149020220FEF7D5FA0EBD10B50C21EC
:1064A000584800F025FB0446012000052040002844
:1064B0007ED101204005204000283CD0042020400F
:1064C000002818D0012050490870504908705049E0
:1064D000088000204F4948814F4908804D48428933
:1064E0004089401C4B4B588118464068815C4548A8
:1064F00000F00DFB49E0012040042040002844D07A
:10650000012043490880434840894249C98988425B
:1065100004DB00213B4800F0FAFA0BE03D484289D9
:106520004089401C3B4B588118464068815C354887
:1065300000F0EDFA29E004202040002806D00120D8
:10654000334908800020334908811EE001200004FF
:106550002040002819D001202D490880294800F04A
:10656000D2FA2C490A890989491C2A4B19811946F2
:10657000096888541846008919468989884203DBCE
:1065800000201946088100E000BF012040022040A1
:10659000002804D0012149021A4800F0F7F905202B
:1065A00000022040002806D005210902154800E01D
:1065B00018E000F0EBF90120C0022040002818D0BC
:1065C0000121C9020F4800F0E1F90E4800680821D6
:1065D00088430C49086008460068082108430949B7
:1065E000086006E00F20000220400146054800F048
:1065F000CDF902202040002802D000200449088064
:1066000010BD000000800440B6040020B204002049
:10661000A8040020580B0020B404002000B587B067
:106620000020019002900390029840084000401C16
:106630000290012301A807C800F058FF0021684616
:1066400001744174012181745021018304A9074818
:1066500000F0B4F90121054800F09AF9012204493B
:10666000024800F01DFA07B000BD000000800440A1
:106670000606030010B50C480088002800D110BDA4
:1066800072B609480088401C0749088062B606486F
:106690000088142806DD002003490880FFF7E2FE89
:1066A000FFF792FE00BFEAE7A80400200EB5002025
:1066B000009001900290022101988843801C019073
:1066C00049030198884340180190C9000098884305
:1066D00040180090009888434018009001236846B5
:1066E00007C8FEF77DFE002280211248FFF75EFBFF
:1066F0000022FF2101310F48FFF758FB07228021BC
:106700000120FEF79FF90722FF2101310120FEF74A
:1067100099F900F0F3F808480849086010208881CA
:1067200000200881064848600820C8810020488170
:106730000EBD000000200B40880B0020780B0020CD
:10674000BA0400200EB500200090019002900221B2
:1067500001988843801C01900123684607C800F017
:10676000C5FE002280210120FEF76CF90022FF21E6
:1067700001310120FEF766F90EBD000010B50C21B5
:10678000584800F0B5F904460120000520400028D3
:106790007ED101204005204000283CD0042020402C
:1067A000002818D0012050490870504908705049FD
:1067B000088000204F4948814F4908804D48428950
:1067C0004089401C4B4B588118464068815C4548C5
:1067D00000F09DF949E0012040042040002844D009
:1067E000012043490880434840894249C989884279
:1067F00004DB00213B4800F08AF90BE03D48428968
:106800004089401C3B4B588118464068815C3548A4
:1068100000F07DF929E004202040002806D0012066
:10682000334908800020334908811EE0012000041C
:106830002040002819D001202D490880294800F067
:1068400062F92C490A890989491C2A4B1981194680
:10685000096888541846008919468989884203DBEB
:1068600000201946088100E000BF012040022040BE
:10687000002804D0012149021A4800F087F80520B9
:1068800000022040002806D005210902154800E03A
:1068900018E000F07BF80120C0022040002818D04A
:1068A0000121C9020F4800F071F80E480068082164
:1068B00088430C49086008460068082108430949D4
:1068C000086006E00F20000220400146054800F065
:1068D0005DF802202040002802D0002004490880F2
:1068E00010BD000000900440C6040020C204002037
:1068F000B8040020780B0020C404002000B587B045
:106900000020019002900390022102988843801C8D
:106910000290012301A807C800F0E8FD00216846A5
:1069200001744174012181745021018304A9074835
:1069300000F044F80121054800F02AF8012204493A
:10694000024800F0ADF807B000BD00000090044020
:106950000606030010B50C480088002800D110BDC1
:1069600072B609480088401C0749088062B606488C
:106970000088142806DD002003490880FFF7E2FEA6
:10698000FFF794FE00BFEAE7B8040020C16070473B
:10699000002904D0026808231A43026003E0026859
:1069A00008239A43026070470246D06808400028D6
:1069B00001D0012070470020FCE70000FEB504462E
:1069C0000D4600200190009000BF00BF2068852187
:1069D00088432978084369780843A97808432060E8
:1069E0002889A0602B48844204D10020FEF7DEFCF9
:1069F00001900EE02848844204D10220FEF7D6FC24
:106A0000019006E02548844203D13620FEF7CEFCF3
:106A100001902068032189030840002806D0012145
:106A20008903401A05D0401A09D105E006200090DC
:106A300005E00820009002E00920009000BF00BFA0
:106A400014236A685A431146019AD300D018FCF700
:106A500095FB0099401AE978461A14236A685A434C
:106A600011460B23019A5A431046FCF787FB009905
:106A7000401AE978471A002E01DA002000E030467B
:106A80000646002F01DA002000E03846074626615E
:106A90006761FEBD0080044000900440008000401B
:106AA000002A03D043680B43436002E043688B43F2
:106AB0004360704710B50720FEF7A6FD0820FEF7DB
:106AC000A3FD0920FEF7A0FD0720FEF7A7FD082083
:106AD000FEF7A4FD0920FEF7A1FD00200249088071
:106AE0000249088010BD0000B4040020C404002046
:106AF00008B50246002000900092009840180090CF
:106B00000098006808BD01468869C0B2704781617D
:106B100070470000442148430249C96C085C800664
:106B2000C00F7047AC05002003490968C140C80781
:106B300000D0012070470000FC05002010B501F0D6
:106B4000D9FA002871D101F0CFFA00286ED001F0F7
:106B5000B7F9444908600846006800284AD0012077
:106B60004149087041480088142820DD40480078D9
:106B700000281CD13F480078002818D107F0B2FF48
:106B8000384909680840002807D0364800683A4963
:106B9000086000203949086006E03248006837493B
:106BA00008600020344908600120314908702F48EE
:106BB000008819214901884240DD2E4800780028CC
:106BC00003D1284800682E490860112002F006FD14
:106BD00026480088C83825490880112002F05EFD4B
:106BE000002028490860012022490870002020491F
:106BF000087023E000201C4908701C4908801D49CA
:106C000008701B480078012818D11F480078042814
:106C10000DD1194800681D490840002807D0002000
:106C2000134908701449086008E014E012E01248A3
:106C300000681449086000200D4908701248007867
:106C400004280DD10748006801F016FF05480068C8
:106C500001F086FF04E000200D490870FEF7F4FE05
:106C600010BD0000440500204C0500207A050020DE
:106C70004D0500204E0500207C05002088050020E1
:106C80008005002084050020EE0100200440000063
:106C90004D00002000B5E4480178E4480278E4485B
:106CA0000068E44B1860E44800685860E3480068F6
:106CB00098600020E04B1860DD4B1860DF4B1860D7
:106CC000D94B1870D94B18701320DD4B1870002069
:106CD000DC4B1870002908D01920D94B18700120FE
:106CE000D84B1870D648007800BD002A08D01A206A
:106CF000D34B18700120D34B1870D1480078F3E7BC
:106D0000CC4800680123DB031840002804D1C9489F
:106D100040681840002806D00F20C94B1870012089
:106D2000C84B187041E1C348006801231B03184099
:106D3000002804D1BF4840681840002806D00C2025
:106D4000BF4B18700120BF4B18702EE1B948007876
:106D5000C007C00F002805D1B6480079C007C00F92
:106D6000002806D00020B64B18700120B54B1870D3
:106D70001BE1B048006802231840002804D1AD4848
:106D800040681840002805D00120AD4B1870AD4B6D
:106D900018700AE1A748006804231840002804D1AD
:106DA000A4484068184000280AD0A7480078042862
:106DB000B8D00220A24B18700120A24B1870F4E04A
:106DC0009C48006808231840002804D1994840686E
:106DD0001840002806D00320994B18700120994BC9
:106DE0001870E2E09348006810231840002804D18E
:106DF000904840681840002806D00520904B187035
:106E00000120904B1870D0E08A4800682023184079
:106E1000002804D1874840681840002806D0042084
:106E2000874B18700120874B1870BEE081480068BE
:106E300040231840002804D17E48406818400028AC
:106E400006D006207E4B187001207E4B1870ACE0F7
:106E50007848006880231840002804D175484068AD
:106E60001840002806D00720754B18700120754B7C
:106E700018709AE06F480068FF230133184000281B
:106E800004D16C4840681840002806D008206C4B9C
:106E9000187001206B4B187087E06648006801236A
:106EA0005B021840002804D162484068184000285E
:106EB00006D00920624B18700120624B187074E0F4
:106EC0005C48006801239B021840002804D15948FF
:106ED00040681840002806D00A20594B187001203D
:106EE000584B187061E0534800680123DB021840DA
:106EF000002804D14F4840681840002806D00B20D5
:106F00004F4B187001204F4B18704EE049480068F5
:106F100001239B031840002804D1464840681840CC
:106F200000280AD04848007804283ED00E20444B60
:106F300018700120434B187037E03E480068012369
:106F40005B031840002804D13A48406818400028E4
:106F500006D00D203A4B187001203A4B187024E0EF
:106F60003448006801235B041840002804D13148EC
:106F700040681840002806D01120314B18700120BD
:106F8000304B187011E02B48006801231B04184097
:106F9000002804D1274840681840002805D0102058
:106FA000274B18700120274B187022488068022355
:106FB0001840002806D01720214B18700120214BC3
:106FC00018702DE01B48806801231B04184000281E
:106FD00006D015201A4B187001201A4B18701FE0AC
:106FE000144880680123DB031840002806D01420D1
:106FF000134B18700120134B187011E00D48806876
:107000000823184000280BD00A4880689B021840CB
:10701000002805D018200A4B18700120094B187061
:107020000748007860E60000500500206605002053
:1070300084050020C017002088050020800500205E
:107040004805002040050020EE01002003480069AB
:1070500001210843014908617047000000A0054074
:10706000002806D00649096801221143044A11602C
:1070700005E00349096849084900014A1160704761
:1070800000A0054000B587B000200090019002905C
:10709000012189030198884340180190C903019890
:1070A0008843401801900123684607C8FEF798F905
:1070B0000E2201210020FDF7C5FC0E220221002036
:1070C000FDF7C0FC0E2204210020FDF7BBFC0E22C0
:1070D00008210020FDF7B6FC0E2210210020FDF74C
:1070E000B1FC0E2220210020FDF7ACFC0E22402135
:1070F0000020FDF7A7FC0E2208210320FDF7A2FCCB
:107100000E2210210120FDF79DFC0E2220210120DE
:10711000FDF798FC0E22012189030220FDF792FC65
:107120000E220121C9030220FDF78CFC0E22022150
:107130000846FDF787FC0E2204210220FDF782FCA1
:107140000E2208210220FDF77DFC01216846017313
:10715000002141730220049000200690DF2080006F
:10716000059003A800F034F80222FF210904DF2073
:10717000800000F053F8012000F03EF81D200028A8
:1071800009DB00BF00BFC206D20E01219140054AB3
:10719000116000BF00BF00BF0120FFF761FF07B013
:1071A00000BD000000E100E004480069C007C00F16
:1071B000002801D0012070470020FCE700A0054016
:1071C00010B5FFF7F1FF002801D0FFF73FFF10BD1A
:1071D0000021084A11600178090242781203114324
:1071E000828812041143034A116081685160C168AA
:1071F0005161704700A00540002806D00649C968C3
:1072000001221143044AD16005E00349C9684908D5
:107210004900014AD160704700A0054010B5002A1E
:1072200006D0012A0CD0022A14D0032A24D11BE054
:10723000124B9B6804460C43A343104CA3601BE015
:107240000E4B9B6803430D4CA36023469B688B4306
:10725000A36011E0094B9B688343084CA36023465D
:107260009B680B43A36007E0044B9B6804460C43F8
:107270002343024CA36000BF00BF10BD00A0054027
:1072800030B50546002405E02946204600F012F8F6
:10729000601CC4B20F2CF7DD00231A46294618469D
:1072A00000F02EF800231A462946012000F028F8A5
:1072B00030BD000030B502460B460F2A00DD30BD60
:1072C00054000D4D60190D4C0578AD00645921B284
:1072D000002B05D045780124AC400C4321B205E0D9
:1072E00045780124AC400D46A54329B2034C0578EE
:1072F000AD00615100BFE2E7CC00002018A00540BE
:10730000F0B504460D461F46002C02D0012C00D0DB
:10731000F0BDA300224E9819224B0678B6009B5967
:1073200019B2002D05D046780123B3400B4319B2A2
:1073300005E046780123B3400E469E4331B2002D4E
:1073400005D046780123B3400B4319B205E04678D7
:107350000123B3400E469E4331B2002A05D0867801
:107360000123B3400B4319B205E086780123B340F3
:107370000E469E4331B2002F05D0C6780123B3409C
:107380000B4319B205E0C6780123B3400E469E4375
:1073900031B2044B0678B600995100BFB8E700003F
:1073A000EC00002018A0054030B502460A2A00DD96
:1073B00030BD00211BE04C000F4D60190F4C0578CB
:1073C000AD00645923B2914205DC45780124AC40FC
:1073D0001C4323B205E045780124AC401D46A5437B
:1073E0002BB2064C0578AD0063514C1CE1B20A2962
:1073F000E1DD00BFDCE70000CC00002018A0054064
:1074000010B5002113E04B000A4C18190A4B047800
:10741000A4001B591AB244780123A34014469C438C
:1074200022B2054B0478A4001A514B1CD9B20A2988
:10743000E9DD10BDCC00002018A005400120034963
:1074400008700348006803490860704799040020E9
:10745000AC0000209C040020704700000120084977
:10746000486000BF0648406801210903884300289E
:10747000F8D100BF024800680028FBD17047000027
:1074800000A1064070471FB5E12040020090FF2197
:107490000131684681800021C18001810020039074
:1074A0006946FEF71FFF1FBDF8B504460D460A27C3
:1074B0002046FBF71BFF064600BF002E01D12046E9
:1074C000F8BD022E0ADD2078302807D160787828B0
:1074D00002D06078582801D11027A41C2A462146E2
:1074E000384602F0BFF900900098E9E73FB50E4C2E
:1074F0006068A168E2680446009DAC4320460C46E3
:10750000019DAC4321461446029DAC432246002B0C
:1075100005D0009C2043019C2143029C2243024C45
:107520006060A160E2603FBD008108400449896855
:107530000222914342001143014A916070470000CA
:1075400000A00640002806D00649896801221143A0
:10755000044A916005E00349896849084900014AE5
:107560009160704700A006400EB500200090019089
:1075700002904021029888434030029001236846DF
:1075800007C8FDF72DFFFFF769FF0020FFF7CEFFCB
:107590000520400200F032F80121084600F018F8FA
:1075A0000020C04300F024F80120FFF7CBFF0121A9
:1075B000080200F02FF80EBD0148C068C0B2704745
:1075C00000A0064010B5FFF7F7FF044610BD00000D
:1075D000002905D0054A12690243044B1A6104E0F0
:1075E000024A12698243014B1A61704700A00640AB
:1075F000014948607047000000A0064004498968BE
:107600000F22120291430143014A9160704700002A
:1076100000A00640002905D0054A12690243044B28
:107620001A6104E0024A12698243014B1A617047F1
:1076300000A0064010B5FF2101311F4801F0D8F825
:107640001E480068002835D01C480068401E1B49B1
:107650000860084600681A490988884204D1002257
:107660001146154801F0B6F814480068002821D1E9
:1076700014480088124909884018104908600122FE
:1076800000210D4801F0A6F80F480078002804D02A
:107690000D480078401E0C4908700B4800780028FF
:1076A00008D10021044801F0A8F806221021032087
:1076B000FDF7C8F910BD000000400340FC030020A6
:1076C000F8030020F6030020F4030020C1B2054AAD
:1076D000116000BF03490969FF22013211400029EE
:1076E000F8D07047000004407047000030B5002417
:1076F0000C4D12E02046FFF70DFA00280BD1442074
:10770000E96C60434018E978002249004018418E36
:10771000204601F043F8641CE4B2687B8442E9D35C
:1077200030BD0000AC0500200EB500200090019097
:10773000029001218904029888434018029009119F
:1077400001988843401801900123684607C8FDF757
:1077500047FE0C2210210220FDF774F90C22202193
:107760000220FDF76FF90C2240210220FDF76AF993
:107770000C2280210220FDF765F90C220121C903AA
:107780000120FDF75FF90C2201210220FDF75AF9D3
:107790000C22012189020220FDF754F90C2201215B
:1077A000C9020220FDF74EF90C22FF210131002011
:1077B000FDF748F90C22012149020020FDF742F9AA
:1077C0000C22012189020020FDF73CF90C22012145
:1077D000C9020020FDF736F90C220121090300201F
:1077E000FDF730F90C22012149030020FDF72AF9A9
:1077F0000C22012189030020FDF724F90C2201212C
:10780000C9030020FDF71EF90C2201210846FDF7EF
:1078100019F90C2202210120FDF714F90EBD10B553
:107820000021192001F04AFF0121132001F046FF39
:107830000121142001F042FF0121112001F03EFF3F
:107840000121122001F03AFF02210C2001F036FF45
:107850000221182001F032FF0221012001F02EFF49
:107860000221082001F02AFF192001F0C7FE132091
:1078700001F0C4FE142001F0C1FE112001F0BEFE93
:10788000122001F0BBFE0C2001F0B8FE182001F020
:10789000B5FE012001F0B2FE082001F0AFFE10BDE0
:1078A00000B50749095C002000F01AFF054801688F
:1078B000490849000160016801221143016000BDCF
:1078C000E605002000A00140704700005748006B0B
:1078D000102108435549086355485649086100205E
:1078E0004860084680680005000D0521090340181E
:1078F0005049886050484860504808604B48006BC9
:1079000040210843494908634D4840691021084314
:107910004B4948614548406A0121C90288434349AF
:107920004862084640680121C90208433F4948604F
:1079300000BF3E4880680007C00F0028F9D03B48D0
:107940004068C008C000C01C3849486000BF3748C4
:10795000406B4007400F0328F9D13A480068C0083F
:10796000C000401C374908600020304908620846C2
:107970004068491588432D494860084600688915C4
:1079800008432A4908600846406808218843274977
:1079900048600846006849150843244908600846BD
:1079A000006B40218843214908630F20C00588618E
:1079B00008468069490308431C49886108460068F5
:1079C0008915084319490860084640684915084365
:1079D0001649486000BF154880688007C00F00281E
:1079E000F9D018480068C008C000C01C15490860DC
:1079F00000200E49086208464068C008C000401CCC
:107A0000486000BF0948406B4007400F0128F9D18A
:107A10000C480068102108430A4908600348406880
:107A200009158843014948607047000000800840FC
:107A3000CA35000000800640A0AF01000100A05F31
:107A400000ED00E00002084010B51149114800683F
:107A5000FBF794FB1049086008467D21C9000468C3
:107A60004C43601E0D49884200D90CE0601E0C4951
:107A700048610321081F01F05DFE0020084988616C
:107A80000720086100BF0021481E01F053FE10BD11
:107A900040420F008C050020D0040020FFFFFF00B3
:107AA00000E000E070B503460D4E75690022B16933
:107AB0000C4E36685E4334460FE0094EB06988428A
:107AC0000BD0884202D20E1AB21802E02E1A761893
:107AD000B2180146A24200D300E0EEE700BF70BD3D
:107AE00000E000E0D0040020F0B54422184F5043DD
:107AF000FA6C8B008218D21853684D001B031C0CC3
:107B000000235360FA6C7E8B821853195A8EB4424C
:107B100002D95E8DB24302E0B44203D25E8D760894
:107B20005E853243FE6C861976197286FA6C861869
:107B300075196D8D002D02D07B8B9C4207D10029D9
:107B4000115C01D0022300E0012319431154F0BD60
:107B5000AC050020014908617047000000A0014009
:107B600010B500F0B3F910BD002905D0054AD26860
:107B70000243044BDA6004E0024AD2688243014BBC
:107B8000DA60704700A0014010B50020084B094C96
:107B90000AE04421DA6C414389188A8FA24201D25B
:107BA000521C8A87401CC0B2597B8842F1D310BD59
:107BB000AC05002060EA000010B5044800F062FC4B
:107BC00000F028FAFFF7B0FD10BD000050100020B3
:107BD000F0B50025204F3AE02846FEF7A5FF002823
:107BE00033D02846FEF796FF00282ED128464421A0
:107BF000FE6C484381194022525A002A25D10B8F2E
:107C0000CA8E9C1A24B2002C1FD0641000D101240B
:107C1000934201D9CB8618E0934216D2305C3E7C69
:107C20004006C00F304205D0D01A4B8F5B009842FF
:107C300009DC0AE0B88A002807D1B879002804D105
:107C4000888F302801D91019C8866D1CEDB2787B59
:107C50008542C1D3F0BD0000AC050020F0B5964CC4
:107C60006079401C60716079002601280AD0617932
:107C7000204602297ED14179022900D34671002491
:107C8000054614E1002588E02846FEF74DFF002850
:107C900071D02B4644204343E06C1818C189C1833E
:107CA000E06C181881898183E06C84491818C681BA
:107CB000E06C18188181E06C1818428A4284E06CEC
:107CC0001818028A0284E06C18184682E06C1818B2
:107CD0000182E06C18188189C089FDF7EDFA02B2C3
:107CE000E06C1818018A408AFDF7E6FA00B2824279
:107CF00000DD104681B2E06C18188184E06C181821
:107D0000C28C408801F0A4F90246E06C1818428049
:107D1000E16C52085818478FBA42CA5C02D9202732
:107D20003A4301E0DF273A40CA54C18B428C91426A
:107D300000D31146008F081A02B2104602F09AFBD7
:107D4000218E4908884203D2E16C0420591805E0CD
:107D5000E06C19184878002801D0401E4870104681
:107D600002F088FB002816D02846FEF7D3FE002834
:107D7000E06C01E015E00EE003D018184078401CDC
:107D800001E018184078024100D10122E06C181877
:107D9000018F891801876D1CEDB2607B854200D28E
:107DA00072E7F0BD2046FEF7BFFE00287DD02346D7
:107DB00044204343E86C1818C18AC183E86C181842
:107DC000818A8183E86C3D491818C682E86C1818CE
:107DD0008182E86C1818428B4284E86C1818028B78
:107DE0000284E86C18184683E86C18180183E86C64
:107DF0001818818AC08AFDF75FFA02B2E86C181879
:107E0000018B408BFDF758FA00B2824200DD10462C
:107E100082B2E86C1818C284E86C1818818C40880B
:107E200001F016F90246E86C18184280E96C520815
:107E30005818478FBA42CA5C02D920273A4301E05A
:107E4000DF273A40CA54C18B428C914200D311467D
:107E5000008F081A02B2104602F00CFB298E490866
:107E6000884203D2E96C0420591805E0E86C19181F
:107E70004878002801D0401E4870104602F0FAFAF7
:107E8000002812D02046FEF745FE0028E86C04D0FA
:107E900018184078401C02E007E0181840780241AA
:107EA000E86C1818018F89180187641CE4B2687B9C
:107EB000844200D276E7F0BDAC050020FFFF000051
:107EC0000148806C70470000AC05002070B5504D33
:107ED000686C002878D000234AE09807800F990842
:107EE000FEF7DAF982B2A8780028184632D0442189
:107EF0004843E96CEC784118A4000C19A489944219
:107F000003D9EC78A40009198A81E96CEC7841184E
:107F1000A4000C19E489944203D2EC78A400091956
:107F2000CA81E96CEC784118A4000C19A48A944227
:107F300003D9EC78A40009198A82E96C4018E97821
:107F400089004118C98A914210D2E9788900401805
:107F5000C2820BE0FEF7DEFD002807D14420E96C69
:107F600058434018E97849004018C2855B1CDBB2D1
:107F7000687B8342B1D30220FFF7ECFDA978012092
:107F80000029E97821D0002900D00020E8700024E1
:107F90000DE04420E96C60434018E9780022490074
:107FA0004018418E204600F0F9FB641CE4B2687B67
:107FB0008442EED3E878002800D00120FFF770FC5F
:107FC000287A401C287270BD1DE0002901D068701D
:107FD000F9E7E87000240FE02046FEF79BFD00283B
:107FE00008D14420E96C60434018818E002220466D
:107FF00000F0D4FB641CE4B2687B8442ECD3012023
:10800000FFF74EFCDFE70220FFF7A4FDDBE70000EF
:10801000AC05002010B59EB0002444210DA8FBF74C
:108020002FF9082110A8817418210DA8C1772349C0
:10803000684601877D2109014187491081874900F0
:10804000C1871F4910A801807D21890101811D4937
:10805000684681861C49C1861A49203910A841808A
:108060001849203181807D21C900C1804B21C90080
:10807000418110218181032101741F21C1811C21B3
:108080004174012118A8017541750321817500BF54
:1080900005E00E48015D15A80155601CC4B21C2CFA
:1080A000F7DB342211A96846FBF7D1F80DA80FC8F9
:1080B00000F08AF900F0CAFD1EB010BDB80B000038
:1080C00070170000FE0F0000FE030000F05D0100CD
:1080D000442148430349C96C085CC00900D0012011
:1080E00070470000AC0500200148807B704700000D
:1080F000AC0500200348406C002801D000207047E8
:1081000001207047AC0500200149096C0840704708
:10811000AC05002030B5134DE88C6864FDF764FAB7
:10812000FDF750FA002412E02046FEF7FDFC00287F
:108130000BD04420E96C60434018E97800224900E4
:108140004018418E204600F029FB641CE4B2687B95
:108150008442E9D3002028726872E8636882FFF7DE
:108160009FFB30BDAC05002070B5384C0025256460
:10817000A57300F03FFA00F0A7F92078002808D096
:1081800000F0E0FBFCF782FE0020FFF789FB257082
:108190006572A078002826D00120FFF7B5FF0028DF
:1081A00002D0A07A401CA072A07A617C012688428D
:1081B00032D9A572207A002824D025726572606DAC
:1081C0002349884202D2606D08306065FFF746FDA2
:1081D00000F09EF9E07B002801D0FFF7F9FCFDF7E5
:1081E00081F9A67318E0607800280AD06570FCF762
:1081F000DBFDE570FFF77AFA0020FFF751FBFDF792
:1082000071F970BD607A401CC0B26072102803D949
:1082100065720020FFF744FB1020FFF775FF002870
:1082200006D0FFF7B1FC00F015F8202000F046F86A
:10823000FF200130FFF768FF0028E2D00120400254
:10824000FDF76EF90028DCD0267070BDAC0500206B
:10825000804F120070B50023174C28E01846FFF736
:1082600037FF002821D01846FEF75EFC00281CD0FE
:108270001A4644204243E06C658E1018818FA94253
:1082800013D90021C186E06C812610188187E06C2B
:10829000855C6D086D0035406D066D0E85541018B7
:1082A000C187E06C1018403001805B1CDBB2607B42
:1082B0008342D3D370BD0000AC050020F0B5414D22
:1082C000A98A081880B2A882E98D884201D90020C5
:1082D000A882002371E01846FEF726FC00286AD029
:1082E0001A4644204243E86C815C8C46C90904D09C
:1082F00011180C8FC98E611A15E0141861888E0848
:10830000298E4F00CF197F08BE4203D90326F603FA
:1083100071430E0C218FB14202D9891B89B200E052
:108320000021E48E091B09B2002944D08C1000D131
:1083300001241018068FC18E8E4210D91846FEF700
:10834000E9FB002807D0E86C698B1018C08E8842C2
:1083500001D9081A04B2E86C1018C18E29E08E42C7
:1083600029D2664676062F7CF60F3E4218D0184674
:10837000FEF7D0FB0028E86C09D01018C18E028FE0
:108380008E1A428F5700D219964212DC13E0101851
:10839000C18E028F468F8A1A7600B24209DC0AE04B
:1083A000AA8A002A07D1AA79002A04D1828F302A0A
:1083B00001D90919C1865B1CDBB2687B83428AD371
:1083C000F0BD0000AC0500200FB470B508AA2C4821
:1083D000917B0170D17B4170294C6A46908A3A3C6E
:1083E0006084D08AA084108BFF21C008E084508B69
:1083F0002085908B6085908CA085158A0231A81C01
:1084000080096583081AA083568AE683B01C800918
:10841000081A2084D08BA086108CE086508C208790
:10842000D08CE085108D208608AA107BB11C401CE2
:108430002073507B607310AA107CE073907C607492
:10844000507C20746A46508D6086A81CFAF796FE10
:10845000E065A8023146FAF791FE002304AD2066DC
:1084600007E0E81820300178184600F017F85B1C88
:10847000DBB2607B8342F4D370BC08BC04B0184705
:10848000E60500200149C86470470000AC050020E3
:108490000149086070470000FC0500200A2905D347
:1084A00044225043024AD26C801841877047000032
:1084B000AC05002041030A0C0249C008CA84486484
:1084C00070470000AC05002000B5104A90790028E4
:1084D00009D19078002806D0D079002803D1506DBA
:1084E000918D884201D2D08C0EE00420FFF70CFE63
:1084F00000280AD0506C002807D09078002804D0BB
:10850000FDF772F8506C401E506400BDAC050020B1
:10851000F0B50022164622E01046FEF705FB0028C3
:108520001BD010464421DB6C4843C1180C8FCD8E04
:10853000641B1D5C24B26F062C4FCF5F06D57F10E5
:108540007F42A74209DABF24254004E07F42A742C8
:1085500003DD402425431D548E87521CD2B2244B88
:10856000587B8242D8D31C46E6710023A6710125B0
:1085700037E01846FEF7D8FA002830D01A464420D3
:108580004243E06C815C4F06FF0FC9098F4207D060
:10859000111840310888FF2805D2401C088002E0ED
:1085A000101840300680E16C277B5018403000885E
:1085B000B84207D3885C470640067F0EC00FC00153
:1085C00007438F54885CC00900D0A571885C4006C1
:1085D00004D41846FEF79EFA002800D0E5715B1C13
:1085E000DBB2607B8342C4D3F0BD00003A000000E0
:1085F000AC0500202849C86B00284CD0C86B401E31
:10860000C863488A401C80B24882C20703D10A6C02
:1086100001231A430A64820703D10A6C02231A4316
:108620000A64420703D10A6C04231A430A6402074E
:1086300003D10A6C08231A430A64C20603D10A6CE8
:1086400010231A430A64820603D10A6C20231A43BA
:108650000A64420603D10A6C40231A430A640206E4
:10866000120E03D10A6C80231A430A64C20504D196
:108670000A6CFF2301331A430A64820504D10A6C91
:1086800001235B021A430A64400504D1086C0122ED
:108690009202104308647047AC0500200248C16B89
:1086A000491CC16370470000AC05002001239B03F7
:1086B000C9180143014801608260704700A0014071
:1086C00010B50402054820180160190411434160E7
:1086D000016820221143016010BD000000A101408B
:1086E000FEB52D4DC9B22A7FC0B2FFF7DFFF0020D3
:1086F000029001900746064600902FE0264800248D
:1087000050300068B100C84005072D0FE80700D0C1
:108710000124A80701D502200443680701D50420DD
:108720000443280701D508200443002C05D0E42386
:10873000224608213046FFF7C3FFE80701D0012099
:108740000290A80701D501200190680701D50120FA
:108750000090280700D50127761CF6B20E48407B12
:108760008008B042CAD80298002800D0012401989D
:10877000002801D0022004430098002801D00420E2
:108780000443002F01D008200443E423224608219B
:108790000020FFF795FFFEBDAC05002010B5830853
:1087A0001C020B4BE318D960022A0AD08007800F05
:1087B00007D0012807D0022807D0032800D119616B
:1087C00010BDD96110BD996110BD596110BD000087
:1087D00000A1014030B5036D4D000124AC40A3431E
:1087E0000365036D4D001446AC402343036530BD63
:1087F000CA43C267BFF34F8F7047002904D0026994
:1088000001231A43026103E0026952085200026127
:108810007047002A03D0436F0B43436702E0436F66
:108820008B43436770470000FCB50D78AD000646EA
:108830004036AF190D78AD005036AD1901950D7861
:10884000AD001036AD1900950D786D062A0E274D36
:10885000A84203D103259540EC4302E00125954051
:10886000EC43224DA84200D100BF056D25400565AF
:10887000436D23401D4DA84206D18D79CE797600F7
:10888000354395402B4302E08D7995402B4343655A
:10889000164DA84209D1C56E25402B460D7A4E7A59
:1088A0007600354395402B43C3663D68FF26083666
:1088B000B5433D603D684E8835433D604E89019D1E
:1088C0002E608E89009D2E60084DA84208D10D793A
:1088D0004E79760035439540066D3543056504E0D5
:1088E000056D0E79964035430565FCBD00C002401C
:1088F00030B58D00044690342B191A6030BD8822A3
:10890000115070470B88882213504B8884221350D3
:10891000026803231B049A430260026801231B06BA
:108920009A43026002688B681A430260044A9042CC
:1089300002D10B798C2213508A898267704700001C
:1089400000C0024070B500210B46124C1CE00846E6
:1089500044225043E26C155CAD0613D48218D386D2
:10896000E26C812682189387E26C155C6D086D00BD
:1089700035406D066D0E15548218D387E26C801851
:1089800040300380491CC9B2607B8142DFD3A365BC
:1089900070BD0000AC05002010B50948007804281F
:1089A00007D108480078002803D10748007800283C
:1089B00000D110BD012004F00DFC00BFF9E700005C
:1089C000EE0100204F0500205405002010B5094895
:1089D0000078042807D108480078002803D1074808
:1089E0000078002800D110BD012004F033FC00BF46
:1089F000F9E70000EE010020650500206A0500206F
:108A000010B5002007490870074908700749088019
:108A100007490870074908600749086004F0DAFB55
:108A200010BD00004F050020500500205205002019
:108A300054050020580500205C05002010B50020DA
:108A400007490870074908700749088007490870F6
:108A5000074908600749086004F0FCFB10BD0000EE
:108A60006505002066050020680500206A050020D5
:108A70006C05002070050020F8B505462F480078E9
:108A8000042803D12E480078002803D0002004F0E9
:108A9000A1FBF8BD2B4804680420284000280BD017
:108AA00029480078002804D1012027490870274868
:108AB00004602748046017E023480078002813D09A
:108AC00023480068201AFF212D3188420CD9204804
:108AD00000881E490988401A1E49098840181D4906
:108AE000088000201849087017480078002802D133
:108AF00004F070FBCDE704202840002801D0204678
:108B000001E013480068074610480068381A114908
:108B1000098846181048864209D301200F49087079
:108B20000749087000200B4908800749087006486B
:108B3000007804F04FFB00BFABE70000EE0100201F
:108B40004F0500209C0000205405002058050020FF
:108B50005C05002052050020B80B000050050020E5
:108B6000F8B5054630480078042803D12F4800782E
:108B7000002803D0002004F06DFBF8BD2C480468E9
:108B800001208003284000280BD02A4800780028C4
:108B900004D1012027490870274804602748046051
:108BA00017E024480078002813D024480068201AD1
:108BB000FF212D3188420CD9204800881E490988A0
:108BC000401A1F49098840181D490880002019498A
:108BD000087018480078002802D104F03BFBCCE76D
:108BE000012080032840002801D0204601E01348DE
:108BF0000068074610480068381A11490988461865
:108C00001048864209D301200F49087007490870AF
:108C100000200B490880074908700648007804F0D6
:108C200019FB00BFA9E70000EE0100206505002048
:108C30009C0000206A0500206C05002070050020C3
:108C400068050020102700006605002010B50248C6
:108C5000FFF71EFC10BD0000FFFF030010B5002051
:108C60000B4908707D20C000FFF724FC0B2000F0AA
:108C700015FD03210B2000F099FD01210220FEF7D4
:108C800073FFFFF771FA00200249087010BD000061
:108C90004A0500204B05002010B50024192000F0E3
:108CA0008DFC04E0144800F0B1FB601C84B220216C
:108CB000114800F044FB002803D0FF20113084420B
:108CC000F0DB02210C4800F03AFB002803D002211F
:108CD000094800F021FBFF2101310848FAF7D0FADA
:108CE00000210748418001808180002005490870EB
:108CF000192000F0C3FC10BD00100040980B0020AC
:108D0000980C0020CC04002000B587B00020009013
:108D10000190029001218902019888434018019036
:108D200009010198884340180190C90000988843C0
:108D3000401800900123684607C8FCF751FB002249
:108D4000012109031848FDF731F8062201214902E3
:108D50000120FBF777FE0622012109030120FBF722
:108D600071FEE12040020390FF210131684601823B
:108D70000021418281820020069003A90B4800F067
:108D8000E7FA01221146094800F052FB01220021B6
:108D9000064800F04DFB01221146044800F02CFB70
:108DA00000F0F0F807B000BD00200B4000100040BC
:108DB00010B534480069FF210131084000282ED049
:108DC00031488088002805D1002204212D4800F078
:108DD00013FB24E000241EE02B4840882B4A115C42
:108DE000284800F017FB28494988481CC117090E7C
:108DF000091809120902411A8AB223494A80084611
:108E00008088401E81B2204881808088002800D15F
:108E100003E0601CC4B2012CDEDB00BF00BF1948B8
:108E2000006920210840002821D0164800F0EEFA01
:108E3000C4B217488088FF2818DC154800881549F7
:108E40000C5413490988481CC117090E0918091246
:108E50000902411A8AB20E490A8008468088401CDD
:108E600081B20B48818001200B49087000BF054882
:108E7000006902210840002802D0024800F04CFAA4
:108E800010BD000000100040A00D0020A00C00202C
:108E9000980C0020980B0020CC040020F3B583B080
:108EA000054640200290049E23E0402E01DD402034
:108EB00000E030460746002415E0295D0F4800F029
:108EC000A9FA0F48019005E00198401E0190002882
:108ED00000DC05E08021094800F031FA0028F3D0D9
:108EE00000BF601C84B2BC42E7DBED19F01B86B208
:108EF00000BF002ED9DC05B0F0BD0000001000401E
:108F0000204E0000094841880088814204DD07485E
:108F100001884088081A704704484088FF210131C1
:108F2000091A024800880818F5E70000A00D002083
:108F300010B512488088002801D1401E10BD1920AC
:108F400000F03CFB0D4840880D490C5C0B494988FA
:108F5000481CC117090E091809120902411A8AB2E0
:108F600006494A8008468088401E81B203488180B5
:108F7000192000F083FB2046E0E70000980C002059
:108F8000980B002000210448418001808180034823
:108F90004180018081807047980C0020A00D002046
:108FA00010B50446192000F009FB002C04D0FF2165
:108FB00001310848FAF764F900210748418001802F
:108FC0008180192000F05AFB00220421034800F0A0
:108FD00013FA10BDA00C0020A00D002000100040CE
:108FE00070B504460D461DE0217816480088164AE3
:108FF0001154641C13490988481CC117090E09182B
:1090000009120902411A8AB20E490A80192000F099
:10901000D5FA0C488088401C81B20A48818019200A
:1090200000F02CFB2846691E8DB20028DCD10548D3
:109030008088002804D001220421044800F0DCF9D3
:1090400070BD0000A00D0020A00C0020001000400A
:10905000914200D81146814202D908184008704751
:109060008142FCD20201101A001DC140080970475C
:1090700000B587B0002000900190029001214902C4
:10908000019888434018019049010198884340188D
:1090900001904901009888434018009001236846D8
:1090A00007C8FCF79DF9002220211F48FCF77EFE2F
:1090B000062210210320FBF7C5FC062220210320F5
:1090C000FBF7C0FCE12040020390FF21013168461C
:1090D00001820021418281820020069003A9134869
:1090E00000F036F901221146104800F0A1F90122E2
:1090F00000210E4800F09CF9202201210B4800F0CD
:109100008BF920220021094800F086F90122FF2175
:109110000231064800F070F9A8200449486100F0C7
:10912000B5F807B000BD000000600B40000004402F
:1091300010B530480069FF210131084000282ED0C9
:109140002D488088002805D100220421294800F0FC
:1091500053F924E000241EE027484088274A115C88
:10916000244800F057F924494988481CC117090EC2
:10917000091809120902411A8AB21F494A80084691
:109180008088401E81B21C4881808088002800D1E0
:1091900003E0601C84B2012CDEDB00BF00BF154879
:1091A0000069C007C00F002823D01CE0114800F060
:1091B0002DF9134908700846017812480088124AB0
:1091C000115410490988481CC117090E09180912C1
:1091D0000902411A8AB20B490A8008468088401C5D
:1091E00081B2084881800221024800F099F80028E5
:1091F000DCD110BD000004401C0900201C08002028
:109200006A01002014080020140700200948418842
:109210000088814204DD074801884088081A7047A9
:1092200004484088FF210131091A024800880818C3
:10923000F5E700001C09002010B5124880880028BE
:1092400001D1401E10BD182000F088F90D4880881B
:10925000401E81B20B488180182000F0DFF90948D8
:10926000408809490C5C07494988481CC117090E08
:10927000091809120902411A8AB202494A80204695
:10928000E0E7000014080020140700200021044833
:109290004180018081800348418001808180704746
:1092A000140800201C09002070B504460D461DE07E
:1092B000217816480088164A1154641C13490988FD
:1092C000481CC117090E091809120902411A8AB26D
:1092D0000E490A80182000F041F90C488088401C93
:1092E00081B20A488180182000F098F92846691E4A
:1092F000CDB20028DCD105488088002804D00122A6
:109300000421044800F078F870BD00001C0900201A
:109310001C0800200000044002690A4002617047F6
:109320000246012905D190680F231B041840000C48
:10933000704790680F231B061840000EF8E702469E
:1093400010690840002801D0012070470020FCE788
:10935000F8B504460D4600272646606823490840B4
:10936000E9880843A988084329890843E96808432C
:1093700060601F49701A8E4217D00ADC1D483018F1
:1093800000280DD001210903401A13D0401A25D11D
:109390001AE001210903401A11D0401A1ED118E029
:1093A0001820FCF703F8074618E01A20FBF7FEFF29
:1093B000074613E01C20FBF7F9FF07460EE01E20CE
:1093C000FBF7F4FF074609E00820FBF7EFFF07462D
:1093D00004E00A20FBF7EAFF074600BF00BF38465B
:1093E0002968F9F7CBFE6062F8BD0000FCE0FFFFE2
:1093F00000000440000000C0002A03D0C3680B43F3
:10940000C36002E0C3688B43C360704701460868CD
:1094100080B270470160704730B583684D003024DA
:10942000AC40A3434D001446AC402343836030BDA1
:1094300010B5002A05D0436810248C4023434360B4
:1094400004E0436810248C40A343436010BD000037
:1094500001480249086070470100A05F0080064093
:109460000FB410B503A9044B044A029800F054FC51
:1094700010BC08BC04B0184731D60000900500208D
:109480000FB47CB50C0009AD01D0611E00E00021D5
:1094900001910090074B6A462946089800F03CFC71
:1094A000002C02D0009A002111707CBC08BC04B0D2
:1094B0001847000055A400000FB410B504A9074BCD
:1094C00002AA039800F028FC044602A9002000F03C
:1094D000CCFF204610BC08BC04B018476BA40000A9
:1094E0002021020C01D010211046020A01D01046A2
:1094F0000839020901D01046091F820801D0104620
:10950000891E420801D0881E7047081A7047F8B5B6
:1095100082B28BB2040C0D0C104658430021264633
:109520005E43370C36048019794116466E43370C7A
:1095300036048019794126466E438919F8BD30B446
:109540007446641E2578641CAB4204D3635D5B00E3
:10955000E31830BC18471D46F8E70000002809DB77
:10956000C206D20E01219140034A1160BFF34F8F12
:10957000BFF36F8F7047000080E100E0002809DB37
:10958000C206D20E01219140034A1160BFF34F8FF2
:10959000BFF36F8F7047000080E100E0002809DB17
:1095A000C206D20E01219140034A1160BFF34F8FD2
:1095B000BFF36F8F7047000080E100E0002809DBF7
:1095C000C206D20E01219140034A1160BFF34F8FB2
:1095D000BFF36F8F7047000080E100E0002809DBD7
:1095E000C206D20E01219140034A1160BFF34F8F92
:1095F000BFF36F8F7047000080E100E0002809DBB7
:1096000000BF00BFC206D20E01219140024A116084
:1096100000BF00BF7047000000E100E0002809DB48
:1096200000BF00BFC206D20E01219140024A116064
:1096300000BF00BF7047000000E100E0002809DB28
:1096400000BF00BFC206D20E01219140024A116044
:1096500000BF00BF7047000000E100E0002809DB08
:1096600000BF00BFC206D20E01219140024A116024
:1096700000BF00BF7047000000E100E0002809DBE8
:1096800000BF00BFC206D20E01219140024A116004
:1096900000BF00BF7047000000E100E0002809DBC8
:1096A00000BF00BFC206D20E01219140024A1160E4
:1096B00000BF00BF7047000000E100E010B50028C7
:1096C00019DB1A4A03231B02D21883089B00D258C5
:1096D0008307DC0EFF23A3409A438B071B0E8407EE
:1096E000E40EA3401A43114B032424021B198408DF
:1096F000A4001A5118E00E4A03071B0F083B9B08F1
:109700009B00D2588307DC0EFF23A3409A438B07AC
:109710001B0E8407E40EA3401A43054B0407240FD5
:10972000083CA408A4001A5110BD000000E100E0AC
:109730001CED00E010B5002819DB1A4A03231B02B8
:10974000D21883089B00D2588307DC0EFF23A34066
:109750009A438B071B0E8407E40EA3401A43114B58
:10976000032424021B198408A4001A5118E00E4A8D
:1097700003071B0F083B9B089B00D2588307DC0E96
:10978000FF23A3409A438B071B0E8407E40EA340DC
:109790001A43054B0407240F083CA408A4001A51DF
:1097A00010BD000000E100E01CED00E010B5002855
:1097B00019DB1A4A03231B02D21883089B00D258D4
:1097C0008307DC0EFF23A3409A438B071B0E8407FD
:1097D000E40EA3401A43114B032424021B198408EE
:1097E000A4001A5118E00E4A03071B0F083B9B0800
:1097F0009B00D2588307DC0EFF23A3409A438B07BC
:109800001B0E8407E40EA3401A43054B0407240FE4
:10981000083CA408A4001A5110BD000000E100E0BB
:109820001CED00E0BFF34F8F03480449C860BFF34D
:109830004F8F00BF00BFFDE70400FA0500ED00E018
:10984000BFF34F8F03480449C860BFF34F8F00BF79
:1098500000BFFDE70400FA0500ED00E00048704796
:1098600018060020F7B506460F46002520E03C7894
:109870002046F9F7E0FCC4B2F9F7D0FC0068005DBF
:10988000202806D128467043054620463038451921
:109890000DE0102E0AD1412C08DB462C06DC2846B0
:1098A0007043054620463738451900E001E07F1C2B
:1098B000DDE700BF029805603846FEBD30B50028E0
:1098C00005D0164C021F20680023014605E008461B
:1098D00030BD904203D8034640680028F9D1002BE0
:1098E00000D05968002B0AD01C68D51AA54204D1B3
:1098F0001268A4181A461C6002E05A6000E0226058
:10990000002807D01468851AA54203D10568641998
:10991000146040685060184630BD000010060020FA
:10992000F0B587B03C2006906F4805900520049064
:109930006E48007800280AD000206D4908606D4903
:1099400008706D4908706D490860684908706C4876
:1099500003906C4800686A49884202D969480068E7
:1099600001E069480068054664480068002813D093
:109970006248006885420FD360490968681A5A49ED
:10998000884208D300215A4A11605A4A11705A4A33
:1099900011705A4A116000BF04F0A8F90446002C67
:1099A0000CD15948006857490860002050490860A8
:1099B000504908705049087007B0F0BD4E48007813
:1099C000002804D0504800684E490860F4E7494830
:1099D0000078052807DB0120474908704A480068DD
:1099E00048490860E8E74848006841490968461A5C
:1099F0003F480068002801D03C2E01D3012000E040
:109A000000200746002F16D14048007800280DD0CE
:109A10003F4800683A49884208D93D4800683949BA
:109A20000860084600683549086003E03648006869
:109A300034490860C0E735480078002806D034482B
:109A400000682F49884201D9012000E000200290DF
:109A50002F4800680190002F2ED026480078052856
:109A60002ADA24480078401C2249087026480068F9
:109A70001F49086003F02EFC24480078002812D00B
:109A8000234800681E4988420DD9214800681D49B5
:109A900008600846006819490860002015490870E8
:109AA0001549087008E00298002805D01849019867
:109AB00008600120154908701448007800280DD06E
:109AC000134800680E49884208D9114800680D49BA
:109AD0000860084600680949086003E00A48006811
:109AE0000849086000BF67E7805101004E0100206F
:109AF0005001002054010020550100205801002091
:109B000080857467A8000020AC000020F8040020C5
:109B1000F4040020F1B50E4C0F480C4E001B0D4F05
:109B2000C508ED0000221146009804F0ABFE0028A5
:109B300003D13068002801D00020F8BD3C6000202F
:109B40002560606001203060ECE700001406002012
:109B5000D417002010060020D037002001480068EC
:109B6000704700001806002002E008C8121F08C154
:109B7000002AFAD170477047002001E001C1121F8E
:109B8000002AFBD1704700000149086070470000BF
:109B900018060020F0B51FB486B00998089A030D86
:109BA0000021024314D05148514A1818504305145B
:109BB0001198012810981AD0281A401C00264D4FE1
:109BC0004D49009601910490002812DA444211E0B8
:109BD0001198012449A3012801D11098C143069886
:109BE000119A84600360C26041600BB0F0BD4042D6
:109BF000E4E70446210500203F4A001C514103913F
:109C0000029012E0E00707D032463B4601990098E7
:109C1000FAF732F80191009032463B461046194659
:109C2000FAF72AF806460F466410002CEAD1049889
:109C3000039B0028029A0999089806DAFAF71CF89B
:109C4000019B009AFAF718F805E0FAF77DF8019BF6
:109C5000009AFAF779F804460E460022284BFAF7E4
:109C60007FF903D80020C043014607E00022254BBE
:109C700020463146F9F74CFFFAF7D6FB102409E0ED
:109C8000002C0ADB0A220023FAF7AEF9079B3032D8
:109C90001A55641E02460A43F2D11122641C079B26
:109CA000121B1C19119B012B03D0012308430ED159
:109CB0000AE0084304D0112010900020119077E7AB
:109CC0001098151A6D1E0BE01098824202DD0023D9
:109CD0006D1C03E0824201DA00236D1E002BEED0E2
:109CE000069811998260C16030C07EE701FCFFFFD9
:109CF000104D0000000014400000F03F3000000054
:109D00000000F0430000E03F30380A2801D2012073
:109D10007047002070470000FFB597B00646002549
:109D20001BE2252876D100242746F749049400E059
:109D30000443761C32780120203A90400842F7D143
:109D400030782A280ED0022230780146303909298D
:109D500016D804990A235943303940181443761C05
:109D60000490F1E7189802C804911890002904DAC9
:109D70000120400304434842049002200443761C1F
:109D800030782E2814D1042004437078761C2A28B9
:109D900009D11898761C80C8189009E00A214F4311
:109DA000303FC719761C3078014630390929F5D97A
:109DB00030786C2810D006DC4C281AD068280ED0D9
:109DC0006A2817D104E0742813D07A2812D110E041
:109DD0000120400504430CE00121090501E00321B5
:109DE00009050C437178814203D101200005241834
:109DF000761C761C307866280BD013DC58287DD072
:109E000009DC00287BD04528F6D04628F4D0472826
:109E10001AD1A9E118E0632835D0642870D06528EC
:109E200012D1A1E170286CD008DC6728F1D0692834
:109E30007DD06E280DD06F2806D1BCE073282ED0BF
:109E4000752873D0782859D01A9A199990476D1CA3
:109E500082E16002400F022809D003280DD00428B7
:109E6000189801680DD00D60001D189074E11898C5
:109E7000EA1701680D604A60F6E7189801680D80DE
:109E8000F2E70D70F0E718986A4601781172001D2C
:109E900018900020507202A80090012005E0189848
:109EA00002C8189000200091C04361070ED5002120
:109EB00001E00199491C0191B94213DA8142F8DBB2
:109EC000019A0099895C0029F3D10BE0002101E09F
:109ED0000199491C01918142FADB019A0099895C40
:109EE0000029F5D1019904981A9B471A2146384652
:109EF000199A00F099FA4019019903E051E030E114
:109F000015E050E0451807E0009800990078491CDA
:109F100000911A9A199990470198401E0190401C8F
:109F2000F2D1214638461A9B199A12E137E00A20ED
:109F30000021009001916002410F022907D0189A78
:109F400001CA1892C2179446032908D00AE018984B
:109F5000C01DC108C90005C91891944607E000B2A8
:109F6000C2179446042902D140B2C1178C46002280
:109F70006146944506DA0A460021404291418C46EA
:109F80002D2102E0210504D52B216A461173012100
:109F900003E0E10701D02021F7E7029156E00A2013
:109FA0000AE0102008E01020009000210420044363
:109FB0000191082703E00820002101910090600230
:109FC000410F022907D0189A01CA1892002294461C
:109FD000032908D008E01898C01DC108C90005C9A8
:109FE0001891944603E080B2042900D1C0B2002148
:109FF000029121072AD531780D91702906D0009A57
:10A000001021019B4A401A4305D00EE040216A46C8
:10A010001173012108E06146014306D030216A46F0
:10A0200011730D99517302210291009A0821019B2D
:10A030004A401A430AD16146014301D1610705D55F
:10A0400030216A46117301217F1E0291317858290F
:10A0500004D02EA10E910DA90D910DE030A1F9E7CC
:10A060006146019B009AF9F7BFFF0E9B8C469B5CF3
:10A070000D9A521E0D92137061460143F0D10D9856
:10A0800005A9081A20300190600703D501200004BB
:10A09000844300E001270198874201DD381A00E07F
:10A0A0000020019900904118029809180498401A5C
:10A0B0000490E00306D421461A9B199A049800F0F4
:10A0C000B3F94519002706E003A81A9AC05D19994B
:10A0D00090476D1C7F1C02988742F5DBE0030CD58E
:10A0E00021461A9B199A049800F09EF9451904E03C
:10A0F0001A9A3020199990476D1C0099481E0090BB
:10A100000029F5DC1FE0000009280100303132335E
:10A1100034353637383961626364656600000000A3
:10A12000303132333435363738394142434445468D
:10A13000000000000D980D990078491C0D911A9AA5
:10A14000199990476D1C0199481E01900029F1DC76
:10A150004DE100F059F94519761C3078002800D0FF
:10A16000DFE528461BB0F0BD600700D4062718982D
:10A17000C01DC108C90048680A680831C30FDB0761
:10A180001891190001D09CA108E0210501D59BA1DF
:10A1900004E0E10701D09AA100E09AA143001091E8
:10A1A00030785B0865280CD006DC452809D04628A5
:10A1B0001DD0472841D141E0662818D067283CD1FE
:10A1C0003CE00021112F01DB112000E0781C0191FF
:10A1D000009008A911A8FFF7DDFC13990591002153
:10A1E000119A15927F1C12980197009150E001205E
:10A1F000C00703900120019008A9009711A8FFF75C
:10A20000C9FC139A149905920022119B009212988E
:10A210001593059A0192002901D0104602E0791C9D
:10A2200040180190381A01D5019804E04042401EC0
:10A230000090781C0190C01B029043E0012F00DACF
:10A2400001270021112F01DD112000E03846019186
:10A25000009008A911A8FFF79DFC13990591119A88
:10A260000021129815920091019721070CD40599AD
:10A27000B94201DB019900E00191012904DD159A41
:10A28000491E515C302906D0B84201DA011D05DAB9
:10A290000121029115E00199491EEDE7002805DC36
:10A2A0000099411800910199091A03E0019A411C93
:10A2B000914200DD01910099401A401C029001205A
:10A2C000C0070390200706D402990198814202DB5F
:10A2D0000020C043029000206946C87707AF0121E3
:10A2E00003980337C907884224D0022011902B20FD
:10A2F0001290039800280CDA404203902D2012900F
:10A3000007E00A210398F8F739FF30317F1E0390E8
:10A3100039701199481E11900029F2DC0398002829
:10A32000EFD1791E1298087030782021084045300E
:10A33000BF1E387006A8C01BC01D0390109800787F
:10A34000002800D00120019941180298C01709186F
:10A35000039809180498401A401E0490E00306D49C
:10A3600021461A9B199A049800F05EF84519109836
:10A370000078002803D01A9A199990476D1CE003C1
:10A3800024D521461A9B199A049800F04DF84519D6
:10A390001CE00098002807DB00990598884203DD3F
:10A3A0001598405C199901E0199930201A9A904744
:10A3B00000986D1C401C00900298401E02900028DE
:10A3C00004D11A9A2E20199990476D1C0199481EA4
:10A3D00001900029DDDC05E038781A9A7F1C199974
:10A3E00090476D1C0399481E03900029F4DC214618
:10A3F0001A9B199A0498ACE62D0000002B0000006F
:10A400002000000000000000F8B5044600251E46AC
:10A410001746880404D405E039462020B0476D1C57
:10A42000641EF9D52846F8BDFFB50446002581B065
:10A430001E46C80301D5302700E02027880404D534
:10A4400005E038460399B0476D1C641EF9D52846CF
:10A4500005B0F0BD4A68002A06D00A68531C0B609C
:10A4600010704868401E486070470A68531C0B60B3
:10A4700010707047002800DA404280B27047000038
:10A4800070B505460E4613480068082800D370BD15
:10A49000104A1268521CD1000F4A506B08F094FA0F
:10A4A0000446002C00D1F2E70B484463406B094995
:10A4B0000968C90045500848406B06490968C90049
:10A4C0004018067103480068401C0249086000BF3C
:10A4D000DDE7000008040020B40A002070B504463F
:10A4E0000E460025002E01D0002C01D1002070BDA9
:10A4F000A568002D01D1A66008E000E02D6828685D
:10A500000028FBD1314628460AF0C4FD0120EEE7C1
:10A51000FEB507460D4614461E46002001900090E9
:10A52000002F03D0002D01D0002C01D10020FEBD52
:10A530000898002809D0284600F022FC019001214B
:10A540004902E068084300900DE03146284600F0DB
:10A550005FFB01900198002800D1E8E70121490242
:10A56000E0688843009001214902E0680840002823
:10A5700005D1206A002802D0206A716888470198B6
:10A5800020620098E06021463846FFF7A7FFCEE73B
:10A59000FFB583B006460120029000210D9801709E
:10A5A000002527E00C206843841922680599069845
:10A5B00004F06DFA0190019800280CD1207A00284F
:10A5C00008D00FA223680F990E98FEF759FF0020BC
:10A5D00007B0F0BD0DE067680F9B0E9A0C990198CB
:10A5E000B847002801D1029007E001210D980170C1
:10A5F00000BF6D1C04988542D4D300BF0298E7E7E2
:10A600006D697373696E67207265717569726564CF
:10A61000206F7074696F6E2027257327000000007B
:10A6200070B50446002C00D170BD00250EE0605DC1
:10A63000002800D10CE0F8F7F1FD0068615D405C96
:10A64000202801D00020EFE7681CC5B2142DEEDBF6
:10A6500000BF0120E8E7FEB504460D460A2002903F
:10A66000002001902046F8F741FE00900098002855
:10A6700000D1FEBD009803281ADC10E00A210198E1
:10A6800048430190F8F7CAFD00682178405C202813
:10A6900004D120783038019940180190641C00984A
:10A6A000411E00910028E9D1019828602046E0E78A
:10A6B0002078302809D12078782802D020785828AE
:10A6C00003D110200290A61C00E0264623E0286853
:10A6D0000299484328603078761CF8F7ACFDC7B281
:10A6E000F8F79CFD0068C05D202805D13846303859
:10A6F0002968081828600EE0412F0ADB462F08DC85
:10A700000298102805D1384637382968081828607B
:10A7100001E03046ADE730780028D8D100BFA8E787
:10A7200010B50E480078002817D10D4800680028A1
:10A7300013D00C4800680A4909687D225201891823
:10A74000884205D20748006805490968884204D252
:10A7500001200249087000F0B7FD10BDA0010020E3
:10A760009C0100209C00002030B583B00446FFF718
:10A77000F5F9054600200090024601902146684602
:10A78000F9F735FD2846FFF7FFF90199009803B066
:10A7900030BD0000002003490870034800680349E9
:10A7A00008607047920100209C0000209801002062
:10A7B00010B51048007800281AD10F48006800280A
:10A7C00016D00E4800680C4909680D4A891888425D
:10A7D00005D20A48006808490968884208D2094831
:10A7E0000078002804D101200249087000F06CFDB7
:10A7F00010BD000092010020980100209C00002064
:10A8000088130000EE0100200146002902D00868EC
:10A81000002801D10020704702E08868401C886051
:10A82000002908D04A688868904204D28A6808687B
:10A83000805C2028F1DD4A688868904202D18868EF
:10A84000401E88600846E6E710B504460020FAF787
:10A8500069FCE0B232231A467D210901FAF7D8FCDF
:10A8600010BD0000F8B505460E461446204600F01F
:10A870005FF807460020084B3A46314600902846CC
:10A88000FFF746FE002801D03846F8BD384600F0F4
:10A89000BFF80020F9E70000A0050020F8B5044645
:10A8A0000D4616460020044B3246294600902046AD
:10A8B000FFF72EFEF8BD0000A0050020FEB50646FD
:10A8C0000F4614461D462046294600F043F80190E5
:10A8D0000020084B009039463046019AFFF718FED9
:10A8E000002801D00198FEBD019800F091F80020E9
:10A8F000F9E70000A0050020F8B505460E4614460D
:10A90000204600F069F807460020084B3A463146D9
:10A9100000902846FFF7FCFD002801D03846F8BD1E
:10A92000384600F075F80020F9E70000A005002087
:10A9300070B50546064800F0D8F80446002C05D04E
:10A94000002D01D0022000E00120E060204670BD13
:10A95000A005002070B505460E46134800F0C5F866
:10A960000446002C1DD00820E060E661A5610F4A76
:10A970000F4B28463146F9F7F3FA02D80D486061CB
:10A980000FE000220C4B28463146F9F7D5FA03D8E0
:10A990000120C007606104E028463146F9F794FAC7
:10A9A0006061204670BD0000A00500200000C0FFCF
:10A9B000FFFFDF41FFFFFF7F0000E0C110B505484A
:10A9C00000F093F80446002C01D04020E0602046BF
:10A9D00010BD0000A005002070B505460B4800F032
:10A9E00084F80446002C0ED01020E0600749284669
:10A9F00000F00EF920612069002804D1204600F003
:10AA000007F8002070BD2046FCE70000A0050020EC
:10AA100070B5044600252BE02568FF210131E06870
:10AA20000840002805D1A068002802D0A068FFF7E0
:10AA3000EFFFFF210131E0680840002806D12069BE
:10AA4000002803D00C4A2069516888470121490237
:10AA5000E0680840002806D1206A002803D0064A92
:10AA6000206A5168884704484168204688472C4638
:10AA7000002CD1D170BD0000A005002070B50446A7
:10AA80000D4601222946204603F0E1F870BD01463B
:10AA9000002900D17047087B8007800F002801D073
:10AAA0000120F7E70020F5E70146002900D17047B3
:10AAB000087B082801D10120F9E70020F7E70146CB
:10AAC000002900D17047087B102801D10120F9E747
:10AAD0000020F7E70146002900D17047087B0228D3
:10AAE00001D10120F9E70020F7E770B504462820DE
:10AAF000216888470546002D03D028212846F8F70D
:10AB0000BFFB284670BD10B5044600221146204602
:10AB100000F002F810BD0000F0B589B004460D4603
:10AB200017461C2102A8F8F7ABFB0026002031498C
:10AB300008604860002C00D138E002942046F8F705
:10AB4000D5FB401C0390002004902B4A07CA06AB9B
:10AB500007C32948FFF7C9FF0646002E00D125E0AC
:10AB600002A808F0D1FE0090FFF74EFE01460190CA
:10AB7000304606F0A7FB002800D117E0002F0CD0CC
:10AB800002A8FFF741FE03990498884204D2049971
:10AB90000298405C002800D008E0002D03D0049902
:10ABA000029840182860304609B0F0BD002E02D04F
:10ABB0003046FFF72DFF002C1AD0009400200190A2
:10ABC00003990498884202D20498019005E0039802
:10ABD000002802D00398401E0190002D03D0019957
:10ABE0000098401828600348019A009906C000BFE9
:10ABF0000020D9E798050020A005002010B50446E4
:10AC0000024A0021204606F095FD10BDA005002057
:10AC1000F8B504460D4600260027002C00D1F8BDEB
:10AC20002046F8F763FB461C3046296888470746EC
:10AC3000002F00D1F3E7324621463846F8F707FBEC
:10AC40003846ECE7F0B593B00446384960694618D9
:10AC50002069401C1290E0681190A0681090606814
:10AC60000F9020680E903022314902A8F8F7EFFAD1
:10AC700000272E4D463518E0FF376E37E817800F56
:10AC80004019801080000095281A05D164212846BB
:10AC9000F8F78AFA002906D1FF2191312846F8F702
:10ACA00083FA002900D17F1C6D1CB542E4DB01252D
:10ACB0001DE0681E800002A90858C719022D15D191
:10ACC000F017800F8019801080000096301A05D18F
:10ACD00064213046F8F768FA002906D1FF21913146
:10ACE0003046F8F761FA002900D17F1C6D1C1298DC
:10ACF0008542DEDB1198401EC719384618214843AB
:10AD0000E1210901484301901098484301994018F6
:10AD100001903C210F9848430199401801900E99E9
:10AD2000019840180190019813B0F0BD6C07000025
:10AD3000385C010070B504460D46002C01D0002D92
:10AD400001D1012070BDAC4201D10020FAE705E03D
:10AD50002078002800D1F5E7641C6D1C2078F8F7F6
:10AD600070FA06462878F8F76CFA8642F0D0207818
:10AD7000F8F767FA06462878F8F763FA301AE1E739
:10AD800070470000F0B5C3B082480078042801D1B4
:10AD900043B0F0BD80488088002828D17F480078E3
:10ADA000032823D17E48006800281FD07D48006812
:10ADB0007B490968401A052818D37A480068784901
:10ADC000086079A16846FBF72FFA684600780028EA
:10ADD0000BD00198002808D078A10198F8F75BFA09
:10ADE000002802D0042001F05FFF00BFD0E76A48CE
:10ADF0008488FF200130844200DD044600200FE0FB
:10AE0000654B5B881918CB171B0E5B181B121B02B6
:10AE1000CB1A9AB26B49895C02AB1954411C88B2B7
:10AE2000A042EDDB002002A9085502AD66A128462C
:10AE3000F8F731FA002805D0042001F035FFFDF7BE
:10AE40002BFFA5E755480078032821D12F4612E0B3
:10AE50003E461136307831280BDB3078392808DC53
:10AE600000205E490870012001F01EFFFDF714FF6D
:10AE70008EE7374600BF5AA13846F8F70CFA071E8E
:10AE8000E6D145488088C02801D9FDF705FF00BFFD
:10AE90005848007800287AD0424800685649096826
:10AEA000401A0F2843D955480088401C5349088050
:10AEB00008460088052810DD36480078002809D1AA
:10AEC0004F484079012803D04D484079022801D1EC
:10AED00005F04AF8002049490880002045490870DB
:10AEE00047480079002819D1464800882A280BDAFB
:10AEF0004548008881B2434802880088401C414B85
:10AF000018805000414A11523D48C0693E490968C5
:10AF100040183D49086006F07FFA38E0384800796B
:10AF2000012834D107F05AFF05F0DCF92FE038A1F1
:10AF30002846F8F7B0F9002829D000202D490870DC
:10AF40002F480079002809D12D48C0692E49096889
:10AF500040182D49086006F05FFA16E0284800798D
:10AF6000012812D1FAF764FB0A480078002809D1B9
:10AF700023484079012803D021484079022801D193
:10AF800004F0F2FF002026490870FDF785FE00BF9F
:10AF9000FEE60000EE010020980C0020980400203E
:10AFA00094040020AC00002041542B434D515454D4
:10AFB000434F4E4E4543543F000000007463703AC7
:10AFC0002F2F0000980B00202B434D515454434F1A
:10AFD0004E4E4543543A20302C30000047040020A8
:10AFE0002B434D515454434F4E4E4543543A203019
:10AFF0002C000000990400209C040020A2040020E2
:10B000000C050020A004002014040020040B0020E4
:10B010002B434D5154545055423A20302C300000AF
:10B0200018040020F8B58948047889480068E121AF
:10B030004901884207D287488078022805D1844890
:10B040004068884201D3012000E000200546824884
:10B050000088E1214901884201DA002D09D0002C45
:10B0600007D0012C05D07D480078002801D10120AF
:10B0700000E000200646002E6DD000210C20FCF7D9
:10B0800019F96721002003F0D3FA6721002003F0AB
:10B09000EFFA00F019F900210F20FCF70BF900215D
:10B0A0000B20FCF707F900210D20FCF703F9002124
:10B0B0000E20FCF7FFF8FCF7A3F900206849088090
:10B0C000C870087188704872887266490880C870B4
:10B0D00008718870487288725E488078022801D1B1
:10B0E000012000E001206049087000204870032022
:10B0F0005E4908700020487000BF07E000225949EF
:10B10000491D0A545649491D0A54401C0428F5DBC0
:10B11000574800F03DFD574800F03AFD01F096FC1D
:10B12000002001F00BFE01204C4908705248407984
:10B13000002807D151480078002805D050480078F1
:10B14000002801D004F010FF4EA24FA1514808F092
:10B150008FFA514908703E480068002805D13C48E4
:10B160004068002801D1012000E0002007463A484D
:10B1700000884B21C900884203DB002F01D0012049
:10B1800000E000200090009800285DD0002C5BD0EB
:10B1900042480078002857D132480088002853D10F
:10B1A0002F48008800284FD100210C20FCF782F89E
:10B1B0006721002003F03CFA6721002003F058FAD1
:10B1C00000F082F800210F20FCF774F800210B201A
:10B1D000FCF770F800210D20FCF76CF800210E2020
:10B1E000FCF768F8FCF70CF900201D49C8700871DD
:10B1F00088701C49C8700871887000BF07E0002281
:10B200001849491D0A541649491D0A54401C04286E
:10B21000F5DB002001F092FD01202049087016485E
:10B220004079002807D115480078002805D0144837
:10B230000078002801D004F097FE12A212A1154850
:10B2400008F016FA14490870F8BD0000EE0100205D
:10B25000E0010020F8060020B00000204C01002092
:10B260004E090020420900207101002079010020D0
:10B27000C0010020D00100200C0500203C0500206A
:10B280003D0500204F4B000041542B4353434C4B92
:10B290003D320000000004404D0000204D01002020
:10B2A000F8B506460F463946304607F097FC044687
:10B2B0000D46E12040010021001BA94102D2E120FE
:10B2C0004001F8BD2046FCE7002006E000220449CA
:10B2D000044B1B5C9B00CA50401C0428F6DB7047E3
:10B2E00018A00540805B0100F1B594B0FE480078DD
:10B2F000002806D1FDA1149805F02AF80120FA498A
:10B30000087003E0E1B2149805F00AF9FDF710FEA9
:10B310000446401C0028F5D1A0E3F9480078002835
:10B320000FD0E0B21290012112A8FDF7B7FD032C57
:10B3300006D10020F2490870F2A1149805F008F82F
:10B340008CE3032C0AD1F6480068002806D00020C0
:10B35000F3490860F3A1149804F0FAFF122C30D1DD
:10B36000F448006800282CD0F2480568012000034A
:10B3700085421ED3E807C00F00281AD0ED48806828
:10B3800000280ADDEB48C068002806D1E9490860BA
:10B39000E9A1149804F0DCFF12E0E648C368826873
:10B3A000416806681498B047ECA1149804F0D0FFE7
:10B3B00006E00020DF490860E9A1149804F0C8FF06
:10B3C00000BF0A2C01D00D2C7BD10020EE49EF4AA2
:10B3D00012788854ED48007800283ADDEC4800786F
:10B3E00000280ED0EBA1E848F7F787FF002808D027
:10B3F000E9A1E548F7F781FF002802D00020E449E1
:10B400000870E3480078002831D0E2A1DE48F7F761
:10B4100074FF002805D0E0A1DB48F7F76EFF002895
:10B4200025D1DCA1D848F7F768FF002812D1FAF738
:10B43000FFF8012806D102F003F9D8A1149804F00E
:10B4400087FF03E0DDA1149804F082FF0020D049BB
:10B450000870D8E2D0A1CC48F7F74FFF0028F8D108
:10B46000CB490870E0A1149804F072FFCBE2E6A18A
:10B47000C548F7F742FF002807D10120A04908700E
:10B48000E4A1149804F064FFBDE2E8A1BE48F7F718
:10B4900034FF002806D19A4908709AA1149804F044
:10B4A00057FFB0E2E4A1B848F7F727FF002809D119
:10B4B000FAF78CF905462A46E1A1149804F048FFF2
:10B4C000A1E2A8E2E0A1B048F7F717FF002806D1F3
:10B4D000DF48E0A10269149804F03AFF93E2DFA18B
:10B4E000A948F7F70AFF002806D1D948D9A142692F
:10B4F000149804F02DFF86E2DA4BDB4ADBA1A24868
:10B50000F7F732FF022806D1D64A1178D64A1078CA
:10B51000FBF7D0FE77E2D34AD7A19B48F7F724FF89
:10B5200001280ED1CF480068002802D0012807D199
:10B5300002E0FFF7C9FE03E0D2480AF0B3FA00BF09
:10B5400061E2D14BC84AD1A18F48F7F70DFF02281D
:10B5500028D1CD480078622813D0672809D07228F6
:10B5600017D100231A460121BF480068FBF7C8FE27
:10B5700017E0002301221946BB480068FBF7C0FE14
:10B580000FE0012300221146B7480068FBF7B8FE20
:10B5900007E000231A461946B3480068FBF7B0FEDF
:10B5A00000BF30E2BCA17848F7F7A7FE002805D11C
:10B5B000BB4ABCA1149804F0CBFE24E2C4A172489B
:10B5C000F7F79BFE002808D1FAF7E4F805462A466B
:10B5D000C1A1149804F0BCFE15E2C9A16A48F7F7AE
:10B5E0008CFE00280AD1149806F004F9C6A114981C
:10B5F00004F0AEFE01206649087004E2994AD0A129
:10B600006148F7F7B1FE012884D19648006812908E
:10B61000FAF7C0F80646002011901298002804DCC2
:10B62000CAA1149804F094FEECE102F085FA0546F4
:10B630001422CD490CA8F7F70AFE0027D0E198485C
:10B64000864206DB03463246C8A1149804F080FE09
:10B65000CAE1D0486843D0494518E807C00F002820
:10B6600001D14C2000E052200B9028090921F7F766
:10B6700085FD48000CA90A5A0A9202F05DFA129957
:10B68000C91BC64A5143401A0990280AC449F7F712
:10B6900075FD0846FF302D3008900899099840182C
:10B6A0000790280B3221F7F769FD08460191F8F75A
:10B6B000CEFBBC490290F8F7AFF9BB490390F8F70D
:10B6C00052F90690280C1521F7F758FD084602910B
:10B6D000F8F7BDFBB5490390F8F745F90590069AD0
:10B6E0000A990598019263E10C02002041544543F8
:10B6F00020434C492076312E30203E200A000000A5
:10B70000100200200A47534D206272696467652069
:10B7100064656163746976617465640A3E00000063
:10B7200008020020212141424F5254454421210A60
:10B7300000000000840900200A496E76616C69648B
:10B74000206172677320706F696E74657220646522
:10B750007465637465640A3E000000000A3E0000E0
:10B760000A496E76616C69642066756E6374696FF0
:10B770006E20706F696E74657220646574656374A1
:10B7800065640A3E000000005C0900200D020020F4
:10B79000F1030020790000006E0000000A416C6C8B
:10B7A00020636F6F6B696E672073657373696F6E6B
:10B7B0007320657261736564000000000A4552528F
:10B7C0004F523A206661696C656420746F2065721F
:10B7D00061736520636F6F6B696E67207365737348
:10B7E000696F6E73000000000A436F6F6B696E67CC
:10B7F000206461746120776173206E6F74206572BC
:10B80000617365640000000067736D202D62203154
:10B81000000000000A47534D20627269646765208A
:10B820006163746976617465640A3E0067736D20B4
:10B830002D622030000000006D657461202D7300C2
:10B840000A25640A000000006D657461202D6900FE
:10B85000B40A00200A25730A000000006D657461B7
:10B86000202D6700E8030020EC0300206C656420B5
:10B870002D722564202564006C6564202D73256479
:10B8800000000000B8220000F00300206C65642076
:10B890002D63256420257300636F6F6B202D6D0071
:10B8A0008C0500000A4D617820636F6F6B696E67CD
:10B8B0002073657373696F6E7320666C61736820A3
:10B8C00063616E2073746F72653A2025640A00000C
:10B8D000636F6F6B202D6E000A436F6F6B696E672D
:10B8E0002073657373696F6E732073746F72656410
:10B8F00020696E20454550524F4D3A2025640A007C
:10B90000636F6F6B202D7000457261736520414C31
:10B910004C20636F6F6B696E6720646174613F20B8
:10B9200054797065207920746F20636F6E66697238
:10B930006D2C206E20746F2063616E63656C0A004D
:10B94000636F6F6B202D6420256400000A455252FE
:10B950004F523A20636F756E74206D757374206258
:10B9600065203E20300A00009C5B01000A466C61A5
:10B9700073682066756C6C2061742025642F2564C3
:10B980002C2073746F70706564206561726C790A25
:10B99000000000000D6619005FF36E3C605400006B
:10B9A000F51A0000CDCCCC3D0000404000005243D1
:10B9B000009102903046079B099A0B99F9F70AFF0C
:10B9C00004900498012804D1761C1198401C119011
:10B9D00005E032463DA1149804F0BAFC04E07F1C57
:10B9E0001298874200DA2AE600BF1198002808DD85
:10B9F0003046F9F74BFF33463DA1119A149804F0F5
:10BA0000A7FC00BF00BF00204449087044A114985F
:10BA100004F09EFC21E0082C01D07F2C0DD13F4882
:10BA20000078002819DD3D480078401E3B49087029
:10BA30003CA1149804F08CFC0FE0384800782728CB
:10BA40000BD2364801780078401C344B18703648C9
:10BA50004454E1B2149804F063FD00BF149804F05C
:10BA600039FD0446401C002800D056E42F480068E9
:10BA7000002828D02D4805680120000385421AD3EC
:10BA8000E807C00F002816D0294801780078401C2C
:10BA9000274B187027480078244A12689047139063
:10BAA000139800280EDA00202049086022A114987B
:10BAB00004F04EFC06E000201C49086027A1149801
:10BAC00004F046FC00BF002015B0F0BD0A455252FC
:10BAD0004F523A207772697465206661696C6564BB
:10BAE00020617420696E6465782025640A00000076
:10BAF0000A25642064756D6D792073657373696FB1
:10BB00006E287329207772697474656E2028746FAB
:10BB100074616C3A202564290A0000000D0200209F
:10BB20000A3E0000082008005C09002008020020EE
:10BB30000F0200200E0200200A4261636B67726FE1
:10BB4000756E64206F7065726174696F6E20636FCB
:10BB50006D706C657465640A3E0000000A496E767B
:10BB6000616C69642066756E6374696F6E20706FB6
:10BB7000696E7465722064657465637465642061C0
:10BB80006E6420636C65617265640A3E00000000AB
:10BB9000F0B585B00446A07B002856D0606807F059
:10BBA000D7FD0390039807F0DDFDA0606168A068F1
:10BBB000884203D2039807F0D5FDA0606168A068B1
:10BBC000401A05283BD96168A068401AE121490163
:10BBD000884202D9A068401A606001201D4908709F
:10BBE0006168A06888422AD9F9F7D4FD05461A4849
:10BBF00085420FDB1949C869F8F729F90646174845
:10BC0000006A01960090A3892078A2686168F9F71C
:10BC100029FD13E01149C869F8F719F906460F48DC
:10BC2000006AA18902960091019021782846A368B4
:10BC30006268F9F7CFFD681CF9F728FE00BF002005
:10BC4000A0736060A060A08100BF09F057FB05B041
:10BC5000F0BD0000700100208C050000B40A002037
:10BC6000F0B589B004460F4615461E462CA239464B
:10BC7000284602F00CFF08902BA23946284602F015
:10BC800006FF079029A23946284602F000FF0690D9
:10BC9000002005900490039005A9089802F00FFF7A
:10BCA000002803D00598007800280DD120A2304646
:10BCB0000E99FDF7E5FB01230022214625A004F0A3
:10BCC00089F9002009B0F0BD04A9079802F0F7FE39
:10BCD000002801D113A0049003A9069802F0EFFEFA
:10BCE000002801D10FA003900399049801910090BE
:10BCF0001AA280212048059BFDF7C2FB042215A152
:10BD00001D48083809F047F901201C490870012333
:10BD10001A4621460FA004F05DF90120D2E7000089
:10BD200064617461000000007573720070776400D4
:10BD3000666F74613A206D697373696E67206F7204
:10BD400020656D70747920276461746127202855FF
:10BD5000524C2900666F74610000000041542B436F
:10BD6000464F54413D302C312C222573222C222564
:10BD700073222C2225732200640600203E05002039
:10BD8000FFB5C9B005461646002E01D0304603E087
:10BD900035A14A98FEF772FE0446902125A8F7F7D0
:10BDA0006FFA9022324925A8F7F751FA902225A977
:10BDB00001A8F7F74CFA04222EA101A809F0EBF82C
:10BDC0000295002020A9087324902BA230464A999E
:10BDD00002F05DFE0746002F0ED06946384602F09D
:10BDE00033FE002807D00098002802D000980128D0
:10BDF00001D10098249000BF002C1AD02046FEF7F5
:10BE00005EFE002815D02069002812D02069007835
:10BE100000280ED0802203A8216909F0BCF8FF2277
:10BE200001321748216909F0B6F8012020A90873EA
:10BE300004E000206946087311490870902201A9A6
:10BE40001048F7F704FA00200F49087001200F4945
:10BE5000087020A8027B0123294606A004F0BAF846
:10BE600020A8007B4DB0F0BD64617461000000004B
:10BE7000705C010066770000786170690000000066
:10BE8000940900205C0600203E0500205A00002096
:10BE9000FFB589B015461E46129F5F4A116850686B
:10BEA00092680892069107900021059105A806A9BD
:10BEB0002B4601AAC1C20091032158480A9AFEF7F5
:10BEC00067FB04906846007D002818D1002D0BD038
:10BED00003A9284602F0B8FD002805D00398069073
:10BEE00001200590049009E00498002806D04CA297
:10BEF00039463046FDF7C4FA0020049000BF04988C
:10BF0000002872D0069800287DDB4A490698886090
:10BF100008A8007800280FD00798002806DD4649B9
:10BF2000079809684018434948610AE04248006898
:10BF30003C304049486104E03F4800683C303D499E
:10BF40004861F9F7FBFC3B488468002003900A2C09
:10BF500013DA3A48407A002805D000210846F8F75D
:10BF6000D7FF012003903648407A002805D00021F1
:10BF70000120F8F7CDFF0120039030480088A0424F
:10BF800005DDA1B2002007F001FD012003902C483F
:10BF90000088A04205DDA1B2012007F0F7FC0120D6
:10BFA00003900398002825D0254A1178234A107859
:10BFB00009F0E0FC2348007800280BD11F490988CC
:10BFC000092902DC1D49098800E00921C8B2FBF7F4
:10BFD000EBF90FE01B48007801280BD118490988BC
:10BFE000092903DC1649098801E00CE00921C8B2DF
:10BFF000FBF7DAF901231A4613A0099903F0EAFFC7
:10C0000001200DB0F0BD012300220FA0099903F01B
:10C01000E1FF0020F5E700009C5D0100785D010074
:10C020006E6F20757361626C65206D6178506F77FB
:10C03000657200000C050020AC00002042090020C1
:10C040004E090020880100206C620000F8B504460B
:10C050000E461746069D03F037FF01231A46214678
:10C0600002A003F0B7FF0120F8BD00006D720000D0
:10C07000F8B504460E461746069D012300222146C8
:10C0800002A003F0A7FF0020F8BD000070670000C9
:10C09000FFB587B005460E461F4600200690059066
:10C0A00005A906AA109802970092019103903246C2
:10C0B0000A210F48099BFEF76BFA0446002C05D0B5
:10C0C0006846007D002801D0F9F738FC002C05D027
:10C0D0006846007D002801D0012000E000200246D3
:10C0E0000123294603A003F075FF20460BB0F0BDE5
:10C0F000005D010070750000F8B504460E46174655
:10C10000069D04F00DFEF9F719FC01231A4621469D
:10C1100002A003F05FFF0020F8BD00007264000081
:10C12000F8B504460F46069EF9F738FB0546012D83
:10C1300000D100E0002002460123214604A003F0C4
:10C1400049FF012D01D10120F8BD0020FCE70000CE
:10C1500072700000F8B504460E461746069D07F0BB
:10C160003DFB01231A46214602A003F033FF0120C4
:10C17000F8BD0000736F000010B513480078042864
:10C1800000D110BD1148007800281AD1104800686D
:10C19000002816D00F4800680D490968441A0E4857
:10C1A000006884420CD301200849087000200B4924
:10C1B0000860084800680A490860002002F086F913
:10C1C00000BF00BFDDE70000EE01002045040020B5
:10C1D0004C040020AC000020500400205804002033
:10C1E0005404002007490978042900D17047002130
:10C1F000054A117005490968054A1160054908603A
:10C2000000BFF3E7EE01002045040020AC00002051
:10C210004C0400205004002070B5B2B047480078AC
:10C22000002804D1022000F03FFD32B070BD434829
:10C230000078042803D1002000F036FDF5E7002047
:10C240003F4908703F480068401C3E490860F9F7C4
:10C25000BDFA064632463CA122A8FDF72DF940481A
:10C2600004680A2C00DA0A244B200001844200DD15
:10C2700004463B488569002D00DC0025012D00DBCC
:10C2800001252346374A802102A80095FDF7F8F8DA
:10C2900000203549087035490870FCF7FDFC34A0D2
:10C2A00007F0AEF935A007F0ABF93948007800285F
:10C2B0003DD138A007F0A4F93AA007F0A1F93DA0BC
:10C2C00007F09EF93F48FBF7EDFB01F05DFD3EA056
:10C2D00007F096F943A007F093F949A007F090F909
:10C2E00050A007F08DF95AA007F08AF963A007F073
:10C2F00087F96AA007F084F96F48FBF7D3FB6FA0BA
:10C3000007F07EF92F48FBF7CDFB22A807F078F95C
:10C310006EA007F075F974A007F072F979A007F024
:10C320006FF96548FBF7BEFB012019490870FCF75F
:10C33000B3FC02A807F064F900BF76E7EE01002025
:10C34000460400209004002041542B434D51545486
:10C35000414343513D302C222564222C3100000002
:10C360000C050020B46201003C0500203D050020C2
:10C3700041542B434D47463D3100000041542B436F
:10C380004E4D493D322C322C302C302C30000000E8
:10C390004704002041542B434D51545444495343C6
:10C3A0003D30000041542B434D51545452454C3DB7
:10C3B0003000000041542B434D51545453544F50BE
:10C3C00000000000A086010041542B4353534C430E
:10C3D00046473D2273736C76657273696F6E222CCB
:10C3E000302C340041542B4353534C4346473D2299
:10C3F000617574686D6F6465222C302C320000000A
:10C4000041542B4353534C4346473D22636163657C
:10C410007274222C302C226361636572742E7065F5
:10C420006D22000041542B4353534C4346473D2259
:10C43000636C69656E7463657274222C302C2263A0
:10C440006C69656E74636572742E70656D22000090
:10C4500041542B4353534C4346473D22636C69651B
:10C460006E746B6579222C302C22636C69656E7456
:10C470006B65792E70656D220000000041542B43DE
:10C4800053534C4346473D2269676E6F7265727421
:10C490006374696D65222C302C31000041542B43AC
:10C4A00053534C4346473D22656E61626C65534E63
:10C4B00049222C302C31000050C3000041542B4342
:10C4C0004D515454535441525400000041542B4395
:10C4D0004D5154544346473D22636865636B555440
:10C4E0004638222C302C300041542B434D515454AB
:10C4F0004346473D2276657273696F6E222C302C5D
:10C500003400000041542B434D51545453534C4379
:10C5100046473D302C30000030B595B00546002D23
:10C5200002D1401E15B030BD00201490139012901F
:10C53000119010900F900FA810A911AA12AB0093A0
:10C5400001920291039013AB14AA2FA12846F6F78B
:10C550000BFF0446062C18D00FA810A911AA12AB85
:10C56000009301920291039013AB14AA2CA12846C8
:10C57000F6F7FAFE0446062C02D00020C043D1E7AD
:10C580007D2109011498401814901498642804DA45
:10C590007D2109011498401814901398012817DB85
:10C5A00013980C2814DC1298012811DB119800282C
:10C5B0000EDB119817280BDC1098002808DB109868
:10C5C0003B2805DC0F98002802DB0F983B2802DD92
:10C5D0000020C043A6E72C2104A8F6F751FE164917
:10C5E0001498401A09901398401E089012980790CA
:10C5F00011980690109805900F98049000200C90C8
:10C6000004A8FEF71FFB8DE72534642F2532642F25
:10C610002532642C2532643A2532643A253264008E
:10C620002532642F2532642F2532642C2532643A5A
:10C630002532643A253264006C070000F3B581B0FE
:10C640000446002C00D1FEBDA07B002802D060680B
:10C65000002801D10020F6E7606807F079F8064667
:10C66000029807F075F80546029F002E04D1002DB0
:10C6700002D00848076805E0002E03D0002D01D144
:10C680000020E0E76068B84201D90020DBE760687D
:10C69000381AD8E7AC00002010B56448807800282C
:10C6A0007ED062480079002805DD60480079401E90
:10C6B0005E4908710AE05D48C078002806DD5B48E5
:10C6C000C078401E5949C8703B200871584800780E
:10C6D000092808D157480078002804D1534A117915
:10C6E000D07809F009FA54480078002831D153482D
:10C6F000006800282DD052480068401C504908604E
:10C7000008460068052824D301204B490870002002
:10C710004B4908604548407A002804D045480078D5
:10C7200009F0A2F805E0474A1178404A107809F06C
:10C7300021F940480078002804D13C490878FAF7EC
:10C7400033FE03E03F490878FAF72EFE022000F09E
:10C75000F5FA3648C078002867D1344800790028B7
:10C7600063D13249487288700420FEF76DF80020CA
:10C770002E49088034488078012801D1032000E048
:10C78000012032490870002048700846007830497E
:10C7900008702E4840784870002088702D4900E0CD
:10C7A00043E0098888B203222949F8F747FE2A495D
:10C7B0000860084600880004000E2449C870264816
:10C7C000007808712548FFF7E3F91E4A1178174AE7
:10C7D000107809F0CFF8002004E000221349491D29
:10C7E0000A54401C0428F8DB00201D490860114849
:10C7F0000078002803D100210D20FAF75BFD0D48D9
:10C800000078002804D109490878FAF7CDFD03E043
:10C810000C490878FAF7C8FD00F018F904480078C8
:10C82000052802D0022000F089FA10BD420900203C
:10C83000EE01002088010020900100208C010020E2
:10C84000F80100204E090020F806002071010020A8
:10C8500081010020C804002084010020C0010020C4
:10C86000B001002010B56148807800287ED05F4874
:10C870000079002805DD5D480079401E5B4908719C
:10C880000AE05A48C078002806DD5848C078401EA3
:10C890005649C8703B20087155480078092808D1CE
:10C8A00054480078012804D1504A1179D07809F011
:10C8B00023F951480078002831D1504800680028F9
:10C8C0002DD04F480068401C4D490860084600685C
:10C8D000052824D3012048490870002048490860F1
:10C8E0004248407A002804D04248007808F0BCFF53
:10C8F00005E03E4A1178434A107809F03BF83D487C
:10C900000078002804D13F490878FAF74DFD03E08C
:10C9100036490878FAF748FD022000F00FFA33484C
:10C92000C078002861D13148007900285DD12F49B5
:10C93000487288700420FDF787FF00202B4908808B
:10C9400001203149087000204870084600782F49BE
:10C9500008702D4840784870002088702C4909885C
:10C9600088B203222949F8F769FD00E03DE0294932
:10C970000860084600880004000E2349C870254856
:10C98000007808712448FFF703F9184A11781D4A06
:10C99000107808F0EFFF002004E000221349491D41
:10C9A0000A54401C0428F8DB00201C490860114888
:10C9B0000078012803D100210D20FAF77BFC0D48F7
:10C9C0000078002804D10F490878FAF7EDFC03E05D
:10C9D00006490878FAF7E8FC00F038F804480078CF
:10C9E000052802D0022000F0A9F910BD4E09002050
:10C9F000EE01002088010020900100208C01002021
:10CA0000000200204209002079010020810100205D
:10CA1000C804002084010020D0010020B0010020C3
:10CA20000449086800E000BF02490968091A2A2978
:10CA3000F9D370479C000020002002490870024989
:10CA4000088070474C010020B000002000200249FF
:10CA500008700249088070474D010020B000002096
:10CA600010B5002002490860FEF72EFC10BD000042
:10CA7000AC010020FFB5A1B005460E46002D01D146
:10CA800025B0F0BD802101A8F6F7FAFB002414E0E0
:10CA9000E0000F4A11582846F6F72FFC00280BD16A
:10CAA00080200090E0000A49401801AB47683046FA
:10CAB000249A2399B847E3E7641C092CE8D301239F
:10CAC00000223146284603F085FA0020D8E700000E
:10CAD000A85D01007CB5044600200090019000266E
:10CAE00000250CE0F6F79AFB0068615D405C2028A9
:10CAF00004D1625D3046761C69460A546D1C605D47
:10CB0000002801D0042EEDDB032E07DB6846F6F784
:10CB10001DFF85B2284608F0C5FF02E0002008F09E
:10CB2000C1FF7CBD70B5F8F751FE044604492046AC
:10CB3000F6F724FB0D46284608F0B4FF70BD000050
:10CB4000102700001C480021016041608160032023
:10CB5000194908700420487018A01B4948601B48F8
:10CB60000078C8601A48007800280BD11748407830
:10CB7000012807D017484078012803D0154840788D
:10CB8000022808D102200C4988700F490872012040
:10CB90001149087070470D484078032807D10120DB
:10CBA00005498870084908720B490870F2E70020AF
:10CBB0000949087000BFEDE7F8060020312E312E3C
:10CBC000332E315F545F3100B40A00202209002067
:10CBD000C204002032090020B8000020F8B5044645
:10CBE0000D4600260027002C02D02068002801D125
:10CBF0000020F8BD6068002805D06168A068884200
:10CC000001D30020F5E72648854201D90020F0E74E
:10CC1000A068401C45196068A84203D3A168206839
:10CC20004018E6E72069002801D00020E1E71D4810
:10CC3000854206D91A48854201D8074602E00020FD
:10CC4000D7E76F00206A00280DD03946226A206895
:10CC500090470646002E1ED1E169206888470020D3
:10CC600060602060C5E73846A16988470646002E07
:10CC700006D1E16920688847002060602060B8E73D
:10CC8000002E05D0A068421C30462168F6F7DFFA76
:10CC9000E1692068884767602660A0688019A8E776
:10CCA000FFFFFF7FFFFFFF3F10B504461C480470E5
:10CCB0002300FCF744FC062604072C08313203F05D
:10CCC00085FD2AE029E00020164908601649086021
:10CCD00003F03CF900280DD114490870144908707C
:10CCE00014480078042801D1002000E002200C49FB
:10CCF000087012E06721012001F0BAFC08F072F917
:10CD00000BE000200A4908700749086005E00A485E
:10CD100000680549086000E000BF00BF10BD0000CA
:10CD200098040020580400209404002047040020A8
:10CD300046040020EE010020AC00002070B504463F
:10CD400000BFEFF31080054672B623480078002834
:10CD50000AD0002C08D021480078002804D100BF58
:10CD600085F3108800BF70BD1C480078092803D0E7
:10CD70001A480078052800D103E0FA21C800F8F726
:10CD800039FA1648007816490870144804701320C0
:10CD90001449087000BF85F3108800BF1048007860
:10CDA000002805D1002C03D0FBF7B4F903F0EEFB0B
:10CDB000002C06D100F094FB00200B4948700B4971
:10CDC0004870042C05D1FBF71BFEFBF737FE00F083
:10CDD000D9F900BFC7E700005B000020EE0100208A
:10CDE000EF010020F00100207101002079010020F6
:10CDF0000020034908700348006803490860704731
:10CE0000900100209C0000208C01002010B50446F9
:10CE10000021204600F002F810BD0000F0B5A1B0DE
:10CE200004460F466A4903C920911F90FF202D3008
:10CE30001E903C201D90002F1AD1664800680028E3
:10CE400016D065490968634A1268881A63490979E6
:10CE5000002902D0FF212D3100E03C210B469842F1
:10CE600005D25E4906C96260216021B0F0BD00BFF5
:10CE70005B480078052804DB584903C961602060DD
:10CE8000F3E7002057490870574908705749086070
:10CE900057490870FBF700FF56A006F0B1FBFF20D2
:10CEA000F530F7F741FEFBF7F7FE4D480078401CE0
:10CEB0004B49087052A006F0A3FB5448F7F734FE24
:10CEC00053481C9053A11C98F6F7E5F90546002D30
:10CED0000DD11F904148209A1F9906C03E48006816
:10CEE0003C49086020991F9861602060BDE70020E0
:10CEF000C0431B90202113A8F6F7C2F920210BA8EC
:10CF0000F6F7BEF900200790089009900A90039068
:10CF100004900590069003A807A90BAA13AB0092F2
:10CF2000019102901BAA3DA12846F6F71DFA06467C
:10CF300007A808F045F903A808F042F903A808F08B
:10CF40000FF8052E0EDB1B9800280BD10BA813AB96
:10CF50003EA2402100903F48FCF792FA012020A910
:10CF6000087001E000201F90052E22DB07A8F6F7CD
:10CF7000BDF900281DD003A8F6F7B8F9062818D384
:10CF800003A807AB31A2182100901648FCF778FAE5
:10CF90000120154908701348FFF7BEFA0290029865
:10CFA000002805DB1149029808600120104908702B
:10CFB00000BF0A48209A1F9906C007480068054923
:10CFC000086020991F986160206000BF4DE7000055
:10CFD000685C010004050020AC000020FC04002077
:10CFE00008050020A80F0020F0040020F404002011
:10CFF000F804002041542B434C42533D30000000C4
:10D0000041542B434C42533D34000000B80B000008
:10D01000980B00202B434C42533A00002B434C42C8
:10D02000533A2025642C2533315B5E2C5D2C25334F
:10D03000315B5E2C5D2C252A5B5E2C5D2C25313509
:10D040005B5E2C5D2C2531357300000025732C258B
:10D05000730000000010002070B50546002D00D1BF
:10D0600070BD0AA12846F6F716F90446002C0BD02D
:10D07000083408A12046F6F766F90646002E01D0CE
:10D08000002030702046EBE70020E9E72B494343BE
:10D0900049443A000D0A0000F1B582B0029C00E05C
:10D0A000641C207800280BD020782028F8D0207825
:10D0B0000D28F5D020780A28F2D020780928EFD062
:10D0C0002EA12046F6F7E7F8002814D02BA1204621
:10D0D000F6F7E1F804460D212046F6F7FDF8044680
:10D0E000002C08D0641C00E0641C20780A28FBD0C7
:10D0F00020780D28F8D0264639E0002001903546EA
:10D1000003E00198401C01906D1C2878302802DB58
:10D1100028783928F5DD01980F280FD128780D28B7
:10D1200005D028780A2802D02878002806D1294678
:10D13000002901D0002008703046FEBD0D21304688
:10D14000F6F7CAF80746002F04D10A213046F6F751
:10D15000C3F80746002F00D10CE07E1C00E0761CCF
:10D1600030780A28FBD030780D28F8D000BF30780E
:10D170000028C2D100BF0020DFE7000041542B434C
:10D1800047534E0010B501200B49087000200B4991
:10D1900008600B4908600B4908700B4908700120B2
:10D1A0000A49087000200A49087003F00FFB0020AC
:10D1B000FFF77AFD10BD0000450400204C0400205C
:10D1C0005804002047040020460400200C040020DE
:10D1D0005D04002070B50646002E11D11A48007873
:10D1E000002803D119480068002808D000210B202E
:10D1F000FAF760F80020144908701449086070BDFF
:10D200001348056811480068002801D10F480560DF
:10D210000E490968681AFF212D31F5F7AFFFC007E5
:10D22000C00F01210C1A0848007884420AD0064831
:10D230000470002C01D0012000E0002001460B20EA
:10D24000FAF738F800BFDAE764050020600500202F
:10D250009C00002070B50646002E11D11A480078B7
:10D26000002803D119480068002808D000210F20A9
:10D27000FAF720F80020144908701449086070BDBE
:10D280001348056811480068002801D10F4805605F
:10D290000E490968681AFF212D31F5F76FFFC007A5
:10D2A000C00F01210C1A0848007884420AD00648B1
:10D2B0000470002C01D0012000E0002001460F2066
:10D2C000F9F7F8FF00BFDAE77805002074050020C1
:10D2D0009C0000201CB501216846FFF79FFD064811
:10D2E0000078002805D005480068002801D00120FA
:10D2F0001CBD0020FCE70000F8040020F40400201E
:10D30000002003490870034800680349086070471B
:10D31000830000209C0000203800002010B5354814
:10D32000007800281BD134480068002817D0334803
:10D33000006831490968324A8918884205D22F4865
:10D3400000682D490968884209D2012029490870DE
:10D350007221002001F08CF9002001F0B7F8294873
:10D36000007A002843D02348007800283FD0264880
:10D37000007800283BD000F055F80446002C18D067
:10D38000002022490870FDF79FFF6221002001F074
:10D390006FF91F4801214907086000BFBFF34F8F95
:10D3A0001C481D49C860BFF34F8F00BF00BF00BFBE
:10D3B000FDE7002015490870002112480172002085
:10D3C0000C49087015490870154908600A49086039
:10D3D000622101F04DF90320FDF736FA08F0AAFAB0
:10D3E0007D200001F7F7A0FBFDF76EFF10BD00BF29
:10D3F000FCE7000083000020380000209C00002093
:10D4000088130000DC060020810000205B00002063
:10D41000F5FAAA550400FA0500ED00E080000020AE
:10D420003400002070B5FBF737FC1CA006F0E8F8CC
:10D430007D20C000F7F778FB1A4D1BA12846F5F7B1
:10D440002AFF002812D0FBF727FC1BA006F0D8F813
:10D45000FF20F530F7F768FBFBF71EFC0FA006F086
:10D46000CFF87D20C000F7F75FFB00BF19480168C7
:10D470002846F5F710FF0446002C02D11649086033
:10D4800070BD14480068F5F731FF041913480168AE
:10D490002046F5F700FF06463046F1E741542B469B
:10D4A000534C5300980B00206950686F6E655F52B3
:10D4B000696E672E6D70330041542B465344454CC2
:10D4C0003D6950686F6E655F52696E672E6D70338F
:10D4D000000000003805002038000020340500203E
:10D4E00010B50848007800280BD0074800780028BD
:10D4F00007D1064800F078FC002802D0002001493E
:10D50000087010BD3E050020EE01002064060020DA
:10D5100010B5044607A12046F5F7BDFE002805D149
:10D5200006A12046F5F7B7FE002801D0012010BD66
:10D530000020FCE73134342C300000003134342C2E
:10D540002030000002460023002A00D17047114617
:10D5500016E00878462802D00878662805D1581CBD
:10D56000C3B2182B0BDB0120F0E70878222806D085
:10D570000878202803D008782C2800D00023491CE4
:10D580000878002805D008780D2802D008780A28E5
:10D59000DFD10020DAE7000010B500F009FC002020
:10D5A0000249087001200249087010BD470400209C
:10D5B0005C04002070B504462546002D01D10020F2
:10D5C00070BD0CE02846FFF7A3FF002806D02846D0
:10D5D000FFF7B8FF002801D00120F1E7AD1D04A13D
:10D5E0002846F5F758FE051EECD100BFE8E700001D
:10D5F0002B4352534D3A000070B504462546002D8A
:10D6000001D1002070BD07E02846FFF781FF002808
:10D6100001D00120F6E7AD1D03A12846F5F73BFE3A
:10D62000051EF1D100BFEDE72B4352534D3A0000E8
:10D6300070B504460D462046FAF748F870BD000064
:10D6400010B50748806B002808D00549886BFCF7A7
:10D6500035F90020024988630249086010BD0000C6
:10D66000B40A002004040020F1B5B0B030980028BE
:10D6700003D030980078002814D16221002000F0F7
:10D68000F7FF00209B4908709B4908709B4908726E
:10D6900000219B48017200209A4908609A4908605D
:10D6A00031B0F0BD99A02F909EA02E90FBF7F4FA18
:10D6B000A0A005F0A5FF7D20C000F7F735FA9F4830
:10D6C0002D902E992D98F5F7E6FD0446002C12D0EA
:10D6D0002E98F5F70BFE041920462F99F5F7DBFD80
:10D6E000002808D0FBF7D8FA95A005F089FFFF20A5
:10D6F000F530F7F719FA00200C9000250B909AE00E
:10D70000FBF7CAFA96A005F07BFFFF202D30F7F754
:10D710000BFAFBF7C1FA99A005F072FFFF202D303C
:10D72000F7F702FAFBF7B8FA9CA005F069FFFF20B3
:10D730002D30F7F7F9F9FBF7AFFA9FA005F060FF7E
:10D74000FF20F530F7F7F0F99E489FA102680DA879
:10D75000FBF7B2FEFBF7A0FA0DA805F051FFFF2082
:10D76000F530F7F7E1F9FBF797FA9DA005F048FFD0
:10D77000FF20F530F7F7D8F96148C068012811D1CA
:10D78000FBF78AFA9CA005F03BFFFF20F530F7F786
:10D79000CBF9FBF781FAA14805F032FFFF20F53005
:10D7A000F7F7C2F9FBF778FA9DA005F029FF0026EC
:10D7B000002007909E480690FF20F53005900EE06F
:10D7C000FF20F530F7F7B0F90798FF30F5300790F4
:10D7D0005A482D9097A12D98F5F75DFD064694497E
:10D7E0000798884201DA002EEAD0002E14D002A851
:10D7F00003AB04AA93A100903046F5F7B5FD0328CA
:10D8000009D103980B900398C82804D10125012160
:10D810003B48017215E000BF002D08D1FBF73CFA30
:10D820008EA005F0EDFEFF20F530F7F77DF90C989E
:10D83000401C0C9000BF0C98052802DA002D00D186
:10D840005EE700BF002D20D16221002000F010FF14
:10D8500000202849087028490870284908720021CA
:10D8600027480172002027490860274908607E493F
:10D8700008700320FCF7E8FF08F05CF87D20000149
:10D88000F7F752F9FDF720FD0AE7FBF705FA77A055
:10D8900005F0B6FE002780480A90FF20F530099079
:10D8A0000020089016E0FF20F530F7F73DF9FF372C
:10D8B000F53722482D9079A12D98F5F7ECFC00283A
:10D8C00005D177A12D98F5F7E6FC002802D00120BC
:10D8D000089005E07048874202DA08980028E2D0F4
:10D8E00000BFFF20F530F7F71FF95CA005F088FEB8
:10D8F00000BFD5E68300002080000020EC06002059
:10D90000DC060020340000203800002065436F6FE3
:10D910006B335F4F54415F54455354312E686578E3
:10D92000000000002B46534C533A2046494C4553C7
:10D930003A0D0A0041542B46534C5300980B0020DB
:10D9400041542B465344454C3D65436F6F6B335FE9
:10D950004F54415F54455354312E686578000000A0
:10D9600041542B4353534C4346473D2273736C76CB
:10D97000657273696F6E222C312C330041542B4336
:10D9800053534C4346473D2269676E6F726572740C
:10D990006374696D65222C312C31000041542B4396
:10D9A00053534C4346473D22656E61626C65534E4E
:10D9B00049222C312C31000041542B4854545049F9
:10D9C0004E4954000004002041542B4854545050F8
:10D9D0004152413D2255524C222C222573220000F7
:10D9E00041542B48545450504152413D2253534CC2
:10D9F000434647222C31000041542B485454505088
:10DA00004152413D22434F4E54454E54222C2274E4
:10DA10006578742F706C61696E22000040620100AD
:10DA200041542B48545450414354494F4E3D3000CB
:10DA3000307500002B48545450414354494F4E3ADE
:10DA4000000000002B48545450414354494F4E3A73
:10DA50002025642C25642C256400000041542B48AB
:10DA60005454505445524D005B00002041542B4803
:10DA70005454505245414446494C453D2265436FFC
:10DA80006F6B335F4F54415F54455354312E68657B
:10DA900078222C3100000000102700004F4B0000BE
:10DAA0002B485454505245414446494C453A000095
:10DAB000F8B51A48007800282DD019480068F6F704
:10DAC000C6F90090F6F724FA04460022154BF6F743
:10DAD0003BF90646F6F758FA13490860084600680D
:10DAE000F6F716FA0646114A114BF6F7C5F8044642
:10DAF000F6F74AFA0C490860012189070A480068CC
:10DB0000F5F78AFF084908600846016809488162FC
:10DB100005480068F8BD0020FCE70000E80400208C
:10DB2000E404002000FEAF40040200209A99999975
:10DB300099990940B40A0020084972B6084A127837
:10DB4000002A07D0074A1268044B9A4202D9054AB4
:10DB5000106801E0044A106862B6704780857467F7
:10DB6000F8040020F4040020A800002000B50146BD
:10DB70000B00FBF7E4FC1B27292F0F1113151719B6
:10DB80001B1D1F2125312D2B2333433537393B3DB9
:10DB90003F414300032000BD0420FCE70520FAE7D5
:10DBA0000620F8E70720F6E70820F4E70920F2E767
:10DBB0000A20F0E70B20EEE70C20ECE71120EAE763
:10DBC0000D20E8E70020E6E70120E4E71020E2E787
:10DBD0000F20E0E70220DEE70E20DCE71220DAE784
:10DBE0001420D8E71520D6E71620D4E71720D2E76F
:10DBF0001820D0E71920CEE71A20CCE71320CAE777
:10DC000010B505480078002802D0FFF795FF10BD39
:10DC100002480068FBE7000049000020AC0000203B
:10DC20002E20704770B505460C46002D01D0002C03
:10DC300004D1002C01D00020207070BD1422294690
:10DC40002046F5F73CFB0020207500BFF5E7F8B54E
:10DC500005460E4617460024002D01D0002E01D1A6
:10DC60000020F8BDAC68002F0AD000E02468002C2A
:10DC700010D03046216AF5F740FB0028F6D109E0C4
:10DC800000E02468002C05D03046216AFDF752F8E8
:10DC90000028F6D12046E4E71CB510A16846F8F745
:10DCA000C3FAFEF7BDFE68460078002802D001984E
:10DCB000002803D100200C4908701CBD0198FFF713
:10DCC000CBF90446002C02D107490870F5E7202261
:10DCD0002146054807F05FF90348EEE741542B431E
:10DCE0004943434944000000C00F00201CB51548BB
:10DCF0000078052803DB0020134908701CBD13A120
:10DD00006846F8F791FAFEF78BFE0198FFF7C4F921
:10DD10000446002C0CD10C4908700A4800780528EC
:10DD200004DA08480078401C064908700020E5E73E
:10DD300020222146044807F02EF9002001490870EE
:10DD40000148DBE7E9040020E00F002041542B43A9
:10DD500047534E0010B504A005F052FC00200649C0
:10DD60000870FEF7A1FF10BD41542B434D51545490
:10DD7000444953433D30000046040020002001493F
:10DD8000087070472C05002010B503A005F038FC82
:10DD90000648F9F787FE10BD41542B43534F433DCE
:10DDA000224D7373222C313234300000A861000000
:10DDB0001CB5064A06A1684600F0E8FA034A07A126
:10DDC000684600F0E3FA00F047F81CBD983A0000FE
:10DDD00041542B4346554E3D3000000041542B43E7
:10DDE00046554E3D31000000F8B50446002C02D0E7
:10DDF0002078002801D10020F8BDFAF74DFF204619
:10DE000005F0FEFB00250F4FFF20F530009013E0DA
:10DE1000FF20F530F6F788FEFF35F5350A4E0BA1E9
:10DE20003046F5F738FA002805D109A13046F5F754
:10DE300032FA002800D002E002488542E8DB00BF49
:10DE40000120D9E7983A0000980B00204F4B0000C2
:10DE50004552524F520000000020014908607047AF
:10DE6000EC0400207CB5FFF7F7FF00241FE07D22C3
:10DE7000120111A1684600F089FA6846007800286E
:10DE800001D001207CBDFAF707FF601C05280CD2E9
:10DE90000A48056801E0F8F743F808480068401BA5
:10DEA0007D21C9008842F6D300BF601CC4B2052C96
:10DEB000DDDB0020E6E70000415400009C0000206C
:10DEC000F8B504460D461148066807681048808872
:10DED000009011E00E4881880098814204D00C48DF
:10DEE000808800900948076808480068C01BA04265
:10DEF00000D306E0F8F714F804480068801BA84235
:10DF0000E8D300BFFAF7C8FEF8BD00009C0000206F
:10DF1000980C002070B50546002D02D02878002806
:10DF200001D1002070BD2C461AE0AC4209D0204639
:10DF30002038C07F0D2804D020462038C07F0A2812
:10DF400001D10120EEE7681D844208D3601F05223D
:10DF500007A1F5F7E9F9002801D10120E2E7641DE6
:10DF600005A12046F5F797F9041EDED100BFD9E7D9
:10DF70002B434D45200000004552524F52000000F7
:10DF800070B50546002D02D02878002801D1002068
:10DF900070BD022219A12846F5F7C6F900280AD15A
:10DFA000A878002805D0A8780D2802D0A8780A28DB
:10DFB00001D10120ECE72C4617E0AC4209D0204605
:10DFC0002038C07F0D2804D020462038C07F0A2882
:10DFD0000AD1A078002805D0A0780D2802D0A0781A
:10DFE0000A2801D10120D3E7A41C04A12046F5F79B
:10DFF00052F9041EE1D100BFCAE700004F4B0000F8
:10E0000010B50446002C07D004A12046F5F743F9CB
:10E01000002801D0012010BD0020FCE72B43525303
:10E020004D3D000010B504462046FFF7A9FF00282B
:10E0300004D12046FFF76EFF002801D0012010BD5B
:10E040000020FCE770B505460C462046FFF7EAFFC6
:10E05000002800D170BD2846FFF7D2FF002806D067
:10E0600004A12046F5F717F9002800D1F2E70120B6
:10E07000F0E700002B4352534D3A000010B586B034
:10E0800000F03AFC002802D1022006B010BD224860
:10E090000078002801D00320F7E77D2292011FA11C
:10E0A00004A800F073F90598FFF784FA002801D05E
:10E0B0000020EAE7002426E07D2292011EA102A8AA
:10E0C00000F064F97D22920114A1684600F05EF927
:10E0D0000198FFF76FFA00280DD001200E49087053
:10E0E0000398FFF789FA002803D0FFF755FA0120BB
:10E0F000CBE70020C9E70398FFF77EFA002800D19C
:10E1000003E0601CC4B2052CD6DB00BF012002492D
:10E1100008700220B9E700002C05002041542B4371
:10E1200052534D3D3137362C32383533392C302C63
:10E13000302C31320000000041542B4352534D3DEE
:10E140003231342C32383533392C302C302C3132BA
:10E150002C2246464646464646464646464646469D
:10E16000464646464646464646462200FFB581B0EC
:10E170000F46012675E0B1000498445820782D28F8
:10E180006ED160782D2805D1A21C3AA1019802F029
:10E19000DFF865E065782946384600F0CBFB0028BB
:10E1A00057D0702D0CD006DC622D2ED0632D4BD0B5
:10E1B000652D4DD149E0732D19D0742D48D13BE028
:10E1C000A01C05F08DFB04462078302803D12D4893
:10E1D000F7F780FF0AE02078312803D13220F7F7E3
:10E1E00079FF03E028A1019802F0B2F830E000F0D6
:10E1F00083FB002801D02DA000E02DA002462EA117
:10E200000090019802F0A4F822E0A01C05F068FB41
:10E2100004462078302803D100202B4908700AE0FA
:10E220002078312803D101202749087003E027A175
:10E23000019802F08DF80BE0F7F7C8FA014600905C
:10E240002BA0FBF70DF903E002E0F7F7F1F900BFAF
:10E2500006E02A4627A1019802F07AF805B0F0BD41
:10E26000761C0398864286DB2BA1019802F070F899
:10E2700000BFF3E74C6F6E67206F7074696F6E209C
:10E2800025730A00C40900004552524F523A202D0E
:10E2900070206F7074696F6E207370656369667942
:10E2A0002030206F7220310A00000000555000001D
:10E2B000444F574E0000000047534D20706F776564
:10E2C0007265642025730A00100200204552524FE7
:10E2D000523A202D62206F7074696F6E20737065E2
:10E2E000636966792030206F7220310A00000000D7
:10E2F00025640A004552524F523A20496E76616CAD
:10E3000069642073686F7274206F7074696F6E2017
:10E310002D25630A00000000210A000010B51BE053
:10E32000134A5288134B9B5C0C68621C0A600355AD
:10E330000F4B5B885A1CD3171B0E9B181B121B021A
:10E34000D31A9CB20A4B5C8072B6094A9288521E5C
:10E3500093B2074A938062B6054A9288002A02DD8A
:10E360000A68FF2ADCDB00220B68C25410BD0000E3
:10E37000980C0020980B00200248006802490860B1
:10E38000704700009C000020EC040020F0B585B030
:10E3900004460D4616463E4903C9039102900020EB
:10E3A00001900398002804D0002D02D0287800287E
:10E3B00005D1039902986160206005B0F0BD354831
:10E3C0000078002804D00399029861602060F4E787
:10E3D000012030490870FAF7E3FDFAF75DFCFF21F0
:10E3E00001310398F4F74CFF002204212A48FBF77F
:10E3F00003F82846F4F77AFF80B2014600902846D9
:10E40000FAF74CFD022125A0FAF748FD24480768D9
:10E4100029E024480078002802D1F7F781FD22E0A6
:10E4200000202049087001A90398FFF777FF2846CC
:10E430000399FFF707FE002812D001A90398FFF700
:10E440006DFF0398FFF79CFD69460872087A002863
:10E4500002D0FFF791FF02E000201349086007E0B7
:10E46000F7F75EFD00BF0E480068C01BB042D0D376
:10E4700000BF6846007A002801D10B4908600020DF
:10E4800004490870039902986160206000BF94E716
:10E49000285C0100CD040020001000400D0A00009F
:10E4A0009C000020CC040020EC04002070B5044641
:10E4B0000548056801E0F7F733FD03480068401B95
:10E4C000A042F8D370BD00009C00002010B50446A7
:10E4D00024480078042800D110BD234800780300A8
:10E4E000FBF72DF806040E162830383C002C06D118
:10E4F00000F002FA002802D00120FEF7D5FB2DE043
:10E50000012C04D102F062F90020FEF7CDFB25E0DA
:10E51000002C09D101F01AFD002805D00320FEF7D8
:10E52000C3FBFDF779FE04E0012C02D10020FEF7C9
:10E53000BBFB13E0002C04D0012C02D10020FEF71D
:10E54000B3FB0BE0012C04D10520FEF7ADFBFFF778
:10E5500001FC03E0012C00D000BF00BF00BF00BFE2
:10E56000BAE70000EE0100209804002010B5044630
:10E57000184800780300FAF7E2FF0A0E060A2A128A
:10E58000161A1E22262A204606F0E0F820E0204631
:10E5900005F0AAFA1CE0204606F094F918E020469F
:10E5A00006F024F814E0204606F076F910E0204644
:10E5B00006F04CFA0CE0204606F02AFA08E0204665
:10E5C00006F080FA04E0204605F0AEFF00E000BF50
:10E5D00000BF10BDEE0100201148017B1148124A16
:10E5E00012789200815000210F4A52789200815097
:10E5F0000D4A9278920081500C488078022807D109
:10E600000748017B0748084AD2789200815005E00C
:10E6100000210448044A927892008150704700001B
:10E62000735B010018A00540805B0100F806002024
:10E63000FCB504460D460026002001900027622DFF
:10E6400008D0672D03D0722D06D1012604E00120E9
:10E65000019001E0012700BF00BF0097324621462C
:10E660000248019B05F08AF8FCBD0000BC000020B8
:10E67000FCB504460D460026002001900027622DBF
:10E6800008D0672D03D0722D06D1012604E00120A9
:10E69000019001E0012700BF00BF009732462146EC
:10E6A0000248019B05F06AF8FCBD00000407002049
:10E6B00010B50C210F48F8F71BFA04460121C904D4
:10E6C0000C48F8F771F9002804D00121C904094861
:10E6D000F8F75CF904202040002806D106480078AD
:10E6E000002805D10549087002E0012002490870A0
:10E6F00010BD000000800440B2040020B6040020D9
:10E7000010B50C210F48F8F7F3F904460121C904AC
:10E710000C48F8F749F9002804D00121C904094838
:10E72000F8F734F904202040002806D10648007884
:10E73000002805D10549087002E00120024908704F
:10E7400010BD000000900440C2040020C604002058
:10E7500070B505460E461320FAF710FF002405E0B9
:10E7600006480068005D2855601CC4B2701EA042B7
:10E77000F6DC1320FAF762FF70BD0000580B002092
:10E7800070B505460E460021701E29541320FAF775
:10E79000F5FE002405E0285D054949680855601C20
:10E7A000C4B2B442F7DB1320FAF748FF70BD000093
:10E7B000580B002070B505460E461420FAF7EEFE01
:10E7C000002405E006480068005D2855601CC4B2BE
:10E7D000701EA042F6DC1420FAF740FF70BD000066
:10E7E000780B002070B505460E460021701E295496
:10E7F0001420FAF7D3FE002405E0285D0549496896
:10E800000855601CC4B2B442F7DB1420FAF726FFA7
:10E8100070BD0000780B002070B505460E4614460A
:10E8200031462846F5F7D6FB06D821462846F5F7A7
:10E83000C7FB01D8012070BD0020FCE710B5002007
:10E840000E4948638863C86308600872C86008613D
:10E85000486148608861C8610021084801624162DE
:10E86000816220210648F4F70BFD05490348C16287
:10E870000021016300200149086410BDB40A002092
:10E88000940A0020F8B50B30C608F600104D19E0C8
:10E890002068B04215D3B0420BD96368871B201D96
:10E8A0000093F4F7D4FCA019009B07604360286034
:10E8B00004E060682860201DF4F7C9FC201D266074
:10E8C000F8BD251D2C68002CE2D10020F8BD000009
:10E8D0001006002010B5F6F75DFF0446601C002806
:10E8E00002D1F6F7D3FF04E00248844201DDF6F7D7
:10E8F000CDFF10BD8C05000010B540210448F7F78E
:10E9000074FA0446002C01D1012010BD0020FCE760
:10E9100000200B4005480078002803D10448007807
:10E92000002801D0012070470020FCE7B20400203D
:10E93000C204002030B502460B469C205043094DCE
:10E94000441900210AE00C20484325460C354019A3
:10E95000007A984201D1012030BD491C0C29F2DB1C
:10E960000020F9E714020020F8B504460F46002CF9
:10E9700000D1F8BD2046FCF78AF8002805D02046D3
:10E98000FCF7A8F838700120F3E72046FCF78CF874
:10E9900000280DD000221346A5692846E169F5F745
:10E9A000CBFA01D0012000E0002038700120E0E720
:10E9B0002046FCF784F800282FD0206900282CD0AE
:10E9C000256917A12846F4F798FC00280BD016A15A
:10E9D0002846F4F792FC002805D015A12846F4F744
:10E9E0008CFC002802D101203870C2E711A1284612
:10E9F000F4F783FC00280BD010A12846F4F77DFC27
:10EA0000002805D00FA12846F4F777FC002803D191
:10EA1000002038700120ACE700BF0020A9E700000B
:10EA200074727565000000005452554500000000E6
:10EA30003100000066616C736500000046414C5374
:10EA4000450000003000000070B504460D46002C63
:10EA500000D170BD2046FCF727F8002807D0A26936
:10EA60001046E169F5F730FA28600120F1E7204609
:10EA7000FCF725F8002808D02069002805D0206977
:10EA8000F4F764FF28600120E3E70020E1E7F8B530
:10EA900005460C461646002D04D031462846FBF7A5
:10EAA000EDFF00E000200746002F06D1002C04D027
:10EAB00031462046FBF7E2FF07463846F8BD70B501
:10EAC00004460D46002C07D02046FBF7F8FF00282F
:10EAD00002D02069002801D1002070BD2069286083
:10EAE0000120FAE7034804490978042901D10349C0
:10EAF000084370470A200300EE0100200440000094
:10EB0000F8B507460C4615461E4669463846FFF7D7
:10EB10009BFF002806D10BA231462846FAF7B0FC2D
:10EB20000020F8BD0098002806DA0EA231462846DB
:10EB3000FAF7A6FC0020F4E700986060012020723C
:10EB400000BFEEE76475726174696F6E53206D7576
:10EB5000737420626520696E742F737472696E67B6
:10EB6000000000006475726174696F6E53206D75EA
:10EB70007374206265203E3D20300000F8B50746E2
:10EB80000C4615461E4669463846FFF75DFF0028CD
:10EB900006D10CA231462846FAF772FC0020F8BDD7
:10EBA0000098002802DB00980A2806DD0CA23146F6
:10EBB0002846FAF765FC0020F1E700982060012064
:10EBC000EDE700006D6178506F776572206D7573A9
:10EBD0007420626520696E742F737472696E6700A9
:10EBE000696E76616C6964206D6178506F776572CB
:10EBF0002028302D31302900FFB589B00025ED43A4
:10EC00002F4628460790002005900490039002901C
:10EC1000012001906CE0019881000C984458207804
:10EC20002D2862D160782D2805D1A21C5FA10998FA
:10EC300001F08EFB59E0667831460A98FFF77AFEBC
:10EC400000284CD0632E1CD006DC302E30D0312E64
:10EC500031D0622E42D131E0722E02D0732E3DD1DE
:10EC60001EE0A078002805D154A1099801F070FB9E
:10EC70000DB0F0BD06A9A01CFBF7EDFC069845B24F
:10EC80002CE0A078002804D159A1099801F060FB7C
:10EC9000EEE706A9A01CF8F707FC069847B21DE0AE
:10ECA00008A9A01CF8F700FC5E4806F0FBFE15E082
:10ECB0000120029012E0022002900FE0204604F0B2
:10ECC0000FFE044607A92046FBF7C5FC0446204674
:10ECD00004F006FE041E00D000BF00BF05E032466F
:10ECE00051A1099801F034FBC2E70198401C019042
:10ECF0000B99019888428EDB681C00281CD0002DDF
:10ED000016DB102D14DA0298012804D1E8B2002194
:10ED1000F8F7D0FA10E00298022804D1E8B20121F5
:10ED2000F8F7C8FA08E049A1099801F011FB03E0DF
:10ED300054A1099801F00CFB002F31DB012F04DDF9
:10ED40005BA1099801F004FB2AE0E11C0C4608468F
:10ED500004F0C6FD044619E02078F4F76CFA522856
:10ED600002D10120059010E02078F4F764FA4728DA
:10ED700002D10120049008E02078F4F75CFA4228E0
:10ED800002D10120039000E003E0641C20780028F9
:10ED9000E2D100BF3846039B049A0599F8F7B0FA10
:10EDA00050A1099801F0D4FA00BF61E74C6F6E677B
:10EDB000206F7074696F6E2025730A004552524FA0
:10EDC000523A206E6F20726564206C656420766113
:10EDD0006C75652073706563696669656420666F2C
:10EDE00072206F7074696F6E202D720A000000002F
:10EDF0004552524F523A206E6F20524742206C6566
:10EE000064206E756D6265722073706563696669F2
:10EE1000656420666F72206F7074696F6E202D6359
:10EE20000A000000B82200004552524F523A2049D1
:10EE30006E76616C69642073686F7274206F707491
:10EE4000696F6E202D25630A000000004552524F65
:10EE5000523A206D7573742073706563696679200A
:10EE60002D3020286F666629206F72202D312028D2
:10EE70006F6E2920666F72202D72206F7074696F1B
:10EE80006E0A00004552524F523A20496E76616C2C
:10EE90006964204C4544206E756D62657220666F12
:10EEA00072202D72206F7074696F6E0A000000006E
:10EEB0004552524F523A20496E76616C6964205235
:10EEC0004742204C45442020666F72202D63206FFE
:10EED0007074696F6E2C207573652030206F7220FE
:10EEE000310A0000210A00000EB5FFF7A7FCF7F772
:10EEF0006BFAF7F7DBFBF6F72FFEF5F7E3FDF5F717
:10EF0000C3FEF6F783FFF8F757FEF8F7BCFAF9F7F8
:10EF1000FBFEFAF7ADF8F8F7B5F8F8F725FB012096
:10EF2000F8F710FBFDF70EFEFFF7D4FCF5F7DAFC5F
:10EF3000F6F79AFAF8F788FDF8F771FCF6F72EFC69
:10EF400001214903F748F6F759FF01218903F548E4
:10EF5000F6F754FFF4A0F5494861F3A00861F4A066
:10EF6000FAF77EFAFEE3F548007800282BD16421F9
:10EF7000F3480068F4F702F9002905D1F148006868
:10EF8000EF49096888420BD1EF480078002807D183
:10EF9000EE484078032803D0ED484078032812D18A
:10EFA0006421E7480068F4F7E9F8002909D1E54849
:10EFB0000068E3490968884203D0E1480068E149F4
:10EFC0000860FDF7BFFDF6F7ABFFE24800780428C4
:10EFD0000FD1E1480078002808D002E0DF48FCF7B4
:10EFE00083F9DD4800780028F8D102E0DB48FCF71F
:10EFF0007BF9D248007800280BD0D948807A0028C5
:10F0000005D1D848807A002801D1F7F7A3F906F096
:10F01000B7F9D0480078022803D0CE4800780528F8
:10F0200077D1C821C6480068F4F7A8F80029F7D1BD
:10F03000CD480068C249096888426AD0C048006863
:10F04000C9490860C648807A002803D1C548807A3B
:10F05000002849D0C5480078002803D1C048807AEC
:10F06000002807D1C1480078012805D1BD48807A21
:10F07000002801D0012000E000200546002D13D01B
:10F08000BB48807802280FD1B8480078002802D108
:10F09000AE48807801E0AE4880780446082C02D063
:10F0A000204606F025FC1EE0B1488078022812D1E7
:10F0B000AC4A1178AA4A107806F05CFCAB49097892
:10F0C000002902D1A649098801E0A6490988C8B2E9
:10F0D000F8F76AF907E09D488078082803D09B4933
:10F0E000887806F005FC00BFA248007800281FD0F1
:10F0F0009B48807A00281BD19A4A1178984A107848
:10F1000006F038FC99490978002903D19449098807
:10F1100002E038E093490988C8B2F8F745F9904809
:10F120000088002804D08E480188002004F02EFCBE
:10F130009148007800281ED08A48807A00281AD189
:10F14000884A1178864A107806F014FC87490978B5
:10F15000012902D18349098801E081490988C8B29F
:10F16000F8F722F97F480088002804D07D480188FC
:10F17000012004F00BFC7A48807A7E4908707948B7
:10F18000807A7D49087005F097FFFBF711FBFBF7CC
:10F19000C7FA02F051FAFBF745FF06F07BF9FEF7DC
:10F1A000BDF806F063F8F6F7BBFE74480078002857
:10F1B00005D068480078002801D103F0DFFCFFF794
:10F1C0009BFB6F49087004F0E7F802F039F96D48CD
:10F1D000006B10210840002801D0FAF739F9F6F742
:10F1E0000DFA02F0B5FFFBF7CDFD01F0EDF9FCF7EC
:10F1F000C3FF01F085F8F6F793FEFFF78BFB0028BD
:10F2000003D14E480078002829D05F4800780028B4
:10F2100016D05E480078002812D05D48007800289B
:10F220000ED05C48007800280AD05B480068401C7B
:10F23000002808D058480068401C5749086002E080
:10F24000002055490860544800687D21C900884263
:10F2500001D3012000E000205049087004E00020A4
:10F260004D4908604D4908704D48007801282FD15C
:10F270004C480078032808D04A480078012804D078
:10F2800049A24AA1354804F0F3F94648007802281B
:10F2900003D10020FFF71AF917E042480078002850
:10F2A00003D040480078012803D10A20FCF79AFFD8
:10F2B0000BE03C480078042807D126480078002855
:10F2C00003D067210120FFF7D3F9002034490870EB
:10F2D00037480078012824D136484079002807D1E2
:10F2E00035480078002871D03448007800286DD067
:10F2F000F6F750FA00287DDD2E480079002802D06C
:10F30000012876D170E02E48007800286BD12D4876
:10F31000006800285CD02C4800682A490968401A17
:10F3200057E073E000200B404E410000B40A00207B
:10F330004154454320434C490A000000B8000020D6
:10F340009C0000201C000020C20400202209002094
:10F3500032090020EE0100201002002000000440CD
:10F36000420900204E0900201800002088010020DA
:10F37000F806002020000020210000205B00002073
:10F3800081000020008008406A0000206B000020FF
:10F390006C0000206D000020700000204C00002058
:10F3A000B6010020980400204F4B0000415400009B
:10F3B000B70100200C0500203C0500203D05002081
:10F3C0009904002010000020AC00002014E011E09F
:10F3D0000F2004460F2C05D3FE480068FE49086044
:10F3E00002F01AF800BF04E003F0F8FC00F07AFF26
:10F3F00000BF01E000F0B8FDF8A2F9A1FB4804F05D
:10F4000037F9FB4908700020FA490870FA4800787B
:10F4100001281ED1F9480078042808D1672101206D
:10F42000FFF726F903F026FB05F0DCFD0CE0F448BD
:10F430000078042808D072210220FFF719F906F09D
:10F4400079FA0520FBF700FA05F028FE0020EA49CA
:10F450000870F6F765FDFFF74FFA0446E8480078B4
:10F46000042815D0002C13D0E648007800280FD1CE
:10F47000E248007800280BD1E3480078002807D143
:10F480000520FCF7AFFE0120E0490870DE49087056
:10F49000DC480470DE480078002808D0DD48007899
:10F4A000002804D005F05EFF0020D9490870FFF75E
:10F4B00023FA00287ED0D84ED84F0024D8480078B0
:10F4C000002832D0D7480068314688422DD3D5482D
:10F4D00000683946884228D80025D34800680028AB
:10F4E00009D0D14800683146884204D3CE4800682C
:10F4F0003946884201D9012510E0CB48CBA214211E
:10F500000368CB48F9F7BCFFC948F3F7EFFEC949D8
:10F510000860084600680A2800D20125002D03D0A3
:10F52000C0480068C049086000BFC3480078002890
:10F530001ED1B348007804281AD0B04800780328B8
:10F5400016D0AE480078012812D00521A1480068E5
:10F55000F3F714FE00290BD19E480068B7490968EB
:10F56000884205D09B480068B4490860FAF7D8F98A
:10F57000AD48006800281AD0AB48ACA2142103683B
:10F58000AB48F9F77DFFAA48F3F7B0FEA949086038
:10F59000A5480068A049884209D3A34800689F494C
:10F5A000884204D8A34800680A2800D30124002C0C
:10F5B00014D000E01BE0A0480078002809D19A4848
:10F5C00000689F490860FDF741FA01209A490870D8
:10F5D0000CE0954800689A49086007E09248006886
:10F5E000002803D07B4800688F49086000BF954819
:10F5F0000078002854D182480078042850D07F48F1
:10F60000007803284CD07D480078012848D0FFF7C7
:10F6100073F9002844D005216E480068F3F7AEFD69
:10F6200000293DD16B48006887490968884237D076
:10F630006848006884490860FEF72EFB834908602B
:10F6400008460068002806D181A082490861002090
:10F650007C49087024E07D480068F3F747FE7E4946
:10F66000086008460068142803D000207549087017
:10F6700016E07A4975480068FEF7D4FA7748FAF739
:10F68000CFFF002806D001206E49087073487149E9
:10F69000086105E06EA06F490861002069490870A3
:10F6A0006F480079002837D155480078042833D0B6
:10F6B0005248007804282FD1FFF71EF900282BD0DC
:10F6C000052144480068F3F759FD002924D1414839
:10F6D00000686449096888421ED05A4800780028AA
:10F6E0001AD03C4800685F49086001A8FDF78EFB0E
:10F6F0005B48029A019906C00838007900280BD0AF
:10F7000057480068002807D05548006856490860E7
:10F71000084600684F49486151480079002802D1E5
:10F720004BA04C49486151480068514909688842DA
:10F7300039D033480078002835D04C4800684C490F
:10F740000968441A4B480078012814D1C82C12D3F8
:10F7500041034948F6F7FEF9012189034648F6F7C7
:10F76000F9F900E089E30020424908703F48006849
:10F770003F49086016E03F480078002812D1142C59
:10F7800010D3012149033C48F6F738FB01218903D6
:10F790003948F6F733FB01203649087033480068D2
:10F7A0003349086000BF16480078002803D033486A
:10F7B0000088002802D100203149487010480078A4
:10F7C000002803D02F480088002802D100202E49AD
:10F7D00048705BE0AC000020100000204F4B0000A0
:10F7E00041542B4353434C4B3D3200000000044036
:10F7F0004D000020B7010020B8010020980400202F
:10F80000EE01002098000020990000204A0000200E
:10F81000820000208100002080857467005786F4F4
:10F82000F8040020F4040020A8000020256C7500D6
:10F83000310600205400002049000020280000204C
:10F84000E80100204B0000202C0000204000002098
:10F850004E410000B40A0020500000201C06002089
:10F86000780000203000002044000020A00000208C
:10F87000240000205900002000200B4042090020F5
:10F88000710100204E090020790100200821FA486A
:10F89000FEF776FF0821F948FEF7A4FF002009E0F3
:10F8A000F749095CF74A1154F749095CF74A1154C2
:10F8B000411CC8B20B28F3DBF148C07BF44909783E
:10F8C000884203D0F2480078002871D1F1480078CE
:10F8D00000286DD0EF480078042869D0EE48007801
:10F8E000002865D1EB480078022803D0E948007869
:10F8F000052856D1E248807800281BD0E04880785F
:10F90000012817D0DE488078022813D0DC488078A0
:10F9100003280FD0DA48807804280BD0D8488078A4
:10F92000052807D0D6488078062803D0D4488078A8
:10F93000072836D1D9480078002803D0D8488078E5
:10F94000012804D1CE49887805F0D2FF05E0D54AD8
:10F950001178D54A107806F00DF8D44800780028C0
:10F9600006D1D3480068D1494860012008701FE0E3
:10F97000CE484068CE490968081AFF21F53188420F
:10F9800016D3CA484078002812D1BD488178C948AA
:10F990000068FAF775FD0120C4494870002008701E
:10F9A00006E00020C043C14948600020087048704C
:10F9B000BB48807802286BD10020B549087000BF91
:10F9C00007E0B149095CB24A12788918B04A11704F
:10F9D000401C0F28F5DBAC48C07BAD490978884254
:10F9E00003D0AB480078002873D1AA4800780028DB
:10F9F0006FD0A848007804286BD0A748007800286A
:10FA000067D1A4480078022803D0A24800780528CE
:10FA100058D19D48807800281BD09B4880780128C9
:10FA200017D099488078022813D097488078032807
:10FA30000FD09548807804280BD09348807805280B
:10FA400007D091488078062803D08F48807807280F
:10FA500038D192480078012804D18B49887805F084
:10FA600047FF05E08F4A11788F4A107805F082FF32
:10FA7000854881788F480068FAF702FD8E48007843
:10FA8000002806D18A4800688B4948600120087028
:10FA90001FE08948406886490968081AFF21F53146
:10FAA000884216D384484078002812D1764881785D
:10FAB00080480068FAF7E4FC01207F494870002084
:10FAC000087006E00020C0437B49486000200870B1
:10FAD00048707D21C90079480068F3F74FFB002981
:10FAE00013D1774800687549096888420DD073487A
:10FAF000006873490860FEF7DBFD694880780228DA
:10FB000002D1FEF7FDFD00E000BFFA216B4800685E
:10FB1000F3F734FB002933D1694800686749096865
:10FB200088422DD0654800686549086065480078BE
:10FB300065490978884216D059488078022809D149
:10FB40006048007861490978884201D0012002E0CC
:10FB5000002000E00120002805D05A480078401C11
:10FB60005849087000E000BF56480078032804DBBD
:10FB7000002054490870012000E00020544908701A
:10FB80004448007800286CD043480078002868D0AA
:10FB900040480078042864D067210020FEF748FD23
:10FBA00067210020FEF764FD01204A490870FBF739
:10FBB0008BFB00210C20F7F77DFB00210F20F7F7CE
:10FBC00079FB00210B20F7F775FB00210D20F7F7DB
:10FBD00071FB00210E20F7F76DFBF7F711FC0020F9
:10FBE00030490880C87008718870487288722E4940
:10FBF0000880C870087188704872887228488078B8
:10FC0000022801D1012000E003201B4908700020D8
:10FC1000487002201C49087000201849487000BF35
:10FC200007E000222049491D0A541E49491D0A5473
:10FC3000401C0428F5DB2848FBF7AAFF2748FBF700
:10FC4000A7FF0020FDF77AF825484079002801D069
:10FC500000F08AF923A22449244803F009FD24492D
:10FC600008701D48807B002803D11C48807B002839
:10FC70007ED0002047E000007101002079010020C3
:10FC800022090020450600203209002050060020ED
:10FC90005C000020EE0100204C00002088010020C4
:10FCA000F80600204E0900204209002084000020B0
:10FCB000AC000020A80000208C0000209C00002048
:10FCC0001400002068000020B6040020C6040020B4
:10FCD00069000020A8010020C0010020D001002000
:10FCE0000C0500204F4B0000E0F70000000004402E
:10FCF0004D0000206249095C624A11546249095C66
:10FD0000624A1154401C0B28F4DB6149098888B20F
:10FD10000B225C49F5F792FB5E4908605C49098853
:10FD200088B20B225949F5F789FB5B4908605B48AB
:10FD3000807B002809D05248C07A00025049097BD4
:10FD400008435449096888420DD05548807B0028F3
:10FD500066D04D48C07A00024B49097B08434E49A2
:10FD6000096888425CD1002645484079002800E0B7
:10FD700056E003D144484079002836D0494880787D
:10FD8000022823D13E49497B09023D4A5279114359
:10FD90000846F4F751F88721C9050090F3F779FE7A
:10FDA00007463949497B0902374A527911430846C7
:10FDB000F4F742F88721C9050090F3F76AFE019035
:10FDC00038460199F3F7CFFD06460EE02C49497BF2
:10FDD00009022B4A527911430846F4F72DF80746D9
:10FDE0008721C905F3F755FE06462548C078040269
:10FDF000234909790C432448C0780502224909792E
:10FE00000D43002C03D02046F4F721F802E02846E9
:10FE1000F4F71DF802903046029901F065FB00BF2F
:10FE2000FF2101312048F5F7E0FF2049087001214A
:10FE300049021D48F5F7D9FF1D49087080211D486A
:10FE4000F5F7D3FF1C490870FF2101311948F5F778
:10FE5000CCFF1A49087004211648F5F7C6FF01289F
:10FE600000D100E00020164908701648006B1021F0
:10FE70000840002801D0F9F7EBFAFFF774F800000A
:10FE800022090020450600203209002050060020EB
:10FE9000C80400206000002064000020C001002091
:10FEA000D0010020F806002000400B406A0000202E
:10FEB0006B00002000200B406C0000206D00002033
:10FEC000740000200080084001200149087070473C
:10FED0005D04002009480068002801D10120704716
:10FEE0000748006805490968401A0649C9688842F8
:10FEF00001D30120F3E70020F1E7000038040020DF
:10FF0000AC0000200C05002003480068034908608D
:10FF10000020034908707047AC000020380400201E
:10FF20005D04002010B507480078002801D00120AA
:10FF300010BD0548807C002800D1F9E7FFF7CAFF13
:10FF4000F6E700005D0400200C050020054800785D
:10FF5000002805D003480078042801D0012070470C
:10FF60000020FCE7EE01002010B50BA003F048FBD9
:10FF70000DA003F045FB10A003F042FB1248F7F779
:10FF800091FDF8F789FE00201049087010490870AB
:10FF9000FCF78AFE10BD000041542B434D515454D0
:10FFA000444953433D30000041542B434D51545478
:10FFB00052454C3D3000000041542B434D515454A8
:10FFC00053544F5000000000A08601004704002059
:10FFD00046040020FFB5A1B00746FAF7EFFC1F90DA
:10FFE0001F98002801D125B0F0BD2298F3F736FF05
:10FFF00002460B460391029084A11F98FAF75EFC1B
:020000040001F9
:1000000083A1239A1F98FAF72DFCF5F7DFFB1E90CA
:100010001E98F3F737FF02460B46039102907DA12D
:100020001F98FAF74BFC002F70D07BA13846F3F7EE
:1000300064F9002805D079A13846F3F75EF9002865
:1000400064D1FAF7BBFC0646002E04D11F98FAF7DC
:10005000DFFC0020C7E772490868F3F7FFFE02469D
:100060000B46019100906FA13046FAF727FC6C49CE
:100070008869F3F7F3FE02460B46019100906AA1EE
:100080003046FAF71BFC66480079002801D167A0CA
:1000900000E067A0024669A13046FAF72DFC6048EF
:1000A0004079002801D166A006E05D48407901282A
:1000B00001D166A000E068A0024669A13046FAF7C7
:1000C0001BFC57498868F3F7C9FE02460B460191AD
:1000D000009064A13046FAF7F1FB5149C868F3F784
:1000E000BDFE02460B46019100905FA13046FAF733
:1000F000E5FB4B48807C002801D0012000E0002077
:100100004749497C002902D0012101E026E0002175
:10011000009101904248007C002801D0012000E0BD
:100120000020034651A2062102A8F9F7A9F902AA64
:1001300051A13046FAF7E0FB3949C869F3F78EFE62
:1001400002460B46019100904CA13046FAF7B6FBEF
:1001500032464BA11F98FAF7A1FB00BF1F98FAF790
:100160004DFD05461F98FAF753FC002D01D10020E4
:1001700039E745A2202116A81E9BF9F781F916A898
:10018000F3F7B4F815902846F3F7B0F8149001246B
:1001900040A241A1414803F06BFA044040A2402133
:1001A00004A8159BF9F76CF942A204A93B4803F097
:1001B0005FFA044037A216A9384803F059FA044000
:1001C0003DA2402104A8149BF9F75AF939A204A9C9
:1001D000324803F04DFA04402EA229462F4803F07E
:1001E00047FA04403AA2402104A8249BF9F748F9B1
:1001F00028A204A9294803F03BFA04402846F9F74D
:100200005DFBF8F749FD2046EDE6000063696400F8
:100210006F6B0000736964007075000072700000FD
:100220000C0500206B61000070730000616C6C00B5
:10023000657373656E7469616C000000706D000019
:10024000616C776179735F6F6E0000006F6E5F6441
:10025000656D616E640000006F6E636500000000F4
:10026000637300006D7000006D706900256458258F
:10027000645825640000000043454D006E63620031
:10028000706172616D730000726573702F256C75FB
:10029000000000004F4B00004154000000000440EB
:1002A00041542B434D515454544F5049433D302CED
:1002B000257A75003E00000041542B434D515454A3
:1002C0005041594C4F41443D302C257A7500000077
:1002D00041542B434D5154545055423D302C2564CC
:1002E0002C36300000200349087003480068034999
:1002F000086070478C0400209C00002088040020C7
:1003000000B50E480078042800D100BD0C480078E4
:10031000002810D10B48006800280CD00A4800685B
:1003200008490968094A8918884204D3F7F786F80A
:1003300001200349087000BFE7E70000EE0100203C
:100340008C040020880400209C000020701700000E
:100350000FB4F0B587B00EA80690A2E00D98007813
:10036000252872D10D98401C0D900D9800787328A7
:100370000CD1069810C8069004E021780C9800F083
:10038000CFF8641C20780028F7D187E00D9800781A
:10039000632807D1069810C80690E1B20C9800F0C7
:1003A000BFF87BE00D98007864282BD1069810C820
:1003B000069025460026002D01D1012608E005E023
:1003C000761C0A212846F2F7EFFE0546002DF7D1EC
:1003D000771E0DE00A212046F2F7E6FE3031C8B262
:1003E00001A9C8550A212046F2F7DEFE04467F1E09
:1003F000002FEFDA002001A9885501A80C9900F020
:100400005BF84BE00D98007878281FD108240698F7
:1004100020C80690601E0EE02907090F303101AA9E
:10042000115401A9095C392903DD01A9095CC91D21
:1004300011542D11401E0028EEDA002001A90855A4
:1004400001A80C9900F038F828E022E00D98007817
:10045000682823D10224069820C80690601E0EE06A
:100460002907090F303101AA115401A9095C392962
:1004700003DD01A9095CC91D11542D11401E00287E
:10048000EEDA002001A9085501A80C9900F014F833
:1004900004E00D9801780C9800F042F80D98401C8B
:1004A0000D900D980078002800D057E7069007B00F
:1004B000F0BC08BC04B0184770B504460D4604E013
:1004C0002178284600F02CF8641C20780028F7D109
:1004D00070BD000070B505460F4885420AD1F8F797
:1004E000ABFE0446601C002801D1401E70BDE4B282
:1004F0002046FBE7094885420AD1F8F719FD044672
:10050000601C002801D1401EF0E7E4B22046EDE770
:100510000020C043EAE70000000004400010004053
:1005200073B505461648854212D1164E09E0F8F714
:100530006DFE0446002C00DD04E0701E061E00DC8B
:1005400000E0F4E700BF012101A8F8F7ADFE15E0D7
:100550000D48854212D10B4E09E0F8F7D3FC044652
:10056000002C00DD04E0701E061E00DC00E0F4E755
:1005700000BF012101A8F8F733FD00BF7CBD0000DA
:1005800000000440102700000010004010B50A4889
:100590000078002800D110BD0020074908700749E5
:1005A00008700749087007490870FDF7E7FB00F07D
:1005B0000DF900BFEFE70000730400207204002073
:1005C000740400207504002010B5734800780428D6
:1005D00000D110BD71480078012800D0F9E77048BB
:1005E0000078002800D0F4E7FEF786F9002800D153
:1005F000EFE76C480068002809D06B48006869493B
:100600000968401A69490968884200D2E1E76648EA
:100610000068644908600220644908606448007802
:10062000042828D1FDF72AFD0446002061490870FE
:100630006149087061480078401C604908700846AC
:100640000078052803DB012055490870C1E7012C1B
:100650000AD100205A490870554908705949087054
:10066000022052490860B4E700205649087005206E
:100670004F490870ADE700F0BBF9002844D00020D6
:10068000504908704A4800780D2818DB00204E4970
:10069000087049490870494908704649087000F0D7
:1006A00095F8FFF753FC002803D10220FCF7FCFA71
:1006B00004E00320FCF7F8FAFBF7AEFD89E73C48BD
:1006C0000078002804D13E480078002800D180E757
:1006D00037480078032809D136480078002801D02F
:1006E000042000E00520324908700CE03048007812
:1006F000062803D108202E49087004E02C48007811
:10070000401C2B49087064E72E480078401C2D4996
:1007100008702748007800F0F9FA002801D001207D
:1007200000E00520044627480078A04232DB002084
:10073000244908701E480078012805DC0020204963
:1007400008701B49087025E01948007800F0DEFAAF
:10075000002802D000F06CF81CE01548007805284D
:1007600005D10120124908701549087012E0164899
:100770000078022807DA14480078401C12490870F3
:1007800000F026F906E00120094908700C490870BC
:1007900000F042F800BF1CE7EE01002098040020A2
:1007A0007304002068040020AC0000206C040020CA
:1007B00064040020720400207504002074040020EA
:1007C00071040020650400207004002010B5002092
:1007D000084908700849087008490860022008495B
:1007E0000860002007490870102207A1094804F09A
:1007F000D2FB10BD640400206504002068040020C2
:100800006C040020710400206F6E6F6D6F6E646F5A
:1008100000000000760400200020034908701E201C
:100820000249086070470000650400206C04002045
:1008300010B50B480078002800D010BD094800789A
:10084000401C0849087008460078052804DB002091
:10085000087001200449087000F0BAF800BFECE706
:1008600073040020750400207204002038B505468A
:100870000BA12846F2F70FFD0446002C00D138BD2D
:10088000002000906A4608A12046F2F76DFD01287D
:1008900003D10098012800D1F1E70020EFE7000024
:1008A0002B43474154543A002B43474154543A2078
:1008B000256400007CB506460C4610A13046F2F7D0
:1008C000EAFC0546002D00D17CBD6320019000901C
:1008D0006B4601AA0BA12846F2F746FD022801D07B
:1008E0000020F1E7002C01D00198206001986328D6
:1008F00001D00120E8E70020E6E700002B43535138
:100900003A0000002B4353513A2025642C25640003
:1009100038B504460020C04300906946204600F0E8
:100920000DF8002800D138BD0098012802D00098A9
:10093000052801D10120F6E70020F4E77CB5064642
:100940000C4617A13046F2F7A6FC0546002D04D14F
:1009500015A13046F2F79FFC0546002D01D100207D
:100960007CBD00200190401E00906B4601AA10A1A2
:100970002846F2F7F9FC022809D06B4601AA10A11B
:100980002846F2F7F1FC022801D00020E8E7002C0D
:1009900001D0009820600098C017401CE0E70000DC
:1009A0002B435245473A00002B43475245473A00F4
:1009B0002B435245473A2025642C25640000000053
:1009C0002B43475245473A2025642C2564000000FC
:1009D00010B5FDF7EDF90120034908700020034927
:1009E0000870FFF7F3FE10BD5C04002047040020F0
:1009F00030B591B000200F90109000248C48007802
:100A00000300F8F79CFD0E0817223C5A5C7A8B8D88
:100A1000A3CDD8DAE41687480078002808D1FDF77E
:100A200021FA002805D0012082490870012400E045
:100A30000124F9E080A10DA8F5F7F6FB0E990D98B9
:100A400010910F9008A8047FEEE07CA10DA8F5F7A7
:100A5000EBFB0E990D9810910F9008A8007F0028CD
:100A60000AD01098002807D077A11098F2F713FC4D
:100A7000002801D0012000E000200446D4E0FDF76A
:100A80000BF90546002D02D02878002801D100245A
:100A9000CAE006226EA12846F2F746FC002805D1DE
:100AA00010226DA16F4804F076FA04E010226EA1C6
:100AB0006C4804F070FA0124B6E00124B4E063202D
:100AC0000E906DA10CA8F5F7AFFB0D990C98109145
:100AD0000F9008A8007F002807D00EA91098FFF7F4
:100AE000E9FE002801D0012000E000200446002C8F
:100AF00002D063490E98086496E05A4B61A23021F7
:100B000003A8F8F7BDFC03A901A8F5F78DFB02992E
:100B1000019810910F9008A8047F85E0012483E0DC
:100B20005EA10DA8F5F780FB0E990D9810910F901E
:100B300008A8007F002806D01098FFF797FE00282D
:100B400001D0012000E0002004466DE056A10DA870
:100B5000F5F76AFB0E990D9810910F9008A8007F89
:100B6000002806D01098FFF7D3FE002801D00120FE
:100B700000E000200446002C11D14EA10DA8F5F78D
:100B800053FB08A8007D002806D00E98FFF7C0FE92
:100B9000002801D0012000E00020044600BF43E00F
:100BA00047A10DA8F5F740FB0E990D9810910F90F5
:100BB00008A8047F38E0012436E044A10DA8F5F729
:100BC00033FB0E990D9810910F9001242CE042A157
:100BD0000DA8F5F729FB08A8007D00280AD00E987B
:100BE000002807D03FA10E98F2F755FB002801D04E
:100BF000012419E03EA10BA8F5F716FB0C990B9800
:100C000010910F9008A8007F002808D110980028A4
:100C100007D03AA11098F2F73EFB002801D001203E
:100C200000E00020044600BF00BF204611B030BDE8
:100C300064040020710400204154000041542B43FF
:100C400050494E3F00000000524541445900000009
:100C500038393435373300006F6E6F6D6F6E646FE7
:100C60000000000076040020696F742D65752E6108
:100C700065722E6E6574000041542B435351000081
:100C8000B40A002041542B434744434F4E543D3156
:100C90002C224950222C22257322000041542B4340
:100CA000474154543F00000041542B435245473FB5
:100CB0000000000041542B43475245473F000000CD
:100CC00041542B435053493F0000000041542B43F3
:100CD000474143543F00000041542B4E45544F5070
:100CE000454E3F002B4E45544F50454E3A20310063
:100CF00041542B4E45544F50454E0000616C726577
:100D0000616479206F70656E656400000146082992
:100D100001D0092901D1012070470020FCE7000023
:100D200000B589B02022054901A8F2F790FA2022E7
:100D300001A90348F2F78BFA09B000BD085C010075
:100D40000C050020F8B507460C4600260020009050
:100D50007D21C900E068884201D30020F8BDE06829
:100D6000401CE060A1682068405C5B2800D064E023
:100D7000A068401CA0602046F9F746FD002C09D071
:100D80006168A068884205D2A1682068405C5D283F
:100D900000D147E0002C03D06168A068884203D3EB
:100DA000A068401EA06048E0A068401EA06000BF90
:100DB00020461030F9F799FE0546002D00D13CE0A1
:100DC000002E02D12E46009504E0009805600098A0
:100DD00068600095A068401CA0602046F9F714FDEB
:100DE0002146009800F06EFA002800D125E0204648
:100DF000F9F70AFD002C08D06168A068884204D287
:100E0000A1682068405C2C28D2D0002C08D06168F2
:100E1000A068884204D2A1682068405C5D2800D0A8
:100E20000BE000BFE068401EE0602020F860BE607C
:100E3000A068401CA060012090E7002E02D0304640
:100E4000F9F7E6FD002089E702460023002100BFF4
:100E500023E0505C302806DB505C392803DC505C12
:100E60003038C31815E0505C412806DB505C46283A
:100E700003DC505C3738C3180BE0505C612806DB9C
:100E8000505C662803DC505C5738C31801E0002032
:100E90007047032900D21B01491C0429D9D31846E5
:100EA000F6E70000F3B593B00C4600BF00201290A7
:100EB000FCF7B6FE01900025002C02D02068002827
:100EC00002D1002015B0F0BD00253CE0A1682068EB
:100ED0004018405D34281FD009DC2B380300F8F798
:100EE0002EFB09212F222B2F1718191A2F00382813
:100EF00016D006DC352810D036280FD037281FD161
:100F00000DE039280DD045280FD0652818D10BE009
:100F100000BF00BF00BF00BF00BF00BF00BF00BFD9
:100F200000BF00BF00BF00BF00BFA168206840181D
:100F3000405D02A9485504E002A90198485500E027
:100F40000BE000BF6D1C3F2D06D2002C04D0A06822
:100F5000401961688842B9D300BF002002A94855F2
:100F600012A902A804F02FF806460F4602A812990B
:100F7000884201D10020A5E71398C7618661144A11
:100F8000144B30463946F2F7EBFF03D81249139859
:100F9000416111E00022114B30463946F2F7CCFF97
:100FA00004D80121C9071398416105E0304639464C
:100FB000F2F78AFF1399486108211398C160A0686D
:100FC00002AA1299891A4018A06001207AE700004D
:100FD0000000C0FFFFFFDF41FFFFFF7F0000E0C117
:100FE000F3B581B00C46002700257D21C900E068DB
:100FF000884201D30020FEBDE068401CE060002C68
:1010000008D06168A068884204D2A1682068405C6A
:101010007B2800D084E0A068401CA0602046F9F73F
:10102000F3FB002C09D06168A068884205D2A16852
:101030002068405C7D2800D165E0002C03D0616809
:10104000A068884203D3A068401EA06068E0A06842
:10105000401EA06000BF20461030F9F746FD06464E
:10106000002E00D15CE0002F02D13746354602E069
:101070002E6075603546A068401CA0602046F9F7D8
:10108000C3FB2146284600F052F8002800D147E073
:101090002046F9F7B9FB2869286200202861002C56
:1010A00008D06168A068884204D2A1682068405CCA
:1010B0003A2800D034E0A068401CA0602046F9F730
:1010C000A3FB2146284600F0FDF8002800D127E0C8
:1010D0002046F9F799FB002C08D06168A068884287
:1010E00004D2A1682068405C2C28B4D0002C08D021
:1010F0006168A068884204D2A1682068405C7D28AD
:1011000000D00DE000BFE068401EE0604021019883
:10111000C16001988760A068401CA06001206AE758
:10112000002F02D03846F9F773FC002063E7F3B5CF
:1011300083B00C46A16820684018461CA16820684E
:101140004018451C002002900027A1682068405CE0
:10115000222800D0AAE00020019000900EE028781C
:101160005C280AD1681C2168401A6168884200D353
:101170009CE00098401C00906D1C6D1C2068281A93
:101180006168884202D228782228E8D12068281A8B
:101190006168884202D22878222800D086E0A168BF
:1011A00020684018291A0098081A019021690198AE
:1011B000401C88470746002F00D177E0029762E085
:1011C00030785C2807D0307802990870761C029835
:1011D000401C029057E002200190A81B012800DA71
:1011E00064E07078662819D008DC222832D02F28D5
:1011F00032D05C282FD0622840D108E06E2814D06D
:10120000722819D074281ED0752837D12BE00820F9
:10121000029908700298401C029030E00C2002995C
:1012200008700298401C029029E00A200299087078
:101230000298401C029022E00D200299087002984A
:10124000401C02901BE00920029908700298401C83
:10125000029014E000BF00BF7078029908700298F5
:10126000401C02900BE002AA2946304604F050F9D7
:1012700001900198002800D118E000E016E000BFBE
:101280000198361800BFAE429AD300200299087028
:1012900010210398C160039807612068281AA06094
:1012A000A068401CA060012005B0F0BD002F02D056
:1012B000384661698847002E02D02068301AA06045
:1012C0000020F1E770B505460C46002C02D02068DE
:1012D000002801D1002070BD002C14D0A068001D92
:1012E000616888420FD8A26821688818042244A146
:1012F000F2F71AF8002806D10420E860A068001D63
:10130000A0600120E7E7002C14D0A068401D6168B0
:1013100088420FD8A2682168881805223AA1F2F7FE
:1013200003F8002806D10120E860A068401DA060F5
:101330000120D0E7002C16D0A068001D616888420B
:1013400011D8A26821688818042231A1F1F7ECFFB6
:10135000002808D10220E86001206861A068001D13
:10136000A0600120B7E7002C0DD06168A06888421A
:1013700009D2A1682068405C222804D12146284671
:10138000FFF7D5FEA7E7002C17D06168A068884258
:1013900013D2A1682068405C2D2809D0A16820687C
:1013A000405C302809DBA1682068405C392804DCF7
:1013B00021462846FFF776FD8DE7002C0DD06168A9
:1013C000A068884209D2A1682068405C5B2804D1EB
:1013D00021462846FFF7B6FC7DE7002C0DD061685A
:1013E000A068884209D2A1682068405C7B2804D1AB
:1013F00021462846FFF7F4FD6DE700206BE700006B
:101400006E756C6C0000000066616C736500000016
:101410007472756500000000012005490870002005
:1014200004490870044800680449086070470000D7
:10143000180400200C0400209C0000201004002050
:1014400010B521480078042800D110BD1F4800784D
:10145000002836D11E480068002832D01D48006898
:101460001B4909681C4A891888422AD30120174958
:101470000870F4F78FF91949096888421BDC0020CD
:101480001649086003F0CCFC002015490870154986
:1014900008700D480078002806D1F4F77BF9002881
:1014A00002D1FEF761FD05E007480078002801D170
:1014B000FFF7B2FFC9E70948006801F085FDFEF7B4
:1014C00011FF00BFC1E70000EE0100200C04002066
:1014D000100400209C000020B80B00001404002021
:1014E0004404002018040020F3B583B00C463D49A5
:1014F0000398F2F76FFD09D23B490398F2F760FDBC
:1015000004D23A490398F2F7C4FA0390384A3949A9
:101510002046FDF781F9002801D105B0F0BD364A1B
:1015200036490398FDF778F9002801D0039800E0C8
:10153000002002903248C068401C3149C860C86829
:10154000F2F785FC064631467F20C005F2F7A1FA86
:1015500005462B4801680298F2F756FA07462946D5
:10156000F2F75AFA0646264801683046F2F7FBF9C8
:1015700023490860084641682046F2F745FA0746C5
:101580002946F2F749FA06461D4841683046F2F707
:10159000EAF91B49486021460298F2F73DFA0190AA
:1015A000174881680198F2F72FFA07462946F2F7A3
:1015B00033FA0646124881683046F2F7D4F91049EA
:1015C0008860084601680F4801620D494868F2F7D3
:1015D00067FC0C49C8610A4881680A48416200BF3B
:1015E0009BE700000050C3478096184B00247449C5
:1015F00000009643000048430000A041CDCC4C3D84
:1016000040100020B40A0020002003498860486090
:101610000860C860704700004010002000200349A7
:10162000087003480068034908607047A101002062
:101630009C000020A401002010B52F48007800284D
:1016400059D12E480068002855D02D480078002830
:1016500051D12C488078012803D02A48807802286C
:1016600049D1FDF757F9002845D0274800780028D0
:1016700041D101202049087021480078002837D145
:1016800022A223A1234801F0F3FF2348006B401C52
:1016900021490863FBF7DAF9012020490870FCF7BB
:1016A0004BFA1F49086001210C20F5F703FE1D4A83
:1016B00011781D4A107804F05DF9124880780228EC
:1016C00000D103E018490878F5F76EFE0D488078E0
:1016D000022803D10120FBF731FB02E00220FBF7D7
:1016E0002DFB01201149087000211148017202E010
:1016F00000200149087010BDA1010020A4010020B4
:10170000EE010020F80600204C0000204F4B0000A6
:101710004154000000000440B40A0020A801002049
:101720006C0100204E09002042090020B601002073
:10173000DC060020F0B589B007460E4614460025A9
:1017400024216846F1F79CFDFF200130216888477D
:101750000090FF20013001900596204607C806AB97
:1017600007C30098002800D137E06946384600F0EA
:101770006DFC002800D130E0684603F0B5FEA0689B
:1017800000280BD0029B591C0098A2689047054680
:10179000002D00D121E0002000901BE0029A501C97
:1017A000216888470546002D00D116E00298401CAC
:1017B000019B834201D2019801E00298401C02463D
:1017C00028460099F1F743FD0020029968540098DB
:1017D00061688847284609B0F0BD0098002802D00B
:1017E000009861688847002D02D0284661688847C4
:1017F0000020F0E7F1B5FFB0FFB0A2B0F3F7CAFFE9
:10180000FFA9C867A848C569A8488078012801D001
:10181000012100E00021FFA84167C06F002802DA23
:101820000020FFA9C867002D09DCA1A1FFA8843012
:101830000068FEF78DFD7FB07FB023B0F0BDFFA83C
:10184000C06F002800D106E0FFA9C96F4919481EE2
:101850002946F1F7A9FCFFA98867FFA89DA1826F1F
:1018600084300068FEF774FD0020FFA9086713E1CB
:10187000FFA8016F6943C166C16FC06E091AFFA856
:101880008166806EA84201DDFFA88566FCF754F9E9
:101890000746F3F79BFF18909B484068002802D04A
:1018A0009948406800E097A00197009097A2012115
:1018B000890219A8189BF7F7E3FD0446002C03DD05
:1018C00001208002844206DB9DA1FFA884300068CD
:1018D000FEF73EFDAFE70026ADE0FFA8C06E811920
:1018E00012A8F3F719FF14991398814211DD149887
:1018F000C2171399CB17401A9A41E1235B010021CB
:10190000181A914101D2184604E014991398081A44
:1019100000E000201190FFA9496F16225143944A1C
:101920008A1810A9898A4900505AF2F790FA0B9048
:101930001198F2F78CFA0A900B99F2F76DF88D492D
:101940000C90F2F7A6F810901198F2F79BFA099113
:1019500008901898F2F7DCFA059104901798F2F7BE
:10196000D7FA03910290059B049AF2F785F9079143
:101970000690099B089AF2F77FF900227E4B0B91A3
:101980000A90F2F7E1F90F910E9001208002001BFE
:101990000D9046488078012801D1784800E07848C9
:1019A00001461098F2F716FB07D2404880780128CC
:1019B00001D1724800E0724810901098F2F7A8FA2E
:1019C0000B910A90FFA8806E401EB04201DD6DA011
:1019D00000E04CA008900F990E98079106900B9983
:1019E0000A9805910490FFA8406F1621484360496A
:1019F000411810A8808A4000095A149A139801923D
:101A00000291009010A8037A19A909195E4A099158
:101A10000D990998F7F734FD0746002F02DD0D9860
:101A2000874206DB46A1FFA884300068FEF790FCE1
:101A300001E7E419761CFFA8806E864200DA4CE7C5
:101A4000A01C01218902884206DB3DA1FFA8843049
:101A50000068FEF77DFCEEE65D212046641C19AAB5
:101A600011547D202146641C5054002019A90855AA
:101A7000FFA88430016819A8FEF71EFD0A21FFA8FF
:101A800084300068FEF74CFD6420F3F74DF8FFA8A2
:101A9000006F401CFFA90867FFA9086F896F884283
:101AA00000DAE5E600BFC6E60C050020F8060020D7
:101AB0000A4552524F523A20696E76616C69642031
:101AC000636F6F6B696E6720626C6F636B20736905
:101AD0007A650A000A4E756D626572206F66206332
:101AE0006F6F6B696E6720626C6F636B73203A2057
:101AF00025640A436F6F6B696E6720426C6F636B7E
:101B000073203A0A00000000B40A00207B226465BA
:101B1000764944223A7B22736E223A222575222C82
:101B2000224657223A222573227D2C227473223AB0
:101B3000256C752C22436F6F6B223A5B000000000E
:101B40000A4552524F523A20636F6F6B696E67209D
:101B5000626C6F636B20697320746F6F206C6172AD
:101B6000676520746F207072696E740A000000004F
:101B7000AE5B0100000061450020AC40000048451C
:101B800000404E452C00000010610100F3B581B00B
:101B90000C460025002701988668002C01D1002002
:101BA000FEBD01212046FBF719F80546002D00D1A6
:101BB000F6E75B202870A068401CA060E068401C2D
:101BC000E0602AE02146304600F040FA002800D1CB
:101BD000E6E7204603F088FC306800281CD06069E6
:101BE000002801D0022000E001200746791C204691
:101BF000FAF7F4FF0546002D00D1D1E72C2028701C
:101C00006D1C6069002802D0202028706D1C002007
:101C10002870A068C019A0603668002ED2D10221B9
:101C20002046FAF7DBFF0546002D00D1B8E75D201E
:101C300028706D1C00202870E068401EE0600120C4
:101C4000AEE70000F3B58FB00D4600270F99886905
:101C5000C9690D910C9000260024FBF7E1FF049068
:101C6000002D02D1002011B0F0BD002213460D99C5
:101C70000C98F2F701F80022134601910090F2F758
:101C80005BF905D023A105A8F7F716FC06461BE073
:101C900022A105A80D9B0C9AF7F70EFC064602AA96
:101CA00020A105A8F1F760FB012806D10D9B0C9A35
:101CB00003990298F2F740F906D01BA105A80D9BE5
:101CC0000C9AF7F7F9FB0646002E01DB192E01DD11
:101CD0000020C8E7711C2846FAF780FF0746002F4E
:101CE00000D1C0E700240CE005A8015D0498814202
:101CF00002D12E20385503E005A8005D385500BFFD
:101D0000641CB442F0D300203855A8688019A8603C
:101D10000120A8E76E756C6C0000000025312E31A3
:101D200035670000256C670025312E3137670000CC
:101D3000F3B581B00C460025002601988768002C79
:101D400001D10020FEBD6069002801D0022000E022
:101D500001200646711C2046FAF740FF0546002D7B
:101D600000D1EFE77B2028706D1CE068401CE0602C
:101D70006069002802D00A2028706D1CA0688019B4
:101D8000A06072E06069002819D02046E168FAF787
:101D900025FF0546002D00D1D4E70020009005E086
:101DA000092028706D1C0098401C0090E168009884
:101DB0008142F5D8E168A0684018A06000BF2146C4
:101DC000386A00F083F8002800D1BBE7204603F012
:101DD0008BFB6069002801D0022000E0012006464C
:101DE00031462046FAF7FAFE0546002D00D1A9E754
:101DF0003A2028706D1C6069002802D009202870E4
:101E00006D1CA0688019A0602146384600F01EF9BC
:101E1000002800D196E7204603F066FB60690028A1
:101E200001D0012000E000203968002901D0012103
:101E300000E000214618711C2046FAF7CFFE054647
:101E4000002D00D17EE73868002802D02C202870B1
:101E50006D1C6069002802D00A2028706D1C0020CB
:101E60002870A0688019A0603F68002F8AD160693F
:101E7000002802D0E068401C00E002200146204615
:101E8000FAF7ACFE0546002D00D15BE7606900283B
:101E90000AD0002003E0092129706D1C401CE16874
:101EA000491E8142F7D800BF7D2028706D1C00209C
:101EB0002870E068401EE060012043E770B50446EA
:101EC0000D462946206900F001F870BDF3B583B0D6
:101ED0000746002400260025002002900190049867
:101EE000002801D105B0F0BD002F0DD103210498C9
:101EF000FAF774FE0646002E00D1F3E750A13046F3
:101F0000F1F709FA0120EDE73C4624E020780C289F
:101F100011D006DC08280DD009280FD00A2811D1CD
:101F20000AE00D2809D0222802D05C280AD100E05E
:101F300000BF00BF00BF00BF00BF00BF0198401C32
:101F4000019006E02078202802DA0198401D0190D7
:101F500000BF00BF641C20780028D7D1E11B019886
:101F6000081802900299C91C0498FAF737FE064631
:101F7000002E00D1B6E70198002810D12220307041
:101F80003946701C029AF1F762F922210298401C2E
:101F9000315400210298801C31540120A2E72220F4
:101FA0003070751C3C463DE020781F2808DD207805
:101FB000222805D020785C2802D0207828702FE0D5
:101FC0005C2028706D1C20780C2815D006DC0828B1
:101FD0000FD0092819D00A281AD110E00D2811D0E5
:101FE000222803D05C2813D1287018E02220287002
:101FF00015E06220287012E0662028700FE06E2045
:1020000028700CE07220287009E07420287006E027
:1020100022780CA12846F7F74FFA2D1D00BF00BF0C
:10202000641C6D1C20780028BED122210298401C1F
:10203000315400210298801C3154012052E70000E5
:10204000222200007525303478000000F8B50446DF
:102050000E460025002C01D0002E01D10020F8BD35
:10206000207B102857D008DC01281BD0022827D05D
:10207000042809D008285DD130E0202850D040281D
:1020800053D0802856D12EE005213046FAF7A6FD20
:102090000546002D00D1E2E727A12846F1F73BF9DC
:1020A0000120DCE706213046FAF798FD0546002DB1
:1020B00000D1D4E722A12846F1F72DF90120CEE77F
:1020C00005213046FAF78AFD0546002D00D1C6E706
:1020D0001DA12846F1F71FF90120C0E7314620462F
:1020E000FFF7B0FDBBE700272069002800D1B6E765
:1020F0002069F1F7FBF8471C39463046FAF76EFDC8
:102100000546002D00D1AAE73A4628462169F1F795
:102110009EF80120A3E731462046FFF7CFFE9EE759
:1021200031462046FFF732FD99E731462046FFF75A
:10213000FFFD94E7002092E76E756C6C00000000D4
:1021400066616C73650000007472756500000000C4
:10215000F0B5D7B000205690C6E00024E4432046F6
:10216000559000200FE0664B5B881918CB171B0EAB
:102170005B181B121B02CA1A6249895C7B2901D1B8
:10218000044604E0401C5E4989888142EBDC00BFC4
:10219000601C002800D1AFE0601C0FE0584B5B884A
:1021A0001918CB171B0E5B181B121B02CA1A5549B4
:1021B000895C7D2901D1559004E0401C50498988F3
:1021C0008142EBDC00BF5598401C002800D193E011
:1021D0005598001B451CFF204130854214DB4849BF
:1021E00049880919481CC117090E09180912090262
:1021F000411A8AB242494A8008468188601C081AFE
:1022000081B23F4881806FE000200EE03C4B5B884C
:102210001B191918CB171B0E5B181B121B02CA1AAD
:102220003849895C05AB1954401CA842EEDB0020FC
:1022300005A9485505A8F8F766FC0646002E38D0D3
:1022400031A13046F8F71AFC074630A13046F8F7BE
:1022500015FC03902EA13046F8F710FC0290002FD9
:1022600023D03846F8F72BFC00281ED03869002808
:102270001BD00398002818D00398F8F715FC002805
:1022800013D0386901900398406900902249009862
:102290000968884208D02049009808603246029BAD
:1022A00000990198FAF7E6FB00BF3046F8F7B0FB5B
:1022B00000BF5598401C049011494A880499501851
:1022C000C117090E091809120902411A8AB20C49EC
:1022D0004A80084681880498081A81B2084881809B
:1022E0005698401C569000BF5698032804DA0448BC
:1022F0008088002800DD30E700BF57B0F0BD000047
:10230000980C0020980B0020747900006369640029
:10231000646174610000000094000020F8B5074675
:102320000C4615461E4669463846FCF7C8FB002891
:1023300006D118A231462846F7F7A2F80020F8BDCA
:102340001BA10098F0F7D9FF002802D11B49487162
:102350001AE01BA10098F0F7D0FF002803D101205C
:102360001649487110E019A10098F0F7C6FF00283F
:1023700003D102201149487106E016A231462846D1
:10238000F7F77EF80020DAE72068401C2060012083
:10239000D5E70000636F6E6E537472617465677980
:1023A000206D75737420626520737472696E6700A6
:1023B000616C776179735F6F6E0000000C0500201F
:1023C0006F6E5F64656D616E640000006F6E6365C3
:1023D00000000000636F6E6E5374726174656779FC
:1023E00020696E76616C696400000000F8B50746EC
:1023F0000C4615461E4669463846FCF725FB002864
:1024000006D110A231462846F7F73AF80020F8BD69
:1024100000980A2803DB13490098884206DD12A2BF
:1024200031462846F7F72CF80020F0E715490098C8
:1024300008602068401C206001201349087000BF1C
:10244000E5E700006B656570416C697665206D7528
:10245000737420626520696E74206F7220737472C9
:10246000696E6700805101006B656570416C69762B
:1024700065206D7573742062652031302E2E3836DC
:10248000343030000C0500203C050020FFB583B03F
:1024900006460F4600BF3046F8F706FB002802D07C
:1024A000F569B46915E03046F8F709FB002808D053
:1024B0003069002805D03069F8F756F904460D4612
:1024C00007E01CA206990598F6F7DAFF002007B08E
:1024D000F0BD0022134620462946F1F72DFD06D90E
:1024E00000221D4B20462946F1F73AFD06D21BA2D9
:1024F00006990598F6F7C4FF0020E8E722462B4628
:1025000000201D49F1F720FC01910090F1F7DCFC5F
:1025100002900298642801DA642002907D21C900AB
:102520000298F0F741FE1549C8603868401C3860D1
:102530000120CCE76D65746146726571487A206D43
:10254000757374206265206E756D626572206F729E
:1025500020737472696E6700000024406D657461B9
:1025600046726571487A206D757374206265202803
:10257000302C31305D00000000408F400C05002001
:10258000F8B507460C4615461E4669463846FCF720
:102590005BFA002806D10EA231462846F6F770FFF6
:1025A0000020F8BD0098012803DB104900988842FC
:1025B00006DD0FA231462846F6F762FF0020F0E75D
:1025C00011490098C8602068401C20600120E8E79D
:1025D0006D657461496E74657276616C53206D75BA
:1025E000737420626520696E7400000080510100E0
:1025F0006D657461496E74657276616C5320312E1D
:102600002E383634303000000C050020F8B507466F
:102610000C4615461E4669463846FCF715FA002852
:1026200006D10EA231462846F6F72AFF0020F8BD53
:102630000098012802DB00980A2806DD10A2314626
:102640002846F6F71DFF0020F1E714490098C861FD
:102650002068401C20600120E9E700006E756D4392
:102660006F6F6B426C6F636B206D75737420626566
:1026700020696E74206F7220737472696E67000037
:102680006E756D436F6F6B426C6F636B206D75730E
:102690007420626520312E2E313000000C050020A0
:1026A000F8B507460C4615461E4669463846FCF7FF
:1026B00006FA002806D113A231462846F6F7E0FEB6
:1026C0000020F8BD16A10098F0F717FE002802D1EF
:1026D0001449087110E014A10098F0F70EFE0028CC
:1026E00003D101200F49087106E012A231462846A5
:1026F000F6F7C6FE0020E4E72068401C20600120B9
:10270000DFE700007061796C6F61644D6F64652074
:102710006D75737420626520737472696E67000052
:10272000616C6C000C050020657373656E746961E3
:102730006C0000007061796C6F61644D6F6465209E
:10274000696E76616C696400F8B507460C461546FB
:102750001E4669463846FCF777F9002806D112A2D2
:1027600031462846F6F78CFE0020F8BD0098002878
:1027700009D00098012806D00BA231462846F6F76A
:102780007FFE0020F1E70F4880690099884209D058
:102790000098C0B20B4988612068401C206001206D
:1027A000094908700120E0E7706572736973746508
:1027B0006E74206D7573742062652030206F7220F6
:1027C000310000000C0500203D050020F8B507464B
:1027D0000C4615461E4669463846FCF7C5F80028E3
:1027E00006D108A231462846F6F74AFE0020F8BD79
:1027F000684600780C4908742068401C206001205D
:10280000F5E7000073656E64436F6F6B696E675325
:10281000657373696F6E73206D75737420626520C4
:10282000626F6F6C000000000C050020F8B50746D1
:102830000C4615461E4669463846FCF795F80028B2
:1028400006D108A231462846F6F71AFE0020F8BD48
:1028500068460078094948742068401C20600120BF
:10286000F5E7000073656E644572726F7273206DD8
:1028700075737420626520626F6F6C000C05002018
:10288000F8B507460C4615461E4669463846FCF71D
:102890006BF8002806D108A231462846F6F7F0FD6D
:1028A0000020F8BD68460078094988742068401CFB
:1028B00020600120F5E7000073656E644D6574616A
:1028C000206D75737420626520626F6F6C0000006C
:1028D0000C050020F0B589B005460E4600240027FF
:1028E00036E0F6F7D9F91EA21EA1234800F0C0FE7B
:1028F000002801D1641C2BE020A221A11E4800F079
:10290000B7FE002801D1641C22E0334623A21E2119
:1029100001A8F6F7B5FD12A201A9174800F0A8FE1C
:10292000002801D1641C13E014A22946124800F0CB
:102930009FFE002801D1641C0AE010A21DA10E48D0
:1029400000F096FE002801D1641C01E0012700BFC1
:10295000052C01DA002FC4D0384609B0F0BD0000C4
:102960003E00000041542B434D515454544F5049A4
:10297000433D302C32350000000004404F4B000036
:1029800075736167652D7261772D646174612D7453
:102990006F7069632D70726F6400000041542B43A7
:1029A0004D5154545041594C4F41443D302C2564B5
:1029B0000000000041542B434D5154545055423DAA
:1029C000302C312C36300000F3B583B005001AD01E
:1029D00028680190284680380290C76F04983E1FEF
:1029E000864200D906462846F6F768FF044600915D
:1029F000324629460498FBF745FF0199002806D086
:102A0000016005B0F0BD0498F7F784F8F9E7296094
:102A10000299002CCF670AD021686218291F8A42C8
:102A200002D9291B091F216000996160E9E7024A68
:102A300000991160E5E700001006002003480078C7
:102A4000002801D1024908707047000049000020A9
:102A5000E9040020002001490870704708050020A3
:102A600010B5012002490870FFF7F4FF10BD000007
:102A70004E01002010B500F009F801E0F3F750FA1C
:102A800000F02EF80028F9D010BD000000200C49FD
:102A900008600C4908600C4800680C490860012077
:102AA0000B490870002007E00A490A5C0A490B4BF1
:102AB0001B5C9B00CA50401C0428F5DB70470000DB
:102AC0002C010020300100209C0000203401002057
:102AD00038010020845B010018A00540805B0100E4
:102AE0001E480078002801D1012070471C4800686A
:102AF0001C490968401AFA2801D20020F5E7184855
:102B000000681849086018480068401C16490860A9
:102B10000846006806280FDB00200860134800689C
:102B2000401C1249086008460068022804DB0020A7
:102B30000A4908700120D8E700200BE00A4909681B
:102B400089000B4A89180A5C0A490B4B1B5C9B00E5
:102B5000CA50401C0428F1DB0020C6E738010020E1
:102B60009C000020340100202C01002030010020B6
:102B7000845B010018A00540805B010070B50D2545
:102B80001048046810480068201A962819D30020BD
:102B90000BE00E49096889000D4A89180A5C0D4945
:102BA0000D4B1B5C9B00CA50401C0428F1DB2946DE
:102BB00006480068401CF0F7F7FA04480160024834
:102BC000046070BD9C000020400100203C010020FA
:102BD000F400002018A00540805B010002460B466F
:102BE000934202DD981AC117704700200146FBE7A7
:102BF000F0B5FFB09CB05D489A905D4899905D48F3
:102C0000007800280CD05C4800685849884207D3F7
:102C1000594800685649884202D85748076801E079
:102C2000564807680120F6F7BBF9F2F7CFFD544983
:102C3000086054480078C860FAF73AFF012152480A
:102C4000F3F7D3F8514908704D49886A0021F1F72C
:102C5000C1F915D84A49886A4D49F1F7B1F90FD839
:102C60004749886AF1F754F905464848007849A26F
:102C7000009501910290102195A8F6F701FC07E05C
:102C8000102246A195A8F0F71AFB002098A9C87059
:102C9000434800884349098800910190424843A273
:102CA000202103688DA8F6F7EBFB354842A21021DE
:102CB000036B89A8F6F7E4FB89A88DA995AA059767
:102CC0000692079108902E484069002802D02C48AF
:102CD000406900E037A02A490969002902D0284943
:102CE000096900E033A1264AD268254B1B7A01937B
:102CF00002920391049022484068002802D02048A4
:102D0000406800E02BA000901D482C4A0121490298
:102D1000036809A8F6F7B4FB0446002C03DD012084
:102D20004002844203DB00207FB01CB0F0BD24A22F
:102D300024A1254800F09CFC214609A8FFF7CAFD04
:102D4000002800D1F0E71EA220A11F4800F090FC4F
:102D50002149087000201449086012490880104970
:102D600008800021064801630120DDE78085746743
:102D7000005786F449000020A8000020AC00002085
:102D8000B40A00202209002000600B4058000020F7
:102D900066668640252E3266582564004E41000046
:102DA000BC010020BA0100209004002025645825B1
:102DB00064582564000000002564000010630100D1
:102DC0004F4B0000415400000000044041542B438D
:102DD00053434C4B3D3200004D000020F0B5E1B0B4
:102DE0000120F6F7DDF8F5F757FF02F005FAF2F7E4
:102DF000D1FC609000205E905F9000215C915D911D
:102E00005A915B91589159910027002681E03146F3
:102E10000FA8F2F781FC65488078401E16214843D0
:102E20006349401810A909894900405A0E90119928
:102E30001098F8F735FA05460E98F1F723F809913E
:102E400008902846F1F71EF807910690099B089A0A
:102E5000F0F712FF0022574B0B910A90F0F774FF26
:102E60000D910C9051498978012902D11921C9018C
:102E700000E051490846F0F7F1FF0B910A900D9BD5
:102E80000C9AF1F759F800D242E000215E9A5F985F
:102E9000521948415E925F900E98F0F7F3FF0B9144
:102EA0000A905D9B5C9AF0F733FE5D915C900D9B00
:102EB0000C9A5B995A98F0F72BFE5B915A90284632
:102EC000F0F7E0FF079106901598F1F721F80391CC
:102ED00002901498F1F71CF801910090039B029A5C
:102EE000F0F7CAFE05910490079B069AF0F7C4FE1E
:102EF0000022304B09910890F0F726FF0B910A90C1
:102F0000599B589AF0F704FE599158907F1C00BFC6
:102F1000761C6098864200DA79E7002F0ADD384691
:102F2000F0F79CFF05462A460B465D995C98F0F742
:102F30000BFF01E00020014657915690FAF7FCFD87
:102F40000546F2F743FC0646599958980B910A90AA
:102F50005B995A98099108905F995E98079106903D
:102F6000579956980591049014484068002802D05B
:102F70001248406800E012A03346124AFF21013196
:102F80006C46A1C416A8F6F77BFA0446002C01DDB6
:102F9000FF2C02DD002061B0F0BD214616A8FFF72E
:102FA00099FC002800D1F6E70120F4E7F80600209C
:102FB000AE5B01000020AC40E40C0000B40A00202D
:102FC0000000000094630100F0B5FFB0FFB09FB0B7
:102FD00005460120F5F7E4FFF2F7DCFBFFA90867DF
:102FE000FFA8006F854203DB7FB07FB01FB0F0BD4C
:102FF000FFA8006F401B7149C969884202DB6F4816
:10300000C06902E0FFA8006F401BFFA9C866FAF77D
:1030100093FD0646F2F7DAFB074669484068002848
:1030200002D06748406800E066A03B4666A20121E6
:103030008902019600901AA8F6F722FA0446002C9D
:1030400003DD01208002844200DBCDE7002793E00E
:10305000E91913A8F2F760FB15991498F8F720F90D
:1030600012901298F0F70EFF099108901998F0F756
:103070004FFF059104901898F0F74AFF03910290D2
:10308000059B049AF0F7F8FD07910690099B089AB2
:10309000F0F7F2FD0022594B0B910A90F0F754FE25
:1030A0001191109056498978491E16225143554A6C
:1030B0008A1810A9098B4900505AF0F7C8FE0B90E6
:1030C0001298F0F7C4FE0A900B99F0F7A5FC4E4950
:1030D0000C90F0F7DEFC0F9049488078012801D170
:1030E0004A4900E04A490E910E990F98F0F772FF95
:1030F00001D20E980F9001208002001B0D900D98B8
:10310000002800DC70E70F98F0F702FF0B910A909F
:10311000FFA8C06E401EB84201DD3EA000E029A01D
:10312000089011991098079106900B990A980591AB
:10313000049033488078401E162148433149411895
:1031400010A8008B4000095A159A14980192029118
:10315000009010A8037B1AA909192F4A09910D990B
:103160000998F6F78DF90646002E02DD0D98864285
:1031700000DB39E7A4197F1CFFA8C06E874200DA84
:1031800066E7A01C01218902884200DB2CE75D2252
:103190002046641C1AA90A547D212046641C1AAAE0
:1031A000115400201AA9085521461AA8FFF792FBCE
:1031B000002800D118E700BF16E700000C0500202A
:1031C000B40A0020000000007B2264657649442296
:1031D0003A7B22736E223A222575222C22465722F0
:1031E0003A222573227D2C227473223A256C752C89
:1031F00022436F6F6B223A5B000000000020AC405E
:10320000F8060020AE5B0100000061450000484563
:1032100000404E452C00000010610100F0B5FFB0E9
:10322000C8B00120F5F7BCFE72B64148406B0028DB
:1032300003D040480068002804D162B600207FB067
:1032400048B0F0BDF2F7C2FAC6903A480068C5909F
:103250003748476B0020364948633649086062B6F4
:103260000020C49034A20321090204A8C69BF6F7EB
:1032700007F90446002C03DD03200002844200DB32
:1032800051E0002525E003200002001B0390039875
:10329000002800DC47E0C598401EA84201D92EA1B5
:1032A00000E02EA1E800C019007901910090E8002B
:1032B0003B5804A800192AA202900399F6F7E0F8F7
:1032C0000646002E02DD0398864200DB2BE0A4199F
:1032D0006D1CC5988542D6D3A01C032109028842E3
:1032E00000DB20E05D222046641C04A90A547D22F4
:1032F0002046641C0A540020085520A220A1214821
:1033000000F0B6F9214604A8FFF7E4FA002800D13E
:1033100009E01AA21CA11B4800F0AAF91D49087077
:103320000120C49000BF3846F6F7C8FAC49886E773
:10333000B40A0020080400207B22646576494422F8
:103340003A7B22736E223A222575227D2C226572E9
:103350007243223A5B0000002C00000000000000D5
:103360007B227473223A22256C64222C22657272AD
:10337000223A222564227D25730000004F4B000075
:10338000415400000000044041542B4353434C4B34
:103390003D3200004D00002010B589480078042817
:1033A00000D110BD87480068E1214901884202D957
:1033B00008468449086083484068E1214901884201
:1033C00002D908467F4948607F484079002804D0E8
:1033D000012803D0022872D172E000BF7A48007C35
:1033E000002835D078480079002809D1F2F7D2F9C1
:1033F0007549C969884201DB01200CE000200AE020
:103400006F480078002805D1F2F7C4F9002801DDE3
:10341000012000E0002000281AD06C480078002825
:1034200016D16B480078042812D101206749087032
:1034300065480079002802D0012808D102E0FDF794
:10344000EBFF04E0FFF7CAFCFCF74CFF00BF00BF36
:103450005D48407C002809D05E480068032805D3F9
:103460005B480078042801D1FFF7D8FEFCF75AFD2D
:10347000002824D056480078042820D156480078E7
:1034800000281CD155480078002803D15448006812
:10349000002814D15348006853490968401A052888
:1034A00003D251480068002809D14E4800684E49AF
:1034B0000860FFF79DFB002801D0FCF725FD7CE0AC
:1034C0004A4800780300F6F73AF8050410445164BE
:1034D0007600FCF727FD002806D03D480078042838
:1034E00002D101204149087065E03B48007800287E
:1034F00007D13A480078002804D1394800680028EC
:1035000000D058E03748006837490968401A052854
:1035100004D235480068002800D04CE031480068EB
:1035200031490860FFF764FB002808D0FCF7ECFC89
:1035300000202F49087002202C49087008E0244818
:103540000078042804D00020284908702949087010
:1035500031E020480068002801D0FFF75FFE03201B
:103560002249087000201949087024E0F2F712F986
:10357000002807DD15480078002802D1FDF74CFF30
:1035800003E002E00420194908700020194908707E
:1035900011E00D484079002807D11748007800282D
:1035A00005D016480078002801D0FCF7DDFC00208B
:1035B0000E49087000BF00BF00BF00BF00BFF0E6AB
:1035C000EE010020E00100200C050020180400207E
:1035D0009804002008040020990400200C04002016
:1035E00010040020AC0000206004002044040020EF
:1035F0008E0400208D0400203C0500203D050020A5
:10360000F8B5044617480078002800D0F8BD12E04D
:10361000154E03E0701E061E00DC03E0F5F772FC99
:103620000028F7D000BF2078009001216846F5F708
:10363000D7FC641C00BF20780028E9D10A4D03E0C4
:10364000681E051E00DC03E0F5F75CFC0028F7D0DF
:1036500000BF022105A0F5F7C3FCF9F7E1F900BFAF
:10366000D4E70000CD040020102700000D0A000060
:10367000F0B5C5B00C46164600273148049000202E
:10368000039030480078002802D0002045B0F0BDFB
:1036900015E02D48009005E00098401E009000289D
:1036A00000DC03E0F5F72EFC0028F5D000BF207801
:1036B0000290012102A8F5F793FC641C00BF20785A
:1036C0000028E6D12048019005E00198401E0190B5
:1036D000002800DC03E0F5F715FC0028F5D000BF5A
:1036E00002211AA0F5F77CFCF9F79AF919E0F5F731
:1036F0001FFC0546681C002812D0FF2F05DA38464B
:103700007F1C05A90D540020C855002E09D0314654
:1037100005A8EFF7C0FD002803D00120039005E0C5
:1037200004E00498411E04910028E0D100BF00BFCE
:10373000F5F7FEFB401C0028FAD10398C0B2A5E7BC
:1037400030750000CD040020102700000D0A000095
:1037500001460348814201D3012070470020FCE765
:103760008085746710B50446002C02D0FAF7E4F99E
:1037700010BD01480068FBE7AC000020F0B504462E
:103780000D4616461F462570A672E77205982073EF
:10379000002D08D100202072607A00231A461946B5
:1037A000F3F7AEFD17E0012D08D101202072607AF9
:1037B0003A463146059BF3F7A3FD0CE0022D0AD1F2
:1037C00005480068606000202072607A3A46314601
:1037D000059BF3F795FDF0BD9C00002010B500217E
:1037E0000C20F3F767FD67210020FAF721FF67211E
:1037F0000020FAF73DFFF7F767FD00210F20F3F7F0
:1038000059FD00210B20F3F755FD00210D20F3F7A2
:1038100051FD00210E20F3F74DFDF3F7F1FD0020DF
:1038200020490880C87008718870487288721E49E3
:103830000880C87008718870487288721B48807848
:10384000022801D1012000E003201949087000205E
:10385000487002201749087000201749487000BFBF
:1038600007E000221049491D0A540E49491D0A5417
:10387000401C0428F5DB1148F8F78AF91048F8F7DE
:1038800087F90020F9F75AFA0E484079002801D04C
:10389000FCF76AFB0CA20DA10F48FFF7E9FE0F49E8
:1038A000087010BD4E09002042090020F8060020D3
:1038B000710100203209002079010020C0010020A0
:1038C000D00100200C0500204F4B000041542B4339
:1038D00053434C4B3D320000000004404D0000209B
:1038E00010B504460BE0EFF799FC00682178405CC6
:1038F000C007C00F002801D1204610BD641C2078ED
:103900000028F0D12046F8E710B50446002C05D079
:103910002068002802D0A068002801D0002010BD37
:10392000002C10D0A068001D616888420BD2A268EC
:1039300021688818032205A1EFF7F6FC002802D1C0
:10394000A068C01CA0602046E9E70000EFBBBF00F4
:1039500070B504460D462046F8F71AF90948007874
:10396000002802D0FAF7E8F801E007480068606034
:10397000A5810120A0730020A06001F0BFFCFDF72D
:1039800043FE70BD49000020AC00002070B5054624
:103990000C46002D0AD14948807A002806D12146DC
:1039A0004748FFF7D5FF454804800BE0012D09D1BA
:1039B0004448807A002805D121464348FFF7C8FFD4
:1039C00040480480002D03D13C48407A002805D1AE
:1039D000012D04D13B48407A002800D005E0394A47
:1039E0001178364A107801F0C5FF384880780128F0
:1039F0001FD10320364908704C70084600783549BD
:103A0000087033484078487000208870324909882F
:103A100088B203222F49F1F711FD304908600846AA
:103A200000880004000E2A49C8702C4800780871EC
:103A300042E02B48007800281FD10120244908705B
:103A40004C70084600782349087021484078487037
:103A5000002088702049098888B203221D49F1F7A7
:103A6000EDFC1E490860084600880004000E184955
:103A7000C8701A48007808711EE0012019490870C2
:103A80004C70084600781349087016484078487012
:103A9000002088701049098888B203220D49F1F787
:103AA000CDFC0E490860084600880004000E0D4950
:103AB000C8700A480078087170BD000042090020F3
:103AC000C00100204E090020D0010020F80600208F
:103AD0007101002081010020C80400208401002021
:103AE000880100207901002070B50546F84840693A
:103AF00000280AD0F6484069F6490968884204D887
:103B00000A20F349886000204861F1488468002653
:103B10000A2C11DAF048407A002804D00021084627
:103B2000F1F7F6F90126ED48407A002804D000218B
:103B30000120F1F7EDF90126E7480088A04204DDF5
:103B4000A1B20020FFF722FF0126E4480088A0422E
:103B500004DDA1B20120FFF719FF0126002E26D0B7
:103B6000DE4A1178DC4A107801F004FFDC48007866
:103B700000280BD1D8490988092902DCD6490988CF
:103B800000E00921C8B2F3F70FFC0EE0D44800783A
:103B900001280AD1D1490988092902DCCF490988BD
:103BA00000E00921C8B2F3F7FFFBF1F7C7FEA81E3A
:103BB00016287DD243007B449B885B009F447C0099
:103BC0004001000238027002A802E002180350030C
:103BD0008803D5030D04B2007800E80015005604F0
:103BE00078003301650478005A040020BB4908803E
:103BF000C8700871887048728872B7490880C870A8
:103C00000871887048728872B6488078022801D19D
:103C1000012000E00320B449087000204870022011
:103C2000B24908700020B2494870B2480068B249F1
:103C30000968401A142808D9B0480078002804D030
:103C4000FAF7CAFCF2F740FB01E0F7F73DFB002171
:103C50000C20F3F72FFB67210020FAF7E9FC67211E
:103C60000020FAF705FD002007E000229A49491DCF
:103C70000A549A49491D0A54401C0428F5DBF3F7FD
:103C8000BFFB00210B20F3F715FB00210F20F3F7FA
:103C900011FB00210D20F3F70DFB9948F7F778FF92
:103CA0009848F7F775FF0020F9F748F8012000E081
:103CB000FDE3954908702AE28A48807802282FD1CE
:103CC0008648407A002803D18348407A002800D0F3
:103CD00027E0FA21C800F1F78DFA0020804908702A
:103CE00001210B20F3F7E6FA00210F20F3F7E2FAA7
:103CF00079488078002804D001210D20F3F7DAFA02
:103D000003E000210D20F3F7D5FA744A1178724AC6
:103D1000107801F02FFE70490878F3F745FB00E0BA
:103D200000BFF1E36F48807802282FD16B48407ABA
:103D3000002803D16848407A002800D027E0FA2103
:103D4000C800F1F757FA01206549087001210F20DA
:103D5000F3F7B0FA00210B20F3F7ACFA5F48807854
:103D6000002804D001210D20F3F7A4FA03E000217C
:103D70000D20F3F79FFA594A1178574A107801F04D
:103D8000F9FD56490878F3F70FFB00E000BFBBE3ED
:103D9000FA21C800F1F72EFA01210D20F3F78AFA73
:103DA000F3F72EFB4E48007800281BD14A48807854
:103DB000002800D003E00021084601F09DFE46489F
:103DC0008078002803D00920F8F7B8FF02E0082027
:103DD000F8F7B4FF40488078002802D0F9F708F8D7
:103DE00000E000BF3E48007801281BD13B488078A6
:103DF000002800D003E00021084601F07DFE37488E
:103E00008078002803D00920F8F798FF02E0082006
:103E1000F8F794FF31488078002802D0F8F7E8FFDF
:103E200000E000BF70E339480088401C3749088033
:103E300001210E20F3F73EFA0520F8F77FFF63E338
:103E4000F8F704FEFA21C800F1F7D4F92448007805
:103E5000002803D12148407A002807D12048007863
:103E6000012804D11C48407A002800D0A7E01C4853
:103E70000078002803D11848407A002807D1184854
:103E80000078012809D11548407A002805D0002182
:103E900013480078F1F73CF800E000BF10480078C4
:103EA00000280BD10F488078012803D103200E4948
:103EB000087006E001200C49087002E001200C495E
:103EC000087007480078002822D10749487022E08E
:103ED0000C050020AC000020420900204E09002003
:103EE00088010020F806002071010020320900201E
:103EF00079010020A80000206C0100207001002042
:103F0000C0010020D0010020B7010020BC0100202A
:103F10000020F8494870F848007800281BD1F7487D
:103F20000078F7490870F54840784870002088709C
:103F3000F449098888B20322F149F1F77FFAF2497E
:103F40000860084600880004000EEC49C870EE487E
:103F5000007808711AE0E7480078E9490870E548F8
:103F60004078487000208870E649098888B20322AA
:103F7000E349F1F763FAE449086008460088000461
:103F8000000EDC49C870E04800780871DA48007813
:103F9000002805D1DD490880DD48F7F7F9FD05E087
:103FA0000020DC490880DC48F7F7F2FDD94A117897
:103FB000D64A107801F0DEFC0020F3F7F5F9A3E211
:103FC000CD480078002803D1D248407A002807D194
:103FD000C9480078012804D1CC48407A002800D094
:103FE00025E0C5480078002803D1C848407A002859
:103FF00007D1C1480078012809D1C648407A002875
:1040000005D00021BC480078F0F782FF00E000BF37
:10401000012C08DB0121B8480078FFF7B7FC01202C
:10402000F3F7C2F903E00320F6F70EFC00BF6BE2E2
:10403000B1480078002803D1B648407A002807D15B
:10404000AD480078012804D1B048407A002800D05B
:1040500025E0A9480078002803D1AC48407A002820
:1040600007D1A5480078012809D1AA48407A00283C
:1040700005D00021A0480078F0F74AFF00E000BF1B
:10408000022C08DB02219C480078FFF77FFC02200D
:10409000F3F78AF903E00320F6F7D6FB00BF33E21B
:1040A00095480078002803D19A48407A002807D123
:1040B00091480078012804D19448407A002800D023
:1040C00025E08D480078002803D19048407A0028E8
:1040D00007D189480078012809D18E48407A002804
:1040E00005D0002184480078F0F712FF00E000BFFF
:1040F000032C08DB032180480078FFF747FC0320EE
:10410000F3F752F903E00320F6F79EFB00BFFBE153
:1041100079480078002803D17E48407A002807D1EA
:1041200075480078012804D17848407A002800D0EA
:1041300025E071480078002803D17448407A0028AF
:1041400007D16D480078012809D17248407A0028CB
:1041500005D0002168480078F0F7DAFE00E000BFE3
:10416000042C08DB042164480078FFF70FFC0420CE
:10417000F3F71AF903E00320F6F766FB00BFC3E18B
:104180005D480078002803D16248407A002807D1B2
:1041900059480078012804D15C48407A002800D0B2
:1041A00025E055480078002803D15848407A002877
:1041B00007D151480078012809D15648407A002893
:1041C00005D000214C480078F0F7A2FE00E000BFC7
:1041D000052C08DB052148480078FFF7D7FB0520B0
:1041E000F3F7E2F803E00320F6F72EFB00BF8BE1C4
:1041F00041480078002803D14648407A002807D17A
:104200003D480078012804D14048407A002800D079
:1042100025E039480078002803D13C48407A00283E
:1042200007D135480078012809D13A48407A00285A
:1042300005D0002130480078F0F76AFE00E000BFAA
:10424000062C08DB06212C480078FFF79FFB062090
:10425000F3F7AAF803E00320F6F7F6FA00BF53E1FC
:1042600025480078002803D12A48407A002807D141
:1042700021480078012804D12448407A002800D041
:1042800025E01D480078002803D12048407A002806
:1042900007D119480078012809D11E48407A002822
:1042A00005D0002114480078F0F732FE00E000BF8E
:1042B000072C08DB072110480078FFF767FB072071
:1042C000F3F772F803E00320F6F7BEFA00BF1BE134
:1042D00009480078002803D10E48407A002807D109
:1042E00005480078012819D10848407A002815D0DF
:1042F0003AE00000790100208801002071010020CF
:1043000081010020C804002084010020420900200F
:10431000C00100204E090020D00100207B48007819
:10432000002803D17A48407A002807D177480078DE
:10433000012809D17748407A002805D00021734828
:104340000078F0F7E5FD00E000BF082C08DB08214D
:104350006E480078FFF71AFB0820F3F725F803E012
:104360000320F6F771FA00BFCEE068480078002815
:1043700003D16848407A002807D1644800780128B2
:1043800004D16348407A002800D025E05F480078D7
:10439000002803D15E48407A002807D15B480078A6
:1043A000012809D15B48407A002805D000215748F0
:1043B0000078F0F7ADFD00E000BF092C08DB092113
:1043C00052480078FFF7E2FA0920F2F7EDFF03E028
:1043D0000320F6F739FA00BF96E04F4880780228AC
:1043E00043D14A480078002803D14A48407A00283F
:1043F0003BD146480078012803D14548407A00283F
:1044000033D142480078002803D14148407A00283F
:1044100007D13E48007801280DD13E48407A002857
:1044200009D0FA21C800F0F7E5FE002137480078EE
:10443000F0F76EFD19E00A2C03DA0320F6F704FA10
:1044400062E0FA21C800F0F7D5FE01212F4800787C
:10445000F0F75EFD3148F7F79BFB3148F7F798FB23
:104460000A212A480078FFF791FA4DE00320F8F777
:1044700065FC49E00620F8F761FCFA21C800F0F776
:10448000B9FE0120274908703EE020480078002846
:1044900003D11F488078002807D11C4800780128E4
:1044A00030D11C48807800282CD0032000E02AE07E
:1044B000F6F7CAF915480078002811D11449C870D8
:1044C0000871887000BF04E000221149491D0A5498
:1044D000401C0428F8DB00210D20F2F7EBFE11E070
:1044E00000200C49C8700871887000BF04E00022E9
:1044F0000849491D0A54401C0428F8DB00210D20FE
:10450000F2F7D8FE00E000BF00BF70BD88010020B8
:10451000420900204E090020F8060020C0010020BA
:10452000D0010020B801002010B50446152C54D14C
:104530000320F6F789F92A480078002824D1294970
:10454000C8700871887000BF04E000222549491D29
:104550000A54401C0428F8DB2248407A002804D082
:104560001F48007801F080F905E01F4A11781D4AC4
:10457000107801F0FFF91B490878F2F715FF0021C8
:104580000D20F2F797FE24E000201749C87008714B
:10459000887000BF04E000221349491D0A54401CE2
:1045A0000428F8DB1048407A002804D00C48007832
:1045B00001F05AF905E00C4A11780A4A107801F026
:1045C000D9F900210D20F2F775FE07490878F2F7B6
:1045D000EBFE0220F8F7B2FB00E000BF00BF10BD09
:1045E00088010020420900204E09002070B50446D1
:1045F000112C10D008DC002C13D0012C3BD0032C44
:1046000043D0102C75D14BE0182C2ED0192C50D043
:104610001A2CF7D16EE00020F8F790FBF6F754FE65
:104620008CE04748007800280FD0FA21C800F0F746
:10463000E1FDF8F777FA42480078002801D101201F
:1046400000E000203E4908700EE0FA21C800F0F7B3
:10465000D1FD01F001F83A480078002801D101208D
:1046600000E000203649087068E00020F8F766FB9B
:10467000F6F72AFE62E0FA21C800F0F7BBFD3149E7
:10468000098888B201F00EFA58E0FA21C800F0F764
:10469000B1FDF1F77FF885B2284601F003FA4DE04D
:1046A000FA21C800F0F7A6FD27494868F8F712FA82
:1046B00044E0FA21C800F0F79DFD67210020F9F7DA
:1046C000B7FF67210020F9F7D3FFF6F7FDFD0020C3
:1046D000F2F7D6FDF1F744FD002803D0F4F790F986
:1046E000F5F7AEF800F0B8FFF0F7DEF9F4F788F967
:1046F00024E022E0FA21C800F0F77CFDFA20F0F770
:1047000013FAF0F795FFFCF70BFBF1F717F900250B
:104710000FE00120F2F7B4FDFF20F530F0F704FAC6
:104720000020F2F7ADFDFF20F530F0F7FDF9681C31
:10473000C5B2022DEDDBF5F783F800BF00BF70BDF9
:10474000F101002090040020B40A002010B50446B6
:10475000112C0AD004DC022C2AD00E2C27D14DE0DB
:10476000142C72D0172CF9D17CE000210C20F2F728
:10477000A1FD67210020F9F75BFF67210020F9F711
:1047800077FFF6F7A1FD00210F20F2F793FD00213E
:104790000B20F2F78FFD00210D20F2F78BFDF2F7D1
:1047A0002FFE0020F8F7CAFA01203549087064E0AE
:1047B00000203449087000210F20F2F77BFD012111
:1047C0000B20F2F777FD30488078002804D00121D3
:1047D0000D20F2F76FFD03E000210D20F2F76AFDD6
:1047E0002A4A1178284A107801F0C4F82649087836
:1047F000F2F7DAFD0220F8F7A1FA3EE001202149A4
:10480000087001210F20F2F755FD00210B20F2F76F
:1048100051FD1E488078002804D001210D20F2F7B8
:1048200049FD03E000210D20F2F744FD174A1178FD
:10483000154A107801F09EF814490878F2F7B4FD93
:104840000220F8F77BFA18E0FFE711480088401CC7
:104850000F49088001210E20F2F72CFD0520F8F702
:104860006DFA0AE00620F8F769FAFA21C800F0F7B5
:10487000C1FC01200749087000BF00BF10BD000047
:10488000B701002088010020420900204E090020C5
:10489000BC010020B801002010B50446142C0BD137
:1048A0000320F5F7D1FF00210E20F2F703FD0448A5
:1048B0000078F8F743FA00E000BF00BF10BD000029
:1048C000EF01002070B50446204611380300F4F7CC
:1048D00036FE080554815881816474813F48007810
:1048E000002800D070BDFEF7A9F8FEF7B9F8FAF776
:1048F00011F8002800D16EE039488078002804D1F2
:1049000000F0AAFEFCF78AFE36E036A236A1374850
:10491000FEF7AEFE3648006B401C35490863F8F7D9
:1049200095F8012033490870F9F706F93249086013
:1049300001210C20F2F7BEFC304A1178304A107881
:1049400001F018F826488078022800D103E02C49AD
:104950000878F2F729FD22488078022803D1012047
:10496000F8F7ECF902E00220F8F7E8F90120254910
:1049700008700021244801722DE00320F8F7DEF9C9
:1049800029E0FA21C800F0F735FCF9F791F805465F
:1049900000F086FEF5F7FEFE1DE01C4800780028BA
:1049A00005D101201949087001F07CF804E00020CD
:1049B0001649087001F076F80DE00520F5F744FF80
:1049C000F8F74EF80420F8F7B9F900F045FEF0F7D3
:1049D0006BF800E000BF00BF00BF83E75B00002072
:1049E000F80600204F4B0000415400000000044036
:1049F000B40A0020A80100206C0100204E0900200C
:104A000042090020B6010020DC0600203C00002006
:104A100010B50446002C02D0112C14D10BE000215B
:104A2000084600F0A7FF72210020F9F701FE0120DF
:104A3000F8F784F908E072210020F9F7F9FD012068
:104A4000F8F77CF900BF00BF00BF10BD10B50446E9
:104A50001948007806282DD0012C29D0112C02D01D
:104A6000172C24D108E0FA21C800F0F7C3FB134843
:104A70000078F8F763F91CE0FA21C800F0F7BAFBF8
:104A8000F9F796F9FDF7DAFFFDF7EAFF00200C4988
:104A90000870F9F7E7F90020F9F718FD6721012000
:104AA000F9F7E6FD05480078F8F748F901E000BF9E
:104AB00000BF00BF10BD0000EE010020EF0100208C
:104AC0004704002070B50546E81E0300F4F737FDE3
:104AD0000F090A0B0C0D0E0F101112F7F7F7BBF6AA
:104AE000F70000BF00BF00BF00BF00BF00BF00BF96
:104AF00000BF00BFFA21C800F0F77CFBEC1EC348E2
:104B0000007800282ED1C2480068022801D1062C66
:104B100013DCC048C079062805D1002C03D0BC485E
:104B20000068032809D0BB48007A002806DD052C60
:104B300004DDB7480068022800D109E0B548401DEF
:104B4000B34A12688454B2480068401CB0490860F7
:104B5000B048C079062837D1AD480068401CAC4940
:104B6000086031E0A948007801282DD1A8480068E4
:104B7000022801D1062C13DCA748C079062805D1EC
:104B8000002C03D0A2480068032809D0A248007A6C
:104B9000002806DD052C04DD9D480068022800D1B0
:104BA00009E09D48401D9A4A12688454984800685C
:104BB000401C974908609848C079062804D1944859
:104BC0000068401C9249086091480068032802DD93
:104BD00000208F4908608D480078002817D18D4843
:104BE00040790A2148438B49897940188949C8701E
:104BF0000846C0790A2148438649097A4018854900
:104C000008710A461179D07800F076FF1AE07F48E3
:104C10000078012816D1804840790A2148437E490E
:104C2000897940187C49C8700846C0790A214843F0
:104C30007949097A4018784908710A461179D0787B
:104C400000F05AFFE0E00020714908606F480078EA
:104C5000002843D16F4840790A2148436D4989793A
:104C600040186C49C8700846C0790A214843694910
:104C7000097A4018674908710846C07800281FD192
:104C80000846007900281BD10878F2F78DFB6148AF
:104C9000407A002804D05D48007800F0E5FD05E08A
:104CA0005D4A11785B4A107800F064FE00210D2007
:104CB000F2F700FB0220F8F741F854E054E0A2E0DC
:104CC00056480088401C554908800920F8F736F8F6
:104CD000012050498870F8F78BF844E04B48007881
:104CE000012840D14C4840790A2148434A498979F2
:104CF00040184949C8700846C0790A2148434649C6
:104D0000097A4018444908710846C07800281DD126
:104D100008460079002819D10878F2F745FB3E488B
:104D2000407A002804D03948007800F09DFD05E065
:104D3000394A1178374A107800F01CFE00210D2006
:104D4000F2F7B8FA0220F7F7F9FF0CE033480088D1
:104D5000401C324908800920F7F7F0FF01202E4956
:104D60008870F8F745F84FE000210D20F2F7A2FA1D
:104D70000020274908602548007800281FD100BF7F
:104D800004E000222349491D0A54401C0428F8DB92
:104D900020490878F2F708FB1E48407A002804D022
:104DA0001A48007800F060FD05E01B4A1178194AA6
:104DB000107800F0DFFD0220F7F7C0FF22E0134873
:104DC000007801281ED1002004E000221249491D6C
:104DD0000A54401C0428F8DB0F490878F2F7E4FA7B
:104DE0000D48407A002804D00848007800F03CFDC7
:104DF00005E0094A1178074A107800F0BBFD02204F
:104E0000F7F79CFF00E000BF00BF70BD88010020E5
:104E1000B0010020420900204E090020BA01002004
:104E2000F0B589B000204A4908604A49098849001C
:104E30001C2251430846F4F76DFE0446002C03D1B2
:104E40004449088009B0F0BDF0F7A4FC06460025EF
:104E50003CE068004049085AB04206DB2046F4F7BF
:104E60002DFD00203B490880ECE768003A49085ACC
:104E7000301A022801DB022003E068003649085A94
:104E8000301A089000271CE0324800884000304962
:104E90000968884200DC17E068002F4A105AC119DF
:104EA00001A8F0F739FC2A4909681C225143081966
:104EB00001A9EEF7CCF926480068401C2449086097
:104EC0007F1C08988742DFDB00BF6D1C21480088EB
:104ED0008542BEDB1E4800682049884206DD204628
:104EE000F4F7ECFC00201B490880ABE7F0F7A0FBCF
:104EF00000251DE01C206843001980691C216943BE
:104F0000091949691C226A43121992890092019178
:104F100002901C206843001983681C206843001914
:104F200042681C206843215C2846F0F753FC6D1C46
:104F3000074800688542DDDB05480068F0F7A6FCFD
:104F40000020044908802046F4F7B8FC00BF79E748
:104F5000A4040020A0040020040B00208C05000005
:104F600010B5044600200AE0215C302901DB392914
:104F700004DD3A2902D00022225403E0401C215CC7
:104F80000029F1D100BF2046EEF7B0F9082801D979
:104F90000020207210BD70B504460E461546002C48
:104FA00001D0002D00D170BD002E02D10020207054
:104FB000F9E76A1E31462046EEF781F90021681EA6
:104FC000215400BFEFE700B50A4683B000210091ED
:104FD000019101466846EFF70AF90199009803B07C
:104FE00000BD000030B58FB01FA10DA8F1F71CF96E
:104FF0000E98002803D1214908700FB030BD1F481A
:10500000007800282DD108A8007D002829D0F0F7CD
:10501000DDFB044623461AA20B210AA8F4F730FA56
:1050200005462B46174A242101A8F4F729FA01A8BE
:10503000FEF7E6FA14A20AA91448FEF719FB2B465C
:10504000134A242101A8F4F71BFA01A8FEF7D8FAA5
:105050000DA20AA90D48FEF70BFB012007490870B5
:1050600000BF00BFC9E7000041542B434D515454C9
:10507000434F4E4E4543543F00000000460400207D
:1050800025750000DA5B01004F4B00000010004066
:10509000F35B010001604860704700000020034995
:1050A00008700348006803490860704791010020B8
:1050B0009C0000209401002010B51E4800780028B4
:1050C00037D11D480068002833D01C4800681A49B1
:1050D00009681B4A8918884205D218480068164991
:1050E0000968884225D2012012490870FA21C800B7
:1050F000F0F780F813480078002803D11248407A6E
:10510000002807D10F480078012808D10F48407ABD
:10511000002804D00B48007800F0A6FB05E00B4AFD
:105120001178094A107800F025FC09480078F7F753
:1051300005FE10BD91010020940100209C0000207C
:10514000C409000088010020420900204E09002007
:10515000EF01002010B5064806490978445C05486F
:10516000007800F023F803490870204610BD0000C5
:105170005E0100206701002070B5044608480078F1
:1051800000F014F8054607480078854200D170BD4C
:1051900005480349097844540148057000BFF6E703
:1051A00066010020670100205E0100200246511CBC
:1051B000C817400F4018C010C000081AC0B270478E
:1051C00070B505462846EEF791F8044610E0611EDA
:1051D000685C0D2805D00A2803D0202801D00928B2
:1051E00004D10022611E6A54641E00E002E000BF88
:1051F000002CECD100BF70BDF0B591B0F0F7CAFA49
:1052000010901098002803DC0020014611B0F0BD7A
:10521000002109A8F0F780FA0A9808900B9E002454
:105220002546012715E0394601A8F0F775FA0298DE
:10523000B04204DC0398B0420ADD039E08E0314628
:105240000898FDF7CBFC04194D4102980890039E85
:105250007F1C10988742E6DB31460898FDF7BEFCBC
:1052600004194D4120462946D0E7000010B51748E3
:105270000078002828D016480078002824D1F7F7B5
:10528000EFFBF6F721F862210220F9F7F1F901208E
:105290001049087000201049086010480068104943
:1052A000086010A0FEF7ACF90FA0FEF7A9F9FDF712
:1052B000C5FBFDF7D5FB00200E49087001200E4903
:1052C000087000200149087010BD00005A0000203D
:1052D000EE0100205B0000203C0100209C0000202B
:1052E000400100204154000041542B435245534596
:1052F00054000000470400208200002010B5F8F799
:105300007FFC044621461348F7F798F912490860D4
:1053100008460068E1214901884202D908460E4941
:1053200008600E48807802280FD121460C48F7F714
:1053300085F90949486008464068E12149018842E9
:1053400006D908460449486002E000200249486046
:1053500010BD0000C0010020E0010020F806002080
:10536000D001002000200349087003480068034969
:1053700008607047800000209C000020340000205E
:1053800030B54148046841480078022830D13F4890
:105390004068201AFF212D31884234D33B484460B5
:1053A000007A002801D1012000E00020374908726E
:1053B0000D462D7A002D02D00D462D7B00E00025F4
:1053C0002B46324D2D7A002D02D0304DED7A00E083
:1053D00000252A462D4D2D7A002D02D02B4DAD7A79
:1053E00000E000252946294D687AF1F789FF0AE097
:1053F00026480078012806D1244D2B7BEA7AA97A29
:10540000687AF1F77DFF22480078022830D12048E1
:105410004068201AFF212D31884234D31C48446053
:10542000007A002801D1012000E00020184908720C
:105430000D462D7A002D02D00D462D7B00E0002573
:105440002B46134D2D7A002D02D0114DED7A00E040
:1054500000252A460E4D2D7A002D02D00C4DAD7A36
:1054600000E0002529460A4D687AF1F749FF0AE075
:1054700007480078012806D1054D2B7BEA7AA97AE6
:10548000687AF1F73DFF30BD9C0000200407002042
:10549000BC00002010B50F480078002819D10E4834
:1054A0000068002815D00D4800680B4909680C4AAF
:1054B0008918884205D20948006807490968884266
:1054C00007D20120034908700648F8F7CDF8F7F72E
:1054D00017FF10BD80000020340000209C00002039
:1054E000A86100006406002070B504460025002C69
:1054F00002D02068002800D170BDA168206845183E
:105500002846EDF7F3FEA1684018A06000BFF3E75E
:10551000F7B586B0154600240026069805900020B1
:10552000049003900290019007990598081A0628A4
:1055300000DA88E00598801CFBF786FC06463720D9
:105540008002864203D34148864200D87BE01B207C
:10555000C00286422CD33E48864229D80598871D32
:10556000002000900C2002900798C01B062800DA4B
:1055700069E038785C2802D17878752800D062E03C
:10558000B81CFBF761FC0090372189020098884223
:1055900003D32E490098884200D954E0B005000B8F
:1055A00000998905890D084301210904441802E086
:1055B000062002903446802C02D2012004901AE08A
:1055C0000120C002844204D202200490C020019035
:1055D00011E001200004844204D203200490E02062
:1055E000019008E01B48844204D804200490F02075
:1055F000019000E027E00498401EC0B203900CE048
:10560000204680210843BF2108402A68039950544E
:10561000A4090398401EC0B2039003980028EFDC51
:105620000498012804DD019820432968087003E0EC
:105630006006400E296808702968049808182860D8
:10564000029809B0F0BD0020FBE70000FFDF00007A
:10565000FFDB0000FFFF10000E4841790E480F4AA3
:105660001278920081500B4881790B480B4A52788E
:10567000920081500748C1780748084A9278920002
:1056800081500448C1790448044AD278920081507C
:1056900070470000735B010018A00540805B0100AB
:1056A000FEB5064666480290664D30460299EEF712
:1056B00087FC01D2002418E029463046EEF78AFC28
:1056C00001D2614C11E028460299EEF79DF9019054
:1056D00030460299EEF798F900900199EEF7D9F962
:1056E00007465949EEF798F9044657492046EEF720
:1056F00067FC21D855492046EEF76CFC1CD854486D
:1057000001785448544A12789200815050480178E8
:105710005048514A5278920081504D4801784D4886
:105720004D4A9278920081504948017849484A4A46
:10573000D2789200815082E044492046EEF740FC46
:1057400020D846492046EEF745FC1BD800214148A9
:10575000414A1278920081503D4801783D483E4AC6
:105760005278920081503A4801783A483A4A927801
:1057700092008150364801783648374AD2789200F4
:1057800081505CE035492046EEF71AFC1DD83449BB
:105790002046EEF71FFC18D800212E482E4A12781A
:1057A000920081502C4A527892008150284801780A
:1057B0002848294A92789200815025480178254846
:1057C000254AD2789200815039E025492046EEF7EB
:1057D000F7FB1AD800212046EEF7FCFB15D8002174
:1057E0001C481D4A1278920081501B4A5278920040
:1057F0008150194A927892008150154801781548D5
:10580000154AD2789200815019E01648C1781148A3
:10581000114A127892008150124801790D480E4ABF
:105820005278920081500F4801790A480A4A9278CA
:10583000920081500021084A527892008150FEBDAA
:1058400066662640000060400000C84200009642A4
:10585000685B010018A00540805B01000000484221
:105860000000C841735B010010B504460A20F1F73F
:105870009BFD002C02D0012C31D117E01948417852
:1058800019481A4A12789200815016480178164831
:10589000164A5278920081500021144A9278920060
:1058A0008150124AD2789200815018E000210E48AF
:1058B0000E4A1278920081500C4A52789200815020
:1058C000084841780848094A927892008150054872
:1058D00001780548054AD2789200815000BF00BF88
:1058E00010BD0000685B010018A00540805B01004E
:1058F00000220C490C4B1B789B00CA500B49CA78FC
:105900000849094B5B789B00CA5009490A5C054964
:10591000054B9B789B00CA500022034BDB789B0011
:10592000CA50704718A00540805B0100735B0100FE
:10593000685B01000C480078042800D170474021C2
:105940000A480B4A127892008150094A5278920014
:105950008150074A927892008150054AD27892008D
:10596000815000BFEAE70000EE01002018A00540CA
:10597000805B010010B5444A927A002A0CD0434A59
:10598000D378434A434C2478A40013510023414C5C
:105990006478A400135129E00A280ED13E4A5378B6
:1059A0003B4A3C4C2478A40013513B4A1378384AB4
:1059B000384C6478A400135118E00A290AD1002356
:1059C000334A344C2478A4001351324C6478A40038
:1059D00013510BE0304A135C2D4A2E4C2478A4005E
:1059E000135100232B4C6478A40013512B4A927856
:1059F000022A3DD12A4A927A002A0DD00023244A55
:105A0000244CA478A4001351204AD378204A214C76
:105A1000E478A400135135E00A290ED11E4A5378C8
:105A20001B4A1C4CA478A40013511B4A1378184A33
:105A3000184CE478A400135124E00A280AD100236A
:105A4000134A144CA478A4001351124CE478A40017
:105A5000135117E000230E4A0E4CA478A4001351F2
:105A60000D4A535C0A4A0B4CE478A400135109E038
:105A70000023074A074CA478A4001351054CE4788E
:105A8000A400135110BD000042090020735B010007
:105A900018A00540805B0100685B0100F80600204B
:105AA0004E090020F8B507467D26F600002518E0CF
:105AB00031463846EDF778FB0446092C00DD12E04C
:105AC0000A48015D0A480B4A525D92008150204607
:105AD0007043381A87B20A213046EDF765FB064657
:105AE0006D1C042DE4DB00BFF8BD0000685B010005
:105AF00018A00540805B01007FB505460C460A21D1
:105B00002846EDF751FB00900A212846EDF74CFBA3
:105B100001910A212046EDF747FB02900A21204619
:105B2000EDF742FB039100200AE081006A465158DC
:105B30000A4A525C0A490B4B1B5C9B00CA50401C32
:105B40000428F2DB05490198085C802108430449D8
:105B5000044A5278920088507FBD0000685B0100C3
:105B600018A00540805B01003F065B4F666D7D27F6
:105B70007F6F805E3F377950777839736E3D6D76F1
:105B8000090803026D6E37396E3739003739005E08
:105B900039005E3F005E3F375E3F37792C01900150
:105BA0005802BC0284034C041405DC0540060000C6
:105BB0002C0190015802BC0284034C041405DC053E
:105BC0004006000000002C019001F4015802BC02C4
:105BD00020035C03AC03E803720641542B434D5190
:105BE0005454535542544F5049433D302C25642C56
:105BF000310D0041542B434D5154545355423D30C7
:105C00002C25642C310D000058020000000100001A
:105C10000A000000805101000101010000000000A5
:105C2000000000000200000000000000A80E00209C
:105C300000000000A80E00201F0000001C00000053
:105C40001F0000001E0000001F0000001E000000DA
:105C50001F0000001F0000001E0000001F000000C9
:105C60001E0000001F0000000010002000000000C7
:105C70000000000000000000000000000000000024
:105C80000000000000000000000000000000000014
:105C90000000000000000000000000000000000004
:105CA00000000000000000000000000000000000F4
:105CB00000000000000000000000000000000000E4
:105CC00000000000000000000000000000000000D4
:105CD00000000000000000000000000000000000C4
:105CE00000000000000000000000000000000000B4
:105CF00000000000000000000000000000000000A4
:105D00006C640100ED2301000000000078640100D4
:105D1000492701000000000060640100A126010085
:105D200000000000F46401001D23010000000000D9
:105D300034640100812501000000000004650100B9
:105D40008D24010000000000CC640100CD2701007B
:105D500000000000E06401002D28010000000000A8
:105D60004464010081280100000000008C640100EF
:105D70000D26010000000000B06401007DEB000072
:105D800000000000BC6401007DEB0000000000008A
:105D90009C64010001EB000000000000FFFFFFFF1A
:105DA0000000000000000000F064010081BD000060
:105DB0005064010061BC0000EC64010091C000006F
:105DC0005864010091BE0000A864010055C10000A4
:105DD0008864010071C00000C86401004DC000006B
:105DE0005C640100F9C00000AC64010021C1000046
:105DF0004141414141414141414141412D2D2D41CF
:105E000041411818181818181818181818181818C0
:105E100000000B4000200B4000400B4000600B4096
:105E20000000000000000000030202000200004029
:105E300000800101010101030010040008000101BC
:105E4000010C0203000004400300100006000300E0
:105E5000200006000040404040404040404041415A
:105E6000414141404040404040404040404040402F
:105E700040404040400502020202020202020202C9
:105E800002020202022020202020202020202002C6
:105E90000202020202029090909090901010101056
:105EA00010101010101010101010101010101010F2
:105EB0000202020202028888888888880808080886
:105EC0000808080808080808080808080808080852
:105ED0000202020240000000555E0100455241539B
:105EE000452046554E430000434F4F4B2046554EEC
:105EF00043000000544553542046554E43000000D3
:105F0000627269646765205541525420746F204362
:105F10004C4900002D6E20207072696E74206375EC
:105F20007272656E7420636F6F6B696E6720736544
:105F30007373696F6E20636F756E742073746F7204
:105F4000656420696E20454550524F4D00000000A9
:105F5000436F6D6D756E69636174652077697468F0
:105F60002047534D00000000726762006C656400BA
:105F70007265640062726964676500002D6D20209F
:105F80007072696E74206D6178206E756D626572D5
:105F9000206F6620636F6F6B696E67207365737324
:105FA000696F6E7320666C6173682063616E207325
:105FB000746F7265000000002D7020207072696E91
:105FC0007420636F6F6B696E6720626C6F636B73B5
:105FD00020616E6420636F6E6669726D2065726108
:105FE0007365000065726173650000006F6666008E
:105FF00037736567000000002D64203C4E3E202072
:106000007772697465204E207265616C697374697A
:10601000632064756D6D7920636F6F6B696E6720A7
:1060200073657373696F6E7320746F20666C617330
:1060300068000000636F6F6B000000005B2D623C26
:10604000302E2E36343E5D2073657420627269678F
:1060500068746E657373206C6576656C0000000073
:1060600067736D006E756D002D723C302E2E3135CC
:106070003E203C2D307C2D313E20726564206C65C5
:1060800064202D30206F6666202D31206F6E000059
:106090005B737769746368206C6564206F6E0000C1
:1060A0002D703C307C313E70756C73652074686572
:1060B00020706F7765722070696E2E20303A322E14
:1060C000355320746F20706F776572206F66662C71
:1060D00020313A35306D5320746F20706F776572C0
:1060E000206F6E006F6E00002D633C307C313E20CF
:1060F0005B5B727C677C625D5D20736574205247D8
:1061000042206C656420636F6C6F75720000000044
:106110007B2270616E223A222563222C226F6E54FC
:10612000223A256C642C226F666654223A256C64F0
:106130002C22707772223A25752C227077724322B6
:106140003A252E32662C225067223A252E32667D61
:1061500025730000436F6F6B696E672073657373FF
:10616000696F6E20666C6173682073746F7261670B
:106170006520636F6D6D616E6473000072656164AC
:10618000207468652073746174757300737461742E
:106190007573000062726967687400007072696EDE
:1061A0007400000072756E206C6564206379636C06
:1061B00065207465737400007465737400000000DA
:1061C0006D6178004D616E6970756C617465204C0D
:1061D00045447320616E642037205365672044690D
:1061E00073706C61790000002D733C5B302E2E398A
:1061F0005D5B2E5D5B302E2E395D5B2E7C3A5D5BE8
:10620000302E2E395D5B2E5D5B302E2E395D5B2E80
:106210005D3E20446973706C6179206E756D6265B6
:1062200072206F6E2037207365676D656E74206411
:106230006973706C6179000064756D6D79000000A0
:1062400041542B48545450504152413D22555345DE
:106250005244415441222C22582D4150492D4B6526
:10626000793A20736B646A6633383475726A3933ED
:106270003475723339687233383433383475687230
:106280003338347933396575687772777266397760
:106290003834727968333834333834336872337948
:1062A000716F64666B6A33393338377267347222C0
:1062B0000000000041542B434D515454434F4E4E67
:1062C0004543543D302C227463703A2F2F61336262
:1062D00036736F63667164747071342D6174732EDC
:1062E000696F742E61702D736F7574686561737456
:1062F0002D312E616D617A6F6E6177732E636F6DD4
:106300003A38383833222C25642C256400000000EC
:106310007B226465764944223A7B22736E223A22BC
:106320002575222C224657223A222573222C2270D0
:1063300074223A222575222C226D63223A22257579
:10634000222C22736964223A222573222C226C6F3C
:1063500063223A222573227D2C227473223A256C03
:10636000752C2273746174223A7B22426174562226
:106370003A222573222C2253544C223A222573228E
:106380002C22737476636E74223A222573227D7DEB
:10639000000000007B226465764944223A7B227328
:1063A0006E223A222575222C224657223A22257344
:1063B000227D2C227473223A256C752C22436F6F38
:1063C0006B416767223A7B22636F756E74223A25B0
:1063D000642C2261766750777257223A252E3266F6
:1063E0002C22746F74616C53656373223A256C6C54
:1063F000752C2270777243223A252E32662C225059
:10640000675768223A252E32667D7D002B46534C15
:10641000533A2046494C45533A0D0A0065436F6F85
:106420006B335F4F54415F54455354312E68657848
:10643000000000006D657461496E74657276616C70
:106440005300000073656E644D65746100000000C8
:10645000666F7461000000006C62000072640000EE
:106460007061796C6F61644D6F6465006B65657018
:10647000416C6976650000007065727369737465BC
:106480006E74466C61670000706700006E756D4346
:106490006F6F6B426C6F636B00000000647572611C
:1064A00074696F6E00000000736F0000727000006E
:1064B0006D6178506F776572000000006D61785FE4
:1064C000706F7765720000006D72000073656E6416
:1064D000436F6F6B696E6753657373696F6E73009B
:1064E00073656E644572726F7273000070750000A0
:1064F00066770000636F6E6E5374726174656779BE
:10650000000000006D65746146726571487A000094
:1065100030650100100000200C0600006E480000ED
:10652000846601001C060020B4390000789B00003E
:1065300001189AFF0101257A0105012569580920F2
:106540006409115459131204180F040104020403BE
:1065500004040405040704060115010605053012AC
:1065600005010502050305040505060706020304E7
:106570001832302A213B293C890532033206220C8D
:106580005B0808031129300140025713F24C0A41FD
:106590005288146C5F0114C4610123F9EB1A700C6A
:1065A0001468600132721AF00C1AE81832731AEC8F
:1065B0000C1A901832301AE408290C32312A682457
:1065C000190C32631AB82C1AA40432741A94081ADB
:1065D0003C18023F621A60441A5064236DE114C0F3
:1065E00064011AA01032701A8C605A7C9C1A7420B4
:1065F000111904296C29844BF45E841A342C1AE88E
:106600000C299C1AE4201ADC0C024B6529601A54F0
:1066100070412AC09029A8311A64181A140C326EDD
:106620001A9C181AB80C29B4143862011AF80C0212
:106630007B64139409024C20021B0592020009108E
:106640006F6E6F6D6F6E646F022701E92812010390
:1066500042FFFF2A58A1195B320A148051018B01B5
:10666000016889BC21141C64011A0C040151041036
:1066700087930323159B23BD981BC92990014302CF
:046680002B7D00006E
:04000005000030C106
:00000001FF
