:020000040000FA
:10300000983F0020C130000011720000E96100000B
:10301000FFFFFFFFFFFFFFFFFFFFFFFFFFFFFFFFC0
:10302000FFFFFFFFFFFFFFFFFFFFFFFFA174000097
:10303000FFFFFFFFFFFFFFFF3D72000081760000F2
:10304000353100007D73000035310000353100005E
:103050003531000035310000DF550000353100000A
:103060007149000035310000353100001979000048
:10307000915E0000ED730000353100003531000035
:1030800035310000494B0000CD4C00003563000095
:103090001566000035310000353100003531000083
:1030A000D58B0000718800003531000035310000FB
:1030B00035310000AD6F00003531000035310000C2
:1030C0001D4880471D4880471D4800471D4801692D
:1030D000002908D14169002905D18169002902D15F
:1030E000C169002909D01848C1680901090D0029E2
:1030F0000ED005290CD006290AD0BFF34F8F1348F4
:103100001349016013491248C860BFF34F8FFEE7AF
:103110000E4801680E48884200D070470E480F499B
:1031200001600A480E4901607047FEE7FEE7FEE7CE
:10313000FEE7FEE7FEE70000CD30000085760000E8
:1031400065310000000308408001084000000020B5
:103150000400FA0500ED00E00081084001000000D5
:10316000000000000448854601F07EF90048004751
:10317000DDE20000C046C046983F002030B50B4657
:10318000014600202022012409E00D46D5409D4241
:1031900005D31D469540491B2546954040191546C7
:1031A000521E002DF1DC30BD70B5002425460028EC
:1031B00001DA01244042002901DA01254942FFF7E2
:1031C000DDFFAC4200D04042002C00D0494270BD2F
:1031D000F8B500242546002904DA0E460124002112
:1031E0004042B141002B04DA1E4600235242012521
:1031F000B34100F0F9FE8C4617461E46AC4203D0A0
:10320000002540428D41AC46002C02D0002657429A
:103210009E4161463A46334601B0F0BD00487047D2
:10322000CC4D010010B50446FFF7F8FF0068005DC3
:10323000C007C00F10BD01466139192900D82038D8
:10324000704701464139192900D82030704703469C
:103250000B439B0703D009E008C9121F08C0042ACA
:10326000FAD203E00B780370401C491C521EF9D2BD
:103270007047D2B201E00270401C491EFBD2704779
:103280000022F6E710B513460A4604461946FFF732
:10329000F0FF204610BD30B505462A460B46107893
:1032A0001C78521C5B1C002801D0A042F7D0002CD7
:1032B00003D0002802D06D1CEFE7284630BD10B5C2
:1032C000044605E00B780370401C002B00D0491C1D
:1032D000521EF7D2204610BDCAB2401E4178401C93
:1032E0008A4202D00029F9D100207047421C01789F
:1032F000401C0029FBD1801A704710B5002200E065
:10330000521C835C8C5CA34201D1002BF8D1D8B253
:10331000E1B2401A10BD03460A780270401C491CF5
:10332000002AF9D11846704730B5054600200346FB
:1033300000E05B1C934205D2EC5CC85C201A01D112
:10334000002CF6D130BD10B508E00A4602E0A342D9
:1033500008D0521C1378002BF9D1401C0478002CA3
:10336000F3D1002010BD00000FB400B58DB009905E
:103370000B9010A900200091C0430A9000200C90EF
:1033800006480690064807906A4609A80F9900F07B
:10339000E1FE0DB008BC04B0184700007541000004
:1033A00095410000FFB50027FF4383B000205C6813
:1033B00001909E681D46A9697F1C0498884700906B
:1033C000296A88470028F6D10098401C0CD00320B9
:1033D00040028443002E19DD600614D500982B2886
:1033E00009D02D280FD103E00020C04307B0F0BD65
:1033F000012080020443A9697F1C04988847761E37
:103400000090002E02DD0098302803D00598002897
:1034100025D035E0012040020443A969761E7F1CB7
:10342000049888470090002E03DD782805D058289E
:1034300003D00598002810D022E00598002801D07C
:1034400010281DD1012040028443A969761E7F1CEB
:10345000049888470090102002E0082000E00A202D
:1034600005900DE0012149020C43059A0199761E51
:10347000514308180190A9697F1C0498884700905F
:10348000002E05DD0599009800F04FFE0028E9DACE
:10349000E96904988847A00502D40120C043A5E744
:1034A000E00722D1600611D56005019800D54042A1
:1034B00029680A1D2A600968220501D5087014E0F0
:1034C000220701D5088010E008600EE02868011D81
:1034D00029600068210502D50199017005E02107E6
:1034E000019901D5018000E0016038467EE7FFB513
:1034F000002083B000905068019091691446002626
:1035000097680498884705460C990698084305D0A3
:1035100009E0A169761C049888470546216A284677
:1035200088470028F5D1681C03D00198C00704D053
:1035300017E00020C04307B0F0BD2068011D2160E6
:10354000006800900DE00198C00704D10098057054
:103550000098401C0090A169761C7F1E0498884743
:103560000546002F1CDD681C1AD0069800280FD0D5
:10357000E817C00E401941118A00069940095118F8
:1035800040012A1A0968012090400142DBD107E07E
:103590000C980028D7D1216A284688470028D2D025
:1035A000E169049888470C98002807D1002E05DDB2
:1035B0000198C00702D1009800210170A068B842AC
:1035C00004DD0C98002804D0002F02D00120C04355
:1035D000B1E73046AFE70000FFB5087889B015467F
:1035E000FF2805D0491C2D2804D00022002407E024
:1035F00000240BE00122F9E70A235C430419491C6B
:103600000878FF28F8D1002A00D0644200200490F6
:103610002A7801462D2A01D02B2A0FD16D1C2D2A84
:1036200002D00022049209E00122FBE700260A22D0
:1036300033466D1C00F008FD381871412F78FF2FBC
:10364000F4D10C9AA218069202460A4304D0FF2332
:10365000069A9133DA4205DA002109980A4606C033
:103660000DB0F0BD0024B74AB54D2646079200F0D4
:10367000CDFE029006980391002801DA474200E04F
:10368000074639050020AF4A001C514101910090C6
:1036900012E0F80707D022462B463046079900F083
:1036A000EBFA0646079122462B461046194600F0D3
:1036B000E3FA04460D467F10002FEAD10698019BDD
:1036C0000028009A0399029806DA00F03DFB324682
:1036D000079B00F039FB05E000F0CEFA3246079B6D
:1036E00000F0CAFA049A002A02D00122D2075140FF
:1036F000099A03C2B4E7FFB591B0002009900025F4
:10370000ED432E209E685C681F460190B9696D1CD0
:10371000129888470090396A88470028F6D10098A7
:10372000401C0AD00D20C0018443002E12DD0098F9
:103730002B2809D02D280DD103E00020C04315B05F
:10374000F0BD012080020443B9696D1C12988847BE
:10375000761E009003A9600501D52D2000E02B20E6
:103760006A461073491C0CA80F9102900AE0B969CF
:103770006D1C129888470090012040020443139862
:10378000761E0560002E02DD00983028EFD00199EA
:103790000098884246D18020044308E00998401EE2
:1037A00009900120400204431399681C0860B9691C
:1037B0006D1C761E1298884700903028EED031E0BC
:1037C0000199884205D1200603D480200443761E47
:1037D0001EE0009805F0D8FF002826D00120400206
:1037E000044307A90F980331761E88420BD2009834
:1037F0000F99303808700F98401C0F90200607D59D
:103800000998401E03E0200602D40998401C099044
:10381000A00502D51399681C0860B9696D1C12983F
:1038200088470090002ECBDC59E0002E57DD009831
:10383000652801D0452852D1A00550D503200002AB
:103840008443B9696D1C761E129888470090002E3B
:103850000CDD2B2804D02D2808D1FF200130044393
:10386000B9696D1C12988847761E0090E00501D555
:103870002D2100E02B21029801700298401C02903B
:10388000019025E00120400204430EA90298013175
:10389000761E88420ED20098029930380006000E3B
:1038A000087003D10299019881420AD90298401CFC
:1038B000029006E0E00501D5234801E0224840429D
:1038C0000990B9696D1C129888470090139805609B
:1038D000002E04DD009805F057FF0028D2D1F969C9
:1038E000129888470F99FF200870029903AA087060
:1038F00000200A900B900CA90AA8099BFFF76CFE08
:10390000A00502D40120C04319E72420044209D0B5
:10391000E00713D138680B9A0A99031D3B600068D1
:1039200006C00BE00B990A9800F02EFB0146E00759
:1039300004D13868021D3A60006801602846FEE63E
:10394000000014400000F03FF1D8FFFF70B50646BC
:1039500005F0C4FC046805460A220021304600F048
:103960007DFC2C6070BDF8B502464A40D40F420081
:103970004B0052085B089A4202D2024608461146A2
:103980004A0023D0C30D4A00DDB2120EAD1A202D1D
:1039900035DA49020126490AF6058A19002C00D0B9
:1039A000524220214F1B1146B9402A411018C20D26
:1039B0009A4221D0002C17D0012D08DCDA05801A9C
:1039C000D20F8019D207DBB200F088FCF8BDDA050F
:1039D000801A012340001B06C01880185A42801824
:1039E000CA0F1043490007E04908C2071143DA052E
:1039F000801A80194008801800F068FCF8BD61004A
:103A00000122511A001BF7E70122D2075140AAE711
:103A10000122D2075040A6E7024670B54A40D30FB4
:103A2000DB0740002DD04A002AD0010E140E000200
:103A300012020919400A520A8418E5010446544347
:103A4000000A120A2E045043A4194219200CC5433F
:103A5000AA18120C0125AD03521C521912047F3909
:103A6000240400D0521C104301D44000491EC2B2AD
:103A70000C06C0092018401C4008802A02D003E030
:103A8000002070BD40084000002900DA00201843E3
:103A900070BD70B502464A40D50F40004A00ED07A0
:103AA00040085208002814D0002A12D0C40DD30DAB
:103AB00041020120C0055202490A520AE41A0918BB
:103AC00012187D34914201D3641C00E04900002C9F
:103AD00001DA002070BD0023914201D3891A03430B
:103AE000400849000028F7D100290AD0914202D1AC
:103AF0000121C90705E0914201D2012101E0012124
:103B0000C943E005C018401900F0E0FB70BD00009B
:103B1000F0B507460846584087B0C00F04904800EB
:103B20000E46590040084908BC1A884105D238465B
:103B300031461E4617460B460246580040081043C1
:103B40004DD0300D039040055900400D490D0590B2
:103B5000401A0290402873DA18030121000B09056E
:103B60000843019004980092002806D01146019A5B
:103B700049420020904100910190029840210A1A88
:103B80000199009800F09DFA05460C466B4607CB5C
:103B900000F0B8FAC0197141039A0E0D0023D7172F
:103BA00056401A467A40164344D0049A002A2DD033
:103BB000029A012A039A15DC1205C01A91410126C6
:103BC0003605001C7141D20F059ED2070093019269
:103BD00002962A46234600F0C7FB07B0F0BD3846E0
:103BE0003146FAE71605234A0F46B218C01AB74104
:103BF00001210905001C4F4100187F41114618188A
:103C00007941E20F10436D19644113E0E2076D083A
:103C100015436408C2071443039A01261205C01A0B
:103C200091413605001C7141CE07400830434908D8
:103C3000C01851412A46234600F089FBCDE7FFE733
:103C4000049801224000C117121A00238B410498E6
:103C50003146C417381AA141EEE730B40124E40715
:103C6000634030BC54E730B40124E407614030BC09
:103C70004EE700000000E0FFF0B51FB488B00B99DC
:103C80000998002448400999C00F49004908099142
:103C9000C0070B990090490049080B9109990898B1
:103CA000A64608431CD00B990A98084318D00998D7
:103CB00001244000420D4800410D099824050003ED
:103CC000000B204309900B980003000B20430B903E
:103CD00050181C494018002201901446104605E077
:103CE000002001460DB0F0BD032801DA034600E0D4
:103CF00003239C46C11A0AAE0AE05F0008ADED5BE3
:103D00004F00F75B7D430027AA187C41491C5B1ECE
:103D10006145F2DD410004AB5A522104120C0A4302
:103D2000240C401C0828DFDB0198029000997046A3
:103D300001910090059B049A0799069800F014FBE6
:103D4000D0E700000DFCFFFFF0B50C465C4085B0ED
:103D5000E40FE40703944C000026640859009446DD
:103D6000490802460296224321D062460A431ED0E9
:103D70006200570D4A000E032303550D012402462D
:103D80002C492405781B1B0B360B40182343264374
:103D9000614600901C46501AB44103D30098401C61
:103DA000009002E0921800985B41002803DA00209E
:103DB000014605B0F0BD00200121090507468646F1
:103DC00011E064461D46141BB54106D36546521BDF
:103DD000B341744607430C43A646CD074008490843
:103DE000284392185B4105460D43EAD1104618431B
:103DF00013D06046194650407140084306D06046D3
:103E0000101AB34106D20122002306E0002201234A
:103E1000DB0702E00122D2435310009874460105EB
:103E2000381C6141029C039D0019694100F08FFA22
:103E3000BFE70000FD030000C217C10F504010B5DE
:103E40004018CA079623002100F048FA10BD10B5AB
:103E500000229623114600F041FA10BD0EB5C2179C
:103E6000C10F5040CA0740180021054B0293019230
:103E700000910A460B4600F077FA03B000BD00003F
:103E8000330400000EB505490291002100910A4655
:103E90000B46019100F068FA03B000BD3304000046
:103EA000410040020122400AD205090E80187F29F4
:103EB00001DA00207047962903DC9622511AC84087
:103EC000704796398840704770B5CD0F4A00090396
:103ED0000123090B1B0519430B4BED070024520D61
:103EE0009A4201DA002070BD074B34339A4203DC5A
:103EF0009A1A00F0F6F802E00449511888402C4361
:103F0000F1D0404270BD0000FF030000CDFBFFFF79
:103F1000C20FD207400040080BD0C10D0723DB01C0
:103F2000C91840020905400A1143C208400711435D
:103F3000704700200146704710B5002904DB0124BA
:103F4000E40740428C412146002B04DB1C46012340
:103F5000DB075242A3418B4200D1824210BD0000D8
:103F600010B5002904DB0124E40740428C412146BE
:103F7000002B04DB1C460123DB075242A34199427C
:103F800000D1904210BD0000CB0FDB07490010B5F7
:103F9000490802460A4307D00A0D07240903E40131
:103FA000090B121B002A01DC002010BDC900440FC0
:103FB0000C43C100E018D205801800F087F910BD4D
:103FC0000122D207002800DB101A002900DB511A59
:103FD000814270470122D207002800DB101A002915
:103FE00000DB511A88427047F0B51FB40646002026
:103FF00082B005464024019100901BE001992246C1
:104000000F46304600F06DF8049A059B801A9941DE
:1040100010D310461946224600F053F8361A8F4145
:104020000197224601200021009F00F04AF838182D
:104030004D4100902046641E0028DFDC019B009863
:104040002946324607B0F0BDF0B51FB486B0002057
:104050000090019002900698069980B2049007980B
:10406000090C02040014114307900027089D0998C9
:1040700006913E463C4603900398A9B20204000C08
:10408000039004982D0C154348430021224600F06C
:1040900018F8C719714110340E46402CECDB384635
:1040A000029A00F00EF8009A019B80180090594186
:1040B00002980191103002904028CCDB00980BB0A0
:1040C000F0BD10B5202A04DB0146203A91400020C3
:1040D00010BD914020239C1A0346E34019439040B1
:1040E00010BD10B5202A04DB0846203AD04000213C
:1040F00010BD0B46D340D0402024A21A9140084363
:10410000194610BD10B5202A06DBCB170846203A09
:104110001041C1170B4306E00B461341D040202449
:10412000A21A91400843194610BD3A2800D23038EF
:10413000202302469A43412A01D310463738884249
:1041400001D30020C0437047026813785118016002
:104150001846704710B5D160044951610449116295
:1041600000211161114600F091F910BD4941000094
:10417000253200004268002A08D001680B78491CEB
:10418000002B03D0521E06C0184670470121C160A3
:10419000881E70474268002A0BD0C3680168002B54
:1041A00007D183688B4204D0491E521C06C00020F0
:1041B00070470020C04370470FB400B589B00CA908
:1041C00000910B990023CB60204B214A0693079264
:1041D000042201921F4A02921F4A089202466B462D
:1041E0000020FFF788FA09B008BC04B0184770B582
:1041F00086B006460020C0430190002015460C46BC
:104200000091029104903246694604A8FFF7D4FF5A
:10421000024604982118002D05D0002801D0084638
:1042200000E020462860049800280DD0002A02DD16
:104230000098884208D0081B0190009432466946D5
:10424000029404A8FFF7B8FF06B070BD75410000E6
:1042500095410000FFFFFF7F25320000F7B5009C6D
:104260000F4600262578641C002D05D0FEF7D6FFEA
:104270000068405DC007F5D12B2D02D02D2D18D040
:10428000641E39462046029A00F09EFA002F04D0A0
:104290003968A14201D100993960710502240029D1
:1042A0000BDA4042002803DD05F018F80460A0078F
:1042B000FEBD012080020643E3E70028F8DA05F09E
:1042C0000DF804600048FEBDFFFFFF7F002904DAFF
:1042D000401C490001D140084000704770B40024E0
:1042E000050C05D11024000402D1002921D011248D
:1042F000050E01D100020834050F01D10001241D73
:10430000850F01D18000A41C002801DB4000641C43
:10431000002908D020252E1B0D46F540A14000D0D5
:1043200001212943084301061B1B000ADB1D02D59E
:10433000002070BC7047DB05181880180029F8DAD7
:10434000401C4900F5D170BC40084000704710B5D2
:10435000002B08DA0024401C614192185B411A438B
:1043600001D14008400010BDF0B51FB482B0054631
:104370000C0003D0084604F001FE02E004F0FEFD4C
:1043800020300246009021462846FFF79AFE049B03
:10439000059A04460F4618431143084314D01846A3
:1043A00010431BD0009840210A1A18460599FFF7C0
:1043B00098FE05460E46009A05990498FFF781FE7F
:1043C000084305D0012004E02046394607B0F0BD7F
:1043D0000020C11705430E432C43374300990E9824
:1043E0006305401A7905E40A00220C43FD0A0A30ED
:1043F00002D500200146E9E70105101969410C9C2E
:104400000D9D00196941FFF7A2FFDFE70EB5054AD0
:1044100002920022009213460192FFF7A5FF03B01B
:1044200000BD0000330400004A0009030123090B0A
:104430001B0519430A4B10B5520D9A4202DA0020AF
:10444000014610BD064B34339A4203DC9A1AFFF73B
:1044500048FE10BD034BD218FFF733FE10BD00001D
:10446000FF030000CDFBFFFF064C0125064E05E0D3
:10447000E36807CC2B430C3C98471034B442F7D385
:10448000FEF774FED0530100F0530100F3B58DB078
:1044900000200A9001200B90002608460C300C46A4
:1044A00009906269012109989047051E2ED0252D9B
:1044B0002DD0216A8847002818D062690121099807
:1044C0009047216A88470028F7D1411E6269099800
:1044D000904700E0761CA1690D988847216A8847BB
:1044E0000028F7D1E1690D988847DAE7A1690D98AE
:1044F00088470746A84201D1761CD2E7E1690D98AA
:1045000088477F1C02D10A98002877D04AE100270B
:1045100062693D463946099890472A280CD162695C
:10452000012109989047012506E00A214F433F18D1
:10453000303FEBD410200543626901210998904770
:10454000014630390A2903D29C498F42DEDCECE770
:10455000E90600D49A4F6C280AD04C2810D068285D
:1045600024D06A282ED074280CD07A280AD00DE0E6
:1045700062690121099890476C2823D004211CE02E
:10458000202005436269012109989047A760656072
:1045900065284FD026DC582839D01ADC452849D068
:1045A00012DC252834D04128B0D143E062690121D2
:1045B00009989047682802D008210D43E6E70120BA
:1045C000C002DEE70220DCE7462833D047282CD1A2
:1045D00030E05B2870D061282CD063286CD0642830
:1045E00023D161E06F284FD009DC662822D06728EC
:1045F00020D0692826D06E2817D12EE0CEE0702872
:104600004DD073286FD075284ED078280DD154E046
:10461000A1690D9888470546252800D16CE7E16916
:104620000D9888476D1C00D16DE7BBE00A224CE075
:104630000A2252E0012023466A46C0430D99FFF743
:104640005AF8A4E02846402108436060A8072346A2
:1046500001D5002239E000223FE0E80700D020E742
:104660002068011D21600068290501D5067018E742
:10467000290701D5068014E7A90703D5F1170660BD
:1046800041600EE706600CE7284640210843606061
:10469000A807234601D5082217E008221DE0494952
:1046A00028460840606016E02846402108436060C4
:1046B000A8072346BCD5B9E715E0284640210843A2
:1046C0006060A80707D5234610220120C0430D993A
:1046D000C046C0465BE0234610220120C0430D992E
:1046E000FEF760FE53E000210C910B460091632819
:1046F00002D05B2808D044E02079C00601D4012014
:10470000A060012000903CE0626901210998904777
:104710005E2805D101200C900146626909989047F6
:104720002169002906D10B4601AA8F00491CD351EB
:104730000829FADB002835D0216900290ED1C117DC
:10474000C90E09184A11930001AA9A18490949018A
:10475000411A0120136888400343136062690121F4
:10476000099890475D28E5D10C98002808D00020D2
:1047700001AB81005A58401CD2435A500828F8DB3C
:1047800001AB01202246C0430D99FEF7B0FE002880
:104790000ADA401C06D10B98002803D00020C04341
:1047A0000FB0F0BD0A98FBE7E90702D10A99491C4E
:1047B0000A91361800200B9073E60000CCCCCC0C8C
:1047C000FFFFFF7FF1F7FFFFF7B582B0029C0027E4
:1047D0002078641C15460197302802D0002D15D092
:1047E00015E020780127641C782804D0582802D0CE
:1047F000002D09D00BE0002D01D0102D07D100278E
:1048000010252078641C02E0082500E00A25002617
:10481000009610E00099012769430818020C294608
:1048200080B2714300908E183804864201D3012073
:1048300001902078641C2946FFF777FC0028E9DA0C
:104840000398002805D0002F01D0641E00E0029CD0
:1048500004600198002806D004F040FD02210160A8
:10486000C81E05B0F0BD009930040843F9E770B5E3
:104870008C180578401C6B075B0F01D10378401C36
:104880002A1106D10278401C03E006780E70401C05
:10489000491C5B1EF9D12B0705D40023521E0DD4F1
:1048A0000B70491CFAE70378401CCB1A921C03E0FA
:1048B0001D780D70491C5B1C521EF9D5A142D8D33E
:1048C000002070BD8C2211507047002904D002686E
:1048D00080231A43026003E0026880239A43026047
:1048E000704700000EB50020009001900290012159
:1048F000090602988843401802908912019888435B
:10490000401801900123684607C800F059FD174878
:1049100000F085F802228021002000F093F80621A3
:10492000102000F06DFD0023012202210F4800F04D
:104930005FF800210D4800F077F800231A4609219E
:104940000A4800F03AF80121084800F061F8012215
:104950001146064800F022F801210448FFF7B5FF90
:104960000121024800F062F80EBD00000000014085
:1049700010B501210648FFF7A5FF0548006B0005AB
:10498000000D0449086001200349087010BD0000B3
:1049900000000140D8040020DC04002010B5002AEB
:1049A00005D080231B580B438024235004E0802330
:1049B0001B588B438024235010BD70B50C469510B6
:1049C000AE00051DA9599507EE0E1F25B5402B46D3
:1049D0000D469D4329469507EE0E2546B5402B46CC
:1049E0000D461D4329469510AD00061D715170BD41
:1049F00070B5032900D100BF5C1E2404551E2D0292
:104A00002C430C430568802635402C43046070BD60
:104A1000CA06D20E02674A0952014267704701680E
:104A2000402211430160704701627047002904D0A1
:104A3000426F01231A43426703E0426F520852005B
:104A400042677047F7B50B46009DED00154EAA1959
:104A5000002000240027002120E000240027FF255B
:104A60008D401D40002D17D000200FE01D46C54091
:104A700001268E403540002D07D086000F25B54019
:104A80002C438600029DB5402F43401C0828EDD3DF
:104A90001568A5433D431560121D08310829DCDD6A
:104AA000FEBD00002020024000200349087003489A
:104AB0000068034908607047A4010020A40000209A
:104AC000A0010020FEB5002000900190029001217D
:104AD000090402988843401802900123684607C8D9
:104AE00000F06EFC0E480068012104F05EFA0446F6
:104AF0007D22D2000023FEF76BFB064631460948B3
:104B000000F03DF90021074800F03BF9012105487C
:104B100000F029F90121034800F019F9FEBD000059
:104B2000540500200060074070B50446054805683C
:104B300001E001F0E5F903480068401BA042F8D30A
:104B400070BD0000A400002010B5384800F0F8F84F
:104B500003F080FC36480068401C35490860354841
:104B60000068401C3349086033480078012804D1AC
:104B700032480088401C31490880314800780028BC
:104B80003FD130480088401C2E4908802E480078CC
:104B9000042801D12D4800E02D482A49098888427F
:104BA00009D229480078042801D1284800E0284883
:104BB000401C2449088027480088401C254908805B
:104BC00021480078042801D1204800E020482149EC
:104BD0000988884209D21C480078042801D11B4862
:104BE00000E01B48401C1B49088001F08FFC01F0CD
:104BF000FDFD1021184808F0B3FF1021174808F0F8
:104C0000E1FF17480088401C1549088008460088C5
:104C1000C82809DB002008801248006B10210840DA
:104C2000002801D004F062F910BD000000600740C8
:104C3000A4000020A80000203C0500204005002022
:104C4000AB040020A8040020F2010020E09304003F
:104C500060EA0000B8040020EA080020FA080020FA
:104C6000BC00002000800840FEB5002000900190AC
:104C700002900121490402988843401802900123C0
:104C8000684607C800F09CFB0E4800687D21C900FB
:104C900004F08BF904467D22D2000023FEF798FA37
:104CA00006463146084800F06AF80021064800F040
:104CB00068F80121044800F056F80121024800F08C
:104CC00046F8FEBD540500200070074010B5154899
:104CD00000F036F801201449086014480068401CB0
:104CE0001249086012480068401C114908601148C8
:104CF0000068401C0F4908600F480088401C0E499E
:104D0000088007F079F907F05DFA0FF079FA0B489F
:104D10000078002801D1012000E000200749087038
:104D200010BD000000700740AC000020B000002063
:104D3000B4000020E8040020B8000020BA000020E1
:104D40004168490849004160BFF34F8F704700290F
:104D500004D0026804231A43026003E002680423BB
:104D60009A4302607047002904D0026801231A4365
:104D7000026003E002685208520002607047C1609E
:104D80007047816070470000F0B5364E0120B0706A
:104D900000252F462EE0284601F008FE002827D1E6
:104DA0002C4644204443F06C015DCA0701D08907BA
:104DB0001ED4B7702018C28D416889184160F06C0C
:104DC0002018028E816889188160F06C2018417863
:104DD000491CC9B2417010290AD3F06C0021201877
:104DE0004770284602F05CFD0121284602F058FD7C
:104DF0006D1CEDB2707B8542CDD3B07800282FD0EA
:104E0000002329E0184601F0D1FD002822D11A46DE
:104E100044214A43F16C144851188881F16C5118AF
:104E20000882F16C51188882F16C51180883F06C7B
:104E30001018C781F06C10184782F06C1018C782E8
:104E4000F06C10184783F06C1118088E0887F16C0D
:104E50005118C8865B1CDBB2707B8342D2D377715A
:104E6000F0BD000074050020FFFF0000F0B51F4DED
:104E7000E88C68640026374630E0304601F096FD45
:104E8000002829D1344644204443E86CFD22015DCA
:104E9000490849001140015520184770E86C01216C
:104EA00020184760E86C490220188760E86C0022EF
:104EB00020184186E86C20188186E86C201841850E
:104EC000E86C20188185E86C2018C785E86C2018EC
:104ED0000786304603F03EFB761CF6B2687B8642BE
:104EE000CBD3AF706F70EF70F0BD00007405002081
:104EF00070B505460C46002D02D0012D74D174E02A
:104F0000002C4DD028460FF031FC744800887449BD
:104F100008800A20714908800120724908706F4892
:104F20000078487000207049088002206F4908709E
:104F30006D4800786E4948706B48807800282AD008
:104F400000206949C870087188704871002166485E
:104F50008171C171017267480078012803D10D2069
:104F600002F084F800E000BF63480078092811D1FE
:104F70006048007801280DD15B4A1178574A1078B3
:104F80000FF072FC5849087802F0EAF8022007F0A6
:104F900075FB01E000E000BF01205049487223E0AA
:104FA0004F4800884D49088001204E4908704C4800
:104FB000007848704949087802F0D2F84A4A1178D6
:104FC000464A10780FF050FC44480088002805D06D
:104FD0004248018828460DF081FC02E0474806F06F
:104FE00011FA00203D49487275E0002C4DD028464A
:104FF0000FF0BCFB3C480088394908800A203A4938
:1050000008800220394908703748007838494870CC
:105010000020324908800120324908702F4800786A
:1050200048702E48807800282AD000202B49C8706C
:10503000087188704871002128488171C17101721E
:105040002C480078002803D10D2002F00FF800E072
:1050500000BF29480078092811D126480078002887
:105060000DD1214A11781D4A10780FF0FDFB1B4924
:10507000087802F075F8022007F000FB01E000E07C
:1050800000BF01201849487224E0154800881649DD
:1050900008800220154908701148007814494870AA
:1050A0001149087802F05CF80F4A11780B4A107821
:1050B0000FF0DAFB0C480088002805D00A48018868
:1050C00028460DF00BFC02E00D4806F09BF900208D
:1050D0000549487200BF00BF70BD00000A090020EA
:1050E000F00100207501002016090020FA080020B8
:1050F0007D0100208C010020F2010020C40100206D
:10510000D40100207FB50446002001900290039056
:10511000012189030298884340180290890303986B
:10512000884340180390012301A807C800F048F9FC
:105130000D2210210320FFF785FC21462248FEF7AF
:105140001DF8451E0321684641800580002101713C
:1051500000200290FF2101316846818169461B4889
:1051600003F0ACFAFF210131184803F01DFA0021C9
:1051700068460170072141800021017141718171F0
:10518000C171017201214172691C3C2251430846E0
:105190006421FDF7F3FF81B26846418100218181DE
:1051A00069460A4803F01CFA0D20002809DB00BFFD
:1051B00000BFC206D20E01219140054A116000BF16
:1051C00000BF00BF7FBD0000C0E1E400004003401D
:1051D00000E100E070B504460D462046FFF792FF5F
:1051E000A1B200232A46012000F002F870BD0000A1
:1051F000FEB505460C4616461F4621462048FDF7DB
:10520000D3FF401E01900199491C3C22514308469E
:105210006421FDF7B3FF00901A48057021467143E1
:1052200008467D21C900FDF7BFFF174908802146C8
:10523000794308467D21C900FDF7B6FF1349088070
:10524000114800880988401811490860019881B206
:10525000104803F030FA009882B200210D4803F0A4
:1052600023FA012211020B4803F0AFF901220021B9
:10527000084803F08BF90121064803F09AF9FEBDB6
:10528000C0E1E400F8030020FA030020FC03002042
:105290000004002000400340884202D9401A80B236
:1052A000704700207047000070B504461748406BF7
:1052B0004607760F00F02EF82060330003F08DFED5
:1052C000081605080B16160E12162068606010E00E
:1052D0000F4860600DE00E4860600AE00120C003E6
:1052E000606006E07D200002606002E000206060F7
:1052F00000BF00BF0548056A052D02D3606840095C
:1053000001E06068E840A06070BD000000800840D7
:1053100000127A00F0B51B480068FF2701373840BB
:10532000040A1848C069C50F164840687F00384015
:10533000460A002E01D10020F0BD002C01D11248F8
:1053400000E0114802460F4FBF69FF00F80F1746F3
:10535000C7403A46012D01D11046EDE70948806962
:105360000F27FF053840C10D002900D11021054845
:10537000806903277F053840430D10464843D840D5
:10538000DAE700000080084000127A007EB504468B
:10539000002560118000094946182E2C00D10225F5
:1053A000E406E40E0321A14030680840E0404519BE
:1053B0006846FFF779FF0298E8407EBD38800840D4
:1053C0003FB50E4C606AE16A226B0446009DAC4317
:1053D00020460C46019DAC4321461446029DAC4339
:1053E0002246002B05D0009C2043019C2143029CB7
:1053F0002243024C6062E16222633FBD00800840AC
:10540000054A926A072383409A430B4683401A4316
:10541000014B9A62704700000080084010B50346B7
:10542000084843606520074C206003E00878054C7D
:105430002073491C1046521E0028F7D1014880688D
:1054400080B210BD00A0084000B587B000200190D8
:10545000029003900121490301988843401801906C
:10546000012301A807C8FFF7ABFF012069460874B4
:105470000548006805900020069004A9034800F044
:1054800007F807B000BD0000BC04002000A00840E1
:1054900002464B6853600B78002B06D0012B06D0D8
:1054A000022B06D00F2B06D106E0002006E0652077
:1054B00004E0E62002E000BF886800BF00BF106083
:1054C0007047000010B500200C4B012498645A7BF3
:1054D00011E0986C521E40009864D0B201F070FA4E
:1054E000002807D0D0B202F0CFFC002802D0986C80
:1054F00020439864D2B2002AEBD110BD740500207D
:10550000F0B5274C0746A0790025002805D1A078E2
:10551000002802D0E079002801D0A5653DE00023F5
:105520001A4622E0104601F04BFA00281BD0104624
:1055300044214843E16CE68E4018018FB14206D900
:10554000418E00290FD0808E00280AD10BE0A68E54
:10555000B14208D2468E218F8E4204D2808E88427C
:1055600001D2627B0123521CD2B2607B8242D9D32A
:10557000002B05D0A06DC019A065E08C606400E030
:10558000A565606DA18D884201D3608D00E0208DFE
:10559000A16D814201D90120F0BD0020F0BD0000C5
:1055A0007405002010B500200649024606E0442399
:1055B000CC6C43431B19401CDA87C0B24B7B98422A
:1055C000F5D310BD740500200348FF21C1720021EE
:1055D000C18201837047000074050020704710B538
:1055E00001F0B4F910BD0000014601228A401046C6
:1055F000014A506090607047404002400121814064
:10560000024A9161BFF34F8F704700004040024053
:10561000F8B5192636037F27BF0235460AE028462B
:1056200000F03AFA0446002C01D00020F8BD012019
:1056300080022D18BD42F2D9002000F017F9012098
:10564000F4E70000FFB5FFB0FFB087B02949FFA81D
:105650004161406914214843192109034718B80AD8
:105660008502002405E0A0002858A10004AA50509B
:10567000641CFF2CF7D9781B81080391002407E0F4
:105680000021C94303980019800004AA1150641C2A
:10569000052CF5D3284600F0FFF90646002E04D06D
:1056A00000207FB07FB00BB0F0BD002412E0A0005E
:1056B00004A90858401C00280BD0A20004AB99583C
:1056C000A200501900F0F4F90646002E01D0002087
:1056D000E7E7641CFF2CEAD9FFA8C26B016C406AA3
:1056E000019202910090FFA814300FC800F062F8F8
:1056F000D7E700008B050000F0B589B007460E46DD
:105700001C2102A8FDF7BCFD1420704319210903D8
:1057100045182C6868460472200A03906C682106BC
:10572000039808430390200A0490AC68210604986B
:10573000084304902002010C68468182E8680790C3
:1057400028690890039A0499891A6A46928A5143F3
:105750000846FEF771FB06490190FEF79AF906909C
:105760001C2202A93846FDF772FD09B0F0BD000009
:1057700000006145632080020068704710B50A4B45
:1057800000210CE088000B24A4020019026A501CBE
:10579000002800D102E088001A5000BF491C0829E7
:1057A000F0D3012010BD0000000500200B20800276
:1057B00000687047FFB585B016461F46142105984E
:1057C0004843192109034518142003902846133033
:1057D000029025490298884202D9002009B0F0BD04
:1057E00030020699084304902846049900F060F9B5
:1057F0000446002C01D00020F0E7300E39020843A7
:105800000490281D049900F053F90446002C01D09F
:105810000020E3E7380E0E99090208430490284659
:105820000830049900F044F90446002C01D000200F
:10583000D4E70F98019028460C30019900F038F910
:105840000446002C01D00020C8E71098009028469C
:105850001030009900F02CF90446002C01D00020F3
:10586000BCE70120BAE7000000FF0100F0B5FFB07F
:10587000FFB085B00746632080020168FFA8C160C1
:10588000C068B84204D101207FB07FB005B0F0BD40
:105890006326B6023046801B8108FFA88160C0687D
:1058A000401C00280AD13946304600F001F905466F
:1058B000002D01D10120E7E70020E5E7002405E005
:1058C000A0003058A10001AA5050641CFF2CF7D949
:1058D000FFA88068800001A90F50304600F0DCF876
:1058E0000546002D01D00020CEE7002412E0A000E4
:1058F00001A90858401C00280BD0A20001AB995800
:10590000A200901900F0D4F80546002D01D0002027
:10591000BAE7641CFF2CEAD90120B5E7F0B5FFB067
:10592000FFB087B03E4F0B208002016AFFA80161E3
:105930000021C160002410E0A1000B22920289180E
:10594000086AA1007958814206D0411C002903D081
:105950000121FFAAD16002E0641C082CECD300BF37
:10596000FFA8C06800283AD00B26B6020196002492
:1059700006E0A10001984158A00002AA1150641C41
:10598000FF2CF6D92748801B81080091002407E0EE
:10599000A0003A5800990819800002A90A50641C16
:1059A000082CF5D3304600F077F80546002D04D0DA
:1059B00000207FB07FB007B0F0BD00240CE0A20053
:1059C00002AB9958A200901900F072F80546002D1C
:1059D00001D00020EDE7641CFF2CF0D91DE000246D
:1059E00019E0A0003858FFA94861A0000B218902E6
:1059F0004018066AFFA9486986420BD0A100094AEF
:105A00008818FFA9496900F053F80546002D01D018
:105A10000020CEE7641C082CE3D30120C9E7000076
:105A200000050020202C00000EB502F04FFAFFF711
:105A300049F80020009001900290FF210131029866
:105A40008843401802904900029888434018029009
:105A5000C901029888434018029089100198884330
:105A600040180190090102988843401802900123D0
:105A7000684607C8FFF7A4FC01F032FD02F068FE9B
:105A8000112003F059FB0B2003F056FB01210220EB
:105A900001F046FF0EBD000010B504460348046047
:105AA00008200249C86000F011F810BD000008404D
:105AB00030B504460D4604480460456004200249A0
:105AC000C86000F003F830BD00000840174A1848CD
:105AD000406902231843164B58611420186106E0F0
:105AE000134800690C2318400C2800D103E010462D
:105AF000521E0028F4D100BF0D488169806902233D
:105B000098430B4B9861012040040840002801D0C5
:105B10000220704702200840002801D00120F8E749
:105B2000002A01D10320F4E70020F2E7FFFF0F0075
:105B300000000840816270473EB50020009001904F
:105B40000290012109040098884340180090490000
:105B500000988843401800904900009888434018F6
:105B6000009049000098884340180090491101981E
:105B70008843401801900123684607C8FFF720FCBE
:105B8000012200210846FEF75DFF01221146002098
:105B9000FEF758FF012202210020FEF753FF0122E9
:105BA00003210020FEF74EFF012204210020FEF712
:105BB00049FF012205210020FEF744FF01220621B2
:105BC0000020FEF73FFF012207210020FEF73AFFE9
:105BD000FF2050490860012204211046FEF732FFE1
:105BE000012208211046FEF72DFF01224021104618
:105BF000FEF728FF012251031046FEF723FF012282
:105C000091031046FEF71EFF00220121490342487E
:105C100000F0E6F80022012189033F4800F0E0F897
:105C2000012149033C48FFF785FF012251033A480F
:105C300000F07CF8032201214903374800F080F886
:105C4000012189033448FFF775FF0122910332488F
:105C500000F06CF80322012189032F4800F070F84E
:105C6000002204212C4800F061F8012208212A4872
:105C700000F05CF800224021274800F057F800228D
:105C80000421254800F082F800224021224800F03B
:105C90007DF801220421204800F06EF80122402105
:105CA0001D4800F069F8012211460220FEF7CAFEE5
:105CB000012202210846FEF7C5FE0122032102202F
:105CC000FEF7C0FE01220E210220FEF7BBFE0122DC
:105CD0000F210220FEF7B6FE104804681048044366
:105CE0000E480460FF200B4908620E480A4908620A
:105CF0000A490862012211460320FEF7A3FE002292
:105D00000121094800F012F801221146064800F06E
:105D100033F83EBD00000B4000200B4000400B401C
:105D20000EC00000FFFF000000600B40002A03D0FF
:105D300003680B43036002E003688B430360704712
:105D4000F0B517460024002500220CE0CE07F60F20
:105D5000002E06D053003E469E40344303269E400C
:105D600035434910521C102AF0D34669AE434661B0
:105D7000466926434661F0BD002A03D043680B43C1
:105D8000436002E043688B434360704730B514467C
:105D90008268C36815468D432A461D468D432B46AF
:105DA000002C04D0012C06D0022C09D107E01546A6
:105DB0000D432A4605E01D460D432B4601E000E059
:105DC00000BF00BF8260C36030BD0246D3690B4094
:105DD000002B01D0012000E0002070474162704795
:105DE000002A01D0416200E081627047F0B587B0BF
:105DF000002700240020009001900290FF21013133
:105E000002988843401802900123684607C8FFF7AC
:105E1000D7FA1C480068012103F0C7F805467D2227
:105E2000D2000023FDF7D4F9471E00E0641C611C7A
:105E30003846FDF7A3F914498842F7D8611C384663
:105E4000FDF79CF9074668468781C48100210174EB
:105E500000200590FF2101316846018303A90B480A
:105E600002F02CFCFF210131084802F09DFB0122C9
:105E70001102064802F0A9FB0121044802F099FB37
:105E800007B0F0BD54050020FFFF000000E0064011
:105E900010B5FF210131144802F086FB02F060FCCE
:105EA00000F098FD00F020FE1049087010480078BE
:105EB000132811D0084600780E490978884206D088
:105EC0000A4800780EF0CEF801200B490870074808
:105ED00000780849087002E0132006490870012084
:105EE0000649087010BD000000E00640390500209A
:105EF000380500206C0100206001002061010020B5
:105F000070B540480078002800D070BD01203D49A0
:105F1000087018E00EF094F80546284607F070F96E
:105F20000446132C0ED006F037FA374800780428C0
:105F300004D1214635A002F0E1FF00E000BF204679
:105F400007F01CFD00BF00BF3348007833490978D3
:105F5000884201D1012000E000200028DAD013207F
:105F60002F49087000202F4908702F48007800281A
:105F700042D000202C49087023480078022803D022
:105F800021480078052837D12848807808280AD089
:105F90002748807A002806D10120254988722548A3
:105FA00005F030FA0AE021488078082806D1204818
:105FB000807A002802D000201D4988721E4880780F
:105FC000022819D11D48807808280AD01C48807AF8
:105FD000002806D101201A4988721A4805F012FAE1
:105FE0000AE016488078082806D11548807A0028EB
:105FF00002D000201249887200200249087000BFB8
:1060000083E700006D010020F20100204556454E57
:10601000543A25640A0000006A0100206B01002048
:10602000380500206001002061010020EA080020FE
:106030000A090020C4010020C0060020FA08002040
:1060400016090020D401002010B507F05DFE0028DD
:1060500000D110BD00F020F8FBE7000038B5044681
:1060600008210B48FFF7BAFE0A480068009008E0D4
:10607000084800680099401AA04200D902E00BF0DD
:106080005DFDF5E700BF08210148FFF753FD38BD6E
:1060900000200B40A40000201CB50B4804680B48EE
:1060A0000068002807D009480068201A084988427B
:1060B00001D201201CBDFF22F53206A1684607F07F
:1060C0006FFB68460078F5E7A4000020E00400209C
:1060D000B80B0000415400007CB504460D4613493E
:1060E00003C9019100900198002804D0002D02D02E
:1060F0002878002804D101990098616020607CBD57
:10610000FFF7A2FF002809D1FF2101310198FDF717
:10611000B7F80199009861602060F0E77D22920154
:106120002946204607F03CFB00BFE8E7244B01006E
:106130000A4A09028918002807D0012807D0022836
:1061400007D0032807D000207047086B7047C86A43
:106150007047886A7047486A7047000000A1014094
:10616000002003490870034800680349086070472D
:10617000AC010020A4000020B0010020FEB50546BF
:106180000E46280117494418002000900190029003
:106190000121490201988843401801904901019862
:1061A0008843401801900123684607C8FFF708F9A3
:1061B000227AE1882079FEF745FCA27BA189A07AAA
:1061C000FEF740FC3146206802F010FE012200215B
:1061D000206802F07BFE01221146206802F076FE64
:1061E000FEBD0000384D010003F06AF810B51648F6
:1061F0000078002826D115480068002822D01448CD
:106200008078002809DD13480078002802D007F0C4
:10621000EBFB04E004F04EFD01E004F04BFD0E4802
:1062200000680A4909680D4A8918884205D20A4857
:10623000006806490968884204D2012002490870B2
:1062400004F038FD10BD0000AC010020B0010020BA
:10625000C0060020BA000020A400002060EA000070
:106260000EB5002000900190029001984008400077
:10627000401C019001218903019888434018019036
:1062800009010098884340180090009888434018FE
:1062900000900123684607C8FFF792F80022FF210B
:1062A00001311248FFF772FD0022012149020F4817
:1062B000FFF76CFD0722FF2101310220FEF7C2FB30
:1062C0000722012149020220FEF7BCFB00F0F2F890
:1062D0000748084908601020888100200881064886
:1062E00048600820C881002048810EBD00400B4056
:1062F000300B0020200B00209E0400200EB5002053
:10630000009001900290019840084000401C0190CC
:106310000123684607C800F0C5FF0022FF210131B4
:106320000220FEF78FFB0022012149020220FEF726
:1063300089FB0EBD10B50C21584800F025FB044622
:1063400001200005204000287ED10120400520408A
:1063500000283CD004202040002818D001205049BB
:106360000870504908705049088000204F49488102
:106370004F4908804D4842894089401C4B4B588109
:1063800018464068815C454800F00DFB49E001205B
:1063900040042040002844D001204349088043485D
:1063A00040894249C989884204DB00213B4800F00A
:1063B000FAFA0BE03D4842894089401C3B4B58812A
:1063C00018464068815C354800F0EDFA29E0042069
:1063D0002040002806D0012033490880002033499E
:1063E00008811EE0012000042040002819D001206F
:1063F0002D490880294800F0D2FA2C490A890989D8
:10640000491C2A4B19811946096888541846008985
:1064100019468989884203DB00201946088100E07B
:1064200000BF012040022040002804D00121490281
:106430001A4800F0F7F9052000022040002806D095
:1064400005210902154800E018E000F0EBF90120F1
:10645000C0022040002818D00121C9020F4800F0D6
:10646000E1F90E480068082188430C490860084695
:106470000068082108430949086006E00F2000026F
:1064800020400146054800F0CDF9022020400028B8
:1064900002D000200449088010BD000000800440A4
:1064A000AA040020A60400209C040020200B002049
:1064B000A804002000B587B000200190029003904E
:1064C000029840084000401C0290012301A807C820
:1064D00000F0E8FE002168460174417401218174D6
:1064E0005021018304A9074800F0B4F901210548AF
:1064F00000F09AF901220449024800F01DFA07B0A1
:1065000000BD0000008004400606030010B50C48E2
:106510000088002800D110BD72B609480088401CD0
:106520000749088062B606480088142806DD002066
:1065300003490880FFF7E2FEFFF792FE00BFEAE79B
:106540009C0400200EB500200090019002900221D2
:1065500001988843801C01904903019888434018A2
:106560000190C90000988843401800900098884323
:10657000401800900123684607C8FEF721FF00225B
:1065800080211248FFF702FC0022FF2101310F4851
:10659000FFF7FCFB072280210120FEF753FA0722B8
:1065A000FF2101310120FEF74DFA00F0F3F8084811
:1065B000084908601020888100200881064848604A
:1065C0000820C881002048810EBD000000200B403B
:1065D000500B0020400B0020AE0400200EB5002020
:1065E000009001900290022101988843801C019044
:1065F0000123684607C800F055FE002280210120D3
:10660000FEF720FA0022FF2101310120FEF71AFADD
:106610000EBD000010B50C21584800F0B5F9044635
:1066200001200005204000287ED1012040052040A7
:1066300000283CD004202040002818D001205049D8
:106640000870504908705049088000204F4948811F
:106650004F4908804D4842894089401C4B4B588126
:1066600018464068815C454800F09DF949E00120EA
:1066700040042040002844D001204349088043487A
:1066800040894249C989884204DB00213B4800F027
:106690008AF90BE03D4842894089401C3B4B5881B8
:1066A00018464068815C354800F07DF929E00420F7
:1066B0002040002806D001203349088000203349BB
:1066C00008811EE0012000042040002819D001208C
:1066D0002D490880294800F062F92C490A89098966
:1066E000491C2A4B198119460968885418460089A3
:1066F00019468989884203DB00201946088100E099
:1067000000BF012040022040002804D0012149029E
:106710001A4800F087F8052000022040002806D023
:1067200005210902154800E018E000F07BF801207F
:10673000C0022040002818D00121C9020F4800F0F3
:1067400071F80E480068082188430C490860084623
:106750000068082108430949086006E00F2000028C
:1067600020400146054800F05DF802202040002846
:1067700002D000200449088010BD000000900440B1
:10678000BA040020B6040020AC040020400B002016
:10679000B804002000B587B000200190029003905B
:1067A000022102988843801C0290012301A807C897
:1067B00000F078FD00216846017441740121817464
:1067C0005021018304A9074800F044F8012105483D
:1067D00000F02AF801220449024800F0ADF807B0A1
:1067E00000BD0000009004400606030010B50C48F0
:1067F0000088002800D110BD72B609480088401CEE
:106800000749088062B606480088142806DD002083
:1068100003490880FFF7E2FEFFF794FE00BFEAE7B6
:10682000AC040020C1607047002904D0026808232E
:106830001A43026003E0026808239A43026070472B
:106840000246D0680840002801D00120704700208F
:10685000FCE70000FEB504460D46002001900090C4
:1068600000BF00BF206885218843297808436978E4
:106870000843A978084320602889A0602B488442F7
:1068800004D10020FEF782FD01900EE028488442EA
:1068900004D10220FEF77AFD019006E025488442EB
:1068A00003D13620FEF772FD019020680321890391
:1068B0000840002806D001218903401A05D0401A5B
:1068C00009D105E00620009005E00820009002E0D4
:1068D0000920009000BF00BF14236A685A43114684
:1068E000019AD300D018FCF749FC0099401AE978C6
:1068F000461A14236A685A4311460B23019A5A43D5
:106900001046FCF73BFC0099401AE978471A002E24
:1069100001DA002000E030460646002F01DA0020B0
:1069200000E03846074626616761FEBD00800440EE
:106930000090044000800040002A03D043680B43CD
:10694000436002E043688B434360704710B5072003
:10695000FEF74AFE0820FEF747FE0920FEF744FE38
:106960000720FEF74BFE0820FEF748FE0920FEF741
:1069700045FE0020024908800249088010BD000041
:10698000A8040020B804002008B5024600200090AA
:1069900000920098401800900098006808BD0146D9
:1069A0008869C0B270478161704700004421484344
:1069B0000249C96C085C8006C00F7047740500204E
:1069C00003490968C140C80700D001207047000092
:1069D000C405002010B501F069FA002868D101F063
:1069E0005FFA002869D001F047F934490860084689
:1069F0000068002849D001203149087031480088DA
:106A000014281FDD3048007800281BD12F4800785B
:106A1000002817D1294800682D490840002807D0D0
:106A2000264800682B49086000202B49086006E0D2
:106A30002248006828490860002026490860012093
:106A4000214908701F48008819214901884234DD16
:106A50001E480078002803D1184800681F490860C4
:106A6000112002F009FB17480088C8381549088032
:106A7000112002F061FB0020194908600120134930
:106A8000087000201049087017E000200C490870B9
:106A90000C4908800D4908700B48007801280CD17A
:106AA0000C4800680E49086000200749087004E09F
:106AB00000200C490870FEF7B7FF10BD3405002018
:106AC0003C050020400500203D0500203E0500203B
:106AD0000A2003004405002050050020480500203E
:106AE0004C05002056000020CD480068CD490860C4
:106AF000CD4800684860CD48006888600020CA49D9
:106B00000860C7490860C9490860C6480068012193
:106B1000C9030840002804D1C24840680840002842
:106B200006D00F20C24908700120C249087039E11F
:106B3000BC480068012109030840002804D1B94875
:106B400040680840002806D00C20B9490870012090
:106B5000B849087026E1B3480078C007C00F002884
:106B600005D1B0480079C007C00F002806D000202A
:106B7000AF4908700120AF49087013E1A9480068C7
:106B800002210840002804D1A64840680840002897
:106B900005D00120A6490870A649087002E1A14865
:106BA000006804210840002804D19E48406808403D
:106BB000002806D002209E49087001209D490870D7
:106BC000F0E09848006808210840002804D1954862
:106BD00040680840002806D003209549087001202D
:106BE00094490870DEE08F480068102108400028B2
:106BF00004D18C4840680840002806D005208C4904
:106C0000087001208B490870CCE08648006820217C
:106C10000840002804D1834840680840002806D076
:106C2000042083490870012082490870BAE07D4839
:106C3000006840210840002804D17A484068084094
:106C4000002806D006207A4908700120794908708A
:106C5000A8E07448006880210840002804D17148E9
:106C600040680840002806D00720714908700120BC
:106C70007049087096E06B480068FF2101310840B8
:106C8000002804D1674840680840002806D0082042
:106C90006749087001206749087083E0614800680F
:106CA000012149020840002804D15E48406808409C
:106CB000002806D009205E49087001205D4908704F
:106CC00070E058480068012189020840002804D17A
:106CD000544840680840002806D00A2054490870EB
:106CE0000120544908705DE04E4800680121C90246
:106CF0000840002804D14B4840680840002806D0CE
:106D00000B204B49087001204A4908704AE0454869
:106D10000068012189030840002804D141484068E7
:106D20000840002806D00E20414908700120414942
:106D3000087037E03B4800680121490308400028FB
:106D400004D1384840680840002806D00D20384952
:106D5000087001203749087024E03248006801219A
:106D600049040840002804D12E4840680840002803
:106D700006D011202E49087001202E49087011E01C
:106D800028480068012109040840002804D125484A
:106D900040680840002805D01020254908700120CF
:106DA000244908701F48806802210840002806D046
:106DB00017201F49087001201E4908702DE019484E
:106DC0008068012109040840002806D015201849D0
:106DD00008700120174908701FE0124880680121DF
:106DE000C9030840002806D014201149087001206A
:106DF0001049087011E00B488068082108400028FD
:106E00000BD00848806889020840002805D0182067
:106E10000749087001200749087005480078704745
:106E20004C05002088170020500500204805002050
:106E3000380500203005002003480069012108437F
:106E4000014908617047000000A00540002806D0F5
:106E50000649096801221143044A116005E003490B
:106E6000096849084900014A1160704700A00540BF
:106E700000B587B0002000900190029001218903A5
:106E80000198884340180190C9030198884340182D
:106E900001900123684607C8FEF792FA0E220121ED
:106EA0000020FDF7CFFD0E2202210020FDF7CAFDD4
:106EB0000E2204210020FDF7C5FD0E22082100202E
:106EC000FDF7C0FD0E2210210020FDF7BBFD0E22B4
:106ED00020210020FDF7B6FD0E2240210020FDF705
:106EE000B1FD0E2208210320FDF7ACFD0E2210217A
:106EF0000120FDF7A7FD0E2220210120FDF7A2FDB4
:106F00000E22012189030220FDF79CFD0E220121A2
:106F1000C9030220FDF796FD0E2202210846FDF767
:106F200091FD0E2204210220FDF78CFD0E22082186
:106F30000220FDF787FD012168460173002141739E
:106F40000220049000200690DF208000059003A816
:106F500000F034F80222FF210904DF20800000F055
:106F600053F8012000F03EF81D20002809DB00BF87
:106F700000BFC206D20E01219140054A116000BF38
:106F800000BF00BF0120FFF761FF07B000BD000098
:106F900000E100E004480069C007C00F002801D0EC
:106FA000012070470020FCE700A0054010B5FFF766
:106FB000F1FF002801D0FFF73FFF10BD0021084A74
:106FC0001160017809024278120311438288120489
:106FD0001143034A116081685160C1685161704773
:106FE00000A00540002806D00649C96801221143C7
:106FF000044AD16005E00349C96849084900014ACB
:10700000D160704700A0054010B5002A06D0012AC3
:107010000CD0022A14D0032A24D11BE0124B9B6807
:1070200004460C43A343104CA3601BE00E4B9B682B
:1070300003430D4CA36023469B688B43A36011E080
:10704000094B9B688343084CA36023469B680B4312
:10705000A36007E0044B9B6804460C432343024CA7
:10706000A36000BF00BF10BD00A0054030B50246C0
:107070000B460F2A00DD30BD54000D4D60190D4C3C
:107080000578AD00645921B2002B05D04578012464
:10709000AC400C4321B205E045780124AC400D46DC
:1070A000A54329B2034C0578AD00615100BFE2E76A
:1070B000D000002018A00540F0B504460D461F463C
:1070C000002C02D0012C00D0F0BDA300224E981954
:1070D000224B0678B6009B5919B2002D05D0467890
:1070E0000123B3400B4319B205E046780123B340B6
:1070F0000E469E4331B2002D05D046780123B340A1
:107100000B4319B205E046780123B3400E469E4377
:1071100031B2002A05D086780123B3400B4319B25F
:1071200005E086780123B3400E469E4331B2002F1E
:1071300005D0C6780123B3400B4319B205E0C678E9
:107140000123B3400E469E4331B2044B0678B6008D
:10715000995100BFB8E70000F000002018A00540DA
:1071600030B502460A2A00DD30BD00211BE04C008C
:107170000F4D60190F4C0578AD00645923B2914250
:1071800005DC45780124AC401C4323B205E045787A
:107190000124AC401D46A5432BB2064C0578AD003A
:1071A00063514C1CE1B20A29E1DD00BFDCE70000BD
:1071B000D000002018A0054010B5002113E04B00BE
:1071C0000A4C18190A4B0478A4001B591AB24478C7
:1071D0000123A34014469C4322B2054B0478A4002B
:1071E0001A514B1CD9B20A29E9DD10BDD00000208C
:1071F00018A00540012003490870034800680349AE
:107200000860704789040020B40000208C0400202E
:107210007047000001200849486000BF06484068E8
:107220000121090388430028F8D100BF0248006803
:107230000028FBD17047000000A1064070471FB531
:10724000E12040020090FF21013168468180002149
:10725000C1800181002003906946FEF78FFF1FBDAA
:10726000F8B504460D460A272046FCF73FF80646C7
:1072700000BF002E01D12046F8BD022E0ADD207885
:10728000302807D16078782802D06078582801D15A
:107290001027A41C2A462146384602F023F8009005
:1072A0000098E9E73FB50E4C6068A168E2680446C3
:1072B000009DAC4320460C46019DAC43214614463C
:1072C000029DAC432246002B05D0009C2043019C2C
:1072D0002143029C2243024C6060A160E2603FBDFA
:1072E0000081084004498968022291434200114309
:1072F000014A91607047000000A00640002806D0B7
:107300000649896801221143044A916005E0034956
:10731000896849084900014A9160704700A0064009
:107320000EB5002000900190029040210298884301
:10733000403002900123684607C8FEF741F8FFF786
:1073400069FF0020FFF7CEFF0520400200F032F871
:107350000121084600F018F80020C04300F024F88E
:107360000120FFF7CBFF0121080200F02FF80EBD2E
:107370000148C068C0B2704700A0064010B5FFF7D2
:10738000F7FF044610BD0000002905D0054A126928
:107390000243044B1A6104E0024A12698243014B22
:1073A0001A61704700A0064001494860704700001C
:1073B00000A00640044989680F221202914301434C
:1073C000014A91607047000000A00640002905D0E6
:1073D000054A12690243044B1A6104E0024A126929
:1073E0008243014B1A61704700A0064010B5FF218F
:1073F00001311F4801F0D8F81E480068002835D038
:107400001C480068401E1B490860084600681A496D
:107410000988884204D100221146154801F0B6F8C7
:1074200014480068002821D11448008812490988AE
:10743000401810490860012200210D4801F0A6F80B
:107440000F480078002804D00D480078401E0C49F1
:1074500008700B480078002808D10021044801F08A
:10746000A8F8062210210320FDF7ECFA10BD000059
:107470000040034000040020FC030020FA03002029
:10748000F8030020C1B2054A116000BF0349096931
:10749000FF22013211400029F8D07047000004405B
:1074A0007047000030B500240C4D12E02046FFF775
:1074B0007DFA00280BD14420E96C60434018E9783C
:1074C000002249004018418E204601F043F8641C18
:1074D000E4B2687B8442E9D330BD0000740500202B
:1074E0000EB50020009001900290012189040298BD
:1074F0008843401802900911019888434018019070
:107500000123684607C8FDF75BFF0C22102102200B
:10751000FDF798FA0C2220210220FDF793FA0C22A5
:1075200040210220FDF78EFA0C2280210220FDF777
:1075300089FA0C220121C9030120FDF783FA0C22EC
:1075400001210220FDF77EFA0C220121890202208E
:10755000FDF778FA0C220121C9020220FDF772FA28
:107560000C22FF2101310020FDF76CFA0C220121D1
:1075700049020020FDF766FA0C2201218902002051
:10758000FDF760FA0C220121C9020020FDF75AFA2A
:107590000C22012109030020FDF754FA0C220121DD
:1075A00049030020FDF74EFA0C2201218903002037
:1075B000FDF748FA0C220121C9030020FDF742FA29
:1075C0000C2201210846FDF73DFA0C220221012080
:1075D000FDF738FA0EBD10B50021192001F0BCFDF1
:1075E0000121132001F0B8FD0121142001F0B4FDA8
:1075F0000121112001F0B0FD0121122001F0ACFDAC
:1076000002210C2001F0A8FD0221182001F0A4FDA8
:107610000221012001F0A0FD0221082001F09CFDC3
:10762000192001F039FD132001F036FD142001F07E
:1076300033FD112001F030FD122001F02DFD0C2052
:1076400001F02AFD182001F027FD012001F024FDA2
:10765000082001F021FD10BD00B50749095C00209C
:1076600000F01AFF054801684908490001600168F7
:1076700001221143016000BDAE05002000A00140C1
:10768000704700005748006B1021084355490863B4
:107690005548564908610020486008468068000542
:1076A000000D052109034018504988605048486082
:1076B000504808604B48006B402108434949086323
:1076C0004D484069102108434B4948614548406A8C
:1076D0000121C902884343494862084640680121A4
:1076E000C90208433F49486000BF3E488068000720
:1076F000C00F0028F9D03B484068C008C000C01C3B
:107700003849486000BF3748406B4007400F0328A6
:10771000F9D13A480068C008C000401C37490860E9
:1077200000203049086208464068491588432D49C1
:10773000486008460068891508432A4908600846D9
:107740004068082188432749486008460068491571
:107750000843244908600846006B402188432149BA
:1077600008630F20C0058861084680694903084303
:107770001C49886108460068891508431949086052
:1077800008464068491508431649486000BF154837
:1077900080688007C00F0028F9D018480068C0082A
:1077A000C000C01C1549086000200E490862084648
:1077B0004068C008C000401C486000BF0948406BDA
:1077C0004007400F0128F9D10C48006810210843F8
:1077D0000A49086003484068091588430149486020
:1077E0007047000000800840CA3500000080064055
:1077F000A0AF01000100A05F00ED00E00002084022
:1078000010B5114911480068FBF7B8FC1049086031
:1078100008467D21C90004684C43601E0D4988421A
:1078200000D90CE0601E0C4948610321081F01F0DB
:10783000CFFC0020084988610720086100BF0021B3
:10784000481E01F0C5FC10BD40420F005405002049
:10785000C4040020FFFFFF0000E000E070B5034615
:107860000D4E75690022B1690C4E36685E43344690
:107870000FE0094EB06988420BD0884202D20E1A3E
:10788000B21802E02E1A7618B2180146A24200D3AE
:1078900000E0EEE700BF70BD00E000E0C40400209F
:1078A000F0B54422184F5043FA6C8B008218D2185E
:1078B00053684D001B031C0C00235360FA6C7E8B35
:1078C000821853195A8EB44202D95E8DB24302E037
:1078D000B44203D25E8D76085E853243FE6C861913
:1078E00076197286FA6C861875196D8D002D02D086
:1078F0007B8B9C4207D10029115C01D0022300E060
:10790000012319431154F0BD740500200149086199
:107910007047000000A0014010B500F0B3F910BDA1
:10792000002905D0054AD2680243044BDA6004E01E
:10793000024AD2688243014BDA60704700A00140DE
:1079400010B50020084B094C0AE04421DA6C414391
:1079500089188A8FA24201D2521C8A87401CC0B269
:10796000597B8842F1D310BD7405002060EA000005
:1079700010B5044800F062FC00F028FAFFF7B0FDF3
:1079800010BD000018100020F0B50025204F3AE08F
:107990002846FFF715F8002833D02846FFF706F8E9
:1079A00000282ED128464421FE6C484381194022EC
:1079B000525A002A25D10B8FCA8E9C1A24B2002C51
:1079C0001FD0641000D10124934201D9CB8618E066
:1079D000934216D2305C3E7C4006C00F304205D048
:1079E000D01A4B8F5B00984209DC0AE0B88A002865
:1079F00007D1B879002804D1888F302801D910190F
:107A0000C8866D1CEDB2787B8542C1D3F0BD000005
:107A100074050020F0B5964C6079401C6071607967
:107A2000002601280AD06179204602297ED14179B9
:107A3000022900D346710024054614E1002588E0A0
:107A40002846FEF7BDFF002871D02B464420434353
:107A5000E06C1818C189C183E06C18188189818392
:107A6000E06C84491818C681E06C18188181E06CBC
:107A70001818428A4284E06C1818028A0284E06C6A
:107A800018184682E06C18180182E06C1818818979
:107A9000C089FDF701FC02B2E06C1818018A408A27
:107AA000FDF7FAFB00B2824200DD104681B2E06CC5
:107AB00018188184E06C1818C28C408801F01AF8FC
:107AC0000246E06C18184280E16C52085818478F43
:107AD000BA42CA5C02D920273A4301E0DF273A4084
:107AE000CA54C18B428C914200D31146008F081AB0
:107AF00002B2104602F0FEF9218E4908884203D2F4
:107B0000E16C0420591805E0E06C19184878002849
:107B100001D0401E4870104602F0ECF9002816D043
:107B20002846FEF743FF0028E06C01E015E00EE078
:107B300003D018184078401C01E018184078024122
:107B400000D10122E06C1818018F891801876D1C83
:107B5000EDB2607B854200D272E7F0BD2046FEF7B1
:107B60002FFF00287DD0234644204343E86C18189B
:107B7000C18AC183E86C1818818A8183E86C3D4909
:107B80001818C682E86C18188182E86C1818428BA5
:107B90004284E86C1818028B0284E86C181846833B
:107BA000E86C18180183E86C1818818AC08AFDF700
:107BB00073FB02B2E86C1818018B408BFDF76CFB6D
:107BC00000B2824200DD104682B2E86C1818C2840E
:107BD000E86C1818818C408800F08CFF0246E86C35
:107BE00018184280E96C52085818478FBA42CA5C8C
:107BF00002D920273A4301E0DF273A40CA54C18B1B
:107C0000428C914200D31146008F081A02B21046EE
:107C100002F070F9298E4908884203D2E96C0420E9
:107C2000591805E0E86C19184878002801D0401E62
:107C30004870104602F05EF9002812D02046FEF788
:107C4000B5FE0028E86C04D018184078401C02E00B
:107C500007E0181840780241E86C1818018F89185D
:107C60000187641CE4B2687B844200D276E7F0BDF1
:107C700074050020FFFF00000148806C7047000081
:107C80007405002070B5504D686C002878D0002332
:107C90004AE09807800F9908FEF74AFA82B2A8785E
:107CA0000028184632D044214843E96CEC7841184A
:107CB000A4000C19A489944203D9EC78A4000919F2
:107CC0008A81E96CEC784118A4000C19E48994428B
:107CD00003D2EC78A4000919CA81E96CEC78411848
:107CE000A4000C19A48A944203D9EC78A4000919C1
:107CF0008A82E96C4018E97889004118C98A914262
:107D000010D2E97889004018C2820BE0FEF74EFEDF
:107D1000002807D14420E96C58434018E97849000D
:107D20004018C2855B1CDBB2687B8342B1D3022062
:107D3000FFF7ECFDA97801200029E97821D000297E
:107D400000D00020E87000240DE04420E96C60437E
:107D50004018E978002249004018418E204600F082
:107D6000F9FB641CE4B2687B8442EED3E878002817
:107D700000D00120FFF770FC287A401C287270BDEB
:107D80001DE0002901D06870F9E7E87000240FE0D9
:107D90002046FEF70BFE002808D14420E96C604322
:107DA0004018818E0022204600F0D4FB641CE4B20F
:107DB000687B8442ECD30120FFF74EFCDFE7022012
:107DC000FFF7A4FDDBE700007405002010B59EB0AE
:107DD000002444210DA8FBF753FA082110A8817450
:107DE00018210DA8C1772349684601877D21090123
:107DF0004187491081874900C1871F4910A8018028
:107E00007D21890101811D49684681861C49C18601
:107E10001A49203910A841801849203181807D21DC
:107E2000C900C1804B21C9004181102181810321FA
:107E300001741F21C1811C214174012118A8017501
:107E400041750321817500BF05E00E48015D15A84D
:107E50000155601CC4B21C2CF7DB342211A9684602
:107E6000FBF7F5F90DA80FC800F08AF900F070FCD7
:107E70001EB010BDB80B000070170000FE0F000010
:107E8000FE030000E44C0100442148430349C96C4F
:107E9000085CC00900D00120704700007405002074
:107EA0000148807B70470000740500200348406C47
:107EB000002801D000207047012070477405002081
:107EC0000149096C084070477405002030B5134D16
:107ED000E88C6864FDF778FBFDF764FB002412E092
:107EE0002046FEF76DFD00280BD04420E96C60436E
:107EF0004018E978002249004018418E204600F0E1
:107F000029FB641CE4B2687B8442E9D30020287218
:107F10006872E8636882FFF79FFB30BD740500203C
:107F200070B5384C00252564A57300F03FFA00F0C9
:107F3000A7F92078002808D000F0E0FBFCF796FFB6
:107F40000020FFF789FB25706572A078002826D0F5
:107F50000120FFF7B5FF002802D0A07A401CA072D4
:107F6000A07A617C0126884232D9A572207A002845
:107F700024D025726572606D2349884202D2606DFB
:107F800008306065FFF746FD00F09EF9E07B0028B1
:107F900001D0FFF7F9FCFDF795FAA67318E06078B9
:107FA00000280AD06570FCF7EFFEE570FFF77AFA5B
:107FB0000020FFF751FBFDF785FA70BD607A401C89
:107FC000C0B26072102803D965720020FFF744FB2D
:107FD0001020FFF775FF002806D0FFF7B1FC00F076
:107FE00015F8202000F046F8FF200130FFF768FF69
:107FF0000028E2D001204002FDF782FA0028DCD000
:10800000267070BD74050020804F120070B50023EB
:10801000174C28E01846FFF737FF002821D01846F4
:10802000FEF7CEFC00281CD01A4644204243E06CE8
:10803000658E1018818FA94213D90021C186E06C8A
:10804000812610188187E06C855C6D086D003540D5
:108050006D066D0E85541018C187E06C1018403005
:1080600001805B1CDBB2607B8342D3D370BD000018
:1080700074050020F0B5414DA98A081880B2A88285
:10808000E98D884201D90020A882002371E01846BA
:10809000FEF796FC00286AD01A4644204243E86C5A
:1080A000815C8C46C90904D011180C8FC98E611AE5
:1080B00015E0141861888E08298E4F00CF197F08AB
:1080C000BE4203D90326F60371430E0C218FB14241
:1080D00002D9891B89B200E00021E48E091B09B294
:1080E000002944D08C1000D101241018068FC18EB5
:1080F0008E4210D91846FEF759FC002807D0E86CCC
:10810000698B1018C08E884201D9081A04B2E86C35
:108110001018C18E29E08E4229D2664676062F7C41
:10812000F60F3E4218D01846FEF740FC0028E86CD7
:1081300009D01018C18E028F8E1A428F5700D219A3
:10814000964212DC13E01018C18E028F468F8A1AF5
:108150007600B24209DC0AE0AA8A002A07D1AA798D
:10816000002A04D1828F302A01D90919C1865B1CEB
:10817000DBB2687B83428AD3F0BD00007405002027
:108180000FB470B508AA2C48917B0170D17B417067
:10819000294C6A46908A3A3C6084D08AA084108B2D
:1081A000FF21C008E084508B2085908B6085908CE7
:1081B000A085158A0231A81C80096583081AA0834E
:1081C000568AE683B01C8009081A2084D08BA086CA
:1081D000108CE086508C2087D08CE085108D208616
:1081E00008AA107BB11C401C2073507B607310AA3E
:1081F000107CE073907C6074507C20746A46508DD3
:108200006086A81CFAF7BAFFE065A8023146FAF7C3
:10821000B5FF002304AD206607E0E81820300178A0
:10822000184600F017F85B1CDBB2607B8342F4D386
:1082300070BC08BC04B01847AE0500200149C864F2
:108240007047000074050020014908607047000075
:10825000C40500200A2905D344225043024AD26CA7
:1082600080184187704700007405002041030A0C04
:108270000249C008CA8448647047000074050020A1
:1082800000B5104A9079002809D19078002806D0CE
:10829000D079002803D1506D918D884201D2D08CC5
:1082A0000EE00420FFF70CFE00280AD0506C0028D6
:1082B00007D09078002804D0FDF786F9506C401E56
:1082C000506400BD74050020F0B50022164622E07F
:1082D0001046FEF775FB00281BD010464421DB6CCE
:1082E0004843C1180C8FCD8E641B1D5C24B26F06F1
:1082F0002C4FCF5F06D57F107F42A74209DABF24FB
:10830000254004E07F42A74203DD402425431D545D
:108310008E87521CD2B2244B587B8242D8D31C4643
:10832000E6710023A671012537E01846FEF748FBE9
:10833000002830D01A4644204243E06C815C4F064E
:10834000FF0FC9098F4207D0111840310888FF2854
:1083500005D2401C088002E0101840300680E16C15
:10836000277B501840300088B84207D3885C470606
:1083700040067F0EC00FC00107438F54885CC009C0
:1083800000D0A571885C400604D41846FEF70EFBA9
:10839000002800D0E5715B1CDBB2607B8342C4D354
:1083A000F0BD00003A000000740500202849C86BA9
:1083B00000284CD0C86B401EC863488A401C80B25D
:1083C0004882C20703D10A6C01231A430A64820758
:1083D00003D10A6C02231A430A64420703D10A6CD0
:1083E00004231A430A64020703D10A6C08231A43C0
:1083F0000A64C20603D10A6C10231A430A64820677
:1084000003D10A6C20231A430A64420603D10A6C82
:1084100040231A430A640206120E03D10A6C802319
:108420001A430A64C20504D10A6CFF2301331A43BC
:108430000A64820504D10A6C01235B021A430A64B0
:10844000400504D1086C0122920210430864704771
:10845000740500200248C16B491CC16370470000CD
:108460007405002001239B03C918014301480160E2
:108470008260704700A0014010B504020548201832
:108480000160190411434160016820221143016019
:1084900010BD000000A10140FEB52D4DC9B22A7FDC
:1084A000C0B2FFF7DFFF00200290019007460646AA
:1084B00000902FE02648002450300068B100C840EA
:1084C00005072D0FE80700D00124A80701D50220D9
:1084D0000443680701D504200443280701D5082078
:1084E0000443002C05D0E423224608213046FFF740
:1084F000C3FFE80701D001200290A80701D50120A1
:108500000190680701D501200090280700D50127B8
:10851000761CF6B20E48407B8008B042CAD802985A
:10852000002800D001240198002801D00220044333
:108530000098002801D004200443002F01D0082017
:108540000443E423224608210020FFF795FFFEBDE7
:108550007405002010B583081C020B4BE318D9608A
:10856000022A0AD08007800F07D0012807D00228EE
:1085700007D0032800D1196110BDD96110BD9961E0
:1085800010BD596110BD000000A1014030B5036D60
:108590004D000124AC40A3430365036D4D00144618
:1085A000AC402343036530BDCA43C267BFF34F8F5E
:1085B0007047002904D0026901231A43026103E0D5
:1085C00002695208520002617047002A03D0436FCB
:1085D0000B43436702E0436F8B43436770470000E0
:1085E000FCB50D78AD0006464036AF190D78AD00EC
:1085F0005036AD1901950D78AD001036AD190095C6
:108600000D786D062A0E274DA84203D1032595400B
:10861000EC4302E001259540EC43224DA84200D1F5
:1086200000BF056D25400565436D23401D4DA842E3
:1086300006D18D79CE797600354395402B4302E003
:108640008D7995402B434365164DA84209D1C56EDF
:1086500025402B460D7A4E7A7600354395402B43C4
:10866000C3663D68FF260836B5433D603D684E88C9
:1086700035433D604E89019D2E608E89009D2E60A0
:10868000084DA84208D10D794E79760035439540C2
:10869000066D3543056504E0056D0E79964035435A
:1086A0000565FCBD00C0024030B58D000446903425
:1086B0002B191A6030BD8822115070470B88882210
:1086C00013504B8884221350026803231B049A43DF
:1086D0000260026801231B069A43026002688B68ED
:1086E0001A430260044A904202D10B798C22135043
:1086F0008A8982677047000000C0024070B500217F
:108700000B46124C1CE0084644225043E26C155CB8
:10871000AD0613D48218D386E26C81268218938723
:10872000E26C155C6D086D0035406D066D0E1554DC
:108730008218D387E26C801840300380491CC9B28C
:10874000607B8142DFD3A36570BD0000740500200B
:1087500010B50248FFF778FD10BD0000FFFF0300D1
:1087600010B500200B4908707D20C000FFF77EFD8A
:108770000B2000F0E1FC03210B2000F065FD01213E
:108780000220FFF7CDF8FFF7CBFB0020024908706D
:1087900010BD00003A0500203B05002010B519204F
:1087A00000F05AFCFF2101310548FAF769FD00216C
:1087B0000448418001808180192000F0ADFC10BD8B
:1087C000600B0020600C002000B587B000200090F6
:1087D000019002900121890201988843401801907C
:1087E00009010198884340180190C9000098884306
:1087F000401800900123684607C8FCF7E1FD0022FD
:10880000012109031848FDF7C1FA06220121490296
:108810000120FCF717F90622012109030120FCF7CA
:1088200011F9E12040020390FF21013168460182E5
:108830000021418281820020069003A90B4800F0AC
:10884000D5FA01221146094800F040FB012200211F
:10885000064800F03BFB01221146044800F01AFBD9
:1088600000F0E2F807B000BD00200B40001000400F
:1088700010B52D480069FF210131084000282ED095
:108880002A488088002805D100220421264800F0CB
:1088900001FB24E000241EE024484088244A115CA7
:1088A000214800F005FB21494988481CC117090EE1
:1088B000091809120902411A8AB21C494A8008465D
:1088C0008088401E81B2194881808088002800D1AC
:1088D00003E0601CC4B2012CDEDB00BF00BF124805
:1088E00000692021084000281CD00F4800F0DCFA65
:1088F000C1B210480088104A11540E490988481C1A
:10890000C117090E091809120902411A8AB2094948
:108910000A8008468088401C81B206488180012078
:108920000649087010BD000000100040680D0020CE
:10893000680C0020600C0020600B0020C0040020A8
:10894000F3B583B0054640200290049E23E0402EFC
:1089500001DD402000E030460746002415E0295D97
:108960000F4800F0A5FA0F48019005E00198401E5D
:108970000190002800DC05E08021094800F02DFA74
:108980000028F3D000BF601C84B2BC42E7DBED19C5
:10899000F01B86B200BF002ED9DC05B0F0BD000090
:1089A00000100040204E00000948418800888142A4
:1089B00004DD074801884088081A70470448408849
:1089C000FF210131091A024800880818F5E7000064
:1089D000680D002010B512488088002801D1401E83
:1089E00010BD192000F038FB0D4840880D490C5C83
:1089F0000B494988481CC117090E091809120902B8
:108A0000411A8AB206494A8008468088401E81B2CF
:108A100003488180192000F07FFB2046E0E700003A
:108A2000600C0020600B0020002104484180018080
:108A3000818003484180018081807047600C002064
:108A4000680D002010B50446192000F005FB002C2D
:108A500004D0FF2101310848FAF712FC0021074831
:108A6000418001808180192000F056FB0022042102
:108A7000034800F00FFA10BD680C0020680D0020BC
:108A80000010004070B504460D461DE021781648E0
:108A90000088164A1154641C13490988481CC117E0
:108AA000090E091809120902411A8AB20E490A80F0
:108AB000192000F0D1FA0C488088401C81B20A4885
:108AC0008180192000F028FB2846691E8DB20028FD
:108AD000DCD105488088002804D001220421044804
:108AE00000F0D8F970BD0000680D0020680C00206F
:108AF00000100040914200D81146814202D9081866
:108B0000400870478142FCD20201101A001DC1408A
:108B10000809704700B587B00020009001900290CE
:108B200001214902019888434018019049010198A8
:108B300088434018019049010098884340180090EC
:108B40000123684607C8FCF73BFC002220211F4890
:108B5000FDF71CF9062210210320FBF773FF062204
:108B600020210320FBF76EFFE12040020390FF214C
:108B700001316846018200214182818200200690F5
:108B800003A9134800F032F901221146104800F001
:108B90009DF9012200210E4800F098F920220121C0
:108BA0000B4800F087F920220021094800F082F9E3
:108BB0000122FF210231064800F06CF9A820044987
:108BC000486100F0B5F807B000BD000000600B4040
:108BD0000000044010B530480069FF210131084011
:108BE00000282ED02D488088002805D1002204219D
:108BF000294800F04FF924E000241EE0274840886F
:108C0000274A115C244800F053F924494988481C3C
:108C1000C117090E091809120902411A8AB21F491F
:108C20004A8008468088401E81B21C488180808826
:108C3000002800D103E0601C84B2012CDEDB00BF01
:108C400000BF15480069C007C00F002823D01CE0F2
:108C5000114800F029F913490870084601781248B4
:108C60000088124A115410490988481CC117090E7E
:108C7000091809120902411A8AB20B490A800846EA
:108C80008088401C81B2084881800221024800F09F
:108C900095F80028DCD110BD00000440E408002055
:108CA000E40700206E010020DC070020DC06002025
:108CB000094841880088814204DD074801884088CE
:108CC000081A704704484088FF210131091A0248F8
:108CD00000880818F5E70000E408002010B51248E5
:108CE0008088002801D1401E10BD182000F084F9B2
:108CF0000D488088401E81B20B488180182000F00A
:108D0000DBF90948408809490C5C07494988481C37
:108D1000C117090E091809120902411A8AB202493B
:108D20004A802046E0E70000DC070020DC06002047
:108D300000210448418001808180034841800180F6
:108D400081807047DC070020E408002070B50446ED
:108D50000D461DE0217816480088164A1154641CFF
:108D600013490988481CC117090E0918091209027C
:108D7000411A8AB20E490A80182000F03DF90C48C9
:108D80008088401C81B20A488180182000F094F944
:108D90002846691ECDB20028DCD10548808800280D
:108DA00004D001220421044800F074F870BD0000D2
:108DB000E4080020E40700200000044002460129E6
:108DC00005D190680F231B041840000C7047906871
:108DD0000F231B061840000EF8E7024610690840F2
:108DE000002801D0012070470020FCE7F8B50446B8
:108DF0000D4600272646606823490840E988084355
:108E0000A988084329890843E968084360601F4925
:108E1000701A8E4217D00ADC1D48301800280DD079
:108E200001210903401A13D0401A25D11AE001216B
:108E30000903401A11D0401A1ED118E01820FCF77F
:108E4000A5FA074618E01A20FCF7A0FA074613E037
:108E50001C20FCF79BFA07460EE01E20FCF796FA52
:108E6000074609E00820FCF791FA074604E00A20CB
:108E7000FCF78CFA074600BF00BF38462968FAF7AE
:108E80007DF96062F8BD0000FCE0FFFF00000440D7
:108E9000000000C0002A03D0C3680B43C36002E097
:108EA000C3688B43C36070470146086880B270474F
:108EB0000160704730B583684D003024AC40A34357
:108EC0004D001446AC402343836030BD10B5002AEA
:108ED00005D0436810248C402343436004E043687A
:108EE00010248C40A343436010BD00000148024998
:108EF000086070470100A05F008006400FB410B505
:108F000003A9044B044A029800F046FC10BC08BCBC
:108F100004B01847EDCC0000580500200FB47CB514
:108F20000C0009AD01D0611E00E00021019100900C
:108F3000074B6A462946089800F02EFC002C02D008
:108F4000009A002111707CBC08BC04B018470000D6
:108F5000D59E00000FB410B504A9074B02AA0398D0
:108F600000F01AFC044602A9002000F0BEFF2046D3
:108F700010BC08BC04B01847EB9E00002021020C76
:108F800001D010211046020A01D01046083902090A
:108F900001D01046091F820801D01046891E4208E0
:108FA00001D0881E7047081A7047F8B582B28BB29C
:108FB000040C0D0C10465843002126465E43370C26
:108FC00036048019794116466E43370C36048019F1
:108FD000794126466E438919F8BD30B47446641E43
:108FE0002578641CAB4204D3635D5B00E31830BC9E
:108FF00018471D46F8E70000002809DBC206D20E1C
:1090000001219140034A1160BFF34F8FBFF36F8F6F
:109010007047000080E100E0002809DBC206D20EA4
:1090200001219140034A1160BFF34F8FBFF36F8F4F
:109030007047000080E100E0002809DBC206D20E84
:1090400001219140034A1160BFF34F8FBFF36F8F2F
:109050007047000080E100E0002809DBC206D20E64
:1090600001219140034A1160BFF34F8FBFF36F8F0F
:109070007047000080E100E0002809DBC206D20E44
:1090800001219140034A1160BFF34F8FBFF36F8FEF
:109090007047000080E100E0002809DB00BF00BF4E
:1090A000C206D20E01219140024A116000BF00BFEA
:1090B0007047000000E100E0002809DB00BF00BFAE
:1090C000C206D20E01219140024A116000BF00BFCA
:1090D0007047000000E100E0002809DB00BF00BF8E
:1090E000C206D20E01219140024A116000BF00BFAA
:1090F0007047000000E100E0002809DB00BF00BF6E
:10910000C206D20E01219140024A116000BF00BF89
:109110007047000000E100E0002809DB00BF00BF4D
:10912000C206D20E01219140024A116000BF00BF69
:109130007047000000E100E0002809DB00BF00BF2D
:10914000C206D20E01219140024A116000BF00BF49
:109150007047000000E100E010B5002819DB1A4A52
:1091600003231B02D21883089B00D2588307DC0E0E
:10917000FF23A3409A438B071B0E8407E40EA340F2
:109180001A43114B032424021B198408A4001A510A
:1091900018E00E4A03071B0F083B9B089B00D258A0
:1091A0008307DC0EFF23A3409A438B071B0E840723
:1091B000E40EA3401A43054B0407240F083CA408FF
:1091C000A4001A5110BD000000E100E01CED00E019
:1091D00010B5002819DB1A4A03231B02D218830892
:1091E0009B00D2588307DC0EFF23A3409A438B07D2
:1091F0001B0E8407E40EA3401A43114B03242402E0
:109200001B198408A4001A5118E00E4A03071B0F0B
:10921000083B9B089B00D2588307DC0EFF23A3402A
:109220009A438B071B0E8407E40EA3401A43054B99
:109230000407240F083CA408A4001A5110BD000024
:1092400000E100E01CED00E010B5002819DB1A4A2F
:1092500003231B02D21883089B00D2588307DC0E1D
:10926000FF23A3409A438B071B0E8407E40EA34001
:109270001A43114B032424021B198408A4001A5119
:1092800018E00E4A03071B0F083B9B089B00D258AF
:109290008307DC0EFF23A3409A438B071B0E840732
:1092A000E40EA3401A43054B0407240F083CA4080E
:1092B000A4001A5110BD000000E100E01CED00E028
:1092C000BFF34F8F03480449C860BFF34F8F00BFFF
:1092D00000BFFDE70400FA0500ED00E0004870471C
:1092E000E0050020F7B506460F46002520E03C7853
:1092F0002046F9F7A0FFC4B2F9F790FF0068005DBF
:10930000202806D1284670430546204630384519A6
:109310000DE0102E0AD1412C08DB462C06DC284635
:109320007043054620463738451900E001E07F1CB0
:10933000DDE700BF029805603846FEBD30B5002865
:1093400005D0164C021F20680023014605E00846A0
:1093500030BD904203D8034640680028F9D1002B65
:1093600000D05968002B0AD01C68D51AA54204D138
:109370001268A4181A461C6002E05A6000E02260DD
:10938000002807D01468851AA54203D1056864191E
:10939000146040685060184630BD0000D8050020B9
:1093A000F0B587B03C2006906F48059005200490EA
:1093B0006E48007800280AD000206D4908606D4989
:1093C00008706D4908706D490860684908706C48FC
:1093D00003906C4800686A49884202D9694800686D
:1093E00001E069480068054664480068002813D019
:1093F0006248006885420FD360490968681A5A4973
:10940000884208D300215A4A11605A4A11705A4AB8
:1094100011705A4A116000BF03F0AEFF0446002CE1
:109420000CD159480068574908600020504908602D
:10943000504908705049087007B0F0BD4E48007898
:10944000002804D0504800684E490860F4E74948B5
:109450000078052807DB0120474908704A48006862
:1094600048490860E8E74848006841490968461AE1
:109470003F480068002801D03C2E01D3012000E0C5
:1094800000200746002F16D14048007800280DD054
:109490003F4800683A49884208D93D480068394940
:1094A0000860084600683549086003E036480068EF
:1094B00034490860C0E735480078002806D03448B1
:1094C00000682F49884201D9012000E00020029065
:1094D0002F4800680190002F2ED0264800780528DC
:1094E0002ADA24480078401C22490870264800687F
:1094F0001F49086003F0DCFA24480078002812D0E5
:10950000234800681E4988420DD9214800681D493A
:10951000086008460068194908600020154908706D
:109520001549087008E00298002805D018490198EC
:1095300008600120154908701448007800280DD0F3
:10954000134800680E49884208D9114800680D493F
:109550000860084600680949086003E00A48006896
:109560000849086000BF67E78051010052010020F0
:109570005401002058010020590100205C01002006
:1095800080857467B0000020B4000020EC04002047
:10959000E8040020F1B50E4C0F480C4E001B0D4F97
:1095A000C508ED0000221146009804F073FB002866
:1095B00003D13068002801D00020F8BD3C600020B5
:1095C0002560606001203060ECE70000DC050020D1
:1095D0009C170020D805002098370020014800681B
:1095E00070470000E005002002E008C8121F08C113
:1095F000002AFAD170477047002001E001C1121F14
:10960000002AFBD170470000014908607047000044
:10961000E0050020F0B51FB486B00998089A030D44
:109620000021024314D05148514A181850430514E0
:109630001198012810981AD0281A401C00264D4F66
:109640004D49009601910490002812DA444211E03D
:109650001198012449A3012801D11098C14306980B
:10966000119A84600360C26041600BB0F0BD40425B
:10967000E4E70446210500203F4A001C51410391C4
:10968000029012E0E00707D032463B46019900986D
:10969000FAF7F2FA0191009032463B46104619461D
:1096A000FAF7EAFA06460F466410002CEAD104984D
:1096B000039B0028029A0999089806DAFAF7DCFA5F
:1096C000019B009AFAF7D8FA05E0FAF73DFB019BF7
:1096D000009AFAF739FB04460E460022284BFAF7A7
:1096E0003FFC03D80020C043014607E00022254B81
:1096F00020463146FAF70CFAFAF796FE102409E0F4
:10970000002C0ADB0A220023FAF76EFC079B30329A
:109710001A55641E02460A43F2D11122641C079BAB
:10972000121B1C19119B012B03D0012308430ED1DE
:109730000AE0084304D0112010900020119077E730
:109740001098151A6D1E0BE01098824202DD00235E
:109750006D1C03E0824201DA00236D1E002BEED067
:10976000069811998260C16030C07EE701FCFFFF5E
:10977000104D0000000014400000F03F30000000D9
:109780000000F0430000E03F30380A2801D20120F9
:109790007047002070470000FFB597B006460025CF
:1097A0001BE2252876D100242746F749049400E0DF
:1097B0000443761C32780120203A90400842F7D1C9
:1097C00030782A280ED00222307801463039092913
:1097D00016D804990A235943303940181443761C8B
:1097E0000490F1E7189802C804911890002904DA4F
:1097F0000120400304434842049002200443761CA5
:1098000030782E2814D1042004437078761C2A283E
:1098100009D11898761C80C8189009E00A214F4396
:10982000303FC719761C3078014630390929F5D9FF
:1098300030786C2810D006DC4C281AD068280ED05E
:109840006A2817D104E0742813D07A2812D110E0C6
:109850000120400504430CE00121090501E003213A
:1098600009050C437178814203D1012000052418B9
:10987000761C761C307866280BD013DC58287DD0F7
:1098800009DC00287BD04528F6D04628F4D04728AC
:109890001AD1A9E118E0632835D0642870D0652872
:1098A00012D1A1E170286CD008DC6728F1D06928BA
:1098B0007DD06E280DD06F2806D1BCE073282ED045
:1098C000752873D0782859D01A9A199990476D1C29
:1098D00082E16002400F022809D003280DD004283D
:1098E000189801680DD00D60001D189074E118984B
:1098F000EA1701680D604A60F6E7189801680D8064
:10990000F2E70D70F0E718986A4601781172001DB1
:1099100018900020507202A80090012005E01898CD
:1099200002C8189000200091C04361070ED50021A5
:1099300001E00199491C0191B94213DA8142F8DB37
:10994000019A0099895C0029F3D10BE0002101E024
:109950000199491C01918142FADB019A0099895CC5
:109960000029F5D1019904981A9B471A21463846D7
:10997000199A00F099FA4019019903E051E030E199
:1099800015E050E0451807E0009800990078491C60
:1099900000911A9A199990470198401E0190401C15
:1099A000F2D1214638461A9B199A12E137E00A2073
:1099B0000021009001916002410F022907D0189AFE
:1099C00001CA1892C2179446032908D00AE01898D1
:1099D000C01DC108C90005C91891944607E000B22E
:1099E000C2179446042902D140B2C1178C46002206
:1099F0006146944506DA0A460021404291418C4670
:109A00002D2102E0210504D52B216A461173012185
:109A100003E0E10701D02021F7E7029156E00A2098
:109A20000AE0102008E010200090002104200443E8
:109A30000191082703E008200021019100906002B5
:109A4000410F022907D0189A01CA189200229446A1
:109A5000032908D008E01898C01DC108C90005C92D
:109A60001891944603E080B2042900D1C0B20021CD
:109A7000029121072AD531780D91702906D0009ADC
:109A80001021019B4A401A4305D00EE040216A464E
:109A90001173012108E06146014306D030216A4676
:109AA00011730D99517302210291009A0821019BB3
:109AB0004A401A430AD16146014301D1610705D5E5
:109AC00030216A46117301217F1E02913178582995
:109AD00004D02EA10E910DA90D910DE030A1F9E752
:109AE0006146019B009AFAF77FFA0E9B8C469B5CBD
:109AF0000D9A521E0D92137061460143F0D10D98DC
:109B000005A9081A20300190600703D50120000440
:109B1000844300E001270198874201DD381A00E004
:109B20000020019900904118029809180498401AE1
:109B30000490E00306D421461A9B199A049800F079
:109B4000B3F94519002706E003A81A9AC05D1999D0
:109B500090476D1C7F1C02988742F5DBE0030CD513
:109B600021461A9B199A049800F09EF9451904E0C1
:109B70001A9A3020199990476D1C0099481E009040
:109B80000029F5DC1FE000000928010030313233E4
:109B90003435363738396162636465660000000029
:109BA0003031323334353637383941424344454613
:109BB000000000000D980D990078491C0D911A9A2B
:109BC000199990476D1C0199481E01900029F1DCFC
:109BD0004DE100F059F94519761C3078002800D085
:109BE000DFE528461BB0F0BD600700D406271898B3
:109BF000C01DC108C90048680A680831C30FDB07E7
:109C00001891190001D09CA108E0210501D59BA164
:109C100004E0E10701D09AA100E09AA1430010916D
:109C200030785B0865280CD006DC452809D046282A
:109C30001DD0472841D141E0662818D067283CD183
:109C40003CE00021112F01DB112000E0781C019184
:109C5000009008A911A8FFF7DDFC139905910021D8
:109C6000119A15927F1C12980197009150E00120E3
:109C7000C00703900120019008A9009711A8FFF7E1
:109C8000C9FC139A149905920022119B0092129814
:109C90001593059A0192002901D0104602E0791C23
:109CA00040180190381A01D5019804E04042401E46
:109CB0000090781C0190C01B029043E0012F00DA55
:109CC00001270021112F01DD112000E0384601910C
:109CD000009008A911A8FFF79DFC13990591119A0E
:109CE0000021129815920091019721070CD4059933
:109CF000B94201DB019900E00191012904DD159AC7
:109D0000491E515C302906D0B84201DA011D05DA3E
:109D10000121029115E00199491EEDE7002805DCBB
:109D20000099411800910199091A03E0019A411C18
:109D3000914200DD01910099401A401C02900120DF
:109D4000C0070390200706D402990198814202DBE4
:109D50000020C043029000206946C87707AF012168
:109D600003980337C907884224D0022011902B2082
:109D70001290039800280CDA404203902D20129094
:109D800007E00A210398F9F7F9F930317F1E0390B3
:109D900039701199481E11900029F2DC03980028AF
:109DA000EFD1791E12980870307820210840453094
:109DB000BF1E387006A8C01BC01D03901098007805
:109DC000002800D00120019941180298C0170918F5
:109DD000039809180498401A401E0490E00306D422
:109DE00021461A9B199A049800F05EF845191098BC
:109DF0000078002803D01A9A199990476D1CE00347
:109E000024D521461A9B199A049800F04DF845195B
:109E10001CE00098002807DB00990598884203DDC4
:109E20001598405C199901E0199930201A9A9047C9
:109E300000986D1C401C00900298401E0290002863
:109E400004D11A9A2E20199990476D1C0199481E29
:109E500001900029DDDC05E038781A9A7F1C1999F9
:109E600090476D1C0399481E03900029F4DC21469D
:109E70001A9B199A0498ACE62D0000002B000000F4
:109E80002000000000000000F8B5044600251E4632
:109E90001746880404D405E039462020B0476D1CDD
:109EA000641EF9D52846F8BDFFB50446002581B0EB
:109EB0001E46C80301D5302700E02027880404D5BA
:109EC00005E038460399B0476D1C641EF9D5284655
:109ED00005B0F0BD4A68002A06D00A68531C0B6022
:109EE00010704868401E486070470A68531C0B6039
:109EF00010707047002800DA404280B270470000BE
:109F000070B504460D46104A1268521CD1000F4A23
:109F1000506B07F039FD0646002E00D170BD0B488E
:109F20004663406B08490968C90044500748406BC4
:109F300005490968C9004018057103480068401CBC
:109F40000149086000BFE9E70C0400207C0A0020FA
:109F500070B504460E460025002E01D0002C01D11C
:109F6000002070BDA568002D01D1A66008E000E0CA
:109F70002D6828680028FBD1314628460AF000F8F1
:109F80000120EEE7FEB507460D4614461E460020AA
:109F900001900090002F03D0002D01D0002C01D1A2
:109FA0000020FEBD0898002809D0284600F022FCB9
:109FB000019001214902E068084300900DE031461C
:109FC000284600F05FFB01900198002800D1E8E7E7
:109FD00001214902E0688843009001214902E068BC
:109FE0000840002805D1206A002802D0206A716844
:109FF0008847019820620098E06021463846FFF7C4
:10A00000A7FFCEE7FFB583B00646012002900021EE
:10A010000D980170002527E00C2068438419226800
:10A020000599069803F03BFF0190019800280CD198
:10A03000207A002808D00FA223680F990E98FEF707
:10A040006DFF002007B0F0BD0DE067680F9B0E9A12
:10A050000C990198B847002801D1029007E001212E
:10A060000D98017000BF6D1C04988542D4D300BFC9
:10A070000298E7E76D697373696E672072657175A1
:10A0800069726564206F7074696F6E20272573276D
:10A090000000000070B50446002C00D170BD002502
:10A0A0000EE0605D002800D10CE0F9F7B7F8006819
:10A0B000615D405C202801D00020EFE7681CC5B23C
:10A0C000142DEEDB00BF0120E8E7FEB504460D4687
:10A0D0000A200290002001902046F9F707F900902D
:10A0E0000098002800D1FEBD009803281ADC10E07B
:10A0F0000A21019848430190F9F790F80068217807
:10A10000405C202804D12078303801994018019013
:10A11000641C0098411E00910028E9D10198286034
:10A120002046E0E72078302809D12078782802D02E
:10A130002078582803D110200290A61C00E0264663
:10A1400023E028680299484328603078761CF9F7A4
:10A1500072F8C7B2F9F762F80068C05D202805D12F
:10A16000384630382968081828600EE0412F0ADB8D
:10A17000462F08DC0298102805D138463738296860
:10A180000818286001E03046ADE730780028D8D1C3
:10A1900000BFA8E710B50E480078002817D10D4879
:10A1A0000068002813D00C4800680A4909687D221D
:10A1B00052018918884205D2074800680549096894
:10A1C000884204D201200249087000F073FD10BDDE
:10A1D000A4010020A0010020A400002030B583B01D
:10A1E0000446FFF7FBF90546002000900246019067
:10A1F00021466846F9F7FBFF2846FFF705FA019963
:10A20000009803B030BD00000020034908700348E7
:10A21000006803490860704796010020A4000020F0
:10A220009C01002010B51048007800281AD10F4872
:10A230000068002816D00E4800680C4909680D4ACD
:10A240008918884205D20A48006808490968884286
:10A2500008D209480078002804D10120024908707A
:10A2600000F028FD10BD0000960100209C01002098
:10A27000A400002088130000F201002001460029FC
:10A2800002D00868002801D10020704702E08868E9
:10A29000401C8860002908D04A688868904204D22F
:10A2A0008A680868805C2028F1DD4A6888689042E6
:10A2B00002D18868401E88600846E6E710B504466B
:10A2C0000020FAF71FFFE0B232231A467D21090170
:10A2D000FAF78EFF10BD0000F8B505460E4614468D
:10A2E000204600F05FF807460020084B3A4631460A
:10A2F00000902846FFF746FE002801D03846F8BDFA
:10A30000384600F0BFF80020F9E70000680500209B
:10A31000F8B504460D4616460020044B3246294641
:10A3200000902046FFF72EFEF8BD000068050020D3
:10A33000FEB506460F4614461D462046294600F047
:10A3400043F801900020084B009039463046019AAE
:10A35000FFF718FE002801D00198FEBD019800F01B
:10A3600091F80020F9E7000068050020F8B50546DF
:10A370000E461446204600F069F807460020084BB8
:10A380003A46314600902846FFF7FCFD002801D0F0
:10A390003846F8BD384600F075F80020F9E70000AF
:10A3A0006805002070B50546064800F0D8F8044658
:10A3B000002C05D0002D01D0022000E00120E0603B
:10A3C000204670BD6805002070B505460E4613484E
:10A3D00000F0C5F80446002C1DD00820E060E661BE
:10A3E000A5610F4A0F4B28463146F9F7B9FD02D84F
:10A3F0000D4860610FE000220C4B28463146F9F70A
:10A400009BFD03D80120C007606104E02846314667
:10A41000F9F75AFD6061204670BD00006805002014
:10A420000000C0FFFFFFDF41FFFFFF7F0000E0C132
:10A4300010B5054800F093F80446002C01D04020E8
:10A44000E060204610BD00006805002070B505469C
:10A450000B4800F084F80446002C0ED01020E06079
:10A460000749284600F00EF920612069002804D130
:10A47000204600F007F8002070BD2046FCE70000F1
:10A480006805002070B5044600252BE02568FF21F3
:10A490000131E0680840002805D1A068002802D0FA
:10A4A000A068FFF7EFFFFF210131E06808400028B6
:10A4B00006D12069002803D00C4A206951688847DA
:10A4C00001214902E0680840002806D1206A0028DE
:10A4D00003D0064A206A51688847044841682046EC
:10A4E00088472C46002CD1D170BD000068050020A3
:10A4F00070B504460D4601222946204602F0EDFEC5
:10A5000070BD0146002900D17047087B8007800F8D
:10A51000002801D00120F7E70020F5E701460029D7
:10A5200000D17047087B082801D10120F9E70020FD
:10A53000F7E70146002900D17047087B102801D1B8
:10A540000120F9E70020F7E70146002900D1704714
:10A55000087B022801D10120F9E70020F7E770B558
:10A5600004462820216888470546002D03D028216D
:10A570002846F8F785FE284670BD10B5044600222F
:10A580001146204600F002F810BD0000F0B589B079
:10A5900004460D4617461C2102A8F8F771FE002656
:10A5A0000020314908604860002C00D138E0029456
:10A5B0002046F8F79BFE401C0390002004902B4A95
:10A5C00007CA06AB07C32948FFF7C9FF0646002E96
:10A5D00000D125E002A808F03FF90090FFF74EFEF9
:10A5E00001460190304606F01FF8002800D117E020
:10A5F000002F0CD002A8FFF741FE0399049888426F
:10A6000004D204990298405C002800D008E0002D94
:10A6100003D00499029840182860304609B0F0BD74
:10A62000002E02D03046FFF72DFF002C1AD00094E8
:10A630000020019003990498884202D20498019066
:10A6400005E00398002802D00398401E0190002DD9
:10A6500003D001990098401828600348019A009996
:10A6600006C000BF0020D9E7600500206805002073
:10A6700010B50446024A0021204606F007FA10BD34
:10A6800068050020F8B504460D4600260027002C7A
:10A6900000D1F8BD2046F8F729FE461C304629684F
:10A6A00088470746002F00D1F3E732462146384657
:10A6B000F8F7CDFD3846ECE7F0B593B004463849DD
:10A6C000606946182069401C1290E0681190A068EB
:10A6D000109060680F9020680E903022314902A8D7
:10A6E000F8F7B5FD00272E4D463518E0FF376E37D9
:10A6F000E817800F4019801080000095281A05D1B6
:10A7000064212846F8F750FD002906D1FF21913138
:10A710002846F8F749FD002900D17F1C6D1CB54281
:10A72000E4DB01251DE0681E800002A90858C71956
:10A73000022D15D1F017800F80198010800000962F
:10A74000301A05D164213046F8F72EFD002906D1D4
:10A75000FF2191313046F8F727FD002900D17F1CF9
:10A760006D1C12988542DEDB1198401EC7193846D1
:10A7700018214843E12109014843019010984843BA
:10A780000199401801903C210F98484301994018C5
:10A7900001900E99019840180190019813B0F0BDF6
:10A7A0006C0700002C4B010070B504460D46002CD0
:10A7B00001D0002D01D1012070BDAC4201D100209B
:10A7C000FAE705E02078002800D1F5E7641C6D1C4D
:10A7D0002078F8F736FD06462878F8F732FD8642ED
:10A7E000F0D02078F8F72DFD06462878F8F729FDF7
:10A7F000301AE1E770470000F0B5C1B068488088C2
:10A80000002801D141B0F0BD65488488FF200130A7
:10A81000844200DD044600200FE0614B5B8819187C
:10A82000CB171B0E5B181B121B02CB1A9AB25D4989
:10A83000895C6B461954411C88B2A042EDDB0020B4
:10A84000694608556D4658A12846F8F724FD0028AA
:10A8500005D0042001F0D6FEFDF7A0FFD2E757484F
:10A86000007803281BD12F4612E03E46113630787F
:10A8700031280BDB3078392808DC0020504908707B
:10A88000012001F0BFFEFDF789FFBBE7374600BF9F
:10A890004CA13846F8F7FFFC071EE6D100BF4E4832
:10A8A000007800287AD04D4800684D490968401A60
:10A8B0000F2843D94B480088401C4A490880084665
:10A8C0000088052810DD48480078002809D147484D
:10A8D0004079012803D045484079022801D104F08D
:10A8E00001FD00203F49088000203B4908703F4897
:10A8F0000079002819D13E4800882A280BDA3D4803
:10A90000008881B23A4802880088401C384B188081
:10A910005000394A11523548C06936490968401813
:10A920003449086005F02AFF38E0304800790128F2
:10A9300034D107F02FFA04F08BFE2FE02FA1284628
:10A94000F8F7A9FC002829D00020234908702748DF
:10A950000079002809D12548C069264909684018AE
:10A960002449086005F00AFF16E020480079012814
:10A9700012D1FAF74DFE1C480078002809D11B4877
:10A980004079012803D019484079022801D104F008
:10A99000A9FC00201D490870FDF700FF00BF31E74A
:10A9A000600C0020600B00202B434D515454434F4A
:10A9B0004E4E4543543A20302C300000880400208D
:10A9C0004B0400202B434D515454434F4E4E4543AE
:10A9D000543A20302C00000089040020B4000020EC
:10A9E0008C04002092040020F201002000050020C9
:10A9F0009004002018040020CC0A00202B434D5165
:10AA000054545055423A20302C3000001C04002091
:10AA1000F8B58948047889480068E12149018842ED
:10AA200007D287488078022805D184484068884248
:10AA300001D3012000E00020054682480088E12182
:10AA40004901884201DA002D09D0002C07D0012CE1
:10AA500005D07D480078002801D1012000E00020C9
:10AA60000646002E6DD000210C20FCF7FFFA67216E
:10AA7000002002F0E5FF6721002003F001F800F05C
:10AA800019F900210F20FCF7F1FA00210B20FCF747
:10AA9000EDFA00210D20FCF7E9FA00210E20FCF769
:10AAA000E5FAFCF789FB002068490880C870087146
:10AAB00088704872887266490880C870087188700A
:10AAC000487288725E488078022801D1012000E037
:10AAD0000120604908700020487003205E4908701A
:10AAE0000020487000BF07E000225949491D0A5460
:10AAF0005649491D0A54401C0428F5DB574800F00C
:10AB000081FC574800F07EFC01F050FC002001F071
:10AB1000B5FD01204C49087052484079002807D102
:10AB200051480078002805D050480078002801D00E
:10AB300004F0D8FB4EA24FA1514807F049FD5149FE
:10AB400008703E480068002805D13C48406800284D
:10AB500001D1012000E0002007463A4800884B213F
:10AB6000C900884203DB002F01D0012000E0002053
:10AB70000090009800285DD0002C5BD042480078FF
:10AB8000002857D132480088002853D12F48008828
:10AB900000284FD100210C20FCF768FA6721002023
:10ABA00002F04EFF6721002002F06AFF00F082F8F9
:10ABB00000210F20FCF75AFA00210B20FCF756FA6F
:10ABC00000210D20FCF752FA00210E20FCF74EFA6E
:10ABD000FCF7F2FA00201D49C870087188701C4902
:10ABE000C8700871887000BF07E000221849491D2D
:10ABF0000A541649491D0A54401C0428F5DB00205C
:10AC000001F03CFD012020490870164840790028D9
:10AC100007D115480078002805D01448007800288E
:10AC200001D004F05FFB12A212A1154807F0D0FC7E
:10AC300014490870F8BD0000F2010020E401002072
:10AC4000C0060020B8000020500100201609002096
:10AC50000A090020750100207D010020C4010020A8
:10AC6000D4010020000500202C0500202D05002027
:10AC70004F4B000041542B4353434C4B3D3200009B
:10AC8000000004405600002051010020F8B506469F
:10AC90000F463946304606F081FF04460D46E12056
:10ACA00040010021001BA94102D2E1204001F8BD72
:10ACB0002046FCE7002006E000220449044B1B5C10
:10ACC0009B00CA50401C0428F6DB704718A00540C2
:10ACD000744A0100F1B594B0FE480078002806D10E
:10ACE000FDA1149804F0E2FC0120FA49087003E089
:10ACF000E1B2149804F0C2FDFDF76CFE0446401C5E
:10AD00000028F5D1E0E1F948007800280FD0E0B242
:10AD10001290012112A8FDF713FE032C06D100208A
:10AD2000F2490870F2A1149804F0C0FCCCE1032CA5
:10AD30000AD1F6480068002806D00020F3490860D0
:10AD4000F3A1149804F0B2FC122C30D1F44800683E
:10AD500000282CD0F24805680120000385421ED34C
:10AD6000E807C00F00281AD0ED48806800280ADDE7
:10AD7000EB48C068002806D1E9490860E9A11498A9
:10AD800004F094FC12E0E648C368826841680668F3
:10AD90001498B047ECA1149804F088FC06E0002059
:10ADA000DF490860E9A1149804F080FC00BF0A2C78
:10ADB00001D00D2C71D10020EE49EF4A1278885451
:10ADC000ED48007800280CDDECA1EA48F8F795FA88
:10ADD000002807D10120C5490870EBA1149804F0A0
:10ADE00065FC46E1EEA1E348F8F787FA002806D1B2
:10ADF000BE490870BEA1149804F058FC39E1EBA1DB
:10AE0000DC48F8F77AFA002808D1FAF7CFFC0546B3
:10AE10002A46E8A1149804F049FC2AE1E7A1D548A4
:10AE2000F8F76BFA002806D1E648E7A10269149802
:10AE300004F03CFC1DE1E6A1CE48F8F75EFA0028DC
:10AE400006D1E048E0A14269149804F02FFC10E11B
:10AE5000E14BE24AE2A1C748F8F786FA022806D198
:10AE6000DD4A1178DD4A1078FCF700F901E1DA4A91
:10AE7000DEA1C048F8F778FA01280FD1D64800685B
:10AE8000002802D0012807D102E0FFF713FF03E0FA
:10AE9000D94809F081FD00BFEBE0F2E0D74BCF4A83
:10AEA000D7A1B448F8F760FA022828D1D34800782F
:10AEB000622813D0672809D0722817D100231A46B8
:10AEC0000121C6480068FCF7F7F817E000230122CB
:10AED0001946C2480068FCF7EFF80FE00123002292
:10AEE0001146BE480068FCF7E7F807E000231A4661
:10AEF0001946BA480068FCF7DFF800BFB9E0C3A103
:10AF00009C48F8F7FAF9002805D1C24AC2A1149862
:10AF100004F0CCFBADE0CBA19648F8F7EEF90028A1
:10AF200008D1FAF727FC05462A46C8A1149804F070
:10AF3000BDFB9EE0A84ACFA18E48F8F715FA01287C
:10AF400085D1A54800681290FAF714FC0646002047
:10AF500011901298002804DCC9A1149804F0A6FBF3
:10AF600086E002F033F905461422CC490CA8F8F724
:10AF70006EF900276BE0A748864206DB034632469F
:10AF8000C7A1149804F092FB64E0CF486843CF490E
:10AF90004518E807C00F002801D14C2000E05220DE
:10AFA0000B9028090921F8F7E9F848000CA90A5A7A
:10AFB0000A9202F00BF91299C91BC54A5143401A73
:10AFC0000990280AC349F8F7D9F80846FF302D3010
:10AFD00008900899099840180790280B3221F8F733
:10AFE000CDF808460191F8F732FFBB490290F8F717
:10AFF00013FDBA490390F8F7B6FC0690280C15210A
:10B00000F8F7BCF808460291F8F721FFB44903901D
:10B01000F8F7A9FC0590069A0A9905980192009103
:10B0200002903046079B099A0B99FAF7C3FB0490EC
:10B030000498012804D1761C1198401C119005E059
:10B040003246A8A1149804F031FB03E07F1C12984B
:10B05000874290DB00BF1198002808DD3046FAF7E0
:10B0600005FC3346A8A1119A149804F01FFB00BFF9
:10B0700000BF00204049087033A1149804F016FB6B
:10B0800021E0082C01D07F2C0DD13B48007800280E
:10B0900019DD39480078401E37490870A5A1149879
:10B0A00004F004FB0FE03448007827280BD2324824
:10B0B00002780078401C304B18702E488454E1B25E
:10B0C000149804F0DBFB00BF149804F0B1FB0446B5
:10B0D000401C31E1100200204154454320434C49BB
:10B0E0002076312E30203E200A000000140200207D
:10B0F0000A47534D20627269646765206465616325
:10B10000746976617465640A3E0000000C020020D8
:10B11000212141424F5254454421210A00000000A0
:10B120004C0900200A496E76616C6964206172677F
:10B130007320706F696E74657220646574656374E2
:10B1400065640A3E000000000A3E00000A496E766F
:10B15000616C69642066756E6374696F6E20706FD0
:10B16000696E7465722064657465637465640A3E13
:10B1700000000000240900201102002067736D20E8
:10B180002D622031000000000A47534D2062726991
:10B19000646765206163746976617465640A3E0062
:10B1A00067736D202D622030000000006D657461B2
:10B1B000202D73000A25640A000000006D6574618B
:10B1C000202D69007C0A00200A25730A0000000077
:10B1D0006D657461202D6700EC030020F0030020F2
:10B1E0006C6564202D722564202564006C656420E4
:10B1F0002D73256400000000B8220000F403002035
:10B200006C6564202D63256420257300636F6F6B6C
:10B21000202D6D008C0500000A4D617820636F6F52
:10B220006B696E672073657373696F6E7320666CEC
:10B230006173682063616E2073746F72653A2025B4
:10B24000640A0000636F6F6B202D6E000A436F6FFE
:10B250006B696E672073657373696F6E73207374A7
:10B260006F72656420696E20454550524F4D3A20FB
:10B2700025640A00636F6F6B202D64202564000035
:10B280000A4552524F523A20636F756E74206D75A5
:10B290007374206265203E20300A0000904A01004D
:10B2A0000A466C6173682066756C6C206174202599
:10B2B000642F25642C2073746F7070656420656141
:10B2C000726C790A000000000D6619005FF36E3C95
:10B2D00060540000F51A0000CDCCCC3D0000404089
:10B2E000000052430A4552524F523A207772697415
:10B2F00065206661696C656420617420696E6465AF
:10B30000782025640A0000000A25642064756D6DAC
:10B31000792073657373696F6E287329207772695A
:10B320007474656E2028746F74616C3A20256429EA
:10B330000A00000008200800002800D0E3E41848B4
:10B340000068002828D016480568012000038542BF
:10B350001AD3E807C00F002816D0124801780078E9
:10B36000401C104B1870104800780D4A1268904726
:10B370001390139800280EDA0020094908600BA1E9
:10B38000149804F093F906E000200549086010A124
:10B39000149804F08BF900BF002015B0F0BD000038
:10B3A0000C02002013020020120200200A426163F6
:10B3B0006B67726F756E64206F7065726174696F10
:10B3C0006E20636F6D706C657465640A3E000000EA
:10B3D0000A496E76616C69642066756E6374696F84
:10B3E0006E20706F696E7465722064657465637435
:10B3F000656420616E6420636C65617265640A3EF9
:10B4000000000000F0B585B00446A07B002856D0AF
:10B41000606807F045F90390039807F04BF9A060C6
:10B420006168A068884203D2039807F043F9A060DE
:10B430006168A068401A05283BD96168A068401A75
:10B44000E1214901884202D9A068401A60600120C8
:10B450001D4908706168A06888422AD9FAF78AF9FC
:10B4600005461A4885420FDB1949C869F8F7EFFC11
:10B4700006461748006A01960090A3892078A268C2
:10B480006168FAF7DFF813E01149C869F8F7DFFCE3
:10B4900006460F48006AA189029600910190217822
:10B4A0002846A3686268FAF785F9681CFAF7DEF99E
:10B4B00000BF0020A0736060A060A08100BF08F002
:10B4C0009FFE05B0F0BD0000740100208C05000057
:10B4D0007C0A0020F0B589B004460F4615461E468A
:10B4E0002CA23946284602F0DAFC08902BA23946F5
:10B4F000284602F0D4FC079029A23946284602F0DB
:10B50000CEFC0690002005900490039005A90898B1
:10B5100002F0DDFC002803D00598007800280DD14A
:10B5200020A230460E99FDF7F9FC012300222146A6
:10B5300025A003F005FF002009B0F0BD04A907987D
:10B5400002F0C5FC002801D113A0049003A90698BD
:10B5500002F0BDFC002801D10FA0039003990498CC
:10B56000019100901AA280212048059BFDF7D6FC8E
:10B57000042215A11D48083808F083FC01201C494D
:10B58000087001231A4621460FA003F0D9FE0120BE
:10B59000D2E70000646174610000000075737200FE
:10B5A00070776400666F74613A206D697373696EB9
:10B5B00067206F7220656D707479202764617461F3
:10B5C00027202855524C2900666F74610000000046
:10B5D00041542B43464F54413D302C312C2225738E
:10B5E000222C222573222C22257322002C060020D7
:10B5F0002E050020FFB5C9B005461646002E01D025
:10B60000304603E035A14A98FEF772FF04469021C8
:10B6100025A8F7F735FE9022324925A8F7F717FE3F
:10B62000902225A901A8F7F712FE04222EA101A855
:10B6300008F027FC0295002020A9087324902BA273
:10B6400030464A9902F02BFC0746002F0ED069467F
:10B65000384602F001FC002807D00098002802D0EC
:10B660000098012801D10098249000BF002C1AD026
:10B670002046FEF75EFF002815D02069002812D072
:10B680002069007800280ED0802203A8216908F0E4
:10B69000F8FBFF2201321748216908F0F2FB012074
:10B6A00020A9087304E00020694608731149087056
:10B6B000902201A91048F7F7CAFD00200F49087031
:10B6C00001200F49087020A8027B0123294606A00B
:10B6D00003F036FE20A8007B4DB0F0BD64617461BC
:10B6E00000000000644B010066770000786170691B
:10B6F000000000005C090020240600202E05002028
:10B7000062000020FFB589B015461E46129F5F4AB1
:10B71000116850689268089206910790002105917F
:10B7200005A806A92B4601AAC1C2009103215848C9
:10B730000A9AFEF767FC04906846007D002818D13D
:10B74000002D0BD003A9284602F086FB002805D067
:10B750000398069001200590049009E004980028C1
:10B7600006D04CA239463046FDF7D8FB00200490A5
:10B7700000BF0498002872D0069800287DDB4A4953
:10B780000698886008A8007800280FD0079800283D
:10B7900006DD4649079809684018434948610AE0B0
:10B7A000424800683C304049486104E03F48006836
:10B7B0003C303D494861FAF7B1F83B4884680020C5
:10B7C00003900A2C13DA3A48407A002805D0002169
:10B7D0000846F9F78DFB012003903648407A00288F
:10B7E00005D000210120F9F783FB012003903048A8
:10B7F0000088A04205DDA1B2002007F06FF801200B
:10B8000003902C480088A04205DDA1B2012007F07A
:10B8100065F8012003900398002825D0254A117867
:10B82000234A107809F020F82348007800280BD12B
:10B830001F490988092902DC1D49098800E00921FE
:10B84000C8B2FBF78DFC0FE01B48007801280BD134
:10B8500018490988092903DC1649098801E00CE028
:10B860000921C8B2FBF77CFC01231A4613A00999F1
:10B8700003F066FD01200DB0F0BD012300220FA0F2
:10B88000099903F05DFD0020F5E70000904C0100F0
:10B890006C4C01006E6F20757361626C65206D6188
:10B8A00078506F776572000000050020B40000201A
:10B8B0000A090020160900208C0100206C6200009B
:10B8C000F8B504460E461746069D06F071F90123A9
:10B8D0001A46214602A003F033FD0020F8BD000007
:10B8E0006D720000F8B504460E461746069D01230A
:10B8F0000022214602A003F023FD0020F8BD000035
:10B9000070670000FFB587B005460E461F46002051
:10B910000690059005A906AA109802970092019139
:10B92000039032460A210F48099BFEF76BFB044641
:10B93000002C05D06846007D002801D0F9F7EEFF05
:10B94000002C05D06846007D002801D0012000E0D1
:10B95000002002460123294603A003F0F1FC204603
:10B960000BB0F0BDF44B010070750000F8B5044653
:10B970000E461746069D04F085FBF9F7CFFF01231D
:10B980001A46214602A003F0DBFC0020F8BD0000AF
:10B9900072640000F8B504460F46069EF9F7EEFE05
:10B9A0000546012D00D100E000200246012321467A
:10B9B00004A003F0C5FC012D01D10120F8BD002039
:10B9C000FCE7000072700000F8B504460E4617460A
:10B9D000069D06F0ABFE01231A46214602A003F0A5
:10B9E000AFFC0120F8BD0000736F000010B54F4898
:10B9F000007800281AD14E480068002816D04D481B
:10BA000000684B490968441A4B48006884420CD3CB
:10BA100001204649087000204849086045480068F0
:10BA200047490860002001F05FFF00BF3F480078F1
:10BA3000002843D04348007803283FD13F4800689E
:10BA400005283BD83B4800683D490968441A142C36
:10BA500033D3002000F0D6FD38480068401C374939
:10BA6000086008460068022806D337480078002896
:10BA700002D000203449087030480068062815D3E9
:10BA800032A006F075FD7D20C000F9F74DF832A018
:10BA900006F06EFD7221002001F0F2FF0120314915
:10BAA000087000202849087004F03CF8002001F0DC
:10BAB0001BFF204800682249086036E01B480078D8
:10BAC000002832D01F48007801282ED11B4800687A
:10BAD00005282AD81748006819490968441A3C2CD7
:10BAE00022D316480068401C1449086008460068C4
:10BAF000062815D315A006F03BFD7D20C000F9F700
:10BB000013F815A006F034FD7221002001F0B8FFF3
:10BB100001201449087000200B49087004F002F855
:10BB2000044800680649086000BF10BD49040020B1
:10BB300050040020B4000020540400205C040020C5
:10BB400058040020880400204B04002041542B435B
:10BB500046554E3D3000000041542B4346554E3D66
:10BB600031000000600400200021044A11700449E3
:10BB70000968044A116004490860704749040020BC
:10BB8000B4000020500400205404002070B5B2B06E
:10BB900042480078002804D1022000F033FD32B082
:10BBA00070BD00203E4908703E480068401C3D4979
:10BBB0000860F9F7FBFD064632463BA122A8FDF7D7
:10BBC000C9F93F4804680A2C00DA0A244B20000116
:10BBD000844200DD04463A488569002D00DC0025DA
:10BBE000012D00DB01252346364A802102A800955D
:10BBF000FDF794F900203449087034490870FCF7C7
:10BC0000CDFD33A006F0B4FC34A006F0B1FC3848FA
:10BC1000007800283DD137A006F0AAFC39A006F034
:10BC2000A7FC3CA006F0A4FC3E48FBF717FE01F081
:10BC3000EBFB3DA006F09CFC42A006F099FC48A05E
:10BC400006F096FC4FA006F093FC59A006F090FC7D
:10BC500062A006F08DFC69A006F08AFC6E48FBF736
:10BC6000FDFD6EA006F084FC2E48FBF7F7FD22A830
:10BC700006F07EFC6DA006F07BFC73A006F078FC5D
:10BC800078A006F075FC6448FBF7E8FD0120184930
:10BC9000087002A806F06CFC00BF80E7F2010020EB
:10BCA0004A0400208404002041542B434D51545435
:10BCB000414343513D302C222564222C31000000A9
:10BCC00000050020305101002C0500202D0500202A
:10BCD00041542B434D47463D3100000041542B4316
:10BCE0004E4D493D322C322C302C302C300000008F
:10BCF0004B04002041542B434D5154544449534369
:10BD00003D30000041542B434D51545452454C3D5D
:10BD10003000000041542B434D51545453544F5064
:10BD200000000000A086010041542B4353534C43B4
:10BD300046473D2273736C76657273696F6E222C71
:10BD4000302C340041542B4353534C4346473D223F
:10BD5000617574686D6F6465222C302C32000000B0
:10BD600041542B4353534C4346473D226361636523
:10BD70007274222C302C226361636572742E70659C
:10BD80006D22000041542B4353534C4346473D2200
:10BD9000636C69656E7463657274222C302C226347
:10BDA0006C69656E74636572742E70656D22000037
:10BDB00041542B4353534C4346473D22636C6965C2
:10BDC0006E746B6579222C302C22636C69656E74FD
:10BDD0006B65792E70656D220000000041542B4385
:10BDE00053534C4346473D2269676E6F72657274C8
:10BDF0006374696D65222C302C31000041542B4353
:10BE000053534C4346473D22656E61626C65534E09
:10BE100049222C302C31000050C3000041542B43E8
:10BE20004D515454535441525400000041542B433B
:10BE30004D5154544346473D22636865636B5554E6
:10BE40004638222C302C300041542B434D51545451
:10BE50004346473D2276657273696F6E222C302C03
:10BE60003400000041542B434D51545453534C4320
:10BE700046473D302C30000030B595B00546002DCA
:10BE800002D1401E15B030BD0020149013901290C6
:10BE9000119010900F900FA810A911AA12AB009347
:10BEA00001920291039013AB14AA2FA12846F7F731
:10BEB0005BFA0446062C18D00FA810A911AA12ABE1
:10BEC000009301920291039013AB14AA2CA128466F
:10BED000F7F74AFA0446062C02D00020C043D1E707
:10BEE0007D2109011498401814901498642804DAEC
:10BEF0007D2109011498401814901398012817DB2C
:10BF000013980C2814DC1298012811DB11980028D2
:10BF10000EDB119817280BDC1098002808DB10980E
:10BF20003B2805DC0F98002802DB0F983B2802DD38
:10BF30000020C043A6E72C2104A8F7F7A1F9164971
:10BF40001498401A09901398401E08901298079070
:10BF500011980690109805900F98049000200C906E
:10BF600004A8FEF7A9FB8DE72534642F2532642F42
:10BF70002532642C2532643A2532643A2532640035
:10BF80002532642F2532642F2532642C2532643A01
:10BF90002532643A253264006C070000F3B581B0A5
:10BFA0000446002C00D1FEBDA07B002802D06068B2
:10BFB000002801D10020F6E7606806F071FB064614
:10BFC000029806F06DFB0546029F002E04D1002D5D
:10BFD00002D00848076805E0002E03D0002D01D1EB
:10BFE0000020E0E76068B84201D90020DBE7606824
:10BFF000381AD8E7B400002010B5644880780028CB
:10C000007ED062480079002805DD60480079401E36
:10C010005E4908710AE05D48C078002806DD5B488B
:10C02000C078401E5949C8703B20087158480078B4
:10C03000092808D157480078002804D1534A1179BB
:10C04000D07808F0D3FC54480078002831D1534808
:10C05000006800282DD052480068401C50490860F4
:10C0600008460068052824D301204B4908700020A9
:10C070004B4908604548407A002804D0454800787C
:10C0800008F074FB05E0474A1178404A107808F040
:10C09000EBFB40480078002804D13C490878FBF7C6
:10C0A0005FF803E03F490878FBF75AF8022000F0F8
:10C0B000E5FA3648C078002867D13448007900286E
:10C0C00063D13249487288700420FEF7F7F80020E7
:10C0D0002E49088034488078012801D1032000E0EF
:10C0E0000120324908700020487008460078304925
:10C0F00008702E4840784870002088702D4900E074
:10C1000043E0098888B203222949F9F787F92A49C7
:10C110000860084600880004000E2449C8702648BC
:10C12000007808712548FFF76DF91E4A1178174A03
:10C13000107808F099FB002004E000221349491D03
:10C140000A54401C0428F8DB00201D4908601148EF
:10C150000078002803D100210D20FAF787FF0D4851
:10C160000078002804D109490878FAF7F9FF03E0BC
:10C170000C490878FAF7F4FF00F018F90448007841
:10C18000052802D0022000F079FA10BD0A0900202B
:10C19000F20100208C010020940100209001002079
:10C1A000FC01002016090020C006002075010020B7
:10C1B00085010020BC04002088010020C40100206B
:10C1C000B401002010B56148807800287ED05F4817
:10C1D0000079002805DD5D480079401E5B49087143
:10C1E0000AE05A48C078002806DD5848C078401E4A
:10C1F0005649C8703B20087155480078092808D175
:10C2000054480078012804D1504A1179D07808F0B8
:10C21000EDFB51480078002831D1504800680028D3
:10C220002DD04F480068401C4D4908600846006802
:10C23000052824D301204849087000204849086097
:10C240004248407A002804D04248007808F08EFA2C
:10C2500005E03E4A1178434A107808F005FB3D4856
:10C260000078002804D13F490878FAF779FF03E005
:10C2700036490878FAF774FF022000F0FFF93348D6
:10C28000C078002861D13148007900285DD12F495C
:10C29000487288700420FEF711F800202B490880AE
:10C2A00001203149087000204870084600782F4965
:10C2B00008702D4840784870002088702C49098803
:10C2C00088B203222949F9F7A9F800E03DE029499D
:10C2D0000860084600880004000E2349C8702548FD
:10C2E000007808712448FFF78DF8184A11781D4A24
:10C2F000107808F0B9FA002004E000221349491D23
:10C300000A54401C0428F8DB00201C49086011482E
:10C310000078012803D100210D20FAF7A7FE0D486F
:10C320000078002804D10F490878FAF719FF03E0D4
:10C3300006490878FAF714FF00F038F80448007846
:10C34000052802D0022000F099F910BD160900203E
:10C35000F20100208C0100209401002090010020B7
:10C36000040200200A0900207D0100208501002030
:10C37000BC04002088010020D4010020B40100206A
:10C380000449086800E000BF02490968091A2A291F
:10C39000F9D37047A4000020002002490870024928
:10C3A0000880704750010020B8000020002002499A
:10C3B000087002490880704751010020B800002031
:10C3C00010B5002002490860FEF774FC10BD0000A3
:10C3D000B0010020FFB5A1B005460E46002D01D1E9
:10C3E00025B0F0BD802101A8F6F74AFF002414E033
:10C3F000E0000F4A11582846F6F77FFF00280BD1BE
:10C4000080200090E0000A49401801AB47683046A0
:10C41000249A2399B847E3E7641C092CE8D3012345
:10C4200000223146284602F08BFF0020D8E70000AA
:10C430009C4C01007CB50446002000900190002631
:10C4400000250CE0F6F7EAFE0068615D405C2028FC
:10C4500004D1625D3046761C69460A546D1C605DED
:10C46000002801D0042EEDDB032E07DB6846F7F72A
:10C470006DFA85B2284608F08FFA02E0002008F035
:10C480008BFA7CBD70B5F9F791F904460449204652
:10C49000F6F774FE0D46284608F07EFA70BD0000DF
:10C4A000102700001C4800210160416081600320CA
:10C4B000194908700420487018A01A4948601A48A1
:10C4C0000078C8601948007800280BD116484078D9
:10C4D000012807D016484078012803D01448407836
:10C4E000022808D102200C4988700E4908720120E8
:10C4F0001049087070470C484078032807D1012084
:10C5000005498870074908720A490870F2E7002057
:10C510000849087000BFEDE7C0060020312E312E1B
:10C52000330000007C0A0020EA080020B604002046
:10C53000FA080020BE000020F8B504460D4600268B
:10C540000027002C02D02068002801D10020F8BD6F
:10C550006068002805D06168A068884201D3002087
:10C56000F5E72648854201D90020F0E7A068401C85
:10C5700045196068A84203D3A16820684018E6E71F
:10C580002069002801D00020E1E71D48854206D936
:10C590001A48854201D8074602E00020D7E76F001D
:10C5A000206A00280DD03946226A20689047064646
:10C5B000002E1ED1E169206888470020606020605D
:10C5C000C5E73846A16988470646002E06D1E169CD
:10C5D00020688847002060602060B8E7002E05D002
:10C5E000A068421C30462168F6F731FEE1692068F8
:10C5F000884767602660A0688019A8E7FFFFFF7F73
:10C60000FFFFFF3F10B50446174804702300FCF7F6
:10C61000E4FC062304072708282903F083FA21E015
:10C6200020E000201149086011480078002807D157
:10C63000104908701049087002200B49087011E079
:10C640000B480078042800D103E06721012001F0A5
:10C6500017FA07F03DFC05E000200749087001E0EB
:10C6600000E000BF00BF10BD880400205C04002073
:10C67000F20100204B0400204A04002070B505465A
:10C6800000BFEFF31080044672B61E480078002801
:10C690000AD0002D08D01C480078002804D100BF23
:10C6A00084F3108800BF70BD17480078092803D0B4
:10C6B00015480078052800D103E0FA21C800F8F7F2
:10C6C00089FD11480078114908700F480570132042
:10C6D0000F49087000BF84F3108800BF0B48007832
:10C6E000002803D1002D01D0FBF7F0FB002D06D16F
:10C6F00000F0E4FA0020074948700749487000BF7D
:10C70000D1E7000063000020F2010020F3010020C7
:10C71000F4010020750100207D0100200020034964
:10C7200008700348006803490860704794010020BE
:10C73000A40000209001002010B5044600212046EE
:10C7400000F002F810BD0000F0B5A1B004460F469D
:10C750006A4903C920911F90FF202D301E903C2074
:10C760001D90002F1AD166480068002816D0654930
:10C770000968634A1268881A63490979002902D056
:10C78000FF212D3100E03C210B46984205D25E4945
:10C7900006C96260216021B0F0BD00BF5B4800782F
:10C7A000052804DB584903C961602060F3E70020D5
:10C7B0005749087057490870574908605749087029
:10C7C000FBF7ECFF56A005F0D3FEFF20F530F8F79D
:10C7D000ABF9FBF7E3FF4D480078401C4B4908706C
:10C7E00052A005F0C5FE5448F8F79EF953481C9036
:10C7F00053A11C98F6F74FFD0546002D0DD11F9053
:10C800004148209A1F9906C03E4800683C4908608C
:10C8100020991F9861602060BDE70020C0431B90F5
:10C82000202113A8F6F72CFD20210BA8F6F728FDF0
:10C8300000200790089009900A90039004900590BA
:10C84000069003A807A90BAA13AB009201910290CE
:10C850001BAA3DA12846F6F787FD064607A807F064
:10C8600025FC03A807F022FC03A807F0EFFA052E29
:10C870000EDB1B9800280BD10BA813AB3EA2402166
:10C8800000903F48FCF74AFB012020A9087001E016
:10C8900000201F90052E22DB07A8F6F727FD0028B1
:10C8A0001DD003A8F6F722FD062818D303A807AB6E
:10C8B00031A2182100901648FCF730FB01201549E1
:10C8C00008701348FFF7D8FA02900298002805DB99
:10C8D00011490298086001201049087000BF0A48F9
:10C8E000209A1F9906C007480068054908602099EA
:10C8F0001F986160206000BF4DE700005C4B0100A5
:10C90000F8040020B4000020F0040020FC04002003
:10C91000700F0020E4040020E8040020EC04002054
:10C9200041542B434C42533D3000000041542B43B3
:10C930004C42533D34000000B80B0000600B002057
:10C940002B434C42533A00002B434C42533A202590
:10C95000642C2533315B5E2C5D2C2533315B5E2CE2
:10C960005D2C252A5B5E2C5D2C2531355B5E2C5DB4
:10C970002C2531357300000025732C257300000031
:10C98000C80F002070B50546002D00D170BD0AA16A
:10C990002846F6F780FC0446002C0BD0083408A18A
:10C9A0002046F6F7D0FC0646002E01D0002030705D
:10C9B0002046EBE70020E9E72B49434349443A008E
:10C9C0000D0A0000F1B582B0029C00E0641C2078E2
:10C9D00000280BD020782028F8D020780D28F5D01A
:10C9E00020780A28F2D020780928EFD02EA12046FE
:10C9F000F6F751FC002814D02BA12046F6F74BFC8B
:10CA000004460D212046F6F767FC0446002C08D0AA
:10CA1000641C00E0641C20780A28FBD020780D28D4
:10CA2000F8D0264639E000200190354603E0019811
:10CA3000401C01906D1C2878302802DB28783928AA
:10CA4000F5DD01980F280FD128780D2805D028781A
:10CA50000A2802D02878002806D12946002901D0CA
:10CA6000002008703046FEBD0D213046F6F734FC3C
:10CA70000746002F04D10A213046F6F72DFC074661
:10CA8000002F00D10CE07E1C00E0761C30780A28D4
:10CA9000FBD030780D28F8D000BF30780028C2D104
:10CAA00000BF0020DFE7000041542B4347534E00F6
:10CAB0001CB501216846FFF747FE064800780028AC
:10CAC00005D005480068002801D001201CBD0020C9
:10CAD000FCE70000EC040020E804002000200349EB
:10CAE0000870034800680349086070478B00002005
:10CAF000A40000204000002010B535480078002830
:10CB00001BD134480068002817D0334800683149E9
:10CB10000968324A8918884205D22F4800682D4991
:10CB20000968884209D20120294908707221002031
:10CB300000F0A6FF002000F0D7FE2948007A002868
:10CB400043D02348007800283FD0264800780028AA
:10CB50003BD000F055F80446002C18D000202249A4
:10CB60000870FEF7A7F86221002000F089FF1F4837
:10CB700001214907086000BFBFF34F8F1C481D49C2
:10CB8000C860BFF34F8F00BF00BF00BFFDE70020AC
:10CB90001549087000211248017200200C490870E4
:10CBA00015490870154908600A490860622100F0BB
:10CBB00067FF0320FDF782FB07F03EFE7D200001AA
:10CBC000F7F7B2FFFEF776F810BD00BFFCE70000F4
:10CBD0008B00002040000020A400002088130000EB
:10CBE000A40600208900002063000020F5FAAA5561
:10CBF0000400FA0500ED00E0880000203C00002061
:10CC000070B5FBF7CBFD1CA005F0B2FC7D20C00089
:10CC1000F7F78AFF1A4D1BA12846F6F73CFB0028C0
:10CC200012D0FBF7BBFD1BA005F0A2FCFF20F530E6
:10CC3000F7F77AFFFBF7B2FD0FA005F099FC7D2016
:10CC4000C000F7F771FF00BF194801682846F6F7E2
:10CC500022FB0446002C02D11649086070BD14481E
:10CC60000068F6F743FB0419134801682046F6F7FD
:10CC700012FB06463046F1E741542B46534C530015
:10CC8000600B00206950686F6E655F52696E672E99
:10CC90006D70330041542B465344454C3D695068F8
:10CCA0006F6E655F52696E672E6D70330000000015
:10CCB00028050020400000202405002010B5084869
:10CCC000007800280BD007480078002807D10648D4
:10CCD00000F0AEFB002802D000200149087010BD12
:10CCE0002E050020F20100202C06002070B504461D
:10CCF0000D462046FAF7C6FB70BD0000F1B5B0B096
:10CD00003098002803D030980078002814D1622190
:10CD1000002000F0B5FE00209B4908709B49087078
:10CD20009B49087200219B48017200209A490860C3
:10CD30009A49086031B0F0BD99A02F909EA02E9026
:10CD4000FBF72CFDA0A005F013FC7D20C000F7F739
:10CD5000EBFE9F482D902E992D98F6F79CFA0446ED
:10CD6000002C12D02E98F6F7C1FA041920462F99FC
:10CD7000F6F791FA002808D0FBF710FD95A005F012
:10CD8000F7FBFF20F530F7F7CFFE00200C900025D1
:10CD90000B909AE0FBF702FD96A005F0E9FBFF205F
:10CDA0002D30F7F7C1FEFBF7F9FC99A005F0E0FB89
:10CDB000FF202D30F7F7B8FEFBF7F0FC9CA005F044
:10CDC000D7FBFF202D30F7F7AFFEFBF7E7FC9FA066
:10CDD00005F0CEFBFF20F530F7F7A6FE9E489FA199
:10CDE00002680DA8FCF7B6F8FBF7D8FC0DA805F013
:10CDF000BFFBFF20F530F7F797FEFBF7CFFC9DA0B8
:10CE000005F0B6FBFF20F530F7F78EFE6148C068ED
:10CE1000012811D1FBF7C2FC9CA005F0A9FBFF2063
:10CE2000F530F7F781FEFBF7B9FCA14805F0A0FB50
:10CE3000FF20F530F7F778FEFBF7B0FC9DA005F07A
:10CE400097FB0026002007909E480690FF20F530B3
:10CE500005900EE0FF20F530F7F766FE0798FF30EB
:10CE6000F53007905A482D9097A12D98F6F713FAB0
:10CE7000064694490798884201DA002EEAD0002E2F
:10CE800014D002A803AB04AA93A100903046F6F791
:10CE90006BFA032809D103980B900398C82804D192
:10CEA000012501213B48017215E000BF002D08D18A
:10CEB000FBF774FC8EA005F05BFBFF20F530F7F765
:10CEC00033FE0C98401C0C9000BF0C98052802DA29
:10CED000002D00D15EE700BF002D20D1622100208F
:10CEE00000F0CEFD00202849087028490870284924
:10CEF000087200212748017200202749086027494D
:10CF000008607E4908700320FDF7D8F907F094FC0B
:10CF10007D200001F7F708FEFDF7CCFE0AE7FBF7DE
:10CF20003DFC77A005F024FB002780480A90FF20F5
:10CF3000F53009900020089016E0FF20F530F7F753
:10CF4000F3FDFF37F53722482D9079A12D98F6F79C
:10CF5000A2F9002805D177A12D98F6F79CF90028B1
:10CF600002D00120089005E07048874202DA089854
:10CF70000028E2D000BFFF20F530F7F7D5FD5CA018
:10CF800005F0F6FA00BFD5E68B00002088000020EF
:10CF9000B4060020A40600203C0000204000002031
:10CFA00065436F6F6B335F4F54415F54455354314A
:10CFB0002E686578000000002B46534C533A2046FB
:10CFC000494C45533A0D0A0041542B46534C5300EB
:10CFD000600B002041542B465344454C3D65436F44
:10CFE0006F6B335F4F54415F54455354312E686526
:10CFF0007800000041542B4353534C4346473D2295
:10D0000073736C76657273696F6E222C312C3300EA
:10D0100041542B4353534C4346473D2269676E6F3F
:10D02000726572746374696D65222C312C31000055
:10D0300041542B4353534C4346473D22656E616236
:10D040006C65534E49222C312C31000041542B4841
:10D05000545450494E4954000404002041542B4874
:10D06000545450504152413D2255524C222C2225BD
:10D070007322000041542B48545450504152413DBA
:10D080002253534C434647222C31000041542B4835
:10D09000545450504152413D22434F4E54454E54FA
:10D0A000222C22746578742F706C61696E220000E6
:10D0B000BC50010041542B48545450414354494FF3
:10D0C0004E3D3000307500002B48545450414354BD
:10D0D000494F4E3A000000002B48545450414354ED
:10D0E000494F4E3A2025642C25642C25640000000D
:10D0F00041542B485454505445524D006300002075
:10D1000041542B485454505245414446494C453DA6
:10D110002265436F6F6B335F4F54415F54455354E7
:10D12000312E686578222C310000000010270000A5
:10D130004F4B00002B485454505245414446494CF3
:10D14000453A0000F8B51A48007800282DD0194853
:10D150000068F6F77CFE0090F6F7DAFE044600223F
:10D16000154BF6F7F1FD0646F6F70EFF134908607A
:10D1700008460068F6F7CCFE0646114A114BF6F752
:10D180007BFD0446F6F700FF0C4908600121890782
:10D190000A480068F6F740FC08490860084601683C
:10D1A0000948816205480068F8BD0020FCE70000DE
:10D1B000DC040020D804002000FEAF40080200205C
:10D1C0009A999999999909407C0A0020084972B660
:10D1D000084A1278002A07D0074A1268044B9A427C
:10D1E00002D9054A106801E0044A106862B6704727
:10D1F00080857467EC040020E8040020B000002063
:10D2000000B501460B00FBF7E8FE1926282E0E108C
:10D21000121416181A1C1E2024302C2A22323E34D6
:10D2200036383A3C3E00032000BD0420FCE70520D0
:10D23000FAE70620F8E70720F6E70820F4E70920D8
:10D24000F2E70A20F0E70B20EEE70C20ECE71120D4
:10D25000EAE70D20E8E70020E6E70120E4E71020F8
:10D26000E2E70F20E0E70220DEE70E20DCE71220F5
:10D27000DAE71420D8E71520D6E71620D4E71720E0
:10D28000D2E71820D0E71320CEE7000010B50548FC
:10D290000078002802D0FFF799FF10BD024800680F
:10D2A000FBE7000051000020B40000202E20704752
:10D2B00070B505460C46002D01D0002C04D1002C81
:10D2C00001D00020207070BD142229462046F5F7B9
:10D2D000F6FF0020207500BFF5E7F8B505460E46BD
:10D2E00017460024002D01D0002E01D10020F8BDEA
:10D2F000AC68002F0AD000E02468002C10D0304623
:10D30000216AF5F7FAFF0028F6D109E000E0246869
:10D31000002C05D03046216AFDF746FA0028F6D1E8
:10D320002046E4E71CB510A16846F8F7D5FEFFF7E4
:10D3300027F868460078002802D00198002803D119
:10D3400000200C4908701CBD0198FFF71BFB044628
:10D35000002C02D107490870F5E720222146054834
:10D3600006F08FFD0348EEE741542B434943434900
:10D3700044000000880F00201CB5154800780528DF
:10D3800003DB0020134908701CBD13A16846F8F7A1
:10D39000A3FEFEF7F5FF0198FFF714FB0446002CEF
:10D3A0000CD10C4908700A480078052804DA0848AE
:10D3B0000078401C064908700020E5E7202221463D
:10D3C000044806F05EFD0020014908700148DBE7D3
:10D3D000DD040020A80F002041542B4347534E008A
:10D3E00010B504A005F0C4F8002006490870FFF746
:10D3F00009F910BD41542B434D51545444495343F2
:10D400003D3000004A04002010B503A005F0B0F83C
:10D410000648FAF723FA10BD41542B43534F433DBE
:10D42000224D7373222C313234300000A861000089
:10D43000F8B50446002C02D02078002801D1002045
:10D44000F8BDFBF7ABF9204605F092F800250F4F29
:10D45000FF20F530009013E0FF20F530F7F764FB74
:10D46000FF35F5350A4E0BA13046F5F714FF0028BD
:10D4700005D109A13046F5F70EFF002800D002E0E3
:10D4800002488542E8DB00BF0120D9E7983A000056
:10D49000600B00204F4B00004552524F52000000DD
:10D4A000F8B504460D461048066807680F4880889E
:10D4B00000900FE00D4881880098814204D00B480D
:10D4C000808800900848076807480068C01BA04291
:10D4D00000D304E004480068801BA842EAD300BFE0
:10D4E000FBF75CF9F8BD0000A4000020600C0020F0
:10D4F00070B50546002D02D02878002801D1002003
:10D5000070BD2C460EE0AC4209D020462038C07FCA
:10D510000D2804D020462038C07F0A2801D10120E0
:10D52000EEE7641D03A12046F5F7B5FE041EEAD11F
:10D5300000BFE5E74552524F5200000070B5054666
:10D54000002D02D02878002801D1002070BD0222D1
:10D5500019A12846F5F7E8FE00280AD1A878002886
:10D5600005D0A8780D2802D0A8780A2801D101207A
:10D57000ECE72C4617E0AC4209D020462038C07FAB
:10D580000D2804D020462038C07F0A280AD1A07870
:10D59000002805D0A0780D2802D0A0780A2801D153
:10D5A0000120D3E7A41C04A12046F5F774FE041E55
:10D5B000E1D100BFCAE700004F4B000010B50446A0
:10D5C0002046FFF7BBFF002804D12046FFF790FF5D
:10D5D000002801D0012010BD0020FCE7FFB581B07C
:10D5E0000F46012675E0B1000498445820782D2894
:10D5F0006ED160782D2805D1A21C3AA1019802F0C5
:10D6000055F865E065782946384600F09BFB002810
:10D6100057D0702D0CD006DC622D2ED0632D4BD050
:10D62000652D4DD149E0732D19D0742D48D13BE0C3
:10D63000A01C05F0FDF804462078302803D12D48C1
:10D64000F8F70CFD0AE02078312803D13220F8F7F2
:10D6500005FD03E028A1019802F028F830E000F071
:10D6600053FB002801D02DA000E02DA002462EA1E2
:10D670000090019802F01AF822E0A01C05F0D8F8FA
:10D6800004462078302803D100202B4908700AE096
:10D690002078312803D101202749087003E027A111
:10D6A000019802F003F80BE0F8F780F801460090CB
:10D6B0002BA0FBF723FC03E002E0F7F7A9FF00BF74
:10D6C00006E02A4627A1019801F0F0FF05B0F0BD61
:10D6D000761C0398864286DB2BA1019801F0E6FFB9
:10D6E00000BFF3E74C6F6E67206F7074696F6E2038
:10D6F00025730A00C40900004552524F523A202DAA
:10D7000070206F7074696F6E2073706563696679DD
:10D710002030206F7220310A0000000055500000B8
:10D72000444F574E0000000047534D20706F7765FF
:10D730007265642025730A00140200204552524F7E
:10D74000523A202D62206F7074696F6E207370657D
:10D75000636966792030206F7220310A0000000072
:10D7600025640A004552524F523A20496E76616C48
:10D7700069642073686F7274206F7074696F6E20B3
:10D780002D25630A00000000210A000002480068FD
:10D790000249086070470000A4000020E004002057
:10D7A000F7B584B007460C46474903C90391029078
:10D7B0000398002804D0002C02D02078002805D13E
:10D7C000039902987960386007B0F0BD0120FBF73B
:10D7D00039F9FF2101310398F5F752FD00203B494B
:10D7E000087072B62046F5F781FD80B201460190BF
:10D7F0002046FBF7A5F862B6022135A0FBF7A0F89A
:10D800003448FAF72BF80A210698F5F7B7FC0546D5
:10D81000002D00D10125002645E02C480078002885
:10D8200003D12D48FAF71AF83DE000202749087087
:10D830001BE02A4840882A49095C3046761C039A36
:10D84000115426494988481CC117090E09180912A4
:10D850000902411A8AB221494A8072B61F4880885B
:10D86000401E81B21D48818062B61C488088002815
:10D8700001DDFF2EDDDB0020039988550398FFF7BB
:10D880009DFE00280ED00398FFF758FE69460872E7
:10D89000087A002802D0FFF779FF02E00020114942
:10D8A000086004E000BF28466D1E0028B5D100BF07
:10D8B0006846007A002801D10A4908600399029855
:10D8C0007960386000BF7FE71C4B0100C004002076
:10D8D0000D0A00008813000010270000600C0020D3
:10D8E000600B0020E004002010B5044621480078B9
:10D8F0000300FBF772FB06040E162830383C002CA0
:10D9000006D100F001FA002802D00120FEF77AFECD
:10D910002DE0012C04D102F005F90020FEF772FE83
:10D9200025E0002C09D114480078002805D00320F8
:10D93000FEF768FEFEF72AF904E0012C02D1002070
:10D94000FEF760FE13E0002C04D0012C02D1002071
:10D95000FEF758FE0BE0012C04D10520FEF752FE25
:10D96000FFF73EFD03E0012C00D000BF00BF00BF69
:10D9700010BD000088040020F201002010B504460C
:10D98000184800780300FBF728FB0A0E060A2A1243
:10D99000161A1E22262A204605F038FE20E02046D0
:10D9A00005F04AF81CE0204605F0ECFE18E02046A1
:10D9B00005F0C4FD14E0204605F0CEFE10E0204640
:10D9C00005F0A4FF0CE0204605F082FF08E02046A9
:10D9D00005F0EEFF04E0204605F04EFD00E000BF3C
:10D9E00000BF10BDF20100201148017B1148124A0E
:10D9F00012789200815000210F4A52789200815093
:10DA00000D4A9278920081500C488078022807D104
:10DA10000748017B0748084AD2789200815005E008
:10DA200000210448044A9278920081507047000017
:10DA3000674A010018A00540744A0100C006002092
:10DA4000FCB504460D460026002001900027622DFB
:10DA500008D0672D03D0722D06D1012604E00120E5
:10DA6000019001E0012700BF00BF00973246214628
:10DA70000248019B04F02AFEFCBD0000C00000200B
:10DA8000FCB504460D460026002001900027622DBB
:10DA900008D0672D03D0722D06D1012604E00120A5
:10DAA000019001E0012700BF00BF009732462146E8
:10DAB0000248019B04F00AFEFCBD0000CC060020D9
:10DAC00010B50C210F48F8F75FFF04460121C90487
:10DAD0000C48F8F7B5FE002804D00121C904094814
:10DAE000F8F7A0FE04202040002806D10648007860
:10DAF000002805D10549087002E00120024908709C
:10DB000010BD000000800440A6040020AA040020EC
:10DB100010B50C210F48F8F737FF04460121C9045E
:10DB20000C48F8F78DFE002804D00121C9040948EB
:10DB3000F8F778FE04202040002806D10648007837
:10DB4000002805D10549087002E00120024908704B
:10DB500010BD000000900440B6040020BA0400206C
:10DB600070B505460E461320FBF756FA002405E073
:10DB700006480068005D2855601CC4B2701EA042B3
:10DB8000F6DC1320FBF7A8FA70BD0000200B002084
:10DB900070B505460E460021701E29541320FBF770
:10DBA0003BFA002405E0285D054949680855601CDA
:10DBB000C4B2B442F7DB1320FBF78EFA70BD00004D
:10DBC000200B002070B505460E461420FBF734FAF2
:10DBD000002405E006480068005D2855601CC4B2BA
:10DBE000701EA042F6DC1420FBF786FA70BD000020
:10DBF000400B002070B505460E460021701E2954CA
:10DC00001420FBF719FA002405E0285D054949684E
:10DC10000855601CC4B2B442F7DB1420FBF76CFA61
:10DC200070BD0000400B002070B505460E4614463E
:10DC300031462846F6F7CEF906D821462846F6F7AB
:10DC4000BFF901D8012070BD0020FCE710B500200D
:10DC50000E4948638863C86308600872C860086139
:10DC6000486148608861C8610021084801624162DA
:10DC7000816220210648F5F703FB05490348C1628C
:10DC80000021016300200149086410BD7C0A0020C6
:10DC90005C0A0020F8B50B30C608F600104D19E0FC
:10DCA0002068B04215D3B0420BD96368871B201D92
:10DCB0000093F5F7CCFAA019009B07604360286039
:10DCC00004E060682860201DF5F7C1FA201D266079
:10DCD000F8BD251D2C68002CE2D10020F8BD000005
:10DCE000D805002010B5F7F745FD0446601C002854
:10DCF00002D1F7F7BBFD04E00248844201DDF7F7EB
:10DD0000B5FD10BD8C05000010B540210448F8F7A2
:10DD10005CF80446002C01D1012010BD0020FCE776
:10DD200000200B4005480078002803D10448007803
:10DD3000002801D0012070470020FCE7A604002045
:10DD4000B604002030B502460B469C205043094DD6
:10DD5000441900210AE00C20484325460C3540199F
:10DD6000007A984201D1012030BD491C0C29F2DB18
:10DD70000020F9E718020020F8B504460F46002CF1
:10DD800000D1F8BD2046FCF7BCFB002805D020469A
:10DD9000FCF7DAFB38700120F3E72046FCF7BEFB06
:10DDA00000280DD000221346A5692846E169F6F740
:10DDB000C3F801D0012000E0002038700120E0E726
:10DDC0002046FCF7B6FB00282FD0206900282CD075
:10DDD000256917A12846F5F790FA00280BD016A15F
:10DDE0002846F5F78AFA002805D015A12846F5F748
:10DDF00084FA002802D101203870C2E711A1284618
:10DE0000F5F77BFA00280BD010A12846F5F775FA34
:10DE1000002805D00FA12846F5F76FFA002803D196
:10DE2000002038700120ACE700BF0020A9E7000007
:10DE300074727565000000005452554500000000E2
:10DE40003100000066616C736500000046414C5370
:10DE5000450000003000000070B504460D46002C5F
:10DE600000D170BD2046FCF759FB002807D0A269FD
:10DE70001046E169F6F728F828600120F1E720460E
:10DE8000FCF757FB002808D02069002805D020693E
:10DE9000F5F75CFD28600120E3E70020E1E7F8B535
:10DEA00005460C461646002D04D031462846FCF7A0
:10DEB0001FFB00E000200746002F06D1002C04D0F5
:10DEC00031462046FCF714FB07463846F8BD70B5CE
:10DED00004460D46002C07D02046FCF72AFB0028FC
:10DEE00002D02069002801D1002070BD206928607F
:10DEF0000120FAE7F8B507460C4615461E46694666
:10DF00003846FFF7A9FF002806D10BA23146284664
:10DF1000FBF704F80020F8BD0098002806DA0EA2EE
:10DF200031462846FAF7FAFF0020F4E700986060CF
:10DF30000120207200BFEEE76475726174696F6E34
:10DF400053206D75737420626520696E742F73742D
:10DF500072696E67000000006475726174696F6EAB
:10DF600053206D757374206265203E3D20300000A3
:10DF7000F8B507460C4615461E4669463846FFF773
:10DF80006BFF002806D10CA231462846FAF7C6FFDF
:10DF90000020F8BD0098002802DB00980A2806DD62
:10DFA0000CA231462846FAF7B9FF0020F1E70098A5
:10DFB00020600120EDE700006D6178506F77657299
:10DFC000206D75737420626520696E742F7374728E
:10DFD000696E6700696E76616C6964206D61785066
:10DFE0006F7765722028302D31302900FFB589B058
:10DFF0000025ED432F462846079000200590049009
:10E0000003900290012001906CE0019881000C982F
:10E01000445820782D2862D160782D2805D1A21C83
:10E020005FA1099801F042FB59E0667831460A98F1
:10E03000FFF788FE00284CD0632E1CD006DC302E63
:10E0400030D0312E31D0622E42D131E0722E02D04A
:10E05000732E3DD11EE0A078002805D154A1099867
:10E0600001F024FB0DB0F0BD06A9A01CFCF72DF8B3
:10E07000069845B22CE0A078002804D159A109984F
:10E0800001F014FBEEE706A9A01CF9F7E9F80698E1
:10E0900047B21DE008A9A01CF9F7E2F85E4806F0B7
:10E0A0007BFC15E00120029012E0022002900FE0BC
:10E0B000204604F0BDFB044607A92046FCF705F8FE
:10E0C0000446204604F0B4FB041E00D000BF00BF8D
:10E0D00005E0324651A1099801F0E8FAC2E701983B
:10E0E000401C01900B99019888428EDB681C002827
:10E0F0001CD0002D16DB102D14DA0298012804D153
:10E10000E8B20021F8F7B2FF10E00298022804D12B
:10E11000E8B20121F8F7AAFF08E049A1099801F047
:10E12000C5FA03E054A1099801F0C0FA002F31DBD1
:10E13000012F04DD5BA1099801F0B8FA2AE0E11C87
:10E140000C46084604F074FB044619E02078F5F705
:10E1500072F8522802D10120059010E02078F5F7DE
:10E160006AF8472802D10120049008E02078F5F7EA
:10E1700062F8422802D10120039000E003E0641C11
:10E1800020780028E2D100BF3846039B049A059905
:10E19000F8F792FF50A1099801F088FA00BF61E7F3
:10E1A0004C6F6E67206F7074696F6E2025730A0064
:10E1B0004552524F523A206E6F20726564206C6552
:10E1C000642076616C756520737065636966696546
:10E1D0006420666F72206F7074696F6E202D720AF2
:10E1E000000000004552524F523A206E6F205247B5
:10E1F00042206C6564206E756D6265722073706577
:10E2000063696669656420666F72206F7074696FF8
:10E210006E202D630A000000B82200004552524FC4
:10E22000523A20496E76616C69642073686F72742B
:10E23000206F7074696F6E202D25630A0000000046
:10E240004552524F523A206D757374207370656356
:10E25000696679202D3020286F666629206F72202C
:10E260002D3120286F6E2920666F72202D72206F4D
:10E270007074696F6E0A00004552524F523A20493D
:10E280006E76616C6964204C4544206E756D6265E4
:10E290007220666F72202D72206F7074696F6E0A23
:10E2A000000000004552524F523A20496E76616C90
:10E2B000696420524742204C45442020666F7220FA
:10E2C0002D63206F7074696F6E2C2075736520301C
:10E2D000206F7220310A0000210A00000EB5FFF7FE
:10E2E000B5FCF7F7BDFFF8F72DF9F7F725FCF6F7C2
:10E2F000E9FBF6F7B9FCF7F779FDF9F739FBF8F721
:10E300009EFFFAF761FAFAF705FCF8F7B1FDF9F7A5
:10E3100007F80120F8F7F2FFFEF7C4F8FFF7E2FC78
:10E32000F6F7E0FAF7F790F8F9F76AFAF9F753F920
:10E33000F7F724FA01214903FA48F7F74FFD0121C5
:10E340008903F848F7F74AFDF7A0F8494861F6A0B5
:10E350000861F7A0FAF7D2FDFEE3F848007800283C
:10E360002BD16421F6480068F4F708FF002905D195
:10E37000F4480068F249096888420BD1F2480078F5
:10E38000002807D1F1484078032803D0F0484078AE
:10E39000032812D16421EA480068F4F7EFFE00294F
:10E3A00009D1E8480068E6490968884203D0E44892
:10E3B0000068E4490860FEF775F8F7F7A1FDE54845
:10E3C000007804280FD1E4480078002808D002E043
:10E3D000E248FCF77FFCE04800780028F8D102E032
:10E3E000DE48FCF777FCD548007800280BD0DC48E5
:10E3F000807A002805D1DB48807A002801D1F7F720
:10E40000F5FE05F03FFFD3480078022803D0D1483D
:10E410000078052877D1C821C9480068F4F7AEFE16
:10E420000029F7D1D0480068C549096888426AD0F8
:10E43000C3480068CC490860C948807A002803D1E5
:10E44000C848807A002849D0C8480078002803D1FD
:10E45000C348807A002807D1C4480078012805D134
:10E46000C048807A002801D0012000E00020054645
:10E47000002D13D0BE48807802280FD1BB48007809
:10E48000002802D1B148807801E0B1488078044684
:10E49000082C02D0204606F0ADF91EE0B448807882
:10E4A000022812D1AF4A1178AD4A107806F0DCF993
:10E4B000AE490978002902D1A949098801E0A94992
:10E4C0000988C8B2F8F74CFE07E0A0488078082811
:10E4D00003D09E49887806F08DF900BFA5480078E2
:10E4E00000281FD09E48807A00281BD19D4A1178B1
:10E4F0009B4A107806F0B8F99C490978002903D1A5
:10E500009749098802E038E096490988C8B2F8F7C7
:10E5100027FE93480088002804D0914801880020F5
:10E5200004F0DCF99448007800281ED08D48807AE9
:10E5300000281AD18B4A1178894A107806F094F98C
:10E540008A490978012902D18649098801E084496C
:10E550000988C8B2F8F704FE82480088002804D071
:10E5600080480188012004F0B9F97D48807A81490A
:10E5700008707C48807A8049087005F013FDFBF72D
:10E5800051FEFBF707FE02F003FAFCF741FA05F033
:10E5900003FFFEF7B1FA05F0DFFDF7F7B1FC7748AE
:10E5A0000078002805D06B480078002801D103F0DE
:10E5B000C5FAFFF7A9FB7249087003F0C9FE02F023
:10E5C000F1F87048006B10210840002801D0FAF7DC
:10E5D0008DFCF7F703F802F09BFDFCF70DF901F055
:10E5E0001DFA01F081F9FDF701FA01F03FF8F7F7A4
:10E5F00087FCFFF797FB002803D1504800780028DC
:10E6000029D061480078002816D06048007800289A
:10E6100012D05F48007800280ED05E4800780028AD
:10E620000AD05D480068401C002808D05A4800689D
:10E63000401C5949086002E00020574908605648CC
:10E6400000687D21C900884201D3012000E000203C
:10E650005249087004E000204F4908604F49087093
:10E660004F480078012827D14EA24FA13B4803F024
:10E67000AFFF4E480078022803D10020FFF734F99D
:10E6800017E04A480078002803D04848007801285D
:10E6900003D10A20FDF768FA0BE04448007804280B
:10E6A00007D12C480078002803D067210120FFF70C
:10E6B000E7F900203A4908703D480078012830D138
:10E6C0003C484079002807D13B48007800287DD09D
:10E6D0003A480078002879D0F7F74CF800287DDD1B
:10E6E00034480079002802D0012876D170E03448FF
:10E6F0000078002814D133480068002805D032483B
:10E70000006830490968401A00E00F2004460F2CC9
:10E7100005D32D4800682B49086002F02FF800BF90
:10E720005BE067E000200B404E4100007C0A0020C7
:10E730004154454320434C490A000000BE000020DC
:10E74000A400002020000020B6040020EA080020D9
:10E75000FA080020F201002014020020000004400A
:10E760000A090020160900201C0000208C0100204E
:10E77000C0060020240000202500002063000020A7
:10E7800089000020008008407200002073000020F3
:10E790007400002075000020780000205400002044
:10E7A000BA0100204F4B00004154000088040020B3
:10E7B000BB010020000500202C0500202D050020B5
:10E7C0008904002014000020B400002008E005E0C7
:10E7D00003F0E0FA00F03CFF00BF01E000F082FD32
:10E7E000FBA2FCA1FE4803F0F3FEFE4908700020E6
:10E7F000FD490870FD48007801281AD1FC480078CE
:10E80000042808D167210120FFF73AF903F012F933
:10E8100005F05EFB08E072210220FFF731F906F0F7
:10E820000BF80520FBF74AFD05F0AEFB0020EF4991
:10E830000870F7F765FBFFF767FA0446002C0DD068
:10E84000EC480078002809D1E9480078002805D173
:10E850000520FDF789F90120E7490870E5480470B3
:10E86000E6480078002808D0E5480078002804D061
:10E8700005F0FAFC0020E1490870FFF745FA00288E
:10E880007ED0E04EE04F0024E0480078002832D0EF
:10E89000DF480068314688422DD3DD48006839469C
:10E8A000884228D80025DB480068002809D0D948CC
:10E8B00000683146884204D3D64800683946884209
:10E8C00001D9012510E0D348D3A214210368D3480D
:10E8D000FAF724FBD148F4F709FDD149086008464E
:10E8E00000680A2800D20125002D03D0C84800681E
:10E8F000C849086000BFCB480078002816D1052120
:10E90000C9480068F4F73AFC00290FD1C6480068EE
:10E91000C6490968884209D0C3480068C3490860ED
:10E92000C3480068C3490860FAF73AFDB94800686F
:10E9300000281AD0B748B8A214210368B748FAF7DC
:10E94000EDFAB648F4F7D2FCB5490860B148006862
:10E95000AC49884209D3AF480068AB49884204D823
:10E96000AF4800680A2800D30124002C14D0AD4819
:10E97000007800280BD1A7480068AF49086000E084
:10E9800013E0FDF713FD0120A64908700CE0A14833
:10E990000068A949086007E09E480068002803D085
:10E9A000A14800689B49086000BFA448007800287F
:10E9B00048D1FFF7A9F9002844D005219A480068FA
:10E9C000F4F7DCFB00293DD1974800689C490968B1
:10E9D000884237D09448006899490860FEF7A2FC45
:10E9E0009849086008460068002806D196A0974913
:10E9F000086100209149087024E092480068F4F70B
:10EA000075FC9349086008460068142803D000206C
:10EA10008A49087016E08F498A480068FEF748FC6A
:10EA20008C48FBF737FB002806D00120834908708B
:10EA300088488649086105E083A084490861002070
:10EA40007E4908708448007900282FD1FFF75CF9CF
:10EA500000282BD0052174480068F4F78FFB0029AB
:10EA600024D1714800687D49096888421ED07348E6
:10EA7000007800281AD06C4800687849086001A81E
:10EA8000FDF75AFE7448029A019906C008380079C9
:10EA900000280BD070480068002807D06E48006836
:10EAA0006F49086008460068684948616A4800790B
:10EAB000002802D164A065494861674800790028B0
:10EAC00039D068480078002835D10A2156480068B6
:10EAD000F4F754FB00292ED15348006862490968B5
:10EAE000884228D042480078042824D14E48006843
:10EAF0005D49086001205B490870F9F7A3FF03F046
:10EB000057F85A480078002815D15948407900280C
:10EB100007D15848007800280DD0574800780028C1
:10EB200009D0F6F727FE002803D05148007C0028C2
:10EB300001D100F0D7FB514800685149096888426B
:10EB400039D04A480078002835D04C4800684C49F4
:10EB50000968441A4B4800E09DE30078012812D16F
:10EB6000C82C10D341034848F6F7E4FF012189037C
:10EB70004548F6F7DFFF0020424908703F4800682B
:10EB80003F49086016E03F480078002812D1142C55
:10EB900010D3012149033C48F7F720F901218903EB
:10EBA0003948F7F71BF901203649087033480068E7
:10EBB0003349086000BF2D480078002803D033484F
:10EBC0000088002802D1002031494870274861E0C0
:10EBD0004F4B000041542B4353434C4B3D320000FC
:10EBE0000000044056000020BB010020BC010020B2
:10EBF00088040020A0000020520000208A0000208D
:10EC00008900002080857467005786F4EC0400209A
:10EC1000E8040020B0000020256C7500F9050020F4
:10EC20005C00002051000020B40000202C000020D7
:10EC3000A400002010000020EC0100205300002060
:10EC400030000020480000204E4100007C0A0020D7
:10EC500058000020E405002080000020340000203F
:10EC60004C0000205500002038000020F201002058
:10EC7000000500202C0500202D050020A800002004
:10EC8000280000206100002000200B400A0900201D
:10EC9000750100200078002803D0FE480088002875
:10ECA00002D10020FC4948700821FC48FEF770FFA3
:10ECB0000821F948FEF79EFF002009E0F849095CA9
:10ECC000F84A1154F849095CF84A1154411CC8B279
:10ECD0000B28F3DBF248C07BF5490978884203D062
:10ECE000F3480078002871D1F248007800286DD0F0
:10ECF000F0480078042869D0EF480078002865D1F2
:10ED0000EC480078022803D0EA480078052856D15C
:10ED1000E348807800281BD0E1488078012817D08C
:10ED2000DF488078022813D0DD48807803280FD090
:10ED3000DB48807804280BD0D9488078052807D094
:10ED4000D7488078062803D0D5488078072836D160
:10ED5000DA480078002803D0D9488078012804D107
:10ED6000CF49887805F046FD05E0CA4A1178D54AB2
:10ED7000107805F079FDD4480078002806D1D348F2
:10ED80000068D1494860012008701FE0CE48406803
:10ED9000CE490968081AFF21F531884216D3CA48BE
:10EDA0004078002812D1BE488178C9480068FBF736
:10EDB000A7F80120C44948700020087006E0002030
:10EDC000C043C1494860002008704870BC48807842
:10EDD00002286BD10020B649087000BF07E0B24995
:10EDE000095CB34A12788918B14A1170401C0F2887
:10EDF000F5DBAD48C07BAE490978884203D0AC480A
:10EE00000078002873D1AB48007800286FD0A9485B
:10EE1000007804286BD0A8480078002867D1A5485E
:10EE20000078022803D0A3480078052858D19E48CE
:10EE3000807800281BD09C488078012817D09A48F9
:10EE40008078022813D09848807803280FD09648FD
:10EE5000807804280BD094488078052807D0924801
:10EE60008078062803D090488078072838D19348C6
:10EE70000078012804D18C49887805F0BBFC05E0B6
:10EE8000844A11788F4A107805F0EEFC8648817824
:10EE90008F480068FBF734F88E480078002806D1C8
:10EEA0008A4800688B494860012008701FE0894843
:10EEB000406886490968081AFF21F531884216D34F
:10EEC00084484078002812D17748817880480068CB
:10EED000FBF716F801207F4948700020087006E013
:10EEE0000020C0437B4948600020087048707D21A5
:10EEF000C90079480068F4F741F9002913D177482F
:10EF000000687549096888420DD0734800687349E4
:10EF10000860FEF7D5FD6A488078022802D1FEF726
:10EF2000F7FD00E000BFFA216B480068F4F726F90E
:10EF3000002933D1694800686749096888422DD0A3
:10EF40006548006865490860654800786549097842
:10EF5000884216D05A488078022809D16048007843
:10EF600061490978884201D0012002E0002000E0D8
:10EF70000120002805D05A480078401C58490870E4
:10EF800000E000BF56480078032804DB0020544905
:10EF90000870012000E000205449087045480078BE
:10EFA00000286CD044480078002868D04148007898
:10EFB000042864D067210020FEF742FD672100206D
:10EFC000FEF75EFD01204A490870FBF773FE002141
:10EFD0000C20F8F74BF800210F20F8F747F8002134
:10EFE0000B20F8F743F800210D20F8F73FF8002137
:10EFF0000E20F8F73BF8F8F7DFF8002025490880E5
:10F00000C87008718870487288722E490880C8706C
:10F01000087188704872887229488078022801D166
:10F02000012000E003201D490870002048700220E4
:10F030001D49087000201849487000BF07E00022F1
:10F040002049491D0A541349491D0A54401C0428EB
:10F05000F5DB2848FCF7D6F92748FCF7D3F9002060
:10F06000FDF70CFB25484079002801D000F03AF963
:10F0700023A22449244803F0ABFA244908701D4810
:10F08000807B002803D11C48807B00287ED0002094
:10F0900047E00000160900207D01002075010020D6
:10F0A000EA0800200D060020FA08002018060020BB
:10F0B00064000020F2010020540000208C01002098
:10F0C000C00600200A0900208C000020B4000020A7
:10F0D000B000002094000020A400002018000020B0
:10F0E00070000020AA040020BA0400207100002053
:10F0F000AC010020C4010020D40100200005002044
:10F100004F4B0000D4EB00000000044056000020EC
:10F110006249095C624A11546249095C624A1154AD
:10F12000401C0B28F4DB6149098888B20B225C493A
:10F13000F6F774F95E4908605C49098888B20B22C9
:10F140005949F6F76BF95B4908605B48807B0028FA
:10F1500009D05248C07A00025049097B08435449FB
:10F16000096888420DD05548807B002866D04D48FC
:10F17000C07A00024B49097B08434E49096888421E
:10F180005CD1002645484079002800E056E003D1D4
:10F1900044484079002836D049488078022823D155
:10F1A0003E49497B09023D4A527911430846F4F72A
:10F1B00043FE8721C9050090F4F76BFC07463949E7
:10F1C000497B0902374A527911430846F4F734FE65
:10F1D0008721C9050090F4F75CFC0190384601993D
:10F1E000F4F7C1FB06460EE02C49497B09022B4A85
:10F1F000527911430846F4F71FFE07468721C905D7
:10F20000F4F747FC06462548C078040223490979EB
:10F210000C432448C0780502224909790D43002C8B
:10F2200003D02046F4F713FE02E02846F4F70FFE61
:10F2300002903046029901F003FB00BFFF2101312B
:10F240002048F6F7C2FD20490870012149021D48F7
:10F25000F6F7BBFD1D49087080211D48F6F7B5FD86
:10F260001C490870FF2101311948F6F7AEFD1A4913
:10F27000087004211648F6F7A8FD012800D100E027
:10F280000020164908701648006B1021084000281D
:10F2900001D0F9F72BFEFFF760F80000EA08002024
:10F2A0000D060020FA08002018060020BC040020EB
:10F2B000680000206C000020C4010020D401002060
:10F2C000C006002000400B407200002073000020A8
:10F2D00000200B4074000020750000207C000020FE
:10F2E0000080084010B508A003F042F90AA003F01E
:10F2F0003FF90DA003F03CF900200F4908700F49B9
:10F300000870FDF77FF910BD41542B434D51545403
:10F31000444953433D30000041542B434D51545414
:10F3200052454C3D3000000041542B434D51545444
:10F3300053544F50000000004B0400204A040020AA
:10F34000FFB5A1B00746FBF773F81F901F98002880
:10F3500001D125B0F0BD2298F4F780FD02460B469E
:10F360000391029084A11F98FAF7E2FF83A1239AE8
:10F370001F98FAF7B1FFF6F719FA1E901E98F4F7E6
:10F3800081FD02460B46039102907DA11F98FAF77A
:10F39000CFFF002F70D07BA13846F3F7AEFF0028D7
:10F3A00005D079A13846F3F7A8FF002864D1FBF710
:10F3B0003FF80646002E04D11F98FBF763F80020A3
:10F3C000C7E772490868F4F749FD02460B46019108
:10F3D00000906FA13046FAF7ABFF6C498869F4F7EB
:10F3E0003DFD02460B46019100906AA13046FAF7B6
:10F3F0009FFF66480079002801D167A000E067A060
:10F40000024669A13046FAF7B1FF6048407900280A
:10F4100001D166A006E05D484079012801D166A0CF
:10F4200000E068A0024669A13046FAF79FFF5749FD
:10F430008868F4F713FD02460B460191009064A121
:10F440003046FAF775FF5149C868F4F707FD0246E0
:10F450000B46019100905FA13046FAF769FF4B48D7
:10F46000807C002801D0012000E000204749497C31
:10F47000002902D0012101E026E000210091019045
:10F480004248007C002801D0012000E00020034613
:10F4900051A2062102A8F9F741FD02AA51A1304666
:10F4A000FAF764FF3949C869F4F7D8FC02460B46FD
:10F4B000019100904CA13046FAF73AFF32464BA139
:10F4C0001F98FAF725FF00BF1F98FBF7D1F80546F4
:10F4D0001F98FAF7D7FF002D01D1002039E745A288
:10F4E000202116A81E9BF9F719FD16A8F3F7FEFEBA
:10F4F00015902846F3F7FAFE1490012440A241A18A
:10F50000414803F065F8044040A2402104A8159B3F
:10F51000F9F704FD42A204A93B4803F059F804405E
:10F5200037A216A9384803F053F804403DA2402101
:10F5300004A8149BF9F7F2FC39A204A9324803F09D
:10F5400047F804402EA229462F4803F041F8044012
:10F550003AA2402104A8249BF9F7E0FC28A204A9C0
:10F56000294803F035F804402846F9F7E7FEF9F793
:10F5700015F92046EDE60000636964006F6B00003A
:10F58000736964007075000072700000000500204F
:10F590006B61000070730000616C6C0065737365D3
:10F5A0006E7469616C000000706D0000616C7761C1
:10F5B00079735F6F6E0000006F6E5F64656D616EE2
:10F5C000640000006F6E636500000000637300005C
:10F5D0006D7000006D7069002564582564582564BD
:10F5E0000000000043454D006E636200706172616F
:10F5F0006D730000726573702F256C75000000003C
:10F600004F4B0000415400000000044041542B4384
:10F610004D515454544F5049433D302C257A750078
:10F620003E00000041542B434D5154545041594C1D
:10F630004F41443D302C257A7500000041542B4346
:10F640004D5154545055423D302C25642C363000D9
:10F6500000200349087003480068034908607047A8
:10F6600080040020A40000207C04002000B50B488A
:10F670000078002810D10A48006800280CD00948FA
:10F68000006807490968084A8918884204D3F7F7CF
:10F69000B1FD01200149087000BD00008004002078
:10F6A0007C040020A4000020701700000FB4F0B507
:10F6B00087B00EA80690A2E00D980078252872D198
:10F6C0000D98401C0D900D98007873280CD1069869
:10F6D00010C8069004E021780C9800F0CFF8641C64
:10F6E00020780028F7D187E00D980078632807D1AB
:10F6F000069810C80690E1B20C9800F0BFF87BE0C5
:10F700000D98007864282BD1069810C806902546DD
:10F710000026002D01D1012608E005E0761C0A2113
:10F720002846F3F741FD0546002DF7D1771E0DE081
:10F730000A212046F3F738FD3031C8B201A9C85577
:10F740000A212046F3F730FD04467F1E002FEFDA32
:10F75000002001A9885501A80C9900F05BF84BE046
:10F760000D98007878281FD10824069820C80690A4
:10F77000601E0EE02907090F303101AA115401A9BA
:10F78000095C392903DD01A9095CC91D11542D113A
:10F79000401E0028EEDA002001A9085501A80C99A6
:10F7A00000F038F828E022E00D980078682823D18E
:10F7B0000224069820C80690601E0EE02907090F53
:10F7C000303101AA115401A9095C392903DD01A9CD
:10F7D000095CC91D11542D11401E0028EEDA0020CD
:10F7E00001A9085501A80C9900F014F804E00D983F
:10F7F00001780C9800F042F80D98401C0D900D987F
:10F800000078002800D057E7069007B0F0BC08BC8D
:10F8100004B0184770B504460D4604E02178284628
:10F8200000F02CF8641C20780028F7D170BD00008F
:10F8300070B505460F4885420AD1F9F74FFA0446DC
:10F84000601C002801D1401E70BDE4B22046FBE7D9
:10F85000094885420AD1F9F7BDF80446601C002822
:10F8600001D1401EF0E7E4B22046EDE70020C0439E
:10F87000EAE70000000004400010004073B50546B0
:10F880001648854212D1164E09E0F9F711FA0446DE
:10F89000002C00DD04E0701E061E00DC00E0F4E732
:10F8A00000BF012101A8F9F751FA15E00D48854282
:10F8B00012D10B4E09E0F9F777F80446002C00DD71
:10F8C00004E0701E061E00DC00E0F4E700BF01212A
:10F8D00001A8F9F7D7F800BF7CBD00000000044084
:10F8E000102700000010004000B587B03C480078A9
:10F8F000042801D007B000BD3A480068002804D1B0
:10F900003948006837490860F4E7374800683549E6
:10F910000968401A3C2800D2ECE7334800683149B6
:10F920000860FEF7F1F9002807D1FFF7DBFC00F0D3
:10F93000F9F80120FCF766FEDCE72CA105A8F6F734
:10F94000CBFB632004906846007D002808D004A902
:10F95000069800F06FF9002802D00498052807D215
:10F96000FFF7C0FC00F0DEF80120FCF74BFEC1E71A
:10F9700020490498086400F0F5F8002807D1FFF743
:10F98000B1FC00F0CFF80120FCF73CFEB2E71AA171
:10F9900002A8F6F7A1FB6846007A002809D0039870
:10F9A000002806D017A10398F3F775FC002800D0B3
:10F9B000A0E717A16846F6F78FFB68460078002895
:10F9C00004D0019800F064F9002806D1FFF78AFC02
:10F9D00000F0A8F80120FCF715FE00BF8AE7000040
:10F9E0008804002098040020B400002041542B43D8
:10F9F000535100007C0A002041542B4E45544F5077
:10FA0000454E3F002B4E45544F50454E3A20310055
:10FA100041542B43474143543F00000010B5324846
:10FA20000078012800D010BDFEF76EF9002800D143
:10FA3000F9E72E480068002807D02D4800682B49B8
:10FA40000968401A022800D2EDE7294800682749D2
:10FA5000086000F079F900281CD0002025490870C2
:10FA6000254800780C280FDB00F05CF8234800786C
:10FA7000002803D10220FCF7C5FD04E00320FCF7B9
:10FA8000C1FDFCF783F8CEE71B480078401C1A49FB
:10FA90000870C8E717480078401C164908700846E7
:10FAA000007805281DDB0020087013480078012825
:10FAB00012DC13A002F05CFD7D20C000F5F734F8E5
:10FAC00012A002F055FD01201349087000201349CF
:10FAD000087000F027F804E0012007490870104979
:10FAE000087000BF9FE70000880400206404002025
:10FAF000B40000206204002061040020F201002014
:10FB000041542B4346554E3D3000000041542B4399
:10FB100046554E3D31000000600400204B0400209B
:10FB20006804002010B500200649087006490870D6
:10FB30000649086006490870102206A1084804F02A
:10FB4000A0F910BD610400206204002064040020BC
:10FB5000680400206F6E6F6D6F6E646F00000000B0
:10FB60006904002000B587B017A105A8F6F7B4FA1C
:10FB70006846007D002804D0069800F037F8002879
:10FB800002D1002007B000BD12A103A8F6F7A4FA25
:10FB90006846007B002806D0049800F08BF8002807
:10FBA00001D00120EEE70EA101A8F6F795FA68460C
:10FBB0000079002806D0029800F07CF8002801D0D7
:10FBC0000120DFE70020DDE741542B434741545437
:10FBD0003F00000041542B435245473F00000000C6
:10FBE00041542B43475245473F00000038B5054676
:10FBF0000BA12846F3F74FFB0446002C00D138BD7B
:10FC0000002000906A4608A12046F3F7ADFB0128CA
:10FC100003D10098012800D1F1E70020EFE70000B0
:10FC20002B43474154543A002B43474154543A2004
:10FC3000256400007CB506460C4610A13046F3F75B
:10FC40002AFB0546002D00D17CBD63200190009069
:10FC50006B4601AA0BA12846F3F786FB022801D0C8
:10FC60000020F1E7002C01D0019820600198632862
:10FC700001D00120E8E70020E6E700002B435351C4
:10FC80003A0000002B4353513A2025642C25640090
:10FC900010B5044604A12046F3F7FDFA002801D070
:10FCA000012010BD0020FCE72B43474143543A207C
:10FCB000312C31007CB5054617A12846F3F7EBFA45
:10FCC0000446002C04D116A12846F3F7E4FA0446B2
:10FCD000002C01D100207CBD0020019000906B46DB
:10FCE00001AA11A12046F3F73FFB022809D06B4679
:10FCF00001AA11A12046F3F737FB022801D000200A
:10FD0000E9E70098012802D00098052801D10120D8
:10FD1000E1E70020DFE700002B435245473A0000AF
:10FD20002B43475245473A002B435245473A20253B
:10FD3000642C2564000000002B43475245473A20BD
:10FD400025642C256400000030B591B000200F9090
:10FD5000109000248F4800780300F9F73EF90D0851
:10FD600015203A58768792A8D2DDDFE914008A4838
:10FD70000078002806D189498948FDF791FB0120C8
:10FD800085490870012400E186A10DA8F6F7A4F9C1
:10FD90000E990D9810910F9008A8047FF5E082A1AC
:10FDA0000DA8F6F799F90E990D9810910F9008A8E3
:10FDB000007F00280AD01098002807D07DA1109855
:10FDC000F3F769FA002801D0012000E00020044682
:10FDD000DBE0FDF7A7FA0546002D02D028780028C1
:10FDE00001D10024D1E0062274A12846F3F79CFA41
:10FDF000002805D1102273A1754804F042F804E0F0
:10FE0000102274A1724804F03CF80124BDE0632084
:10FE10000E9074A10CA8F6F75FF90D990C9810914B
:10FE20000F9008A8007F002807D00EA91098FFF7B0
:10FE300001FF002801D0012000E000200446002C32
:10FE400002D06A490E9808649FE0614B68A2302195
:10FE500003A8F9F763F803A901A8F6F73DF9029999
:10FE6000019810910F9008A8047F8EE066A10DA85C
:10FE7000F6F732F90E990D9810910F9008A8047FAB
:10FE800083E064A10DA8F6F727F90E990D9810915B
:10FE90000F9008A8007F002806D01098FFF7A6FE54
:10FEA000002801D0012000E0002004466DE05CA1A4
:10FEB0000DA8F6F711F90E990D9810910F9008A85A
:10FEC000007F002806D01098FFF7F4FE002801D02C
:10FED000012000E000200446002C11D153A10DA800
:10FEE000F6F7FAF808A8007D002806D00E98FFF76C
:10FEF000E1FE002801D0012000E00020044600BF00
:10FF000043E04DA10DA8F6F7E7F80E990D98109172
:10FF10000F9008A8047F38E0012436E049A10DA81D
:10FF2000F6F7DAF80E990D9810910F9001242CE055
:10FF300047A10DA8F6F7D0F808A8007D00280AD040
:10FF40000E98002807D045A10E98F3F7A4F90028D1
:10FF500001D0012419E044A10BA8F6F7BDF80C99D3
:10FF60000B9810910F9008A8007F002808D11098D6
:10FF7000002807D03FA11098F3F78DF9002801D091
:10FF8000012000E00020044600BF00BF204611B061
:10FF900030BD00006104002068040020204E0000F5
:10FFA000B80B00004154000041542B4350494E3FD0
:10FFB00000000000524541445900000038393435F2
:10FFC000373300006F6E6F6D6F6E646F000000005E
:10FFD00069040020696F742D65752E6165722E6E3F
:10FFE0006574000041542B43535100007C0A0020EB
:10FFF00041542B434744434F4E543D312C224950EA
:020000040001F9
:10000000222C22257322000041542B434741545493
:100010003D31000041542B43474154543F00000000
:1000200041542B435245473F0000000041542B43AD
:10003000475245473F00000041542B435053493F2E
:100040000000000041542B43474143543F0000004F
:1000500041542B4E45544F50454E3F002B4E455476
:100060004F50454E3A20310041542B4E45544F508D
:10007000454E0000616C7265616479206F70656E39
:100080006564000000B589B02022054901A8F3F796
:10009000DEF8202201A90348F3F7D9F809B000BD22
:1000A000FC4A010000050020F8B507460C46002672
:1000B000002000907D21C900E068884201D3002023
:1000C000F8BDE068401CE060A1682068405C5B28E7
:1000D00000D064E0A068401CA0602046FAF7CEF88B
:1000E000002C09D06168A068884205D2A168206808
:1000F000405C5D2800D147E0002C03D06168A06817
:10010000884203D3A068401EA06048E0A068401E5B
:10011000A06000BF20461030FAF721FA0546002DF6
:1001200000D13CE0002E02D12E46009504E000985C
:100130000560009868600095A068401CA06020469B
:10014000FAF79CF82146009800F06EFA002800D1DA
:1001500025E02046FAF792F8002C08D06168A068E4
:10016000884204D2A1682068405C2C28D2D0002CA0
:1001700008D06168A068884204D2A1682068405C09
:100180005D2800D00BE000BFE068401EE06020204A
:10019000F860BE60A068401CA060012090E7002EBF
:1001A00002D03046FAF76EF9002089E702460023B4
:1001B000002100BF23E0505C302806DB505C39286A
:1001C00003DC505C3038C31815E0505C412806DB76
:1001D000505C462803DC505C3738C3180BE0505C99
:1001E000612806DB505C662803DC505C5738C31876
:1001F00001E000207047032900D21B01491C04299B
:10020000D9D31846F6E70000F3B593B00C4600BF0B
:1002100000201290FDF74AF801900025002C02D032
:100220002068002802D1002015B0F0BD00253CE078
:10023000A16820684018405D34281FD009DC2B38A5
:100240000300F8F7CAFE09212F222B2F1718191ABD
:100250002F00382816D006DC352810D036280FD0CD
:1002600037281FD10DE039280DD045280FD065283B
:1002700018D10BE000BF00BF00BF00BF00BF00BF30
:1002800000BF00BF00BF00BF00BF00BF00BFA1682C
:1002900020684018405D02A9485504E002A9019871
:1002A000485500E00BE000BF6D1C3F2D06D2002C2E
:1002B00004D0A068401961688842B9D300BF00200B
:1002C00002A9485512A902A803F0F3FD06460F46FD
:1002D00002A81299884201D10020A5E71398C761AE
:1002E0008661144A144B30463946F3F739FE03D879
:1002F00012491398416111E00022114B30463946F2
:10030000F3F71AFE04D80121C9071398416105E0EB
:1003100030463946F3F7D8FD139948610821139800
:10032000C160A06802AA1299891A4018A060012031
:100330007AE700000000C0FFFFFFDF41FFFFFF7F03
:100340000000E0C1F3B581B00C46002700257D21F7
:10035000C900E068884201D30020FEBDE068401C6F
:10036000E060002C08D06168A068884204D2A168CF
:100370002068405C7B2800D084E0A068401CA0601E
:100380002046F9F77BFF002C09D06168A0688842FD
:1003900005D2A1682068405C7D2800D165E0002C72
:1003A00003D06168A068884203D3A068401EA060A3
:1003B00068E0A068401EA06000BF20461030FAF739
:1003C000CEF80646002E00D15CE0002F02D1374661
:1003D000354602E02E6075603546A068401CA0607E
:1003E0002046F9F74BFF2146284600F052F8002836
:1003F00000D147E02046F9F741FF28692862002034
:100400002861002C08D06168A068884204D2A168E5
:100410002068405C3A2800D034E0A068401CA0600E
:100420002046F9F72BFF2146284600F0FDF800286A
:1004300000D127E02046F9F721FF002C08D06168A1
:10044000A068884204D2A1682068405C2C28B4D0FF
:10045000002C08D06168A068884204D2A168206896
:10046000405C7D2800D00DE000BFE068401EE060E9
:1004700040210198C16001988760A068401CA0607D
:1004800001206AE7002F02D03846F9F7FBFF002071
:1004900063E7F3B583B00C46A16820684018461C9A
:1004A000A16820684018451C002002900027A16820
:1004B0002068405C222800D0AAE000200190009033
:1004C0000EE028785C280AD1681C2168401A61680F
:1004D000884200D39CE00098401C00906D1C6D1C6D
:1004E0002068281A6168884202D228782228E8D138
:1004F0002068281A6168884202D22878222800D011
:1005000086E0A16820684018291A0098081A01900E
:1005100021690198401C88470746002F00D177E0E9
:10052000029762E030785C2807D030780299087032
:10053000761C0298401C029057E002200190A81BF4
:10054000012800DA64E07078662819D008DC2228D7
:1005500032D02F2832D05C282FD0622840D108E03A
:100560006E2814D0722819D074281ED0752837D15F
:100570002BE00820029908700298401C029030E09D
:100580000C20029908700298401C029029E00A2071
:10059000029908700298401C029022E00D200299F6
:1005A00008700298401C02901BE009200299087014
:1005B0000298401C029014E000BF00BF70780299BE
:1005C00008700298401C02900BE002AA29463046AF
:1005D00003F020FF01900198002800D118E000E00E
:1005E00016E000BF0198361800BFAE429AD3002033
:1005F0000299087010210398C16003980761206870
:10060000281AA060A068401CA060012005B0F0BDC1
:10061000002F02D0384661698847002E02D020683A
:10062000301AA0600020F1E770B505460C46002C9A
:1006300002D02068002801D1002070BD002C14D009
:10064000A068001D616888420FD8A26821688818D8
:10065000042244A1F2F768FE002806D10420E860D5
:10066000A068001DA0600120E7E7002C14D0A0685E
:10067000401D616888420FD8A26821688818052249
:100680003AA1F2F751FE002806D10120E860A068E7
:10069000401DA0600120D0E7002C16D0A068001DEE
:1006A0006168884211D8A26821688818042231A1A3
:1006B000F2F73AFE002808D10220E86001206861C4
:1006C000A068001DA0600120B7E7002C0DD0616874
:1006D000A068884209D2A1682068405C222804D121
:1006E00021462846FFF7D5FEA7E7002C17D0616802
:1006F000A068884213D2A1682068405C2D2809D0E8
:10070000A1682068405C302809DBA1682068405C53
:10071000392804DC21462846FFF776FD8DE7002CBA
:100720000DD06168A068884209D2A1682068405C49
:100730005B2804D121462846FFF7B6FC7DE7002C54
:100740000DD06168A068884209D2A1682068405C29
:100750007B2804D121462846FFF7F4FD6DE70020F1
:100760006BE700006E756C6C0000000066616C73D6
:1007700065000000747275650000000001200549E5
:1007800008700020044908700448006804490860A3
:10079000704700001C04002010040020A40000206A
:1007A0001404002010B51E480078002836D11D48DA
:1007B0000068002832D01C4800681A4909681B4AA2
:1007C000891888422AD3012015490870F4F7D2FF0E
:1007D0001749096888421BDC00201549086003F0AE
:1007E00095FA0020134908701349087013480078DF
:1007F000002806D1F4F7BEFF002802D1FEF772FDF3
:1008000005E00E480078002801D1FFF7B7FF10BDC2
:100810000748006801F0B4FBFEF71AFF00BFF6E7D7
:100820001004002014040020A4000020B80B0000D5
:1008300018040020480400201C040020F2010020BD
:10084000F3B583B00C463D490398F3F7C3FB09D2D7
:100850003B490398F3F7B4FB04D23A490398F3F702
:1008600018F90390384A39492046FDF7DDF9002888
:1008700001D105B0F0BD364A36490398FDF7D4F9E9
:10088000002801D0039800E0002002903248C068A0
:10089000401C3149C860C868F3F7D9FA06463146AA
:1008A0007F20C005F3F7F5F805462B48016802984C
:1008B000F3F7AAF807462946F3F7AEF806462648A6
:1008C00001683046F3F74FF823490860084641684D
:1008D0002046F3F799F807462946F3F79DF80646B0
:1008E0001D4841683046F3F73EF81B4948602146F1
:1008F0000298F3F791F80190174881680198F3F78F
:1009000083F807462946F3F787F8064612488168B8
:100910003046F3F728F810498860084601680F4808
:1009200001620D494868F3F7BBFA0C49C8610A48EF
:1009300081680A48416200BF9BE700000050C3473E
:100940008096184B002474490000964300004843E9
:100950000000A041CDCC4C3D081000207C0A0020B6
:1009600000200349886048600860C8607047000044
:10097000081000200020034908700348006803495C
:1009800008607047A5010020A4000020A8010020F5
:1009900010B52F480078002859D12E48006800284B
:1009A00055D02D480078002851D12C488078012856
:1009B00003D02A488078022849D1FDF7B3F90028EE
:1009C00045D027480078002841D1012020490870EF
:1009D00021480078002837D122A223A1234801F022
:1009E000F7FD2348006B401C21490863FBF7DEFC40
:1009F000012020490870FCF7E9FB1F49086001212C
:100A00000C20F6F733FB1D4A11781D4A107803F0CD
:100A10002BFF12488078022800D103E0184908789B
:100A2000F6F79EFB0D488078022803D10120FBF7E2
:100A300025FE02E00220FBF721FE0120114908708B
:100A400000211148017202E000200149087010BD28
:100A5000A5010020A8010020F2010020C00600200E
:100A6000540000204F4B000041540000000004409F
:100A70007C0A0020AC010020700100201609002033
:100A80000A090020BA010020A4060020F0B589B0B0
:100A900007460E461446002524216846F2F7F0FB6F
:100AA000FF200130216888470090FF20013001902D
:100AB0000596204607C806AB07C30098002800D15A
:100AC00037E06946384600F0A1FA002800D130E04E
:100AD000684603F08BFCA06800280BD0029B591CD1
:100AE0000098A26890470546002D00D121E0002023
:100AF00000901BE0029A501C216888470546002D93
:100B000000D116E00298401C019B834201D201985B
:100B100001E00298401C024628460099F2F797FB34
:100B2000002002996854009861688847284609B0F7
:100B3000F0BD0098002802D0009861688847002D19
:100B400002D02846616888470020F0E7F3B581B0FD
:100B50000C460025002701988668002C01D1002052
:100B6000FEBD01212046FBF7E7FC0546002D00D124
:100B7000F6E75B202870A068401CA060E068401C7D
:100B8000E0602AE02146304600F040FA002800D11B
:100B9000E6E7204603F02AFC306800281CD0606994
:100BA000002801D0022000E001200746791C2046E1
:100BB000FBF7C2FC0546002D00D1D1E72C202870A0
:100BC0006D1C6069002802D0202028706D1C002058
:100BD0002870A068C019A0603668002ED2D102210A
:100BE0002046FBF7A9FC0546002D00D1B8E75D20A3
:100BF00028706D1C00202870E068401EE060012015
:100C0000AEE70000F3B58FB00D4600270F99886955
:100C1000C9690D910C9000260024FCF747FB049055
:100C2000002D02D1002011B0F0BD002213460D9915
:100C30000C98F3F721F80022134601910090F3F786
:100C40007BF905D023A105A8F8F784F906461BE037
:100C500022A105A80D9B0C9AF8F77CF9064602AA7A
:100C600020A105A8F2F780FB012806D10D9B0C9A64
:100C700003990298F3F760F906D01BA105A80D9B14
:100C80000C9AF8F767F90646002E01DB192E01DDF4
:100C90000020C8E7711C2846FBF74EFC0746002FD2
:100CA00000D1C0E700240CE005A8015D0498814252
:100CB00002D12E20385503E005A8005D385500BF4D
:100CC000641CB442F0D300203855A8688019A8608D
:100CD0000120A8E76E756C6C0000000025312E31F4
:100CE00035670000256C670025312E31376700001D
:100CF000F3B581B00C460025002601988768002CCA
:100D000001D10020FEBD6069002801D0022000E072
:100D100001200646711C2046FBF70EFC0546002DFF
:100D200000D1EFE77B2028706D1CE068401CE0607C
:100D30006069002802D00A2028706D1CA068801904
:100D4000A06072E06069002819D02046E168FBF7D6
:100D5000F3FB0546002D00D1D4E70020009005E00C
:100D6000092028706D1C0098401C0090E1680098D4
:100D70008142F5D8E168A0684018A06000BF214614
:100D8000386A00F083F8002800D1BBE7204603F062
:100D90002DFB6069002801D0022000E001200646FA
:100DA00031462046FBF7C8FB0546002D00D1A9E7D8
:100DB0003A2028706D1C6069002802D00920287034
:100DC0006D1CA0688019A0602146384600F01EF90D
:100DD000002800D196E7204603F008FB6069002850
:100DE00001D0012000E000203968002901D0012154
:100DF00000E000214618711C2046FBF79DFB0546CC
:100E0000002D00D17EE73868002802D02C20287001
:100E10006D1C6069002802D00A2028706D1C00201B
:100E20002870A0688019A0603F68002F8AD160698F
:100E3000002802D0E068401C00E002200146204665
:100E4000FBF77AFB0546002D00D15BE760690028BF
:100E50000AD0002003E0092129706D1C401CE168C4
:100E6000491E8142F7D800BF7D2028706D1C0020EC
:100E70002870E068401EE060012043E770B504463A
:100E80000D462946206900F001F870BDF3B583B026
:100E900007460024002600250020029001900498B7
:100EA000002801D105B0F0BD002F0DD10321049819
:100EB000FBF742FB0646002E00D1F3E750A1304677
:100EC000F2F729FA0120EDE73C4624E020780C28CF
:100ED00011D006DC08280DD009280FD00A2811D11E
:100EE0000AE00D2809D0222802D05C280AD100E0AF
:100EF00000BF00BF00BF00BF00BF00BF0198401C83
:100F0000019006E02078202802DA0198401D019027
:100F100000BF00BF641C20780028D7D1E11B0198D6
:100F2000081802900299C91C0498FBF705FB0646B5
:100F3000002E00D1B6E70198002810D12220307091
:100F40003946701C029AF2F782F922210298401C5D
:100F5000315400210298801C31540120A2E7222044
:100F60003070751C3C463DE020781F2808DD207855
:100F7000222805D020785C2802D0207828702FE025
:100F80005C2028706D1C20780C2815D006DC082801
:100F90000FD0092819D00A281AD110E00D2811D035
:100FA000222803D05C2813D1287018E02220287052
:100FB00015E06220287012E0662028700FE06E2095
:100FC00028700CE07220287009E07420287006E078
:100FD00022780CA12846F7F7BDFF2D1D00BF00BFEA
:100FE000641C6D1C20780028BED122210298401C70
:100FF000315400210298801C3154012052E7000036
:10100000222200007525303478000000F8B504462F
:101010000E460025002C01D0002E01D10020F8BD85
:10102000207B102857D008DC01281BD0022827D0AD
:10103000042809D008285DD130E0202850D040286D
:1010400053D0802856D12EE005213046FBF774FAA4
:101050000546002D00D1E2E727A12846F2F75BF90B
:101060000120DCE706213046FBF766FA0546002D35
:1010700000D1D4E722A12846F2F74DF90120CEE7AE
:1010800005213046FBF758FA0546002D00D1C6E78A
:101090001DA12846F2F73FF90120C0E7314620465E
:1010A000FFF7B0FDBBE700272069002800D1B6E7B5
:1010B0002069F2F71BF9471C39463046FBF73CFA2A
:1010C0000546002D00D1AAE73A4628462169F2F7E5
:1010D000BEF80120A3E731462046FFF7CFFE9EE78A
:1010E00031462046FFF732FD99E731462046FFF7AB
:1010F000FFFD94E7002092E76E756C6C0000000025
:1011000066616C7365000000747275650000000014
:10111000F0B5D7B000205690C6E00024E443204646
:10112000559000200FE0664B5B881918CB171B0EFB
:101130005B181B121B02CA1A6249895C7B2901D108
:10114000044604E0401C5E4989888142EBDC00BF14
:10115000601C002800D1AFE0601C0FE0584B5B889A
:101160001918CB171B0E5B181B121B02CA1A554904
:10117000895C7D2901D1559004E0401C5049898843
:101180008142EBDC00BF5598401C002800D193E061
:101190005598001B451CFF204130854214DB48490F
:1011A00049880919481CC117090E091809120902B2
:1011B000411A8AB242494A8008468188601C081A4E
:1011C00081B23F4881806FE000200EE03C4B5B889D
:1011D0001B191918CB171B0E5B181B121B02CA1AFE
:1011E0003849895C05AB1954401CA842EEDB00204D
:1011F00005A9485505A8F9F7C0F90646002E38D0CC
:1012000031A13046F9F774F9074630A13046F9F7B5
:101210006FF903902EA13046F9F76AF90290002F7A
:1012200023D03846F9F785F900281ED03869002800
:101230001BD00398002818D00398F9F76FF90028FD
:1012400013D03869019003984069009022490098B2
:101250000968884208D02049009808603246029BFD
:1012600000990198FBF7B6F800BF3046F9F70AF984
:1012700000BF5598401C049011494A8804995018A1
:10128000C117090E091809120902411A8AB20C493C
:101290004A80084681880498081A81B208488180EB
:1012A0005698401C569000BF5698032804DA04480C
:1012B0008088002800DD30E700BF57B0F0BD000097
:1012C000600C0020600B00207479000063696400EA
:1012D00064617461000000009C000020F8B50746BE
:1012E0000C4615461E4669463846FCF7F0FD0028B8
:1012F00006D118A231462846F7F710FE0020F8BDA7
:101300001BA10098F1F7F9FF002802D11B49487191
:101310001AE01BA10098F1F7F0FF002803D101208B
:101320001649487110E019A10098F1F7E6FF00286E
:1013300003D102201149487106E016A23146284621
:10134000F7F7ECFD0020DAE72068401C2060012060
:10135000D5E70000636F6E6E5374726174656779D0
:10136000206D75737420626520737472696E6700F6
:10137000616C776179735F6F6E000000000500207B
:101380006F6E5F64656D616E640000006F6E636513
:1013900000000000636F6E6E53747261746567794C
:1013A00020696E76616C696400000000F8B507463C
:1013B0000C4615461E4669463846FCF74DFD00288A
:1013C00006D110A231462846F7F7A8FD0020F8BD47
:1013D00000980A2803DB13490098884206DD12A210
:1013E00031462846F7F79AFD0020F0E715490098A6
:1013F00008602068401C206001201349087000BF6D
:10140000E5E700006B656570416C697665206D7578
:10141000737420626520696E74206F722073747219
:10142000696E6700805101006B656570416C69767B
:1014300065206D7573742062652031302E2E38362C
:1014400034303000000500202C050020FFB583B0AB
:1014500006460F4600BF3046F9F760F8002802D074
:10146000F569B46915E03046F9F763F8002808D04B
:101470003069002805D03069F8F7B0FE04460D4603
:1014800007E01CA206990598F7F748FD002007B071
:10149000F0BD0022134620462946F2F74DFD06D93D
:1014A00000221D4B20462946F2F75AFD06D21BA208
:1014B00006990598F7F732FD0020E8E722462B460B
:1014C00000201D49F2F740FC01910090F2F7FCFC6E
:1014D00002900298642801DA642002907D21C900FC
:1014E0000298F1F761FE1549C8603868401C386001
:1014F0000120CCE76D65746146726571487A206D94
:10150000757374206265206E756D626572206F72EE
:1015100020737472696E6700000024406D65746109
:1015200046726571487A206D757374206265202853
:10153000302C31305D00000000408F40000500205D
:10154000F8B507460C4615461E4669463846FCF770
:1015500083FC002806D10EA231462846F7F7DEFCB0
:101560000020F8BD0098012803DB1049009888424C
:1015700006DD0FA231462846F7F7D0FC0020F0E741
:1015800011490098C8602068401C20600120E8E7ED
:101590006D657461496E74657276616C53206D750A
:1015A000737420626520696E740000008051010030
:1015B0006D657461496E74657276616C5320312E6D
:1015C0002E3836343030000000050020F8B50746CC
:1015D0000C4615461E4669463846FCF73DFC002879
:1015E00006D10EA231462846F7F798FC0020F8BD38
:1015F0000098012802DB00980A2806DD10A2314677
:101600002846F7F78BFC0020F1E714490098C861E1
:101610002068401C20600120E9E700006E756D43E2
:101620006F6F6B426C6F636B206D757374206265B6
:1016300020696E74206F7220737472696E67000087
:101640006E756D436F6F6B426C6F636B206D75735E
:101650007420626520312E2E3130000000050020FC
:10166000F8B507460C4615461E4669463846FCF74F
:101670002EFC002806D113A231462846F7F74EFC6F
:101680000020F8BD16A10098F1F737FE002802D11E
:101690001449087110E014A10098F1F72EFE0028FB
:1016A00003D101200F49087106E012A231462846F5
:1016B000F7F734FC0020E4E72068401C206001209C
:1016C000DFE700007061796C6F61644D6F646520C5
:1016D0006D75737420626520737472696E670000A3
:1016E000616C6C0000050020657373656E74696140
:1016F0006C0000007061796C6F61644D6F646520EF
:10170000696E76616C696400F8B507460C4615464B
:101710001E4669463846FCF79FFB002806D112A2F8
:1017200031462846F7F7FAFB0020F8BD009800285C
:1017300009D00098012806D00BA231462846F7F7B9
:10174000EDFB0020F1E70F4880690099884209D03D
:101750000098C0B20B4988612068401C20600120BD
:10176000094908700120E0E7706572736973746558
:101770006E74206D7573742062652030206F722046
:1017800031000000000500202D050020F8B50746B7
:101790000C4615461E4669463846FCF7EDFA002809
:1017A00006D108A231462846F7F7B8FB0020F8BD5D
:1017B000684600780C4908742068401C20600120AD
:1017C000F5E7000073656E64436F6F6B696E675376
:1017D000657373696F6E73206D7573742062652015
:1017E000626F6F6C0000000000050020F8B507462E
:1017F0000C4615461E4669463846FCF7BDFA0028D9
:1018000006D108A231462846F7F788FB0020F8BD2C
:1018100068460078094948742068401C206001200F
:10182000F5E7000073656E644572726F7273206D28
:1018300075737420626520626F6F6C000005002074
:10184000F8B507460C4615461E4669463846FCF76D
:1018500093FA002806D108A231462846F7F75EFB26
:101860000020F8BD68460078094988742068401C4B
:1018700020600120F5E7000073656E644D657461BA
:10188000206D75737420626520626F6F6C000000BC
:1018900000050020F0B589B005460E46002400275B
:1018A00036E0F6F77BFF1EA21EA1234800F090FE53
:1018B000002801D1641C2BE020A221A11E4800F0C9
:1018C00087FE002801D1641C22E0334623A21E219A
:1018D00001A8F7F723FB12A201A9174800F078FE30
:1018E000002801D1641C13E014A22946124800F01C
:1018F0006FFE002801D1641C0AE010A21DA10E4851
:1019000000F066FE002801D1641C01E0012700BF41
:10191000052C01DA002FC4D0384609B0F0BD000014
:101920003E00000041542B434D515454544F5049F4
:10193000433D302C32350000000004404F4B000086
:1019400075736167652D7261772D646174612D74A3
:101950006F7069632D70726F6400000041542B43F7
:101960004D5154545041594C4F41443D302C256405
:101970000000000041542B434D5154545055423DFA
:10198000302C312C36300000F3B583B005001AD06E
:1019900028680190284680380290C76F04983E1F3F
:1019A000864200D906462846F7F7C8FC044600914F
:1019B000324629460498FCF76DF90199002806D0B3
:1019C000016005B0F0BD0498F7F7E4FDF9E7296080
:1019D0000299002CCF670AD021686218291F8A4219
:1019E00002D9291B091F216000996160E9E7024AB9
:1019F00000991160E5E70000D80500200348007851
:101A0000002801D1024908707047000051000020F1
:101A1000DD0400200020014908707047FC0400200C
:101A200010B5012002490870FFF7F4FF10BD000057
:101A30005201002010B500F009F801E0F4F760FA57
:101A400000F02EF80028F9D010BD000000200C494D
:101A500008600C4908600C4800680C4908600120C7
:101A60000B490870002007E00A490A5C0A490B4B41
:101A70001B5C9B00CA50401C0428F5DB704700002B
:101A80003001002034010020A40000203801002093
:101A90003C010020784A010018A00540744A01006A
:101AA0001E480078002801D1012070471C480068BA
:101AB0001C490968401AFA2801D20020F5E71848A5
:101AC00000681849086018480068401C16490860FA
:101AD0000846006806280FDB0020086013480068ED
:101AE000401C1249086008460068022804DB0020F8
:101AF0000A4908700120D8E700200BE00A4909686C
:101B000089000B4A89180A5C0A490B4B1B5C9B0035
:101B1000CA50401C0428F1DB0020C6E73C0100202D
:101B2000A4000020380100203001002034010020F2
:101B3000784A010018A00540744A010070B50D25CF
:101B40001048046810480068201A962819D300200D
:101B50000BE00E49096889000D4A89180A5C0D4995
:101B60000D4B1B5C9B00CA50401C0428F1DB29462E
:101B700006480068401CF1F717FB04480160024862
:101B8000046070BDA400002044010020400100203A
:101B9000F800002018A00540744A010002460B46D8
:101BA000934202DD981AC117704700200146FBE7F7
:101BB000F0B5FFB09CB05C4F5C489A905C480078F0
:101BC000002809D05B4800683946884204D3594848
:101BD00000685649884203D900207FB01CB0F0BD90
:101BE0000120F6F72FFFF3F7E1FD53490860534852
:101BF0000078C860FBF7A6FA01215148F4F7E5F830
:101C0000504908704C49886A0021F2F7E3F915D869
:101C10004949886A4C49F2F7D3F90FD84649886A8E
:101C2000F2F776F905464748007848A200950191F9
:101C30000290102196A8F7F771F907E0102245A14C
:101C400096A8F1F73CFB002098A9C871424800888B
:101C50004249098800910190414842A2202103682D
:101C60008EA8F7F75BF9344841A21021036B8AA8CC
:101C7000F7F754F98AA88EA996AA2E4B1B680593EC
:101C80000692079108902C484069002802D02A4803
:101C9000426900E035A228480069002802D02648A1
:101CA000006900E031A02449C968234B1B7A0193E5
:101CB00004920291039020484068002802D01E48F8
:101CC000406800E029A000901B482A4A01214902EF
:101CD00003680AA8F7F722F90446002C03DD012067
:101CE0004002844201DB002077E723A223A124489D
:101CF00000F06EFC21460AA8FFF7CCFD002800D1B9
:101D00006BE71DA21FA11E4800F062FC204908706D
:101D1000002013490860114908800F4908800021FC
:101D200005480163012058E780857467005786F4F1
:101D300051000020B00000207C0A0020EA080020AA
:101D400000600B406000002066668640252E3266EB
:101D5000582564004E410000C0010020BE01002053
:101D60008404002025645825645825640000000080
:101D700025640000D05101004F4B00004154000089
:101D80000000044041542B4353434C4B3D32000070
:101D900056000020F0B5E1B00120F6F753FEF6F74B
:101DA000FDFC02F09FF9F3F7E5FC609000205E90E7
:101DB0005F9000215C915D915A915B91589159918E
:101DC0000027002681E031460FA8F3F795FC65480F
:101DD0008078401E162148436349401810A909899C
:101DE0004900405A0E9011991098F8F74FFF054698
:101DF0000E98F2F747F8099108902846F2F742F852
:101E000007910690099B089AF1F736FF0022574B7D
:101E10000B910A90F1F798FF0D910C905149897838
:101E2000012902D11921C90100E051490846F2F700
:101E300015F80B910A900D9B0C9AF2F77DF800D2E1
:101E400042E000215E9A5F98521948415E925F908D
:101E50000E98F2F717F80B910A905D9B5C9AF1F7D8
:101E600057FE5D915C900D9B0C9A5B995A98F1F727
:101E70004FFE5B915A902846F2F704F807910690BE
:101E80001598F2F745F8039102901498F2F740F88C
:101E900001910090039B029AF1F7EEFE05910490E8
:101EA000079B069AF1F7E8FE0022304B0991089053
:101EB000F1F74AFF0B910A90599B589AF1F728FEC7
:101EC000599158907F1C00BF761C6098864200DABA
:101ED00079E7002F0ADD3846F1F7C0FF05462A46AC
:101EE0000B465D995C98F1F72FFF01E00020014659
:101EF00057915690FBF76AF90546F3F757FC0646EB
:101F0000599958980B910A905B995A9809910890A1
:101F10005F995E980791069057995698059104909D
:101F200014484068002802D01248406800E012A01F
:101F30003346124AFF2101316C46A1C416A8F6F7B8
:101F4000EDFF0446002C01DDFF2C02DD002061B016
:101F5000F0BD214616A8FFF79DFC002800D1F6E74A
:101F60000120F4E7C0060020A24A01000020AC4096
:101F7000E40C00007C0A0020000000005452010024
:101F8000F0B5FFB0FFB09FB005460120F6F75AFD4F
:101F9000F3F7F0FBFFA90867FFA8006F854203DB9A
:101FA0007FB07FB01FB0F0BDFFA8006F401B71492C
:101FB000C969884202DB6F48C06902E0FFA8006F70
:101FC000401BFFA9C866FBF701F90646F3F7EEFBD5
:101FD000074669484068002802D06748406800E02A
:101FE00066A03B4666A201218902019600901AA8CC
:101FF000F6F794FF0446002C03DD012080028442A2
:1020000000DBCDE7002793E0E91913A8F3F774FB91
:1020100015991498F8F73AFE12901298F1F732FFDA
:10202000099108901998F1F773FF05910490189899
:10203000F1F76EFF03910290059B049AF1F71CFEE5
:1020400007910690099B089AF1F716FE0022594B5A
:102050000B910A90F1F778FE11911090564989780A
:10206000491E16225143554A8A1810A9098B490066
:10207000505AF1F7ECFE0B901298F1F7E8FE0A9037
:102080000B99F1F7C9FC4E490C90F1F702FD0F9046
:1020900049488078012801D14A4900E04A490E9117
:1020A0000E990F98F1F796FF01D20E980F9001202C
:1020B0008002001B0D900D98002800DC70E70F983F
:1020C000F1F726FF0B910A90FFA8C06E401EB842A0
:1020D00001DD3EA000E029A0089011991098079119
:1020E00006900B990A980591049033488078401E19
:1020F000162148433149411810A8008B4000095A65
:10210000159A149801920291009010A8037B1AA9C5
:1021100009192F4A09910D990998F6F7FFFE06460D
:10212000002E02DD0D98864200DB39E7A4197F1CE2
:10213000FFA8C06E874200DA66E7A01C0121890271
:10214000884200DB2CE75D222046641C1AA90A5451
:102150007D212046641C1AAA115400201AA9085592
:1021600021461AA8FFF796FB002800D118E700BF08
:1021700016E70000000500207C0A00200000000097
:102180007B226465764944223A7B22736E223A228E
:102190002575222C224657223A222573227D2C2295
:1021A0007473223A256C752C22436F6F6B223A5B55
:1021B000000000000020AC40C0060020A24A010040
:1021C000000061450000484500404E452C000000DD
:1021D0008C510100F0B5FFB0C8B00120F6F732FC19
:1021E00072B64148406B002803D040480068002880
:1021F00004D162B600207FB048B0F0BDF3F7D6FA44
:10220000C6903A480068C5903748476B0020364969
:1022100048633649086062B60020C49034A20321A6
:10222000090204A8C69BF6F779FE0446002C03DDDC
:1022300003200002844200DB51E0002525E003205A
:102240000002001B03900398002800DC47E0C598BB
:10225000401EA84201D92EA100E02EA1E800C0191D
:10226000007901910090E8003B5804A800192AA2C7
:1022700002900399F6F752FE0646002E02DD0398FF
:10228000864200DB2BE0A4196D1CC5988542D6D38D
:10229000A01C03210902884200DB20E05D222046C9
:1022A000641C04A90A547D222046641C0A540020A0
:1022B000085520A220A1214800F08AF9214604A84F
:1022C000FFF7E8FA002800D109E01AA21CA11B4878
:1022D00000F07EF91D4908700120C49000BF384607
:1022E000F7F72CF8C49886E77C0A00200C0400203D
:1022F0007B226465764944223A7B22736E223A221D
:102300002575227D2C2265727243223A5B00000003
:102310002C000000000000007B227473223A22256A
:102320006C64222C22657272223A222564227D2559
:10233000730000004F4B00004154000000000440B7
:1023400041542B4353434C4B3D3200005600002078
:1023500010B579480068E1214901884202D9084650
:102360007549086074484068E1214901884202D9F2
:1023700008467149486071484079002804D0012816
:1023800003D002285FD15FE000BF6C48007C0028CA
:1023900035D06A480079002809D1F3F7EBF967498D
:1023A000C969884201DB01200CE000200AE0644892
:1023B0000078002805D1F3F7DDF9002801DD0120C0
:1023C00000E0002000281AD05E480078002816D1CE
:1023D0005D480078042812D101205A4908705748F6
:1023E0000079002802D0012808D102E0FEF7C6F9E2
:1023F00004E0FFF7CFFCFDF72BF900BF00BF4F480B
:10240000407C002809D051480068032805D34E4875
:102410000078042801D1FFF7DDFE4848807C0028C1
:1024200011D04B4800684B490968401A4349C968B4
:10243000884208D34648006846490860002046495B
:102440000870FFF7B5FB74E0444800780300F6F726
:10245000C4FD0504303C495C6E003D4800683D49C0
:102460000968401A3549C968884203D23C48007857
:1024700000281DD03B480078002808D13248007859
:10248000002804D1FBF730FA0120364908702E48A5
:10249000007804280CD10020314908702C480068CD
:1024A0002C49086000202C49087001202B49087035
:1024B0003DE0FFF77DFB002803D00220274908708C
:1024C00002E004202549087031E020480068002817
:1024D00001D0FFF77FFE0320204908700020194932
:1024E000087024E0F3F746F9002807DD1548007866
:1024F000002802D1FEF742F903E002E00420174968
:10250000087000201749087011E00C484079002835
:1025100007D115480078002805D014480078002815
:1025200001D0FCF7DFFE00200C49087000BF00BF9F
:1025300000BF00BF10BD0000E40100200005002026
:10254000F20100201C040020880400200C0400205C
:10255000B40000203C04002051000020480400206A
:1025600082040020810400202C0500202D0500207D
:10257000F8B5044612E0144E03E0701E061E00DC9F
:1025800003E0F6F711FA0028F7D000BF207800909A
:1025900001216846F6F776FA641C00BF207800280F
:1025A000E9D1094D03E0681E051E00DC03E0F6F7E3
:1025B000FBF90028F7D000BF022104A0F6F762FA69
:1025C000F9F7DEFEF8BD0000102700000D0A00003C
:1025D000F0B5C5B00C46164600272E4804900020E2
:1025E000039015E02C48009005E00098401E0090F4
:1025F000002800DC03E0F6F7D7F90028F5D000BF8B
:1026000020780290012102A8F6F73CFA641C00BF72
:1026100020780028E6D12048019005E00198401E6E
:102620000190002800DC03E0F6F7BEF90028F5D0A1
:1026300000BF022119A0F6F725FAF9F7A1FE19E06B
:10264000F6F7C8F90546681C002812D0FF2F05DAF6
:1026500038467F1C05A90D540020C855002E09D00E
:10266000314605A8F0F717FE002803D0012003909B
:1026700005E004E00498411E04910028E0D100BF69
:1026800000BFF6F7A7F9401C0028FAD10398C0B2A2
:1026900045B0F0BD30750000102700000D0A0000A5
:1026A00001460348814201D3012070470020FCE726
:1026B0008085746710B50446002C02D0FAF786FDB9
:1026C00010BD01480068FBE7B4000020F0B50446E7
:1026D0000D4616461F462570A672E77205982073B0
:1026E000002D08D100202072607A00231A46194676
:1026F000F4F7E2FC17E0012D08D101202072607A86
:102700003A463146059BF4F7D7FC0CE0022D0AD17E
:1027100005480068606000202072607A3A463146C1
:10272000059BF4F7C9FCF0BDA400002010B5002102
:102730000C20F4F79BFC67210020FBF781F967214F
:102740000020FBF79DF9F8F7B5FA00210F20F4F708
:102750008DFC00210B20F4F789FC00210D20F4F7FB
:1027600085FC00210E20F4F781FCF4F725FD002004
:1027700020490880C87008718870487288721E49A4
:102780000880C87008718870487288721B48807809
:10279000022801D1012000E003201949087000201F
:1027A000487002201749087000201749487000BF80
:1027B00007E000221049491D0A540E49491D0A54D8
:1027C000401C0428F5DB1148F8F71CFE1048F8F708
:1027D00019FE0020F9F752FF0E484079002801D079
:1027E000FCF780FD0CA20DA10F48FFF7F1FE0F4989
:1027F000087010BD160900200A090020C00600203C
:1028000075010020FA0800207D010020C40100208D
:10281000D4010020000500204F4B000041542B4301
:1028200053434C4B3D320000000004405600002052
:1028300010B504460BE0F0F7F1FC00682178405C2D
:10284000C007C00F002801D1204610BD641C2078AD
:102850000028F0D12046F8E710B50446002C05D03A
:102860002068002802D0A068002801D0002010BDF8
:10287000002C10D0A068001D616888420BD2A268AD
:1028800021688818032205A1F0F74EFD002802D127
:10289000A068C01CA0602046E9E70000EFBBBF00B5
:1028A00070B504460D462046F8F7ACFD094800789F
:1028B000002802D0FAF78AFC01E00748006860604F
:1028C000A5810120A0730020A06001F099FCFEF713
:1028D00047F870BD51000020B400002070B50546D7
:1028E0000C46002D0AD14948807A002806D121469D
:1028F0004748FFF7D5FF454804800BE0012D09D17B
:102900004448807A002805D121464348FFF7C8FF94
:1029100040480480002D03D13C48407A002805D16E
:10292000012D04D13B48407A002800D005E0394A07
:102930001178364A107801F097FF384880780128DE
:102940001FD10320364908704C700846007835497D
:1029500008703348407848700020887032490988F0
:1029600088B203222F49F2F759FD30490860084622
:1029700000880004000E2A49C8702C4800780871AD
:1029800042E02B48007800281FD10120244908701C
:102990004C700846007823490870214840784870F8
:1029A000002088702049098888B203221D49F2F767
:1029B00035FD1E490860084600880004000E1849CD
:1029C000C8701A48007808711EE001201949087083
:1029D0004C700846007813490870164840784870D3
:1029E000002088701049098888B203220D49F2F747
:1029F00015FD0E490860084600880004000E0D49C8
:102A0000C8700A480078087170BD00000A090020EB
:102A1000C401002016090020D4010020C0060020B7
:102A20007501002085010020BC04002088010020E1
:102A30008C0100207D01002070B50546F8484069F2
:102A400000280AD0F6484069F6490968884204D847
:102A50000A20F349886000204861F1488468002614
:102A60000A2C11DAF048407A002804D000210846E8
:102A7000F2F73EFA0126ED48407A002804D0002102
:102A80000120F2F735FA0126E7480088A04204DD6C
:102A9000A1B20020FFF722FF0126E4480088A042EF
:102AA00004DDA1B20120FFF719FF0126002E26D078
:102AB000DE4A1178DC4A107801F0D6FEDC48007856
:102AC00000280BD1D8490988092902DCD649098890
:102AD00000E00921C8B2F4F743FB0EE0D4480078C7
:102AE00001280AD1D1490988092902DCCF4909887E
:102AF00000E00921C8B2F4F733FBF2F70FFFA81E7C
:102B000016287DD243007B449B885B009F447C0059
:102B10004001000238027002A802E00218035003CC
:102B20008803D5030D04B2007800E80015005604B0
:102B300078003301650478005A040020BB490880FE
:102B4000C8700871887048728872B7490880C87068
:102B50000871887048728872B6488078022801D15E
:102B6000012000E00320B4490870002048700220D2
:102B7000B24908700020B2494870B2480068B249B2
:102B80000968401A142808D9B0480078002804D0F1
:102B9000FAF72AFFF3F7E4FA01E0F8F78BF80021DF
:102BA0000C20F4F763FA67210020FAF749FF672148
:102BB0000020FAF765FF002007E000229A49491D2E
:102BC0000A549A49491D0A54401C0428F5DBF4F7BD
:102BD000F3FA00210B20F4F749FA00210F20F4F753
:102BE00045FA00210D20F4F741FA9948F8F70AFC5C
:102BF0009848F8F707FC0020F9F740FD012000E0B5
:102C0000FDE3954908702AE28A48807802282FD18E
:102C10008648407A002803D18348407A002800D0B3
:102C200027E0FA21C800F2F7D5FA002080490870A1
:102C300001210B20F4F71AFA00210F20F4F716FAFD
:102C400079488078002804D001210D20F4F70EFA8D
:102C500003E000210D20F4F709FA744A1178724A52
:102C6000107801F001FE70490878F4F779FA00E075
:102C700000BFF1E36F48807802282FD16B48407A7B
:102C8000002803D16848407A002800D027E0FA21C4
:102C9000C800F2F79FFA01206549087001210F2052
:102CA000F4F7E4F900210B20F4F7E0F95F488078AD
:102CB000002804D001210D20F4F7D8F903E0002109
:102CC0000D20F4F7D3F9594A1178574A107801F0DA
:102CD000CBFD56490878F4F743FA00E000BFBBE3A8
:102CE000FA21C800F2F776FA01210D20F4F7BEF9B7
:102CF000F4F762FA4E48007800281BD14A488078E1
:102D0000002800D003E00021084601F06FFE46488D
:102D10008078002803D00920F9F7B0FC02E00820F1
:102D2000F9F7ACFC40488078002802D0F9F7F6FCAF
:102D300000E000BF3E48007801281BD13B48807866
:102D4000002800D003E00021084601F04FFE37487C
:102D50008078002803D00920F9F790FC02E00820D1
:102D6000F9F78CFC31488078002802D0F9F7D6FCBE
:102D700000E000BF70E339480088401C37490880F4
:102D800001210E20F4F772F90520F9F777FC63E3CF
:102D9000F9F70CFBFA21C800F2F71CFA2448007876
:102DA000002803D12148407A002807D12048007824
:102DB000012804D11C48407A002800D0A7E01C4814
:102DC0000078002803D11848407A002807D1184815
:102DD0000078012809D11548407A002805D0002143
:102DE00013480078F2F784F800E000BF104800783C
:102DF00000280BD10F488078012803D103200E4909
:102E0000087006E001200C49087002E001200C491E
:102E1000087007480078002822D10749487022E04E
:102E200000050020B40000200A0900201609002037
:102E30008C010020C006002075010020FA08002047
:102E40007D010020B00000207001002074010020EE
:102E5000C4010020D4010020BB010020C0010020DB
:102E60000020F8494870F848007800281BD1F7483E
:102E70000078F7490870F54840784870002088705D
:102E8000F449098888B20322F149F2F7C7FAF249F6
:102E90000860084600880004000EEC49C870EE483F
:102EA000007808711AE0E7480078E9490870E548B9
:102EB0004078487000208870E649098888B203226B
:102EC000E349F2F7ABFAE4490860084600880004D9
:102ED000000EDC49C870E04800780871DA480078D4
:102EE000002805D1DD490880DD48F8F78BFA05E0B8
:102EF0000020DC490880DC48F8F784FAD94A1178C8
:102F0000D64A107801F0B0FC0020F4F729F9A3E2CA
:102F1000CD480078002803D1D248407A002807D154
:102F2000C9480078012804D1CC48407A002800D054
:102F300025E0C5480078002803D1C848407A002819
:102F400007D1C1480078012809D1C648407A002835
:102F500005D00021BC480078F1F7CAFF00E000BFAF
:102F6000012C08DB0121B8480078FFF7B7FC0120ED
:102F7000F4F7F6F803E00320F7F7A0F900BF6BE2DF
:102F8000B1480078002803D1B648407A002807D11C
:102F9000AD480078012804D1B048407A002800D01C
:102FA00025E0A9480078002803D1AC48407A0028E1
:102FB00007D1A5480078012809D1AA48407A0028FD
:102FC00005D00021A0480078F1F792FF00E000BF93
:102FD000022C08DB02219C480078FFF77FFC0220CE
:102FE000F4F7BEF803E00320F7F768F900BF33E217
:102FF00095480078002803D19A48407A002807D1E4
:1030000091480078012804D19448407A002800D0E3
:1030100025E08D480078002803D19048407A0028A8
:1030200007D189480078012809D18E48407A0028C4
:1030300005D0002184480078F1F75AFF00E000BF76
:10304000032C08DB032180480078FFF747FC0320AE
:10305000F4F786F803E00320F7F730F900BFFBE14F
:1030600079480078002803D17E48407A002807D1AB
:1030700075480078012804D17848407A002800D0AB
:1030800025E071480078002803D17448407A002870
:1030900007D16D480078012809D17248407A00288C
:1030A00005D0002168480078F1F722FF00E000BF5A
:1030B000042C08DB042164480078FFF70FFC04208F
:1030C000F4F74EF803E00320F7F7F8F800BFC3E188
:1030D0005D480078002803D16248407A002807D173
:1030E00059480078012804D15C48407A002800D073
:1030F00025E055480078002803D15848407A002838
:1031000007D151480078012809D15648407A002853
:1031100005D000214C480078F1F7EAFE00E000BF3E
:10312000052C08DB052148480078FFF7D7FB052070
:10313000F4F716F803E00320F7F7C0F800BF8BE1BF
:1031400041480078002803D14648407A002807D13A
:103150003D480078012804D14048407A002800D03A
:1031600025E039480078002803D13C48407A0028FF
:1031700007D135480078012809D13A48407A00281B
:1031800005D0002130480078F1F7B2FE00E000BF22
:10319000062C08DB06212C480078FFF79FFB062051
:1031A000F3F7DEFF03E00320F7F788F800BF53E1F1
:1031B00025480078002803D12A48407A002807D102
:1031C00021480078012804D12448407A002800D002
:1031D00025E01D480078002803D12048407A0028C7
:1031E00007D119480078012809D11E48407A0028E3
:1031F00005D0002114480078F1F77AFE00E000BF06
:10320000072C08DB072110480078FFF767FB072031
:10321000F3F7A6FF03E00320F7F750F800BF1BE128
:1032200009480078002803D10E48407A002807D1C9
:1032300005480078012819D10848407A002815D09F
:103240003AE000007D0100208C0100207501002083
:1032500085010020BC040020880100200A0900200C
:10326000C401002016090020D40100207B4800780A
:10327000002803D17A48407A002807D1774800789F
:10328000012809D17748407A002805D000217348E9
:103290000078F1F72DFE00E000BF082C08DB0821C4
:1032A0006E480078FFF71AFB0820F3F759FF03E098
:1032B0000320F7F703F800BFCEE068480078002845
:1032C00003D16848407A002807D164480078012873
:1032D00004D16348407A002800D025E05F48007898
:1032E000002803D15E48407A002807D15B48007867
:1032F000012809D15B48407A002805D000215748B1
:103300000078F1F7F5FD00E000BF092C08DB09218A
:1033100052480078FFF7E2FA0920F3F721FF03E0B3
:103320000320F6F7CBFF00BF96E04F4880780228D5
:1033300043D14A480078002803D14A48407A0028FF
:103340003BD146480078012803D14548407A0028FF
:1033500033D142480078002803D14148407A002800
:1033600007D13E48007801280DD13E48407A002818
:1033700009D0FA21C800F1F72DFF00213748007865
:10338000F1F7B6FD19E00A2C03DA0320F6F796FFF1
:1033900062E0FA21C800F1F71DFF01212F480078F3
:1033A000F1F7A6FD3148F8F72DF83148F8F72AF87B
:1033B0000A212A480078FFF791FA4DE00320F9F737
:1033C0005DF949E00620F9F759F9FA21C800F1F74B
:1033D00001FF0120274908703EE0204800780028BE
:1033E00003D11F488078002807D11C4800780128A5
:1033F00030D11C48807800282CD0032000E02AE03F
:10340000F6F75CFF15480078002811D11449C87000
:103410000871887000BF04E000221149491D0A5458
:10342000401C0428F8DB00210D20F3F71FFE11E0FB
:1034300000200C49C8700871887000BF04E00022A9
:103440000849491D0A54401C0428F8DB00210D20BE
:10345000F3F70CFE00E000BF00BF70BD8C01002040
:103460000A09002016090020C0060020C40100201F
:10347000D4010020BC01002010B50446152C54D105
:103480000320F6F71BFF2A480078002824D1294999
:10349000C8700871887000BF04E000222549491DEA
:1034A0000A54401C0428F8DB2248407A002804D043
:1034B0001F48007801F05AF905E01F4A11781D4AAB
:1034C000107801F0D1F91B490878F3F749FE002183
:1034D0000D20F3F7CBFD24E000201749C8700871D8
:1034E000887000BF04E000221349491D0A54401CA3
:1034F0000428F8DB1048407A002804D00C480078F3
:1035000001F034F905E00C4A11780A4A107801F00C
:10351000ABF900210D20F3F7A9FD07490878F3F76F
:103520001FFE0220F9F7AAF800E000BF00BF10BD9F
:103530008C0100200A0900201609002070B50446FD
:10354000102C51D006DC002C0FD0012C37D0032CCE
:1035500053D13EE0112C02D0182C4ED129E000208E
:10356000F9F78CF8F7F7A6FB48E025480078002823
:103570000FD0FA21C800F1F72DFEF8F783FF20489D
:103580000078002801D1012000E000201C490870CB
:103590000EE0FA21C800F1F71DFE00F0DFFF184829
:1035A0000078002801D1012000E0002014490870B3
:1035B00024E00020F9F762F8F7F77CFB1EE0FA211F
:1035C000C800F1F707FE0F49098888B201F0E4F955
:1035D00014E0FA21C800F1F7FDFDF2F7CBF885B24F
:1035E000284601F0D9F909E0FA21C800F1F7F2FD07
:1035F00005494868F8F71EFF00E000BF00BF70BD36
:10360000F5010020840400207C0A002010B5044647
:10361000112C0AD004DC022C2AD00E2C27D14DE02C
:10362000142C72D0172CF9D17CE000210C20F3F778
:103630001DFD67210020FAF703FA67210020FAF741
:103640001FFAF7F737FB00210F20F3F70FFD0021DA
:103650000B20F3F70BFD00210D20F3F707FDF3F727
:10366000ABFD0020F9F70AF801203549087064E045
:1036700000203449087000210F20F3F7F7FC0121E6
:103680000B20F3F7F3FC30488078002804D00121A8
:103690000D20F3F7EBFC03E000210D20F3F7E6FC2F
:1036A0002A4A1178284A107801F0DEF8264908786D
:1036B000F3F756FD0220F8F7E1FF3EE00120214933
:1036C000087001210F20F3F7D1FC00210B20F3F744
:1036D000CDFC1E488078002804D001210D20F3F78E
:1036E000C5FC03E000210D20F3F7C0FC174A117858
:1036F000154A107801F0B8F814490878F3F730FD4E
:103700000220F8F7BBFF18E0FFE711480088401CD3
:103710000F49088001210E20F3F7A8FC0520F8F7D7
:10372000ADFF0AE00620F8F7A9FFFA21C800F1F77B
:1037300051FD01200749087000BF00BF10BD000007
:10374000BB0100208C0100200A090020160900207E
:10375000C0010020BC01002010B50446142C0BD180
:103760000320F6F7ABFD00210E20F3F77FFC0448A1
:103770000078F8F783FF00E000BF00BF10BD000035
:10378000F301002070B50446204611380300F5F718
:1037900024FC080554815881816474813F48007875
:1037A000002800D070BDFEF729F9FEF739F9FAF7C5
:1037B000B9FA002800D16EE039488078002804D199
:1037C00000F0CCFEFDF7D6F836E036A236A1374839
:1037D000FEF7FEFE3648006B401C35490863F8F7DB
:1037E000E5FD012033490870F9F7F0FC3249086023
:1037F00001210C20F3F73AFC304A1178304A107856
:1038000001F032F826488078022800D103E02C49E4
:103810000878F3F7A5FC22488078022803D101201C
:10382000F8F72CFF02E00220F8F728FF01202549D5
:1038300008700021244801722DE00320F8F71EFFD4
:1038400029E0FA21C800F1F7C5FCF9F77BFC054631
:1038500000F0A8FEF6F7D8FC1DE01C480078002810
:1038600005D101201949087001F096F804E0002004
:103870001649087001F090F80DE00520F6F71EFDDE
:10388000F8F79EFD0420F8F7F9FE00F067FEF1F767
:103890000BF900E000BF00BF00BF83E7630000201A
:1038A000C00600204F4B00004154000000000440BF
:1038B0007C0A0020AC0100207001002016090020C5
:1038C0000A090020BA010020A406002044000020BC
:1038D00010B50446002C02D0112C14D10BE00021AD
:1038E000084600F0C1FF72210020FAF7A9F8012074
:1038F000F8F7C4FE08E072210020FAF7A1F80120D1
:10390000F8F7BCFE00BF00BF00BF10BD10B50446F5
:103910001E480078062837D0012C33D0112C02D055
:10392000172C2ED108E0FA21C800F1F753FC1848F3
:103930000078F8F7A3FE26E0FA21C800F1F74AFC68
:1039400014A0FEF715FE7D20C000F1F7EDF814A0DD
:10395000FEF70EFEFEF752F8FEF762F8002013495C
:1039600008707D20C000F1F7DFF80020F9F7BCFFF8
:1039700067210120FAF784F805480078F8F77EFE01
:1039800001E000BF00BF00BF10BD0000F201002039
:10399000F301002041542B4346554E3D30000000BA
:1039A00041542B4346554E3D310000004B0400204E
:1039B00070B50546E81E0300F5F70FFB0F090A0B6B
:1039C0000C0D0E0F101112F7F7F7BBF6F70000BF42
:1039D00000BF00BF00BF00BF00BF00BF00BF00BFEF
:1039E000FA21C800F1F7F6FBEC1EC3480078002866
:1039F0002ED1C2480068022801D1062C13DCC04831
:103A0000C079062805D1002C03D0BC4800680328E3
:103A100009D0BB48007A002806DD052C04DDB74834
:103A20000068022800D109E0B548401DB34A126879
:103A30008454B2480068401CB0490860B048C0795E
:103A4000062837D1AD480068401CAC49086031E019
:103A5000A948007801282DD1A8480068022801D182
:103A6000062C13DCA748C079062805D1002C03D00A
:103A7000A2480068032809D0A248007A002806DD81
:103A8000052C04DD9D480068022800D109E09D480E
:103A9000401D9A4A1268845498480068401C97490F
:103AA00008609848C079062804D194480068401CF2
:103AB0009249086091480068032802DD00208F4980
:103AC00008608D480078002817D18D4840790A2178
:103AD00048438B49897940188949C8700846C0799C
:103AE0000A2148438649097A4018854908710A46DF
:103AF0001179D07800F07AFF1AE07F480078012829
:103B000016D1804840790A2148437E498979401876
:103B10007C49C8700846C0790A2148437949097A26
:103B20004018784908710A461179D07800F05EFF94
:103B3000E0E00020714908606F480078002843D118
:103B40006F4840790A2148436D49897940186C498A
:103B5000C8700846C0790A2148436949097A401863
:103B6000674908710846C07800281FD108460079C7
:103B700000281BD10878F3F7F3FA6148407A00284F
:103B800004D05D48007800F0F1FD05E05D4A117851
:103B90005B4A107800F068FE00210D20F3F766FA0A
:103BA0000220F8F76BFD54E054E0A2E0564800888C
:103BB000401C554908800920F8F760FD0120504954
:103BC0008870F8F7ABFD44E04B480078012840D1FD
:103BD0004C4840790A2148434A4989794018494963
:103BE000C8700846C0790A2148434649097A4018F6
:103BF000444908710846C07800281DD1084600795C
:103C0000002819D10878F3F7ABFA3E48407A00282B
:103C100004D03948007800F0A9FD05E0394A117850
:103C2000374A107800F020FE00210D20F3F71EFA2D
:103C30000220F8F723FD0CE033480088401C32498D
:103C400008800920F8F71AFD01202E498870F8F73E
:103C500065FD4FE000210D20F3F708FA0020274909
:103C600008602548007800281FD100BF04E000222A
:103C70002349491D0A54401C0428F8DB20490878D0
:103C8000F3F76EFA1E48407A002804D01A480078EC
:103C900000F06CFD05E01B4A1178194A107800F01D
:103CA000E3FD0220F8F7EAFC22E01348007801283F
:103CB0001ED1002004E000221249491D0A54401C74
:103CC0000428F8DB0F490878F3F74AFA0D48407AE0
:103CD000002804D00848007800F048FD05E0094AB3
:103CE0001178074A107800F0BFFD0220F8F7C6FCF3
:103CF00000E000BF00BF70BD8C010020B4010020B7
:103D00000A09002016090020BE010020F0B589B084
:103D100000204A4908604A49098849001C22514349
:103D20000846F5F737FC0446002C03D144490880C7
:103D300009B0F0BDF1F71EFD064600253CE0680025
:103D40004049085AB04206DB2046F5F7F7FA002052
:103D50003B490880ECE768003A49085A301A0228C3
:103D600001DB022003E068003649085A301A089047
:103D700000271CE03248008840003049096888422A
:103D800000DC17E068002F4A105AC11901A8F1F7AA
:103D9000B3FC2A4909681C225143081901A9EFF70D
:103DA00056FA26480068401C244908607F1C089881
:103DB0008742DFDB00BF6D1C214800888542BEDBE7
:103DC0001E4800682049884206DD2046F5F7B6FA0D
:103DD00000201B490880ABE7F1F71AFC00251DE025
:103DE0001C206843001980691C216943091949692D
:103DF0001C226A43121992890092019102901C20A0
:103E00006843001983681C206843001942681C201D
:103E10006843215C2846F1F7CDFC6D1C074800681B
:103E20008542DDDB05480068F1F720FD00200449EC
:103E300008802046F5F782FA00BF79E79404002055
:103E400090040020CC0A00208C05000010B5044628
:103E500000200AE0215C302901DB392904DD3A2900
:103E600002D00022225403E0401C215C0029F1D141
:103E700000BF2046EFF73AFA082801D90020207247
:103E800010BD70B504460E461546002C01D0002D1D
:103E900000D170BD002E02D100202070F9E76A1E0B
:103EA00031462046EFF70BFA0021681E215400BF6F
:103EB000EFE700B50A4683B0002100910191014669
:103EC0006846F0F794F90199009803B000BD00002E
:103ED00030B58FB01FA10DA8F2F7FEF80E9800289C
:103EE00003D1214908700FB030BD1F480078002869
:103EF0002DD108A8007D002829D0F1F757FC0446F1
:103F000023461AA20B210AA8F5F708F805462B4606
:103F1000174A242101A8F5F701F801A8FEF728FBAC
:103F200014A20AA91448FEF753FB2B46134A242176
:103F300001A8F4F7F3FF01A8FEF71AFB0DA20AA9E6
:103F40000D48FEF745FB01200749087000BF00BF80
:103F5000C9E7000041542B434D515454434F4E4E3A
:103F60004543543F000000004A040020257500002E
:103F7000CE4A01004F4B000000100040E74A01000C
:103F80000160486070470000002003490870034842
:103F9000006803490860704795010020A4000020D4
:103FA0009801002010B51E480078002837D11D4820
:103FB0000068002833D01C4800681A4909681B4A69
:103FC0008918884205D2184800681649096888424D
:103FD00025D2012012490870FA21C800F1F7FAF839
:103FE00013480078002803D11248407A002807D1EE
:103FF0000F480078012808D10F48407A002804D0E3
:104000000B48007800F0B2FB05E00B4A1178094A32
:10401000107800F029FC09480078F8F72FFB10BD54
:104020009501002098010020A4000020C409000090
:104030008C0100200A09002016090020F30100204D
:1040400010B5064806490978445C0548007800F038
:1040500023F803490870204610BD000062010020CB
:104060006B01002070B504460848007800F014F891
:10407000054607480078854200D170BD05480349D0
:10408000097844540148057000BFF6E76A01002032
:104090006B010020620100200246511CC817400F2E
:1040A0004018C010C000081AC0B2704770B505466D
:1040B0002846EFF71BF9044610E0611E685C0D28E6
:1040C00005D00A2803D0202801D0092804D10022D5
:1040D000611E6A54641E00E002E000BF002CECD1B7
:1040E00000BF70BDF0B591B0F1F744FB109010988F
:1040F000002803DC0020014611B0F0BD002109A812
:10410000F1F7FAFA0A9808900B9E00242546012739
:1041100015E0394601A8F1F7EFFA0298B04204DC45
:104120000398B0420ADD039E08E031460898FDF787
:1041300035FD04194D4102980890039E7F1C10988C
:104140008742E6DB31460898FDF728FD04194D410A
:1041500020462946D0E7000010B51A48007800280C
:104160002FD01948007800282BD1F8F729F9F6F755
:10417000A1FD62210220F9F783FC01201349087098
:10418000002013490860134800681349086013A011
:10419000FEF7EEF912A0FEF7EBF97D20C000F0F774
:1041A000C3FC12A0FEF7E4F9FDF728FCFDF738FC8C
:1041B00000201149087001201049087000200149B1
:1041C000087010BD62000020F20100206300002092
:1041D00040010020A40000204401002041540000C0
:1041E00041542B4346554E3D3000000041542B4373
:1041F00046554E3D310000004B0400208A0000204F
:1042000010B5F9F743F8044621461348F7F7C6FE00
:104210001249086008460068E1214901884202D934
:1042200008460E4908600E48807802280FD12146C2
:104230000C48F7F7B3FE0949486008464068E12199
:104240004901884206D908460449486002E0002036
:104250000249486010BD0000C4010020E4010020B4
:10426000C0060020D4010020002003490870034844
:10427000006803490860704788000020A4000020FF
:104280003C00002030B541480468414800780228CD
:1042900030D13F484068201AFF212D31884234D365
:1042A0003B484460007A002801D1012000E0002052
:1042B000374908720D462D7A002D02D00D462D7B10
:1042C00000E000252B46324D2D7A002D02D0304DD6
:1042D000ED7A00E000252A462D4D2D7A002D02D0E2
:1042E0002B4DAD7A00E000252946294D687AF2F77A
:1042F000E3FE0AE026480078012806D1244D2B7BF6
:10430000EA7AA97A687AF2F7D7FE2248007802287A
:1043100030D120484068201AFF212D31884234D303
:104320001C484460007A002801D1012000E00020F0
:10433000184908720D462D7A002D02D00D462D7BAE
:1043400000E000252B46134D2D7A002D02D0114D93
:10435000ED7A00E000252A460E4D2D7A002D02D080
:104360000C4DAD7A00E0002529460A4D687AF2F737
:10437000A3FE0AE007480078012806D1054D2B7BF3
:10438000EA7AA97A687AF2F797FE30BDA400002095
:10439000CC060020C000002010B50F48007800288F
:1043A00019D10E480068002815D00D4800680B4947
:1043B00009680C4A8918884205D2094800680749EB
:1043C0000968884207D20120034908700648F8F7B7
:1043D00095FCF8F783FB10BD880000203C0000200E
:1043E000A4000020A86100002C06002070B504463F
:1043F0000025002C02D02068002800D170BDA168E3
:10440000206845182846EEF771FFA1684018A060A3
:1044100000BFF3E7F7B586B01546002400260698DE
:104420000590002004900390029001900799059850
:10443000081A062800DA88E00598801CFBF7B6FE0B
:10444000064637208002864203D34148864200D880
:104450007BE01B20C00286422CD33E48864229D8EE
:104460000598871D002000900C2002900798C01B23
:10447000062800DA69E038785C2802D17878752857
:1044800000D062E0B81CFBF791FE00903721890252
:104490000098884203D32E490098884200D954E0FE
:1044A000B005000B00998905890D08430121090415
:1044B000441802E0062002903446802C02D20120EB
:1044C00004901AE00120C002844204D20220049029
:1044D000C020019011E001200004844204D2032096
:1044E0000490E020019008E01B48844204D8042096
:1044F0000490F020019000E027E00498401EC0B234
:1045000003900CE0204680210843BF2108402A6820
:1045100003995054A4090398401EC0B20390039815
:104520000028EFDC0498012804DD01982043296865
:10453000087003E06006400E296808702968049836
:1045400008182860029809B0F0BD0020FBE70000C1
:10455000FFDF0000FFDB0000FFFF10000E48417985
:104560000E480F4A1278920081500B4881790B480F
:104570000B4A5278920081500748C1780748084A90
:104580009278920081500448C1790448044AD27854
:104590009200815070470000674A010018A0054052
:1045A000744A0100FEB5064666480290664D3046E4
:1045B0000299EFF705FD01D2002418E029463046A4
:1045C000EFF708FD01D2614C11E028460299EFF7A0
:1045D0001BFA019030460299EFF716FA0090019904
:1045E000EFF757FA07465949EFF716FA04465749C5
:1045F0002046EFF7E5FC21D855492046EFF7EAFCC5
:104600001CD8544801785448544A1278920081507A
:10461000504801785048514A5278920081504D4894
:1046200001784D484D4A927892008150494801786E
:1046300049484A4AD2789200815082E04449204653
:10464000EFF7BEFC20D846492046EFF7C3FC1BD845
:1046500000214148414A1278920081503D4801783A
:104660003D483E4A5278920081503A4801783A4893
:104670003A4A927892008150364801783648374A53
:10468000D278920081505CE035492046EFF798FCE3
:104690001DD834492046EFF79DFC18D800212E483C
:1046A0002E4A1278920081502C4A52789200815002
:1046B000284801782848294A927892008150254854
:1046C00001782548254AD2789200815039E0254961
:1046D0002046EFF775FC1AD800212046EFF77AFC48
:1046E00015D800211C481D4A1278920081501B4A9F
:1046F000527892008150194A927892008150154860
:1047000001781548154AD2789200815019E0164870
:10471000C1781148114A12789200815012480179EB
:104720000D480E4A5278920081500F4801790A488C
:104730000A4A9278920081500021084A52789200E9
:104740008150FEBD66662640000060400000C84201
:10475000000096425C4A010018A00540744A01001E
:10476000000048420000C841674A010010B50446F5
:104770000A20F2F7F5FC002C02D0012C31D117E011
:104780001948417819481A4A1278920081501648FF
:1047900001781648164A5278920081500021144A36
:1047A000927892008150124AD2789200815018E09B
:1047B00000210E480E4A1278920081500C4A52781D
:1047C00092008150084841780848094A927892003E
:1047D0008150054801780548054AD27892008150F9
:1047E00000BF00BF10BD00005C4A010018A00540DA
:1047F000744A010000220C490C4B1B789B00CA50E4
:104800000B49CA780849094B5B789B00CA50094993
:104810000A5C0549054B9B789B00CA500022034B5C
:10482000DB789B00CA50704718A00540744A01000D
:10483000674A01005C4A010040210948094A127890
:1048400092008150074A527892008150054A92782E
:1048500092008150034AD278920081507047000044
:1048600018A00540744A010010B5444A927A002A03
:104870000CD0434AD378434A434C2478A4001351C4
:104880000023414C6478A400135129E00A280ED17A
:104890003E4A53783B4A3C4C2478A40013513B4A8F
:1048A0001378384A384C6478A400135118E00A2968
:1048B0000AD10023334A344C2478A4001351324CDB
:1048C0006478A40013510BE0304A135C2D4A2E4C3F
:1048D0002478A400135100232B4C6478A4001351B6
:1048E0002B4A9278022A3DD12A4A927A002A0DD088
:1048F0000023244A244CA478A4001351204AD378DE
:10490000204A214CE478A400135135E00A290ED145
:104910001E4A53781B4A1C4CA478A40013511B4A0E
:104920001378184A184CE478A400135124E00A289C
:104930000AD10023134A144CA478A4001351124C3A
:10494000E478A400135117E000230E4A0E4CA4781B
:10495000A40013510D4A535C0A4A0B4CE478A4009E
:10496000135109E00023074A074CA478A40013510F
:10497000054CE478A400135110BD00000A09002082
:10498000674A010018A00540744A01005C4A010012
:10499000C006002016090020F8B507467D26F6005F
:1049A000002518E031463846EEF7FEFB0446092C98
:1049B00000DD12E00A48015D0A480B4A525D920090
:1049C000815020467043381A87B20A213046EEF7EC
:1049D000EBFB06466D1C042DE4DB00BFF8BD0000B8
:1049E0005C4A010018A00540744A01007FB50546E5
:1049F0000C460A212846EEF7D7FB00900A212846EC
:104A0000EEF7D2FB01910A212046EEF7CDFB029092
:104A10000A212046EEF7C8FB039100200AE081003E
:104A20006A4651580A4A525C0A490B4B1B5C9B0070
:104A3000CA50401C0428F2DB05490198085C80211B
:104A400008430449044A5278920088507FBD000010
:104A50005C4A010018A00540744A01003F065B4F04
:104A6000666D7D277F6F805E3F3779507778397329
:104A70006E3D6D76090803026D6E37396E37390069
:104A80003739005E39005E3F005E3F375E3F377961
:104A90002C0190015802BC0284034C041405DC056F
:104AA000400600002C0190015802BC0284034C0413
:104AB0001405DC054006000000002C019001F40103
:104AC0005802BC0220035C03AC03E80372064154A5
:104AD0002B434D515454535542544F5049433D304C
:104AE0002C25642C310D0041542B434D515454530B
:104AF00055423D302C25642C310D00005802000039
:104B0000000100000A0000008051010001010100C5
:104B10000000000000000000020000000000000093
:104B2000700E002000000000700E00201F0000002A
:104B30001C0000001F0000001E0000001F000000FD
:104B40001E0000001F0000001F0000001E000000EB
:104B50001F0000001E0000001F000000C80F002002
:104B60000000000000000000000000000000000045
:104B70000000000000000000000000000000000035
:104B80000000000000000000000000000000000025
:104B90000000000000000000000000000000000015
:104BA0000000000000000000000000000000000005
:104BB00000000000000000000000000000000000F5
:104BC00000000000000000000000000000000000E5
:104BD00000000000000000000000000000000000D5
:104BE00000000000000000000000000000000000C5
:104BF000000000002C530100AD1301000000000074
:104C00003853010009170100000000002053010083
:104C10006116010000000000B4530100DD12010024
:104C200000000000F45201004115010000000000E6
:104C3000C45301004D140100000000008C5301001A
:104C40008D17010000000000A0530100ED170100C6
:104C500000000000045301004118010000000000A2
:104C60004C530100CD1501000000000070530100FD
:104C700071DF0000000000007C53010071DF0000C4
:104C8000000000005C530100F5DE000000000000A1
:104C9000FFFFFFFF0000000000000000B053010014
:104CA000F5B5000010530100D5B40000AC5301006D
:104CB00005B900001853010005B700006853010052
:104CC000C9B9000048530100E5B80000885301004D
:104CD000C1B800001C5301006DB900006C53010005
:104CE00095B900004141414141414141414141416A
:104CF0002D2D2D414141181818181818181818187A
:104D00001818181800000B4000200B4000400B4002
:104D100000600B40000000000000000003020200E1
:104D200002000040008001010101010300100400A5
:104D300008000101010C0203000004400300100000
:104D40000600030020000600004040404040404074
:104D5000404041414141414040404040404040404E
:104D600040404040404040404005020202020202F2
:104D70000202020202020202022020202020202041
:104D80002020200202020202020290909090909055
:104D90001010101010101010101010101010101013
:104DA0001010101002020202020288888888888887
:104DB0000808080808080808080808080808080873
:104DC000080808080202020240000000494D0100E4
:104DD00045524153452046554E430000434F4F4BEB
:104DE0002046554E43000000544553542046554E2E
:104DF0004300000062726964676520554152542087
:104E0000746F20434C4900002D6E20207072696E33
:104E1000742063757272656E7420636F6F6B696E58
:104E2000672073657373696F6E20636F756E74208E
:104E300073746F72656420696E20454550524F4D02
:104E400000000000436F6D6D756E696361746520CD
:104E5000776974682047534D000000007267620054
:104E60006C65640072656400627269646765000065
:104E70002D6D20207072696E74206D6178206E75C2
:104E80006D626572206F6620636F6F6B696E67205D
:104E900073657373696F6E7320666C6173682063EA
:104EA000616E2073746F726500000000657261733B
:104EB000650000006F6666003773656700000000DC
:104EC0002D64203C4E3E20207772697465204E2070
:104ED0007265616C69737469632064756D6D7920A6
:104EE000636F6F6B696E672073657373696F6E7341
:104EF00020746F20666C617368000000636F6F6BD5
:104F0000000000005B2D623C302E2E36343E5D20CA
:104F1000736574206272696768746E657373206C60
:104F20006576656C0000000067736D006E756D003E
:104F30002D723C302E2E31353E203C2D307C2D31D3
:104F40003E20726564206C6564202D30206F66669B
:104F5000202D31206F6E00005B73776974636820C9
:104F60006C6564206F6E00002D703C307C313E70AB
:104F7000756C73652074686520706F77657220703A
:104F8000696E2E20303A322E355320746F20706FA8
:104F9000776572206F66662C20313A35306D53206C
:104FA000746F20706F776572206F6E006F6E0000F7
:104FB0002D633C307C313E205B5B727C677C625DA4
:104FC0005D2073657420524742206C656420636FD6
:104FD0006C6F757200000000436F6F6B696E672025
:104FE00073657373696F6E20666C61736820737488
:104FF0006F7261676520636F6D6D616E6473000031
:1050000072656164207468652073746174757300DF
:10501000737461747573000062726967687400006C
:1050200072756E206C6564206379636C65207465AD
:105030007374000074657374000000006D61780083
:105040004D616E6970756C617465204C45447320C8
:10505000616E6420372053656720446973706C610A
:10506000790000002D733C5B302E2E395D5B2E5D88
:105070005B302E2E395D5B2E7C3A5D5B302E2E39F7
:105080005D5B2E5D5B302E2E395D5B2E5D3E2044D8
:105090006973706C6179206E756D626572206F6ED8
:1050A0002037207365676D656E7420646973706C5A
:1050B0006179000064756D6D7900000041542B48E2
:1050C000545450504152413D22555345524441544D
:1050D00041222C22582D4150492D4B65793A20739D
:1050E0006B646A6633383475726A39333475723377
:1050F00039687233383433383475687233383479F8
:1051000033396575687772777266397738347279B2
:10511000683338343338343368723379716F646686
:105120006B6A3339333837726734722200000000FB
:1051300041542B434D515454434F4E4E4543543DDF
:10514000302C227463703A2F2F61336236736F6391
:10515000667164747071342D6174732E696F742E6E
:1051600061702D736F757468656173742D312E6174
:105170006D617A6F6E6177732E636F6D3A38383870
:1051800033222C25642C2564000000007B227061F2
:105190006E223A222563222C226F6E54223A256C0D
:1051A000642C226F666654223A256C642C22707738
:1051B00072223A25752C2270777243223A252E32BC
:1051C000662C225067223A252E32667D2573000018
:1051D0007B226465764944223A7B22736E223A220E
:1051E0002575222C224657223A222573222C227022
:1051F00074223A222575222C226D63223A222575CB
:10520000222C22736964223A222573222C226C6F8D
:1052100063223A222573227D2C227473223A256C54
:10522000752C2273746174223A7B22426174562277
:105230003A222573222C2253544C223A22257322DF
:105240002C22737476636E74223A222573227D7D3C
:10525000000000007B226465764944223A7B227379
:105260006E223A222575222C224657223A22257395
:10527000227D2C227473223A256C752C22436F6F89
:105280006B416767223A7B22636F756E74223A2501
:10529000642C2261766750777257223A252E326647
:1052A0002C22746F74616C53656373223A256C6CA5
:1052B000752C2270777243223A252E32662C2250AA
:1052C000675768223A252E32667D7D002B46534C67
:1052D000533A2046494C45533A0D0A0065436F6FD7
:1052E0006B335F4F54415F54455354312E6865789A
:1052F000000000006D657461496E74657276616CC2
:105300005300000073656E644D6574610000000019
:10531000666F7461000000006C620000726400003F
:105320007061796C6F61644D6F6465006B65657069
:10533000416C69766500000070657273697374650D
:105340006E74466C61670000706700006E756D4397
:105350006F6F6B426C6F636B00000000647572616D
:1053600074696F6E00000000736F000072700000BF
:105370006D6178506F776572000000006D61785F35
:10538000706F7765720000006D72000073656E6467
:10539000436F6F6B696E6753657373696F6E7300EC
:1053A00073656E644572726F7273000070750000F1
:1053B00066770000636F6E6E53747261746567790F
:1053C000000000006D65746146726571487A0000E6
:1053D000F053010010000020D40500006E480000CA
:1053E00038550100E4050020B4390000F8950000AC
:1053F000011CDAFF0101257A010501256958092000
:1054000064D954590F1204180F0401040204030450
:1054100004040504070406011501060505301205FC
:105420000105020503050405050607060203041825
:1054300032302A213B293C890532033206220C5B9B
:105440000808031129300140025713F24C0A415257
:105450008814604E011440500123EDDF1A640C14CF
:10546000304F0132721AB80C1A641832731AB40C25
:105470001A581832301AAC08290C32311A5C181A32
:10548000B00C32631A342C1A200432741A18081A19
:105490000418023F621A28441A446423DDD514809C
:1054A00053011A681032701A106011599C1A682042
:1054B0004BF44D6C29841AE80C29841AFC181ADC68
:1054C0000C299C1AAC0C1AD00C024B6529601AD816
:1054D00090411A3C781A7010326D1A2C141A080C6C
:1054E000326E1AB4181AC00C028764135C09024C9D
:1054F000200214050009116F6E6F6D6F6E646F02EC
:105500002701E92812010342FFFF4B58025B320AD0
:10551000148051018B010168291B4114DC52011ACE
:10552000CC0401290410879303239595233D931BF5
:085530008919640143022B7D7F
:04000005000030C106
:00000001FF
