:020000040000FA
:10300000983F0020C130000011720000E96100000B
:10301000FFFFFFFFFFFFFFFFFFFFFFFFFFFFFFFFC0
:10302000FFFFFFFFFFFFFFFFFFFFFFFFA174000097
:10303000FFFFFFFFFFFFFFFF3D72000081760000F2
:10304000353100007D73000035310000353100005E
:103050003531000035310000DF550000353100000A
:103060007149000035310000353100001979000048
:10307000915E0000ED730000353100003531000035
:1030800035310000494B0000CD4C00003563000095
:103090001566000035310000353100003531000083
:1030A000D58B0000718800003531000035310000FB
:1030B00035310000AD6F00003531000035310000C2
:1030C0001D4880471D4880471D4800471D4801692D
:1030D000002908D14169002905D18169002902D15F
:1030E000C169002909D01848C1680901090D0029E2
:1030F0000ED005290CD006290AD0BFF34F8F1348F4
:103100001349016013491248C860BFF34F8FFEE7AF
:103110000E4801680E48884200D070470E480F499B
:1031200001600A480E4901607047FEE7FEE7FEE7CE
:10313000FEE7FEE7FEE70000CD30000085760000E8
:1031400065310000000308408001084000000020B5
:103150000400FA0500ED00E00081084001000000D5
:10316000000000000448854601F07EF90048004751
:10317000E1E20000C046C046983F002030B50B4653
:10318000014600202022012409E00D46D5409D4241
:1031900005D31D469540491B2546954040191546C7
:1031A000521E002DF1DC30BD70B5002425460028EC
:1031B00001DA01244042002901DA01254942FFF7E2
:1031C000DDFFAC4200D04042002C00D0494270BD2F
:1031D000F8B500242546002904DA0E460124002112
:1031E0004042B141002B04DA1E4600235242012521
:1031F000B34100F0F9FE8C4617461E46AC4203D0A0
:10320000002540428D41AC46002C02D0002657429A
:103210009E4161463A46334601B0F0BD00487047D2
:10322000D04D010010B50446FFF7F8FF0068005DBF
:10323000C007C00F10BD01466139192900D82038D8
:10324000704701464139192900D82030704703469C
:103250000B439B0703D009E008C9121F08C0042ACA
:10326000FAD203E00B780370401C491C521EF9D2BD
:103270007047D2B201E00270401C491EFBD2704779
:103280000022F6E710B513460A4604461946FFF732
:10329000F0FF204610BD30B505462A460B46107893
:1032A0001C78521C5B1C002801D0A042F7D0002CD7
:1032B00003D0002802D06D1CEFE7284630BD10B5C2
:1032C000044605E00B780370401C002B00D0491C1D
:1032D000521EF7D2204610BDCAB2401E4178401C93
:1032E0008A4202D00029F9D100207047421C01789F
:1032F000401C0029FBD1801A704710B5002200E065
:10330000521C835C8C5CA34201D1002BF8D1D8B253
:10331000E1B2401A10BD03460A780270401C491CF5
:10332000002AF9D11846704730B5054600200346FB
:1033300000E05B1C934205D2EC5CC85C201A01D112
:10334000002CF6D130BD10B508E00A4602E0A342D9
:1033500008D0521C1378002BF9D1401C0478002CA3
:10336000F3D1002010BD00000FB400B58DB009905E
:103370000B9010A900200091C0430A9000200C90EF
:1033800006480690064807906A4609A80F9900F07B
:10339000E1FE0DB008BC04B0184700007541000004
:1033A00095410000FFB50027FF4383B000205C6813
:1033B00001909E681D46A9697F1C0498884700906B
:1033C000296A88470028F6D10098401C0CD00320B9
:1033D00040028443002E19DD600614D500982B2886
:1033E00009D02D280FD103E00020C04307B0F0BD65
:1033F000012080020443A9697F1C04988847761E37
:103400000090002E02DD0098302803D00598002897
:1034100025D035E0012040020443A969761E7F1CB7
:10342000049888470090002E03DD782805D058289E
:1034300003D00598002810D022E00598002801D07C
:1034400010281DD1012040028443A969761E7F1CEB
:10345000049888470090102002E0082000E00A202D
:1034600005900DE0012149020C43059A0199761E51
:10347000514308180190A9697F1C0498884700905F
:10348000002E05DD0599009800F04FFE0028E9DACE
:10349000E96904988847A00502D40120C043A5E744
:1034A000E00722D1600611D56005019800D54042A1
:1034B00029680A1D2A600968220501D5087014E0F0
:1034C000220701D5088010E008600EE02868011D81
:1034D00029600068210502D50199017005E02107E6
:1034E000019901D5018000E0016038467EE7FFB513
:1034F000002083B000905068019091691446002626
:1035000097680498884705460C990698084305D0A3
:1035100009E0A169761C049888470546216A284677
:1035200088470028F5D1681C03D00198C00704D053
:1035300017E00020C04307B0F0BD2068011D2160E6
:10354000006800900DE00198C00704D10098057054
:103550000098401C0090A169761C7F1E0498884743
:103560000546002F1CDD681C1AD0069800280FD0D5
:10357000E817C00E401941118A00069940095118F8
:1035800040012A1A0968012090400142DBD107E07E
:103590000C980028D7D1216A284688470028D2D025
:1035A000E169049888470C98002807D1002E05DDB2
:1035B0000198C00702D1009800210170A068B842AC
:1035C00004DD0C98002804D0002F02D00120C04355
:1035D000B1E73046AFE70000FFB5087889B015467F
:1035E000FF2805D0491C2D2804D00022002407E024
:1035F00000240BE00122F9E70A235C430419491C6B
:103600000878FF28F8D1002A00D0644200200490F6
:103610002A7801462D2A01D02B2A0FD16D1C2D2A84
:1036200002D00022049209E00122FBE700260A22D0
:1036300033466D1C00F008FD381871412F78FF2FBC
:10364000F4D10C9AA218069202460A4304D0FF2332
:10365000069A9133DA4205DA002109980A4606C033
:103660000DB0F0BD0024B74AB54D2646079200F0D4
:10367000CDFE029006980391002801DA474200E04F
:10368000074639050020AF4A001C514101910090C6
:1036900012E0F80707D022462B463046079900F083
:1036A000EBFA0646079122462B461046194600F0D3
:1036B000E3FA04460D467F10002FEAD10698019BDD
:1036C0000028009A0399029806DA00F03DFB324682
:1036D000079B00F039FB05E000F0CEFA3246079B6D
:1036E00000F0CAFA049A002A02D00122D2075140FF
:1036F000099A03C2B4E7FFB591B0002009900025F4
:10370000ED432E209E685C681F460190B9696D1CD0
:10371000129888470090396A88470028F6D10098A7
:10372000401C0AD00D20C0018443002E12DD0098F9
:103730002B2809D02D280DD103E00020C04315B05F
:10374000F0BD012080020443B9696D1C12988847BE
:10375000761E009003A9600501D52D2000E02B20E6
:103760006A461073491C0CA80F9102900AE0B969CF
:103770006D1C129888470090012040020443139862
:10378000761E0560002E02DD00983028EFD00199EA
:103790000098884246D18020044308E00998401EE2
:1037A00009900120400204431399681C0860B9691C
:1037B0006D1C761E1298884700903028EED031E0BC
:1037C0000199884205D1200603D480200443761E47
:1037D0001EE0009805F0D8FF002826D00120400206
:1037E000044307A90F980331761E88420BD2009834
:1037F0000F99303808700F98401C0F90200607D59D
:103800000998401E03E0200602D40998401C099044
:10381000A00502D51399681C0860B9696D1C12983F
:1038200088470090002ECBDC59E0002E57DD009831
:10383000652801D0452852D1A00550D503200002AB
:103840008443B9696D1C761E129888470090002E3B
:103850000CDD2B2804D02D2808D1FF200130044393
:10386000B9696D1C12988847761E0090E00501D555
:103870002D2100E02B21029801700298401C02903B
:10388000019025E00120400204430EA90298013175
:10389000761E88420ED20098029930380006000E3B
:1038A000087003D10299019881420AD90298401CFC
:1038B000029006E0E00501D5234801E0224840429D
:1038C0000990B9696D1C129888470090139805609B
:1038D000002E04DD009805F057FF0028D2D1F969C9
:1038E000129888470F99FF200870029903AA087060
:1038F00000200A900B900CA90AA8099BFFF76CFE08
:10390000A00502D40120C04319E72420044209D0B5
:10391000E00713D138680B9A0A99031D3B600068D1
:1039200006C00BE00B990A9800F02EFB0146E00759
:1039300004D13868021D3A60006801602846FEE63E
:10394000000014400000F03FF1D8FFFF70B50646BC
:1039500005F0C4FC046805460A220021304600F048
:103960007DFC2C6070BDF8B502464A40D40F420081
:103970004B0052085B089A4202D2024608461146A2
:103980004A0023D0C30D4A00DDB2120EAD1A202D1D
:1039900035DA49020126490AF6058A19002C00D0B9
:1039A000524220214F1B1146B9402A411018C20D26
:1039B0009A4221D0002C17D0012D08DCDA05801A9C
:1039C000D20F8019D207DBB200F088FCF8BDDA050F
:1039D000801A012340001B06C01880185A42801824
:1039E000CA0F1043490007E04908C2071143DA052E
:1039F000801A80194008801800F068FCF8BD61004A
:103A00000122511A001BF7E70122D2075140AAE711
:103A10000122D2075040A6E7024670B54A40D30FB4
:103A2000DB0740002DD04A002AD0010E140E000200
:103A300012020919400A520A8418E5010446544347
:103A4000000A120A2E045043A4194219200CC5433F
:103A5000AA18120C0125AD03521C521912047F3909
:103A6000240400D0521C104301D44000491EC2B2AD
:103A70000C06C0092018401C4008802A02D003E030
:103A8000002070BD40084000002900DA00201843E3
:103A900070BD70B502464A40D50F40004A00ED07A0
:103AA00040085208002814D0002A12D0C40DD30DAB
:103AB00041020120C0055202490A520AE41A0918BB
:103AC00012187D34914201D3641C00E04900002C9F
:103AD00001DA002070BD0023914201D3891A03430B
:103AE000400849000028F7D100290AD0914202D1AC
:103AF0000121C90705E0914201D2012101E0012124
:103B0000C943E005C018401900F0E0FB70BD00009B
:103B1000F0B507460846584087B0C00F04904800EB
:103B20000E46590040084908BC1A884105D238465B
:103B300031461E4617460B460246580040081043C1
:103B40004DD0300D039040055900400D490D0590B2
:103B5000401A0290402873DA18030121000B09056E
:103B60000843019004980092002806D01146019A5B
:103B700049420020904100910190029840210A1A88
:103B80000199009800F09DFA05460C466B4607CB5C
:103B900000F0B8FAC0197141039A0E0D0023D7172F
:103BA00056401A467A40164344D0049A002A2DD033
:103BB000029A012A039A15DC1205C01A91410126C6
:103BC0003605001C7141D20F059ED2070093019269
:103BD00002962A46234600F0C7FB07B0F0BD3846E0
:103BE0003146FAE71605234A0F46B218C01AB74104
:103BF00001210905001C4F4100187F41114618188A
:103C00007941E20F10436D19644113E0E2076D083A
:103C100015436408C2071443039A01261205C01A0B
:103C200091413605001C7141CE07400830434908D8
:103C3000C01851412A46234600F089FBCDE7FFE733
:103C4000049801224000C117121A00238B410498E6
:103C50003146C417381AA141EEE730B40124E40715
:103C6000634030BC54E730B40124E407614030BC09
:103C70004EE700000000E0FFF0B51FB488B00B99DC
:103C80000998002448400999C00F49004908099142
:103C9000C0070B990090490049080B9109990898B1
:103CA000A64608431CD00B990A98084318D00998D7
:103CB00001244000420D4800410D099824050003ED
:103CC000000B204309900B980003000B20430B903E
:103CD00050181C494018002201901446104605E077
:103CE000002001460DB0F0BD032801DA034600E0D4
:103CF00003239C46C11A0AAE0AE05F0008ADED5BE3
:103D00004F00F75B7D430027AA187C41491C5B1ECE
:103D10006145F2DD410004AB5A522104120C0A4302
:103D2000240C401C0828DFDB0198029000997046A3
:103D300001910090059B049A0799069800F014FBE6
:103D4000D0E700000DFCFFFFF0B50C465C4085B0ED
:103D5000E40FE40703944C000026640859009446DD
:103D6000490802460296224321D062460A431ED0E9
:103D70006200570D4A000E032303550D012402462D
:103D80002C492405781B1B0B360B40182343264374
:103D9000614600901C46501AB44103D30098401C61
:103DA000009002E0921800985B41002803DA00209E
:103DB000014605B0F0BD00200121090507468646F1
:103DC00011E064461D46141BB54106D36546521BDF
:103DD000B341744607430C43A646CD074008490843
:103DE000284392185B4105460D43EAD1104618431B
:103DF00013D06046194650407140084306D06046D3
:103E0000101AB34106D20122002306E0002201234A
:103E1000DB0702E00122D2435310009874460105EB
:103E2000381C6141029C039D0019694100F08FFA22
:103E3000BFE70000FD030000C217C10F504010B5DE
:103E40004018CA079623002100F048FA10BD10B5AB
:103E500000229623114600F041FA10BD0EB5C2179C
:103E6000C10F5040CA0740180021054B0293019230
:103E700000910A460B4600F077FA03B000BD00003F
:103E8000330400000EB505490291002100910A4655
:103E90000B46019100F068FA03B000BD3304000046
:103EA000410040020122400AD205090E80187F29F4
:103EB00001DA00207047962903DC9622511AC84087
:103EC000704796398840704770B5CD0F4A00090396
:103ED0000123090B1B0519430B4BED070024520D61
:103EE0009A4201DA002070BD074B34339A4203DC5A
:103EF0009A1A00F0F6F802E00449511888402C4361
:103F0000F1D0404270BD0000FF030000CDFBFFFF79
:103F1000C20FD207400040080BD0C10D0723DB01C0
:103F2000C91840020905400A1143C208400711435D
:103F3000704700200146704710B5002904DB0124BA
:103F4000E40740428C412146002B04DB1C46012340
:103F5000DB075242A3418B4200D1824210BD0000D8
:103F600010B5002904DB0124E40740428C412146BE
:103F7000002B04DB1C460123DB075242A34199427C
:103F800000D1904210BD0000CB0FDB07490010B5F7
:103F9000490802460A4307D00A0D07240903E40131
:103FA000090B121B002A01DC002010BDC900440FC0
:103FB0000C43C100E018D205801800F087F910BD4D
:103FC0000122D207002800DB101A002900DB511A59
:103FD000814270470122D207002800DB101A002915
:103FE00000DB511A88427047F0B51FB40646002026
:103FF00082B005464024019100901BE001992246C1
:104000000F46304600F06DF8049A059B801A9941DE
:1040100010D310461946224600F053F8361A8F4145
:104020000197224601200021009F00F04AF838182D
:104030004D4100902046641E0028DFDC019B009863
:104040002946324607B0F0BDF0B51FB486B0002057
:104050000090019002900698069980B2049007980B
:10406000090C02040014114307900027089D0998C9
:1040700006913E463C4603900398A9B20204000C08
:10408000039004982D0C154348430021224600F06C
:1040900018F8C719714110340E46402CECDB384635
:1040A000029A00F00EF8009A019B80180090594186
:1040B00002980191103002904028CCDB00980BB0A0
:1040C000F0BD10B5202A04DB0146203A91400020C3
:1040D00010BD914020239C1A0346E34019439040B1
:1040E00010BD10B5202A04DB0846203AD04000213C
:1040F00010BD0B46D340D0402024A21A9140084363
:10410000194610BD10B5202A06DBCB170846203A09
:104110001041C1170B4306E00B461341D040202449
:10412000A21A91400843194610BD3A2800D23038EF
:10413000202302469A43412A01D310463738884249
:1041400001D30020C0437047026813785118016002
:104150001846704710B5D160044951610449116295
:1041600000211161114600F091F910BD4941000094
:10417000253200004268002A08D001680B78491CEB
:10418000002B03D0521E06C0184670470121C160A3
:10419000881E70474268002A0BD0C3680168002B54
:1041A00007D183688B4204D0491E521C06C00020F0
:1041B00070470020C04370470FB400B589B00CA908
:1041C00000910B990023CB60204B214A0693079264
:1041D000042201921F4A02921F4A089202466B462D
:1041E0000020FFF788FA09B008BC04B0184770B582
:1041F00086B006460020C0430190002015460C46BC
:104200000091029104903246694604A8FFF7D4FF5A
:10421000024604982118002D05D0002801D0084638
:1042200000E020462860049800280DD0002A02DD16
:104230000098884208D0081B0190009432466946D5
:10424000029404A8FFF7B8FF06B070BD75410000E6
:1042500095410000FFFFFF7F25320000F7B5009C6D
:104260000F4600262578641C002D05D0FEF7D6FFEA
:104270000068405DC007F5D12B2D02D02D2D18D040
:10428000641E39462046029A00F09EFA002F04D0A0
:104290003968A14201D100993960710502240029D1
:1042A0000BDA4042002803DD05F018F80460A0078F
:1042B000FEBD012080020643E3E70028F8DA05F09E
:1042C0000DF804600048FEBDFFFFFF7F002904DAFF
:1042D000401C490001D140084000704770B40024E0
:1042E000050C05D11024000402D1002921D011248D
:1042F000050E01D100020834050F01D10001241D73
:10430000850F01D18000A41C002801DB4000641C43
:10431000002908D020252E1B0D46F540A14000D0D5
:1043200001212943084301061B1B000ADB1D02D59E
:10433000002070BC7047DB05181880180029F8DAD7
:10434000401C4900F5D170BC40084000704710B5D2
:10435000002B08DA0024401C614192185B411A438B
:1043600001D14008400010BDF0B51FB482B0054631
:104370000C0003D0084604F001FE02E004F0FEFD4C
:1043800020300246009021462846FFF79AFE049B03
:10439000059A04460F4618431143084314D01846A3
:1043A00010431BD0009840210A1A18460599FFF7C0
:1043B00098FE05460E46009A05990498FFF781FE7F
:1043C000084305D0012004E02046394607B0F0BD7F
:1043D0000020C11705430E432C43374300990E9824
:1043E0006305401A7905E40A00220C43FD0A0A30ED
:1043F00002D500200146E9E70105101969410C9C2E
:104400000D9D00196941FFF7A2FFDFE70EB5054AD0
:1044100002920022009213460192FFF7A5FF03B01B
:1044200000BD0000330400004A0009030123090B0A
:104430001B0519430A4B10B5520D9A4202DA0020AF
:10444000014610BD064B34339A4203DC9A1AFFF73B
:1044500048FE10BD034BD218FFF733FE10BD00001D
:10446000FF030000CDFBFFFF064C0125064E05E0D3
:10447000E36807CC2B430C3C98471034B442F7D385
:10448000FEF774FED4530100F4530100F3B58DB070
:1044900000200A9001200B90002608460C300C46A4
:1044A00009906269012109989047051E2ED0252D9B
:1044B0002DD0216A8847002818D062690121099807
:1044C0009047216A88470028F7D1411E6269099800
:1044D000904700E0761CA1690D988847216A8847BB
:1044E0000028F7D1E1690D988847DAE7A1690D98AE
:1044F00088470746A84201D1761CD2E7E1690D98AA
:1045000088477F1C02D10A98002877D04AE100270B
:1045100062693D463946099890472A280CD162695C
:10452000012109989047012506E00A214F433F18D1
:10453000303FEBD410200543626901210998904770
:10454000014630390A2903D29C498F42DEDCECE770
:10455000E90600D49A4F6C280AD04C2810D068285D
:1045600024D06A282ED074280CD07A280AD00DE0E6
:1045700062690121099890476C2823D004211CE02E
:10458000202005436269012109989047A760656072
:1045900065284FD026DC582839D01ADC452849D068
:1045A00012DC252834D04128B0D143E062690121D2
:1045B00009989047682802D008210D43E6E70120BA
:1045C000C002DEE70220DCE7462833D047282CD1A2
:1045D00030E05B2870D061282CD063286CD0642830
:1045E00023D161E06F284FD009DC662822D06728EC
:1045F00020D0692826D06E2817D12EE0CEE0702872
:104600004DD073286FD075284ED078280DD154E046
:10461000A1690D9888470546252800D16CE7E16916
:104620000D9888476D1C00D16DE7BBE00A224CE075
:104630000A2252E0012023466A46C0430D99FFF743
:104640005AF8A4E02846402108436060A8072346A2
:1046500001D5002239E000223FE0E80700D020E742
:104660002068011D21600068290501D5067018E742
:10467000290701D5068014E7A90703D5F1170660BD
:1046800041600EE706600CE7284640210843606061
:10469000A807234601D5082217E008221DE0494952
:1046A00028460840606016E02846402108436060C4
:1046B000A8072346BCD5B9E715E0284640210843A2
:1046C0006060A80707D5234610220120C0430D993A
:1046D000C046C0465BE0234610220120C0430D992E
:1046E000FEF760FE53E000210C910B460091632819
:1046F00002D05B2808D044E02079C00601D4012014
:10470000A060012000903CE0626901210998904777
:104710005E2805D101200C900146626909989047F6
:104720002169002906D10B4601AA8F00491CD351EB
:104730000829FADB002835D0216900290ED1C117DC
:10474000C90E09184A11930001AA9A18490949018A
:10475000411A0120136888400343136062690121F4
:10476000099890475D28E5D10C98002808D00020D2
:1047700001AB81005A58401CD2435A500828F8DB3C
:1047800001AB01202246C0430D99FEF7B0FE002880
:104790000ADA401C06D10B98002803D00020C04341
:1047A0000FB0F0BD0A98FBE7E90702D10A99491C4E
:1047B0000A91361800200B9073E60000CCCCCC0C8C
:1047C000FFFFFF7FF1F7FFFFF7B582B0029C0027E4
:1047D0002078641C15460197302802D0002D15D092
:1047E00015E020780127641C782804D0582802D0CE
:1047F000002D09D00BE0002D01D0102D07D100278E
:1048000010252078641C02E0082500E00A25002617
:10481000009610E00099012769430818020C294608
:1048200080B2714300908E183804864201D3012073
:1048300001902078641C2946FFF777FC0028E9DA0C
:104840000398002805D0002F01D0641E00E0029CD0
:1048500004600198002806D004F040FD02210160A8
:10486000C81E05B0F0BD009930040843F9E770B5E3
:104870008C180578401C6B075B0F01D10378401C36
:104880002A1106D10278401C03E006780E70401C05
:10489000491C5B1EF9D12B0705D40023521E0DD4F1
:1048A0000B70491CFAE70378401CCB1A921C03E0FA
:1048B0001D780D70491C5B1C521EF9D5A142D8D33E
:1048C000002070BD8C2211507047002904D002686E
:1048D00080231A43026003E0026880239A43026047
:1048E000704700000EB50020009001900290012159
:1048F000090602988843401802908912019888435B
:10490000401801900123684607C800F059FD174878
:1049100000F085F802228021002000F093F80621A3
:10492000102000F06DFD0023012202210F4800F04D
:104930005FF800210D4800F077F800231A4609219E
:104940000A4800F03AF80121084800F061F8012215
:104950001146064800F022F801210448FFF7B5FF90
:104960000121024800F062F80EBD00000000014085
:1049700010B501210648FFF7A5FF0548006B0005AB
:10498000000D0449086001200349087010BD0000B3
:1049900000000140D8040020DC04002010B5002AEB
:1049A00005D080231B580B438024235004E0802330
:1049B0001B588B438024235010BD70B50C469510B6
:1049C000AE00051DA9599507EE0E1F25B5402B46D3
:1049D0000D469D4329469507EE0E2546B5402B46CC
:1049E0000D461D4329469510AD00061D715170BD41
:1049F00070B5032900D100BF5C1E2404551E2D0292
:104A00002C430C430568802635402C43046070BD60
:104A1000CA06D20E02674A0952014267704701680E
:104A2000402211430160704701627047002904D0A1
:104A3000426F01231A43426703E0426F520852005B
:104A400042677047F7B50B46009DED00154EAA1959
:104A5000002000240027002120E000240027FF255B
:104A60008D401D40002D17D000200FE01D46C54091
:104A700001268E403540002D07D086000F25B54019
:104A80002C438600029DB5402F43401C0828EDD3DF
:104A90001568A5433D431560121D08310829DCDD6A
:104AA000FEBD00002020024000200349087003489A
:104AB0000068034908607047A4010020A40000209A
:104AC000A0010020FEB5002000900190029001217D
:104AD000090402988843401802900123684607C8D9
:104AE00000F06EFC0E480068012104F05EFA0446F6
:104AF0007D22D2000023FEF76BFB064631460948B3
:104B000000F03DF90021074800F03BF9012105487C
:104B100000F029F90121034800F019F9FEBD000059
:104B2000540500200060074070B50446054805683C
:104B300001E001F0E5F903480068401BA042F8D30A
:104B400070BD0000A400002010B5384800F0F8F84F
:104B500003F080FC36480068401C35490860354841
:104B60000068401C3349086033480078012804D1AC
:104B700032480088401C31490880314800780028BC
:104B80003FD130480088401C2E4908802E480078CC
:104B9000042801D12D4800E02D482A49098888427F
:104BA00009D229480078042801D1284800E0284883
:104BB000401C2449088027480088401C254908805B
:104BC00021480078042801D1204800E020482149EC
:104BD0000988884209D21C480078042801D11B4862
:104BE00000E01B48401C1B49088001F08FFC01F0CD
:104BF000FDFD1021184808F0B5FF1021174808F0F6
:104C0000E3FF17480088401C1549088008460088C3
:104C1000C82809DB002008801248006B10210840DA
:104C2000002801D004F062F910BD000000600740C8
:104C3000A4000020A80000203C0500204005002022
:104C4000AB040020A8040020F2010020E09304003F
:104C500060EA0000B8040020EA080020FA080020FA
:104C6000BC00002000800840FEB5002000900190AC
:104C700002900121490402988843401802900123C0
:104C8000684607C800F09CFB0E4800687D21C900FB
:104C900004F08BF904467D22D2000023FEF798FA37
:104CA00006463146084800F06AF80021064800F040
:104CB00068F80121044800F056F80121024800F08C
:104CC00046F8FEBD540500200070074010B5154899
:104CD00000F036F801201449086014480068401CB0
:104CE0001249086012480068401C114908601148C8
:104CF0000068401C0F4908600F480088401C0E499E
:104D0000088007F079F907F05DFA0FF07BFA0B489D
:104D10000078002801D1012000E000200749087038
:104D200010BD000000700740AC000020B000002063
:104D3000B4000020E8040020B8000020BA000020E1
:104D40004168490849004160BFF34F8F704700290F
:104D500004D0026804231A43026003E002680423BB
:104D60009A4302607047002904D0026801231A4365
:104D7000026003E002685208520002607047C1609E
:104D80007047816070470000F0B5364E0120B0706A
:104D900000252F462EE0284601F008FE002827D1E6
:104DA0002C4644204443F06C015DCA0701D08907BA
:104DB0001ED4B7702018C28D416889184160F06C0C
:104DC0002018028E816889188160F06C2018417863
:104DD000491CC9B2417010290AD3F06C0021201877
:104DE0004770284602F05CFD0121284602F058FD7C
:104DF0006D1CEDB2707B8542CDD3B07800282FD0EA
:104E0000002329E0184601F0D1FD002822D11A46DE
:104E100044214A43F16C144851188881F16C5118AF
:104E20000882F16C51188882F16C51180883F06C7B
:104E30001018C781F06C10184782F06C1018C782E8
:104E4000F06C10184783F06C1118088E0887F16C0D
:104E50005118C8865B1CDBB2707B8342D2D377715A
:104E6000F0BD000074050020FFFF0000F0B51F4DED
:104E7000E88C68640026374630E0304601F096FD45
:104E8000002829D1344644204443E86CFD22015DCA
:104E9000490849001140015520184770E86C01216C
:104EA00020184760E86C490220188760E86C0022EF
:104EB00020184186E86C20188186E86C201841850E
:104EC000E86C20188185E86C2018C785E86C2018EC
:104ED0000786304603F03EFB761CF6B2687B8642BE
:104EE000CBD3AF706F70EF70F0BD00007405002081
:104EF00070B505460C46002D02D0012D74D174E02A
:104F0000002C4DD028460FF033FC744800887449BB
:104F100008800A20714908800120724908706F4892
:104F20000078487000207049088002206F4908709E
:104F30006D4800786E4948706B48807800282AD008
:104F400000206949C870087188704871002166485E
:104F50008171C171017267480078012803D10D2069
:104F600002F084F800E000BF63480078092811D1FE
:104F70006048007801280DD15B4A1178574A1078B3
:104F80000FF074FC5849087802F0EAF8022007F0A4
:104F900077FB01E000E000BF01205049487223E0A8
:104FA0004F4800884D49088001204E4908704C4800
:104FB000007848704949087802F0D2F84A4A1178D6
:104FC000464A10780FF052FC44480088002805D06B
:104FD0004248018828460DF083FC02E0474806F06D
:104FE00011FA00203D49487275E0002C4DD028464A
:104FF0000FF0BEFB3C480088394908800A203A4936
:1050000008800220394908703748007838494870CC
:105010000020324908800120324908702F4800786A
:1050200048702E48807800282AD000202B49C8706C
:10503000087188704871002128488171C17101721E
:105040002C480078002803D10D2002F00FF800E072
:1050500000BF29480078092811D126480078002887
:105060000DD1214A11781D4A10780FF0FFFB1B4922
:10507000087802F075F8022007F002FB01E000E07A
:1050800000BF01201849487224E0154800881649DD
:1050900008800220154908701148007814494870AA
:1050A0001149087802F05CF80F4A11780B4A107821
:1050B0000FF0DCFB0C480088002805D00A48018866
:1050C00028460DF00DFC02E00D4806F09BF900208B
:1050D0000549487200BF00BF70BD00000A090020EA
:1050E000F00100207501002016090020FA080020B8
:1050F0007D0100208C010020F2010020C40100206D
:10510000D40100207FB50446002001900290039056
:10511000012189030298884340180290890303986B
:10512000884340180390012301A807C800F048F9FC
:105130000D2210210320FFF785FC21462248FEF7AF
:105140001DF8451E0321684641800580002101713C
:1051500000200290FF2101316846818169461B4889
:1051600003F0ACFAFF210131184803F01DFA0021C9
:1051700068460170072141800021017141718171F0
:10518000C171017201214172691C3C2251430846E0
:105190006421FDF7F3FF81B26846418100218181DE
:1051A00069460A4803F01CFA0D20002809DB00BFFD
:1051B00000BFC206D20E01219140054A116000BF16
:1051C00000BF00BF7FBD0000C0E1E400004003401D
:1051D00000E100E070B504460D462046FFF792FF5F
:1051E000A1B200232A46012000F002F870BD0000A1
:1051F000FEB505460C4616461F4621462048FDF7DB
:10520000D3FF401E01900199491C3C22514308469E
:105210006421FDF7B3FF00901A48057021467143E1
:1052200008467D21C900FDF7BFFF174908802146C8
:10523000794308467D21C900FDF7B6FF1349088070
:10524000114800880988401811490860019881B206
:10525000104803F030FA009882B200210D4803F0A4
:1052600023FA012211020B4803F0AFF901220021B9
:10527000084803F08BF90121064803F09AF9FEBDB6
:10528000C0E1E400F8030020FA030020FC03002042
:105290000004002000400340884202D9401A80B236
:1052A000704700207047000070B504461748406BF7
:1052B0004607760F00F02EF82060330003F08DFED5
:1052C000081605080B16160E12162068606010E00E
:1052D0000F4860600DE00E4860600AE00120C003E6
:1052E000606006E07D200002606002E000206060F7
:1052F00000BF00BF0548056A052D02D3606840095C
:1053000001E06068E840A06070BD000000800840D7
:1053100000127A00F0B51B480068FF2701373840BB
:10532000040A1848C069C50F164840687F00384015
:10533000460A002E01D10020F0BD002C01D11248F8
:1053400000E0114802460F4FBF69FF00F80F1746F3
:10535000C7403A46012D01D11046EDE70948806962
:105360000F27FF053840C10D002900D11021054845
:10537000806903277F053840430D10464843D840D5
:10538000DAE700000080084000127A007EB504468B
:10539000002560118000094946182E2C00D10225F5
:1053A000E406E40E0321A14030680840E0404519BE
:1053B0006846FFF779FF0298E8407EBD38800840D4
:1053C0003FB50E4C606AE16A226B0446009DAC4317
:1053D00020460C46019DAC4321461446029DAC4339
:1053E0002246002B05D0009C2043019C2143029CB7
:1053F0002243024C6062E16222633FBD00800840AC
:10540000054A926A072383409A430B4683401A4316
:10541000014B9A62704700000080084010B50346B7
:10542000084843606520074C206003E00878054C7D
:105430002073491C1046521E0028F7D1014880688D
:1054400080B210BD00A0084000B587B000200190D8
:10545000029003900121490301988843401801906C
:10546000012301A807C8FFF7ABFF012069460874B4
:105470000548006805900020069004A9034800F044
:1054800007F807B000BD0000BC04002000A00840E1
:1054900002464B6853600B78002B06D0012B06D0D8
:1054A000022B06D00F2B06D106E0002006E0652077
:1054B00004E0E62002E000BF886800BF00BF106083
:1054C0007047000010B500200C4B012498645A7BF3
:1054D00011E0986C521E40009864D0B201F070FA4E
:1054E000002807D0D0B202F0CFFC002802D0986C80
:1054F00020439864D2B2002AEBD110BD740500207D
:10550000F0B5274C0746A0790025002805D1A078E2
:10551000002802D0E079002801D0A5653DE00023F5
:105520001A4622E0104601F04BFA00281BD0104624
:1055300044214843E16CE68E4018018FB14206D900
:10554000418E00290FD0808E00280AD10BE0A68E54
:10555000B14208D2468E218F8E4204D2808E88427C
:1055600001D2627B0123521CD2B2607B8242D9D32A
:10557000002B05D0A06DC019A065E08C606400E030
:10558000A565606DA18D884201D3608D00E0208DFE
:10559000A16D814201D90120F0BD0020F0BD0000C5
:1055A0007405002010B500200649024606E0442399
:1055B000CC6C43431B19401CDA87C0B24B7B98422A
:1055C000F5D310BD740500200348FF21C1720021EE
:1055D000C18201837047000074050020704710B538
:1055E00001F0B4F910BD0000014601228A401046C6
:1055F000014A506090607047404002400121814064
:10560000024A9161BFF34F8F704700004040024053
:10561000F8B5192636037F27BF0235460AE028462B
:1056200000F03AFA0446002C01D00020F8BD012019
:1056300080022D18BD42F2D9002000F017F9012098
:10564000F4E70000FFB5FFB0FFB087B02949FFA81D
:105650004161406914214843192109034718B80AD8
:105660008502002405E0A0002858A10004AA50509B
:10567000641CFF2CF7D9781B81080391002407E0F4
:105680000021C94303980019800004AA1150641C2A
:10569000052CF5D3284600F0FFF90646002E04D06D
:1056A00000207FB07FB00BB0F0BD002412E0A0005E
:1056B00004A90858401C00280BD0A20004AB99583C
:1056C000A200501900F0F4F90646002E01D0002087
:1056D000E7E7641CFF2CEAD9FFA8C26B016C406AA3
:1056E000019202910090FFA814300FC800F062F8F8
:1056F000D7E700008B050000F0B589B007460E46DD
:105700001C2102A8FDF7BCFD1420704319210903D8
:1057100045182C6868460472200A03906C682106BC
:10572000039808430390200A0490AC68210604986B
:10573000084304902002010C68468182E8680790C3
:1057400028690890039A0499891A6A46928A5143F3
:105750000846FEF771FB06490190FEF79AF906909C
:105760001C2202A93846FDF772FD09B0F0BD000009
:1057700000006145632080020068704710B50A4B45
:1057800000210CE088000B24A4020019026A501CBE
:10579000002800D102E088001A5000BF491C0829E7
:1057A000F0D3012010BD0000000500200B20800276
:1057B00000687047FFB585B016461F46142105984E
:1057C0004843192109034518142003902846133033
:1057D000029025490298884202D9002009B0F0BD04
:1057E00030020699084304902846049900F060F9B5
:1057F0000446002C01D00020F0E7300E39020843A7
:105800000490281D049900F053F90446002C01D09F
:105810000020E3E7380E0E99090208430490284659
:105820000830049900F044F90446002C01D000200F
:10583000D4E70F98019028460C30019900F038F910
:105840000446002C01D00020C8E71098009028469C
:105850001030009900F02CF90446002C01D00020F3
:10586000BCE70120BAE7000000FF0100F0B5FFB07F
:10587000FFB085B00746632080020168FFA8C160C1
:10588000C068B84204D101207FB07FB005B0F0BD40
:105890006326B6023046801B8108FFA88160C0687D
:1058A000401C00280AD13946304600F001F905466F
:1058B000002D01D10120E7E70020E5E7002405E005
:1058C000A0003058A10001AA5050641CFF2CF7D949
:1058D000FFA88068800001A90F50304600F0DCF876
:1058E0000546002D01D00020CEE7002412E0A000E4
:1058F00001A90858401C00280BD0A20001AB995800
:10590000A200901900F0D4F80546002D01D0002027
:10591000BAE7641CFF2CEAD90120B5E7F0B5FFB067
:10592000FFB087B03E4F0B208002016AFFA80161E3
:105930000021C160002410E0A1000B22920289180E
:10594000086AA1007958814206D0411C002903D081
:105950000121FFAAD16002E0641C082CECD300BF37
:10596000FFA8C06800283AD00B26B6020196002492
:1059700006E0A10001984158A00002AA1150641C41
:10598000FF2CF6D92748801B81080091002407E0EE
:10599000A0003A5800990819800002A90A50641C16
:1059A000082CF5D3304600F077F80546002D04D0DA
:1059B00000207FB07FB007B0F0BD00240CE0A20053
:1059C00002AB9958A200901900F072F80546002D1C
:1059D00001D00020EDE7641CFF2CF0D91DE000246D
:1059E00019E0A0003858FFA94861A0000B218902E6
:1059F0004018066AFFA9486986420BD0A100094AEF
:105A00008818FFA9496900F053F80546002D01D018
:105A10000020CEE7641C082CE3D30120C9E7000076
:105A200000050020202C00000EB502F04FFAFFF711
:105A300049F80020009001900290FF210131029866
:105A40008843401802904900029888434018029009
:105A5000C901029888434018029089100198884330
:105A600040180190090102988843401802900123D0
:105A7000684607C8FFF7A4FC01F032FD02F068FE9B
:105A8000112003F059FB0B2003F056FB01210220EB
:105A900001F046FF0EBD000010B504460348046047
:105AA00008200249C86000F011F810BD000008404D
:105AB00030B504460D4604480460456004200249A0
:105AC000C86000F003F830BD00000840174A1848CD
:105AD000406902231843164B58611420186106E0F0
:105AE000134800690C2318400C2800D103E010462D
:105AF000521E0028F4D100BF0D488169806902233D
:105B000098430B4B9861012040040840002801D0C5
:105B10000220704702200840002801D00120F8E749
:105B2000002A01D10320F4E70020F2E7FFFF0F0075
:105B300000000840816270473EB50020009001904F
:105B40000290012109040098884340180090490000
:105B500000988843401800904900009888434018F6
:105B6000009049000098884340180090491101981E
:105B70008843401801900123684607C8FFF720FCBE
:105B8000012200210846FEF75DFF01221146002098
:105B9000FEF758FF012202210020FEF753FF0122E9
:105BA00003210020FEF74EFF012204210020FEF712
:105BB00049FF012205210020FEF744FF01220621B2
:105BC0000020FEF73FFF012207210020FEF73AFFE9
:105BD000FF2050490860012204211046FEF732FFE1
:105BE000012208211046FEF72DFF01224021104618
:105BF000FEF728FF012251031046FEF723FF012282
:105C000091031046FEF71EFF00220121490342487E
:105C100000F0E6F80022012189033F4800F0E0F897
:105C2000012149033C48FFF785FF012251033A480F
:105C300000F07CF8032201214903374800F080F886
:105C4000012189033448FFF775FF0122910332488F
:105C500000F06CF80322012189032F4800F070F84E
:105C6000002204212C4800F061F8012208212A4872
:105C700000F05CF800224021274800F057F800228D
:105C80000421254800F082F800224021224800F03B
:105C90007DF801220421204800F06EF80122402105
:105CA0001D4800F069F8012211460220FEF7CAFEE5
:105CB000012202210846FEF7C5FE0122032102202F
:105CC000FEF7C0FE01220E210220FEF7BBFE0122DC
:105CD0000F210220FEF7B6FE104804681048044366
:105CE0000E480460FF200B4908620E480A4908620A
:105CF0000A490862012211460320FEF7A3FE002292
:105D00000121094800F012F801221146064800F06E
:105D100033F83EBD00000B4000200B4000400B401C
:105D20000EC00000FFFF000000600B40002A03D0FF
:105D300003680B43036002E003688B430360704712
:105D4000F0B517460024002500220CE0CE07F60F20
:105D5000002E06D053003E469E40344303269E400C
:105D600035434910521C102AF0D34669AE434661B0
:105D7000466926434661F0BD002A03D043680B43C1
:105D8000436002E043688B434360704730B514467C
:105D90008268C36815468D432A461D468D432B46AF
:105DA000002C04D0012C06D0022C09D107E01546A6
:105DB0000D432A4605E01D460D432B4601E000E059
:105DC00000BF00BF8260C36030BD0246D3690B4094
:105DD000002B01D0012000E0002070474162704795
:105DE000002A01D0416200E081627047F0B587B0BF
:105DF000002700240020009001900290FF21013133
:105E000002988843401802900123684607C8FFF7AC
:105E1000D7FA1C480068012103F0C7F805467D2227
:105E2000D2000023FDF7D4F9471E00E0641C611C7A
:105E30003846FDF7A3F914498842F7D8611C384663
:105E4000FDF79CF9074668468781C48100210174EB
:105E500000200590FF2101316846018303A90B480A
:105E600002F02CFCFF210131084802F09DFB0122C9
:105E70001102064802F0A9FB0121044802F099FB37
:105E800007B0F0BD54050020FFFF000000E0064011
:105E900010B5FF210131144802F086FB02F060FCCE
:105EA00000F098FD00F020FE1049087010480078BE
:105EB000132811D0084600780E490978884206D088
:105EC0000A4800780EF0D0F801200B490870074806
:105ED00000780849087002E0132006490870012084
:105EE0000649087010BD000000E00640390500209A
:105EF000380500206C0100206001002061010020B5
:105F000070B540480078002800D070BD01203D49A0
:105F1000087018E00EF096F80546284607F072F96A
:105F20000446132C0ED006F037FA374800780428C0
:105F300004D1214635A002F0E1FF00E000BF204679
:105F400007F01EFD00BF00BF3348007833490978D1
:105F5000884201D1012000E000200028DAD013207F
:105F60002F49087000202F4908702F48007800281A
:105F700042D000202C49087023480078022803D022
:105F800021480078052837D12848807808280AD089
:105F90002748807A002806D10120254988722548A3
:105FA00005F030FA0AE021488078082806D1204818
:105FB000807A002802D000201D4988721E4880780F
:105FC000022819D11D48807808280AD01C48807AF8
:105FD000002806D101201A4988721A4805F012FAE1
:105FE0000AE016488078082806D11548807A0028EB
:105FF00002D000201249887200200249087000BFB8
:1060000083E700006D010020F20100204556454E57
:10601000543A25640A0000006A0100206B01002048
:10602000380500206001002061010020EA080020FE
:106030000A090020C4010020C0060020FA08002040
:1060400016090020D401002010B507F05FFE0028DB
:1060500000D110BD00F020F8FBE7000038B5044681
:1060600008210B48FFF7BAFE0A480068009008E0D4
:10607000084800680099401AA04200D902E00BF0DD
:106080005FFDF5E700BF08210148FFF753FD38BD6C
:1060900000200B40A40000201CB50B4804680B48EE
:1060A0000068002807D009480068201A084988427B
:1060B00001D201201CBDFF22F53206A1684607F07F
:1060C00071FB68460078F5E7A4000020E00400209A
:1060D000B80B0000415400007CB504460D4613493E
:1060E00003C9019100900198002804D0002D02D02E
:1060F0002878002804D101990098616020607CBD57
:10610000FFF7A2FF002809D1FF2101310198FDF717
:10611000B7F80199009861602060F0E77D22920154
:106120002946204607F03EFB00BFE8E7284B010068
:106130000A4A09028918002807D0012807D0022836
:1061400007D0032807D000207047086B7047C86A43
:106150007047886A7047486A7047000000A1014094
:10616000002003490870034800680349086070472D
:10617000AC010020A4000020B0010020FEB50546BF
:106180000E46280117494418002000900190029003
:106190000121490201988843401801904901019862
:1061A0008843401801900123684607C8FFF708F9A3
:1061B000227AE1882079FEF745FCA27BA189A07AAA
:1061C000FEF740FC3146206802F010FE012200215B
:1061D000206802F07BFE01221146206802F076FE64
:1061E000FEBD00003C4D010003F06AF810B51648F2
:1061F0000078002826D115480068002822D01448CD
:106200008078002809DD13480078002802D007F0C4
:10621000EDFB04E004F04EFD01E004F04BFD0E4800
:1062200000680A4909680D4A8918884205D20A4857
:10623000006806490968884204D2012002490870B2
:1062400004F038FD10BD0000AC010020B0010020BA
:10625000C0060020BA000020A400002060EA000070
:106260000EB5002000900190029001984008400077
:10627000401C019001218903019888434018019036
:1062800009010098884340180090009888434018FE
:1062900000900123684607C8FFF792F80022FF210B
:1062A00001311248FFF772FD0022012149020F4817
:1062B000FFF76CFD0722FF2101310220FEF7C2FB30
:1062C0000722012149020220FEF7BCFB00F0F2F890
:1062D0000748084908601020888100200881064886
:1062E00048600820C881002048810EBD00400B4056
:1062F000300B0020200B00209E0400200EB5002053
:10630000009001900290019840084000401C0190CC
:106310000123684607C800F0C5FF0022FF210131B4
:106320000220FEF78FFB0022012149020220FEF726
:1063300089FB0EBD10B50C21584800F025FB044622
:1063400001200005204000287ED10120400520408A
:1063500000283CD004202040002818D001205049BB
:106360000870504908705049088000204F49488102
:106370004F4908804D4842894089401C4B4B588109
:1063800018464068815C454800F00DFB49E001205B
:1063900040042040002844D001204349088043485D
:1063A00040894249C989884204DB00213B4800F00A
:1063B000FAFA0BE03D4842894089401C3B4B58812A
:1063C00018464068815C354800F0EDFA29E0042069
:1063D0002040002806D0012033490880002033499E
:1063E00008811EE0012000042040002819D001206F
:1063F0002D490880294800F0D2FA2C490A890989D8
:10640000491C2A4B19811946096888541846008985
:1064100019468989884203DB00201946088100E07B
:1064200000BF012040022040002804D00121490281
:106430001A4800F0F7F9052000022040002806D095
:1064400005210902154800E018E000F0EBF90120F1
:10645000C0022040002818D00121C9020F4800F0D6
:10646000E1F90E480068082188430C490860084695
:106470000068082108430949086006E00F2000026F
:1064800020400146054800F0CDF9022020400028B8
:1064900002D000200449088010BD000000800440A4
:1064A000AA040020A60400209C040020200B002049
:1064B000A804002000B587B000200190029003904E
:1064C000029840084000401C0290012301A807C820
:1064D00000F0E8FE002168460174417401218174D6
:1064E0005021018304A9074800F0B4F901210548AF
:1064F00000F09AF901220449024800F01DFA07B0A1
:1065000000BD0000008004400606030010B50C48E2
:106510000088002800D110BD72B609480088401CD0
:106520000749088062B606480088142806DD002066
:1065300003490880FFF7E2FEFFF792FE00BFEAE79B
:106540009C0400200EB500200090019002900221D2
:1065500001988843801C01904903019888434018A2
:106560000190C90000988843401800900098884323
:10657000401800900123684607C8FEF721FF00225B
:1065800080211248FFF702FC0022FF2101310F4851
:10659000FFF7FCFB072280210120FEF753FA0722B8
:1065A000FF2101310120FEF74DFA00F0F3F8084811
:1065B000084908601020888100200881064848604A
:1065C0000820C881002048810EBD000000200B403B
:1065D000500B0020400B0020AE0400200EB5002020
:1065E000009001900290022101988843801C019044
:1065F0000123684607C800F055FE002280210120D3
:10660000FEF720FA0022FF2101310120FEF71AFADD
:106610000EBD000010B50C21584800F0B5F9044635
:1066200001200005204000287ED1012040052040A7
:1066300000283CD004202040002818D001205049D8
:106640000870504908705049088000204F4948811F
:106650004F4908804D4842894089401C4B4B588126
:1066600018464068815C454800F09DF949E00120EA
:1066700040042040002844D001204349088043487A
:1066800040894249C989884204DB00213B4800F027
:106690008AF90BE03D4842894089401C3B4B5881B8
:1066A00018464068815C354800F07DF929E00420F7
:1066B0002040002806D001203349088000203349BB
:1066C00008811EE0012000042040002819D001208C
:1066D0002D490880294800F062F92C490A89098966
:1066E000491C2A4B198119460968885418460089A3
:1066F00019468989884203DB00201946088100E099
:1067000000BF012040022040002804D0012149029E
:106710001A4800F087F8052000022040002806D023
:1067200005210902154800E018E000F07BF801207F
:10673000C0022040002818D00121C9020F4800F0F3
:1067400071F80E480068082188430C490860084623
:106750000068082108430949086006E00F2000028C
:1067600020400146054800F05DF802202040002846
:1067700002D000200449088010BD000000900440B1
:10678000BA040020B6040020AC040020400B002016
:10679000B804002000B587B000200190029003905B
:1067A000022102988843801C0290012301A807C897
:1067B00000F078FD00216846017441740121817464
:1067C0005021018304A9074800F044F8012105483D
:1067D00000F02AF801220449024800F0ADF807B0A1
:1067E00000BD0000009004400606030010B50C48F0
:1067F0000088002800D110BD72B609480088401CEE
:106800000749088062B606480088142806DD002083
:1068100003490880FFF7E2FEFFF794FE00BFEAE7B6
:10682000AC040020C1607047002904D0026808232E
:106830001A43026003E0026808239A43026070472B
:106840000246D0680840002801D00120704700208F
:10685000FCE70000FEB504460D46002001900090C4
:1068600000BF00BF206885218843297808436978E4
:106870000843A978084320602889A0602B488442F7
:1068800004D10020FEF782FD01900EE028488442EA
:1068900004D10220FEF77AFD019006E025488442EB
:1068A00003D13620FEF772FD019020680321890391
:1068B0000840002806D001218903401A05D0401A5B
:1068C00009D105E00620009005E00820009002E0D4
:1068D0000920009000BF00BF14236A685A43114684
:1068E000019AD300D018FCF749FC0099401AE978C6
:1068F000461A14236A685A4311460B23019A5A43D5
:106900001046FCF73BFC0099401AE978471A002E24
:1069100001DA002000E030460646002F01DA0020B0
:1069200000E03846074626616761FEBD00800440EE
:106930000090044000800040002A03D043680B43CD
:10694000436002E043688B434360704710B5072003
:10695000FEF74AFE0820FEF747FE0920FEF744FE38
:106960000720FEF74BFE0820FEF748FE0920FEF741
:1069700045FE0020024908800249088010BD000041
:10698000A8040020B804002008B5024600200090AA
:1069900000920098401800900098006808BD0146D9
:1069A0008869C0B270478161704700004421484344
:1069B0000249C96C085C8006C00F7047740500204E
:1069C00003490968C140C80700D001207047000092
:1069D000C405002010B501F069FA002868D101F063
:1069E0005FFA002869D001F047F934490860084689
:1069F0000068002849D001203149087031480088DA
:106A000014281FDD3048007800281BD12F4800785B
:106A1000002817D1294800682D490840002807D0D0
:106A2000264800682B49086000202B49086006E0D2
:106A30002248006828490860002026490860012093
:106A4000214908701F48008819214901884234DD16
:106A50001E480078002803D1184800681F490860C4
:106A6000112002F009FB17480088C8381549088032
:106A7000112002F061FB0020194908600120134930
:106A8000087000201049087017E000200C490870B9
:106A90000C4908800D4908700B48007801280CD17A
:106AA0000C4800680E49086000200749087004E09F
:106AB00000200C490870FEF7B7FF10BD3405002018
:106AC0003C050020400500203D0500203E0500203B
:106AD0000A2003004405002050050020480500203E
:106AE0004C05002056000020CD480068CD490860C4
:106AF000CD4800684860CD48006888600020CA49D9
:106B00000860C7490860C9490860C6480068012193
:106B1000C9030840002804D1C24840680840002842
:106B200006D00F20C24908700120C249087039E11F
:106B3000BC480068012109030840002804D1B94875
:106B400040680840002806D00C20B9490870012090
:106B5000B849087026E1B3480078C007C00F002884
:106B600005D1B0480079C007C00F002806D000202A
:106B7000AF4908700120AF49087013E1A9480068C7
:106B800002210840002804D1A64840680840002897
:106B900005D00120A6490870A649087002E1A14865
:106BA000006804210840002804D19E48406808403D
:106BB000002806D002209E49087001209D490870D7
:106BC000F0E09848006808210840002804D1954862
:106BD00040680840002806D003209549087001202D
:106BE00094490870DEE08F480068102108400028B2
:106BF00004D18C4840680840002806D005208C4904
:106C0000087001208B490870CCE08648006820217C
:106C10000840002804D1834840680840002806D076
:106C2000042083490870012082490870BAE07D4839
:106C3000006840210840002804D17A484068084094
:106C4000002806D006207A4908700120794908708A
:106C5000A8E07448006880210840002804D17148E9
:106C600040680840002806D00720714908700120BC
:106C70007049087096E06B480068FF2101310840B8
:106C8000002804D1674840680840002806D0082042
:106C90006749087001206749087083E0614800680F
:106CA000012149020840002804D15E48406808409C
:106CB000002806D009205E49087001205D4908704F
:106CC00070E058480068012189020840002804D17A
:106CD000544840680840002806D00A2054490870EB
:106CE0000120544908705DE04E4800680121C90246
:106CF0000840002804D14B4840680840002806D0CE
:106D00000B204B49087001204A4908704AE0454869
:106D10000068012189030840002804D141484068E7
:106D20000840002806D00E20414908700120414942
:106D3000087037E03B4800680121490308400028FB
:106D400004D1384840680840002806D00D20384952
:106D5000087001203749087024E03248006801219A
:106D600049040840002804D12E4840680840002803
:106D700006D011202E49087001202E49087011E01C
:106D800028480068012109040840002804D125484A
:106D900040680840002805D01020254908700120CF
:106DA000244908701F48806802210840002806D046
:106DB00017201F49087001201E4908702DE019484E
:106DC0008068012109040840002806D015201849D0
:106DD00008700120174908701FE0124880680121DF
:106DE000C9030840002806D014201149087001206A
:106DF0001049087011E00B488068082108400028FD
:106E00000BD00848806889020840002805D0182067
:106E10000749087001200749087005480078704745
:106E20004C05002088170020500500204805002050
:106E3000380500203005002003480069012108437F
:106E4000014908617047000000A00540002806D0F5
:106E50000649096801221143044A116005E003490B
:106E6000096849084900014A1160704700A00540BF
:106E700000B587B0002000900190029001218903A5
:106E80000198884340180190C9030198884340182D
:106E900001900123684607C8FEF792FA0E220121ED
:106EA0000020FDF7CFFD0E2202210020FDF7CAFDD4
:106EB0000E2204210020FDF7C5FD0E22082100202E
:106EC000FDF7C0FD0E2210210020FDF7BBFD0E22B4
:106ED00020210020FDF7B6FD0E2240210020FDF705
:106EE000B1FD0E2208210320FDF7ACFD0E2210217A
:106EF0000120FDF7A7FD0E2220210120FDF7A2FDB4
:106F00000E22012189030220FDF79CFD0E220121A2
:106F1000C9030220FDF796FD0E2202210846FDF767
:106F200091FD0E2204210220FDF78CFD0E22082186
:106F30000220FDF787FD012168460173002141739E
:106F40000220049000200690DF208000059003A816
:106F500000F034F80222FF210904DF20800000F055
:106F600053F8012000F03EF81D20002809DB00BF87
:106F700000BFC206D20E01219140054A116000BF38
:106F800000BF00BF0120FFF761FF07B000BD000098
:106F900000E100E004480069C007C00F002801D0EC
:106FA000012070470020FCE700A0054010B5FFF766
:106FB000F1FF002801D0FFF73FFF10BD0021084A74
:106FC0001160017809024278120311438288120489
:106FD0001143034A116081685160C1685161704773
:106FE00000A00540002806D00649C96801221143C7
:106FF000044AD16005E00349C96849084900014ACB
:10700000D160704700A0054010B5002A06D0012AC3
:107010000CD0022A14D0032A24D11BE0124B9B6807
:1070200004460C43A343104CA3601BE00E4B9B682B
:1070300003430D4CA36023469B688B43A36011E080
:10704000094B9B688343084CA36023469B680B4312
:10705000A36007E0044B9B6804460C432343024CA7
:10706000A36000BF00BF10BD00A0054030B50246C0
:107070000B460F2A00DD30BD54000D4D60190D4C3C
:107080000578AD00645921B2002B05D04578012464
:10709000AC400C4321B205E045780124AC400D46DC
:1070A000A54329B2034C0578AD00615100BFE2E76A
:1070B000D000002018A00540F0B504460D461F463C
:1070C000002C02D0012C00D0F0BDA300224E981954
:1070D000224B0678B6009B5919B2002D05D0467890
:1070E0000123B3400B4319B205E046780123B340B6
:1070F0000E469E4331B2002D05D046780123B340A1
:107100000B4319B205E046780123B3400E469E4377
:1071100031B2002A05D086780123B3400B4319B25F
:1071200005E086780123B3400E469E4331B2002F1E
:1071300005D0C6780123B3400B4319B205E0C678E9
:107140000123B3400E469E4331B2044B0678B6008D
:10715000995100BFB8E70000F000002018A00540DA
:1071600030B502460A2A00DD30BD00211BE04C008C
:107170000F4D60190F4C0578AD00645923B2914250
:1071800005DC45780124AC401C4323B205E045787A
:107190000124AC401D46A5432BB2064C0578AD003A
:1071A00063514C1CE1B20A29E1DD00BFDCE70000BD
:1071B000D000002018A0054010B5002113E04B00BE
:1071C0000A4C18190A4B0478A4001B591AB24478C7
:1071D0000123A34014469C4322B2054B0478A4002B
:1071E0001A514B1CD9B20A29E9DD10BDD00000208C
:1071F00018A00540012003490870034800680349AE
:107200000860704789040020B40000208C0400202E
:107210007047000001200849486000BF06484068E8
:107220000121090388430028F8D100BF0248006803
:107230000028FBD17047000000A1064070471FB531
:10724000E12040020090FF21013168468180002149
:10725000C1800181002003906946FEF78FFF1FBDAA
:10726000F8B504460D460A272046FCF73FF80646C7
:1072700000BF002E01D12046F8BD022E0ADD207885
:10728000302807D16078782802D06078582801D15A
:107290001027A41C2A462146384602F023F8009005
:1072A0000098E9E73FB50E4C6068A168E2680446C3
:1072B000009DAC4320460C46019DAC43214614463C
:1072C000029DAC432246002B05D0009C2043019C2C
:1072D0002143029C2243024C6060A160E2603FBDFA
:1072E0000081084004498968022291434200114309
:1072F000014A91607047000000A00640002806D0B7
:107300000649896801221143044A916005E0034956
:10731000896849084900014A9160704700A0064009
:107320000EB5002000900190029040210298884301
:10733000403002900123684607C8FEF741F8FFF786
:1073400069FF0020FFF7CEFF0520400200F032F871
:107350000121084600F018F80020C04300F024F88E
:107360000120FFF7CBFF0121080200F02FF80EBD2E
:107370000148C068C0B2704700A0064010B5FFF7D2
:10738000F7FF044610BD0000002905D0054A126928
:107390000243044B1A6104E0024A12698243014B22
:1073A0001A61704700A0064001494860704700001C
:1073B00000A00640044989680F221202914301434C
:1073C000014A91607047000000A00640002905D0E6
:1073D000054A12690243044B1A6104E0024A126929
:1073E0008243014B1A61704700A0064010B5FF218F
:1073F00001311F4801F0D8F81E480068002835D038
:107400001C480068401E1B490860084600681A496D
:107410000988884204D100221146154801F0B6F8C7
:1074200014480068002821D11448008812490988AE
:10743000401810490860012200210D4801F0A6F80B
:107440000F480078002804D00D480078401E0C49F1
:1074500008700B480078002808D10021044801F08A
:10746000A8F8062210210320FDF7ECFA10BD000059
:107470000040034000040020FC030020FA03002029
:10748000F8030020C1B2054A116000BF0349096931
:10749000FF22013211400029F8D07047000004405B
:1074A0007047000030B500240C4D12E02046FFF775
:1074B0007DFA00280BD14420E96C60434018E9783C
:1074C000002249004018418E204601F043F8641C18
:1074D000E4B2687B8442E9D330BD0000740500202B
:1074E0000EB50020009001900290012189040298BD
:1074F0008843401802900911019888434018019070
:107500000123684607C8FDF75BFF0C22102102200B
:10751000FDF798FA0C2220210220FDF793FA0C22A5
:1075200040210220FDF78EFA0C2280210220FDF777
:1075300089FA0C220121C9030120FDF783FA0C22EC
:1075400001210220FDF77EFA0C220121890202208E
:10755000FDF778FA0C220121C9020220FDF772FA28
:107560000C22FF2101310020FDF76CFA0C220121D1
:1075700049020020FDF766FA0C2201218902002051
:10758000FDF760FA0C220121C9020020FDF75AFA2A
:107590000C22012109030020FDF754FA0C220121DD
:1075A00049030020FDF74EFA0C2201218903002037
:1075B000FDF748FA0C220121C9030020FDF742FA29
:1075C0000C2201210846FDF73DFA0C220221012080
:1075D000FDF738FA0EBD10B50021192001F0BCFDF1
:1075E0000121132001F0B8FD0121142001F0B4FDA8
:1075F0000121112001F0B0FD0121122001F0ACFDAC
:1076000002210C2001F0A8FD0221182001F0A4FDA8
:107610000221012001F0A0FD0221082001F09CFDC3
:10762000192001F039FD132001F036FD142001F07E
:1076300033FD112001F030FD122001F02DFD0C2052
:1076400001F02AFD182001F027FD012001F024FDA2
:10765000082001F021FD10BD00B50749095C00209C
:1076600000F01AFF054801684908490001600168F7
:1076700001221143016000BDAE05002000A00140C1
:10768000704700005748006B1021084355490863B4
:107690005548564908610020486008468068000542
:1076A000000D052109034018504988605048486082
:1076B000504808604B48006B402108434949086323
:1076C0004D484069102108434B4948614548406A8C
:1076D0000121C902884343494862084640680121A4
:1076E000C90208433F49486000BF3E488068000720
:1076F000C00F0028F9D03B484068C008C000C01C3B
:107700003849486000BF3748406B4007400F0328A6
:10771000F9D13A480068C008C000401C37490860E9
:1077200000203049086208464068491588432D49C1
:10773000486008460068891508432A4908600846D9
:107740004068082188432749486008460068491571
:107750000843244908600846006B402188432149BA
:1077600008630F20C0058861084680694903084303
:107770001C49886108460068891508431949086052
:1077800008464068491508431649486000BF154837
:1077900080688007C00F0028F9D018480068C0082A
:1077A000C000C01C1549086000200E490862084648
:1077B0004068C008C000401C486000BF0948406BDA
:1077C0004007400F0128F9D10C48006810210843F8
:1077D0000A49086003484068091588430149486020
:1077E0007047000000800840CA3500000080064055
:1077F000A0AF01000100A05F00ED00E00002084022
:1078000010B5114911480068FBF7B8FC1049086031
:1078100008467D21C90004684C43601E0D4988421A
:1078200000D90CE0601E0C4948610321081F01F0DB
:10783000CFFC0020084988610720086100BF0021B3
:10784000481E01F0C5FC10BD40420F005405002049
:10785000C4040020FFFFFF0000E000E070B5034615
:107860000D4E75690022B1690C4E36685E43344690
:107870000FE0094EB06988420BD0884202D20E1A3E
:10788000B21802E02E1A7618B2180146A24200D3AE
:1078900000E0EEE700BF70BD00E000E0C40400209F
:1078A000F0B54422184F5043FA6C8B008218D2185E
:1078B00053684D001B031C0C00235360FA6C7E8B35
:1078C000821853195A8EB44202D95E8DB24302E037
:1078D000B44203D25E8D76085E853243FE6C861913
:1078E00076197286FA6C861875196D8D002D02D086
:1078F0007B8B9C4207D10029115C01D0022300E060
:10790000012319431154F0BD740500200149086199
:107910007047000000A0014010B500F0B3F910BDA1
:10792000002905D0054AD2680243044BDA6004E01E
:10793000024AD2688243014BDA60704700A00140DE
:1079400010B50020084B094C0AE04421DA6C414391
:1079500089188A8FA24201D2521C8A87401CC0B269
:10796000597B8842F1D310BD7405002060EA000005
:1079700010B5044800F062FC00F028FAFFF7B0FDF3
:1079800010BD000018100020F0B50025204F3AE08F
:107990002846FFF715F8002833D02846FFF706F8E9
:1079A00000282ED128464421FE6C484381194022EC
:1079B000525A002A25D10B8FCA8E9C1A24B2002C51
:1079C0001FD0641000D10124934201D9CB8618E066
:1079D000934216D2305C3E7C4006C00F304205D048
:1079E000D01A4B8F5B00984209DC0AE0B88A002865
:1079F00007D1B879002804D1888F302801D910190F
:107A0000C8866D1CEDB2787B8542C1D3F0BD000005
:107A100074050020F0B5964C6079401C6071607967
:107A2000002601280AD06179204602297ED14179B9
:107A3000022900D346710024054614E1002588E0A0
:107A40002846FEF7BDFF002871D02B464420434353
:107A5000E06C1818C189C183E06C18188189818392
:107A6000E06C84491818C681E06C18188181E06CBC
:107A70001818428A4284E06C1818028A0284E06C6A
:107A800018184682E06C18180182E06C1818818979
:107A9000C089FDF701FC02B2E06C1818018A408A27
:107AA000FDF7FAFB00B2824200DD104681B2E06CC5
:107AB00018188184E06C1818C28C408801F01AF8FC
:107AC0000246E06C18184280E16C52085818478F43
:107AD000BA42CA5C02D920273A4301E0DF273A4084
:107AE000CA54C18B428C914200D31146008F081AB0
:107AF00002B2104602F0FEF9218E4908884203D2F4
:107B0000E16C0420591805E0E06C19184878002849
:107B100001D0401E4870104602F0ECF9002816D043
:107B20002846FEF743FF0028E06C01E015E00EE078
:107B300003D018184078401C01E018184078024122
:107B400000D10122E06C1818018F891801876D1C83
:107B5000EDB2607B854200D272E7F0BD2046FEF7B1
:107B60002FFF00287DD0234644204343E86C18189B
:107B7000C18AC183E86C1818818A8183E86C3D4909
:107B80001818C682E86C18188182E86C1818428BA5
:107B90004284E86C1818028B0284E86C181846833B
:107BA000E86C18180183E86C1818818AC08AFDF700
:107BB00073FB02B2E86C1818018B408BFDF76CFB6D
:107BC00000B2824200DD104682B2E86C1818C2840E
:107BD000E86C1818818C408800F08CFF0246E86C35
:107BE00018184280E96C52085818478FBA42CA5C8C
:107BF00002D920273A4301E0DF273A40CA54C18B1B
:107C0000428C914200D31146008F081A02B21046EE
:107C100002F070F9298E4908884203D2E96C0420E9
:107C2000591805E0E86C19184878002801D0401E62
:107C30004870104602F05EF9002812D02046FEF788
:107C4000B5FE0028E86C04D018184078401C02E00B
:107C500007E0181840780241E86C1818018F89185D
:107C60000187641CE4B2687B844200D276E7F0BDF1
:107C700074050020FFFF00000148806C7047000081
:107C80007405002070B5504D686C002878D0002332
:107C90004AE09807800F9908FEF74AFA82B2A8785E
:107CA0000028184632D044214843E96CEC7841184A
:107CB000A4000C19A489944203D9EC78A4000919F2
:107CC0008A81E96CEC784118A4000C19E48994428B
:107CD00003D2EC78A4000919CA81E96CEC78411848
:107CE000A4000C19A48A944203D9EC78A4000919C1
:107CF0008A82E96C4018E97889004118C98A914262
:107D000010D2E97889004018C2820BE0FEF74EFEDF
:107D1000002807D14420E96C58434018E97849000D
:107D20004018C2855B1CDBB2687B8342B1D3022062
:107D3000FFF7ECFDA97801200029E97821D000297E
:107D400000D00020E87000240DE04420E96C60437E
:107D50004018E978002249004018418E204600F082
:107D6000F9FB641CE4B2687B8442EED3E878002817
:107D700000D00120FFF770FC287A401C287270BDEB
:107D80001DE0002901D06870F9E7E87000240FE0D9
:107D90002046FEF70BFE002808D14420E96C604322
:107DA0004018818E0022204600F0D4FB641CE4B20F
:107DB000687B8442ECD30120FFF74EFCDFE7022012
:107DC000FFF7A4FDDBE700007405002010B59EB0AE
:107DD000002444210DA8FBF753FA082110A8817450
:107DE00018210DA8C1772349684601877D21090123
:107DF0004187491081874900C1871F4910A8018028
:107E00007D21890101811D49684681861C49C18601
:107E10001A49203910A841801849203181807D21DC
:107E2000C900C1804B21C9004181102181810321FA
:107E300001741F21C1811C214174012118A8017501
:107E400041750321817500BF05E00E48015D15A84D
:107E50000155601CC4B21C2CF7DB342211A9684602
:107E6000FBF7F5F90DA80FC800F08AF900F070FCD7
:107E70001EB010BDB80B000070170000FE0F000010
:107E8000FE030000E84C0100442148430349C96C4B
:107E9000085CC00900D00120704700007405002074
:107EA0000148807B70470000740500200348406C47
:107EB000002801D000207047012070477405002081
:107EC0000149096C084070477405002030B5134D16
:107ED000E88C6864FDF778FBFDF764FB002412E092
:107EE0002046FEF76DFD00280BD04420E96C60436E
:107EF0004018E978002249004018418E204600F0E1
:107F000029FB641CE4B2687B8442E9D30020287218
:107F10006872E8636882FFF79FFB30BD740500203C
:107F200070B5384C00252564A57300F03FFA00F0C9
:107F3000A7F92078002808D000F0E0FBFCF796FFB6
:107F40000020FFF789FB25706572A078002826D0F5
:107F50000120FFF7B5FF002802D0A07A401CA072D4
:107F6000A07A617C0126884232D9A572207A002845
:107F700024D025726572606D2349884202D2606DFB
:107F800008306065FFF746FD00F09EF9E07B0028B1
:107F900001D0FFF7F9FCFDF795FAA67318E06078B9
:107FA00000280AD06570FCF7EFFEE570FFF77AFA5B
:107FB0000020FFF751FBFDF785FA70BD607A401C89
:107FC000C0B26072102803D965720020FFF744FB2D
:107FD0001020FFF775FF002806D0FFF7B1FC00F076
:107FE00015F8202000F046F8FF200130FFF768FF69
:107FF0000028E2D001204002FDF782FA0028DCD000
:10800000267070BD74050020804F120070B50023EB
:10801000174C28E01846FFF737FF002821D01846F4
:10802000FEF7CEFC00281CD01A4644204243E06CE8
:10803000658E1018818FA94213D90021C186E06C8A
:10804000812610188187E06C855C6D086D003540D5
:108050006D066D0E85541018C187E06C1018403005
:1080600001805B1CDBB2607B8342D3D370BD000018
:1080700074050020F0B5414DA98A081880B2A88285
:10808000E98D884201D90020A882002371E01846BA
:10809000FEF796FC00286AD01A4644204243E86C5A
:1080A000815C8C46C90904D011180C8FC98E611AE5
:1080B00015E0141861888E08298E4F00CF197F08AB
:1080C000BE4203D90326F60371430E0C218FB14241
:1080D00002D9891B89B200E00021E48E091B09B294
:1080E000002944D08C1000D101241018068FC18EB5
:1080F0008E4210D91846FEF759FC002807D0E86CCC
:10810000698B1018C08E884201D9081A04B2E86C35
:108110001018C18E29E08E4229D2664676062F7C41
:10812000F60F3E4218D01846FEF740FC0028E86CD7
:1081300009D01018C18E028F8E1A428F5700D219A3
:10814000964212DC13E01018C18E028F468F8A1AF5
:108150007600B24209DC0AE0AA8A002A07D1AA798D
:10816000002A04D1828F302A01D90919C1865B1CEB
:10817000DBB2687B83428AD3F0BD00007405002027
:108180000FB470B508AA2C48917B0170D17B417067
:10819000294C6A46908A3A3C6084D08AA084108B2D
:1081A000FF21C008E084508B2085908B6085908CE7
:1081B000A085158A0231A81C80096583081AA0834E
:1081C000568AE683B01C8009081A2084D08BA086CA
:1081D000108CE086508C2087D08CE085108D208616
:1081E00008AA107BB11C401C2073507B607310AA3E
:1081F000107CE073907C6074507C20746A46508DD3
:108200006086A81CFAF7BAFFE065A8023146FAF7C3
:10821000B5FF002304AD206607E0E81820300178A0
:10822000184600F017F85B1CDBB2607B8342F4D386
:1082300070BC08BC04B01847AE0500200149C864F2
:108240007047000074050020014908607047000075
:10825000C40500200A2905D344225043024AD26CA7
:1082600080184187704700007405002041030A0C04
:108270000249C008CA8448647047000074050020A1
:1082800000B5104A9079002809D19078002806D0CE
:10829000D079002803D1506D918D884201D2D08CC5
:1082A0000EE00420FFF70CFE00280AD0506C0028D6
:1082B00007D09078002804D0FDF786F9506C401E56
:1082C000506400BD74050020F0B50022164622E07F
:1082D0001046FEF775FB00281BD010464421DB6CCE
:1082E0004843C1180C8FCD8E641B1D5C24B26F06F1
:1082F0002C4FCF5F06D57F107F42A74209DABF24FB
:10830000254004E07F42A74203DD402425431D545D
:108310008E87521CD2B2244B587B8242D8D31C4643
:10832000E6710023A671012537E01846FEF748FBE9
:10833000002830D01A4644204243E06C815C4F064E
:10834000FF0FC9098F4207D0111840310888FF2854
:1083500005D2401C088002E0101840300680E16C15
:10836000277B501840300088B84207D3885C470606
:1083700040067F0EC00FC00107438F54885CC009C0
:1083800000D0A571885C400604D41846FEF70EFBA9
:10839000002800D0E5715B1CDBB2607B8342C4D354
:1083A000F0BD00003A000000740500202849C86BA9
:1083B00000284CD0C86B401EC863488A401C80B25D
:1083C0004882C20703D10A6C01231A430A64820758
:1083D00003D10A6C02231A430A64420703D10A6CD0
:1083E00004231A430A64020703D10A6C08231A43C0
:1083F0000A64C20603D10A6C10231A430A64820677
:1084000003D10A6C20231A430A64420603D10A6C82
:1084100040231A430A640206120E03D10A6C802319
:108420001A430A64C20504D10A6CFF2301331A43BC
:108430000A64820504D10A6C01235B021A430A64B0
:10844000400504D1086C0122920210430864704771
:10845000740500200248C16B491CC16370470000CD
:108460007405002001239B03C918014301480160E2
:108470008260704700A0014010B504020548201832
:108480000160190411434160016820221143016019
:1084900010BD000000A10140FEB52D4DC9B22A7FDC
:1084A000C0B2FFF7DFFF00200290019007460646AA
:1084B00000902FE02648002450300068B100C840EA
:1084C00005072D0FE80700D00124A80701D50220D9
:1084D0000443680701D504200443280701D5082078
:1084E0000443002C05D0E423224608213046FFF740
:1084F000C3FFE80701D001200290A80701D50120A1
:108500000190680701D501200090280700D50127B8
:10851000761CF6B20E48407B8008B042CAD802985A
:10852000002800D001240198002801D00220044333
:108530000098002801D004200443002F01D0082017
:108540000443E423224608210020FFF795FFFEBDE7
:108550007405002010B583081C020B4BE318D9608A
:10856000022A0AD08007800F07D0012807D00228EE
:1085700007D0032800D1196110BDD96110BD9961E0
:1085800010BD596110BD000000A1014030B5036D60
:108590004D000124AC40A3430365036D4D00144618
:1085A000AC402343036530BDCA43C267BFF34F8F5E
:1085B0007047002904D0026901231A43026103E0D5
:1085C00002695208520002617047002A03D0436FCB
:1085D0000B43436702E0436F8B43436770470000E0
:1085E000FCB50D78AD0006464036AF190D78AD00EC
:1085F0005036AD1901950D78AD001036AD190095C6
:108600000D786D062A0E274DA84203D1032595400B
:10861000EC4302E001259540EC43224DA84200D1F5
:1086200000BF056D25400565436D23401D4DA842E3
:1086300006D18D79CE797600354395402B4302E003
:108640008D7995402B434365164DA84209D1C56EDF
:1086500025402B460D7A4E7A7600354395402B43C4
:10866000C3663D68FF260836B5433D603D684E88C9
:1086700035433D604E89019D2E608E89009D2E60A0
:10868000084DA84208D10D794E79760035439540C2
:10869000066D3543056504E0056D0E79964035435A
:1086A0000565FCBD00C0024030B58D000446903425
:1086B0002B191A6030BD8822115070470B88882210
:1086C00013504B8884221350026803231B049A43DF
:1086D0000260026801231B069A43026002688B68ED
:1086E0001A430260044A904202D10B798C22135043
:1086F0008A8982677047000000C0024070B500217F
:108700000B46124C1CE0084644225043E26C155CB8
:10871000AD0613D48218D386E26C81268218938723
:10872000E26C155C6D086D0035406D066D0E1554DC
:108730008218D387E26C801840300380491CC9B28C
:10874000607B8142DFD3A36570BD0000740500200B
:1087500010B50248FFF778FD10BD0000FFFF0300D1
:1087600010B500200B4908707D20C000FFF77EFD8A
:108770000B2000F0E1FC03210B2000F065FD01213E
:108780000220FFF7CDF8FFF7CBFB0020024908706D
:1087900010BD00003A0500203B05002010B519204F
:1087A00000F05AFCFF2101310548FAF769FD00216C
:1087B0000448418001808180192000F0ADFC10BD8B
:1087C000600B0020600C002000B587B000200090F6
:1087D000019002900121890201988843401801907C
:1087E00009010198884340180190C9000098884306
:1087F000401800900123684607C8FCF7E1FD0022FD
:10880000012109031848FDF7C1FA06220121490296
:108810000120FCF717F90622012109030120FCF7CA
:1088200011F9E12040020390FF21013168460182E5
:108830000021418281820020069003A90B4800F0AC
:10884000D5FA01221146094800F040FB012200211F
:10885000064800F03BFB01221146044800F01AFBD9
:1088600000F0E2F807B000BD00200B40001000400F
:1088700010B52D480069FF210131084000282ED095
:108880002A488088002805D100220421264800F0CB
:1088900001FB24E000241EE024484088244A115CA7
:1088A000214800F005FB21494988481CC117090EE1
:1088B000091809120902411A8AB21C494A8008465D
:1088C0008088401E81B2194881808088002800D1AC
:1088D00003E0601CC4B2012CDEDB00BF00BF124805
:1088E00000692021084000281CD00F4800F0DCFA65
:1088F000C1B210480088104A11540E490988481C1A
:10890000C117090E091809120902411A8AB2094948
:108910000A8008468088401C81B206488180012078
:108920000649087010BD000000100040680D0020CE
:10893000680C0020600C0020600B0020C0040020A8
:10894000F3B583B0054640200290049E23E0402EFC
:1089500001DD402000E030460746002415E0295D97
:108960000F4800F0A5FA0F48019005E00198401E5D
:108970000190002800DC05E08021094800F02DFA74
:108980000028F3D000BF601C84B2BC42E7DBED19C5
:10899000F01B86B200BF002ED9DC05B0F0BD000090
:1089A00000100040204E00000948418800888142A4
:1089B00004DD074801884088081A70470448408849
:1089C000FF210131091A024800880818F5E7000064
:1089D000680D002010B512488088002801D1401E83
:1089E00010BD192000F038FB0D4840880D490C5C83
:1089F0000B494988481CC117090E091809120902B8
:108A0000411A8AB206494A8008468088401E81B2CF
:108A100003488180192000F07FFB2046E0E700003A
:108A2000600C0020600B0020002104484180018080
:108A3000818003484180018081807047600C002064
:108A4000680D002010B50446192000F005FB002C2D
:108A500004D0FF2101310848FAF712FC0021074831
:108A6000418001808180192000F056FB0022042102
:108A7000034800F00FFA10BD680C0020680D0020BC
:108A80000010004070B504460D461DE021781648E0
:108A90000088164A1154641C13490988481CC117E0
:108AA000090E091809120902411A8AB20E490A80F0
:108AB000192000F0D1FA0C488088401C81B20A4885
:108AC0008180192000F028FB2846691E8DB20028FD
:108AD000DCD105488088002804D001220421044804
:108AE00000F0D8F970BD0000680D0020680C00206F
:108AF00000100040914200D81146814202D9081866
:108B0000400870478142FCD20201101A001DC1408A
:108B10000809704700B587B00020009001900290CE
:108B200001214902019888434018019049010198A8
:108B300088434018019049010098884340180090EC
:108B40000123684607C8FCF73BFC002220211F4890
:108B5000FDF71CF9062210210320FBF773FF062204
:108B600020210320FBF76EFFE12040020390FF214C
:108B700001316846018200214182818200200690F5
:108B800003A9134800F032F901221146104800F001
:108B90009DF9012200210E4800F098F920220121C0
:108BA0000B4800F087F920220021094800F082F9E3
:108BB0000122FF210231064800F06CF9A820044987
:108BC000486100F0B5F807B000BD000000600B4040
:108BD0000000044010B530480069FF210131084011
:108BE00000282ED02D488088002805D1002204219D
:108BF000294800F04FF924E000241EE0274840886F
:108C0000274A115C244800F053F924494988481C3C
:108C1000C117090E091809120902411A8AB21F491F
:108C20004A8008468088401E81B21C488180808826
:108C3000002800D103E0601C84B2012CDEDB00BF01
:108C400000BF15480069C007C00F002823D01CE0F2
:108C5000114800F029F913490870084601781248B4
:108C60000088124A115410490988481CC117090E7E
:108C7000091809120902411A8AB20B490A800846EA
:108C80008088401C81B2084881800221024800F09F
:108C900095F80028DCD110BD00000440E408002055
:108CA000E40700206E010020DC070020DC06002025
:108CB000094841880088814204DD074801884088CE
:108CC000081A704704484088FF210131091A0248F8
:108CD00000880818F5E70000E408002010B51248E5
:108CE0008088002801D1401E10BD182000F084F9B2
:108CF0000D488088401E81B20B488180182000F00A
:108D0000DBF90948408809490C5C07494988481C37
:108D1000C117090E091809120902411A8AB202493B
:108D20004A802046E0E70000DC070020DC06002047
:108D300000210448418001808180034841800180F6
:108D400081807047DC070020E408002070B50446ED
:108D50000D461DE0217816480088164A1154641CFF
:108D600013490988481CC117090E0918091209027C
:108D7000411A8AB20E490A80182000F03DF90C48C9
:108D80008088401C81B20A488180182000F094F944
:108D90002846691ECDB20028DCD10548808800280D
:108DA00004D001220421044800F074F870BD0000D2
:108DB000E4080020E40700200000044002460129E6
:108DC00005D190680F231B041840000C7047906871
:108DD0000F231B061840000EF8E7024610690840F2
:108DE000002801D0012070470020FCE7F8B50446B8
:108DF0000D4600272646606823490840E988084355
:108E0000A988084329890843E968084360601F4925
:108E1000701A8E4217D00ADC1D48301800280DD079
:108E200001210903401A13D0401A25D11AE001216B
:108E30000903401A11D0401A1ED118E01820FCF77F
:108E4000A5FA074618E01A20FCF7A0FA074613E037
:108E50001C20FCF79BFA07460EE01E20FCF796FA52
:108E6000074609E00820FCF791FA074604E00A20CB
:108E7000FCF78CFA074600BF00BF38462968FAF7AE
:108E80007DF96062F8BD0000FCE0FFFF00000440D7
:108E9000000000C0002A03D0C3680B43C36002E097
:108EA000C3688B43C36070470146086880B270474F
:108EB0000160704730B583684D003024AC40A34357
:108EC0004D001446AC402343836030BD10B5002AEA
:108ED00005D0436810248C402343436004E043687A
:108EE00010248C40A343436010BD00000148024998
:108EF000086070470100A05F008006400FB410B505
:108F000003A9044B044A029800F046FC10BC08BCBC
:108F100004B01847F1CC0000580500200FB47CB510
:108F20000C0009AD01D0611E00E00021019100900C
:108F3000074B6A462946089800F02EFC002C02D008
:108F4000009A002111707CBC08BC04B018470000D6
:108F5000D59E00000FB410B504A9074B02AA0398D0
:108F600000F01AFC044602A9002000F0BEFF2046D3
:108F700010BC08BC04B01847EB9E00002021020C76
:108F800001D010211046020A01D01046083902090A
:108F900001D01046091F820801D01046891E4208E0
:108FA00001D0881E7047081A7047F8B582B28BB29C
:108FB000040C0D0C10465843002126465E43370C26
:108FC00036048019794116466E43370C36048019F1
:108FD000794126466E438919F8BD30B47446641E43
:108FE0002578641CAB4204D3635D5B00E31830BC9E
:108FF00018471D46F8E70000002809DBC206D20E1C
:1090000001219140034A1160BFF34F8FBFF36F8F6F
:109010007047000080E100E0002809DBC206D20EA4
:1090200001219140034A1160BFF34F8FBFF36F8F4F
:109030007047000080E100E0002809DBC206D20E84
:1090400001219140034A1160BFF34F8FBFF36F8F2F
:109050007047000080E100E0002809DBC206D20E64
:1090600001219140034A1160BFF34F8FBFF36F8F0F
:109070007047000080E100E0002809DBC206D20E44
:1090800001219140034A1160BFF34F8FBFF36F8FEF
:109090007047000080E100E0002809DB00BF00BF4E
:1090A000C206D20E01219140024A116000BF00BFEA
:1090B0007047000000E100E0002809DB00BF00BFAE
:1090C000C206D20E01219140024A116000BF00BFCA
:1090D0007047000000E100E0002809DB00BF00BF8E
:1090E000C206D20E01219140024A116000BF00BFAA
:1090F0007047000000E100E0002809DB00BF00BF6E
:10910000C206D20E01219140024A116000BF00BF89
:109110007047000000E100E0002809DB00BF00BF4D
:10912000C206D20E01219140024A116000BF00BF69
:109130007047000000E100E0002809DB00BF00BF2D
:10914000C206D20E01219140024A116000BF00BF49
:109150007047000000E100E010B5002819DB1A4A52
:1091600003231B02D21883089B00D2588307DC0E0E
:10917000FF23A3409A438B071B0E8407E40EA340F2
:109180001A43114B032424021B198408A4001A510A
:1091900018E00E4A03071B0F083B9B089B00D258A0
:1091A0008307DC0EFF23A3409A438B071B0E840723
:1091B000E40EA3401A43054B0407240F083CA408FF
:1091C000A4001A5110BD000000E100E01CED00E019
:1091D00010B5002819DB1A4A03231B02D218830892
:1091E0009B00D2588307DC0EFF23A3409A438B07D2
:1091F0001B0E8407E40EA3401A43114B03242402E0
:109200001B198408A4001A5118E00E4A03071B0F0B
:10921000083B9B089B00D2588307DC0EFF23A3402A
:109220009A438B071B0E8407E40EA3401A43054B99
:109230000407240F083CA408A4001A5110BD000024
:1092400000E100E01CED00E010B5002819DB1A4A2F
:1092500003231B02D21883089B00D2588307DC0E1D
:10926000FF23A3409A438B071B0E8407E40EA34001
:109270001A43114B032424021B198408A4001A5119
:1092800018E00E4A03071B0F083B9B089B00D258AF
:109290008307DC0EFF23A3409A438B071B0E840732
:1092A000E40EA3401A43054B0407240F083CA4080E
:1092B000A4001A5110BD000000E100E01CED00E028
:1092C000BFF34F8F03480449C860BFF34F8F00BFFF
:1092D00000BFFDE70400FA0500ED00E0004870471C
:1092E000E0050020F7B506460F46002520E03C7853
:1092F0002046F9F7A0FFC4B2F9F790FF0068005DBF
:10930000202806D1284670430546204630384519A6
:109310000DE0102E0AD1412C08DB462C06DC284635
:109320007043054620463738451900E001E07F1CB0
:10933000DDE700BF029805603846FEBD30B5002865
:1093400005D0164C021F20680023014605E00846A0
:1093500030BD904203D8034640680028F9D1002B65
:1093600000D05968002B0AD01C68D51AA54204D138
:109370001268A4181A461C6002E05A6000E02260DD
:10938000002807D01468851AA54203D1056864191E
:10939000146040685060184630BD0000D8050020B9
:1093A000F0B587B03C2006906F48059005200490EA
:1093B0006E48007800280AD000206D4908606D4989
:1093C00008706D4908706D490860684908706C48FC
:1093D00003906C4800686A49884202D9694800686D
:1093E00001E069480068054664480068002813D019
:1093F0006248006885420FD360490968681A5A4973
:10940000884208D300215A4A11605A4A11705A4AB8
:1094100011705A4A116000BF03F0B0FF0446002CDF
:109420000CD159480068574908600020504908602D
:10943000504908705049087007B0F0BD4E48007898
:10944000002804D0504800684E490860F4E74948B5
:109450000078052807DB0120474908704A48006862
:1094600048490860E8E74848006841490968461AE1
:109470003F480068002801D03C2E01D3012000E0C5
:1094800000200746002F16D14048007800280DD054
:109490003F4800683A49884208D93D480068394940
:1094A0000860084600683549086003E036480068EF
:1094B00034490860C0E735480078002806D03448B1
:1094C00000682F49884201D9012000E00020029065
:1094D0002F4800680190002F2ED0264800780528DC
:1094E0002ADA24480078401C22490870264800687F
:1094F0001F49086003F0DEFA24480078002812D0E3
:10950000234800681E4988420DD9214800681D493A
:10951000086008460068194908600020154908706D
:109520001549087008E00298002805D018490198EC
:1095300008600120154908701448007800280DD0F3
:10954000134800680E49884208D9114800680D493F
:109550000860084600680949086003E00A48006896
:109560000849086000BF67E78051010052010020F0
:109570005401002058010020590100205C01002006
:1095800080857467B0000020B4000020EC04002047
:10959000E8040020F1B50E4C0F480C4E001B0D4F97
:1095A000C508ED0000221146009804F075FB002864
:1095B00003D13068002801D00020F8BD3C600020B5
:1095C0002560606001203060ECE70000DC050020D1
:1095D0009C170020D805002098370020014800681B
:1095E00070470000E005002002E008C8121F08C113
:1095F000002AFAD170477047002001E001C1121F14
:10960000002AFBD170470000014908607047000044
:10961000E0050020F0B51FB486B00998089A030D44
:109620000021024314D05148514A181850430514E0
:109630001198012810981AD0281A401C00264D4F66
:109640004D49009601910490002812DA444211E03D
:109650001198012449A3012801D11098C14306980B
:10966000119A84600360C26041600BB0F0BD40425B
:10967000E4E70446210500203F4A001C51410391C4
:10968000029012E0E00707D032463B46019900986D
:10969000FAF7F2FA0191009032463B46104619461D
:1096A000FAF7EAFA06460F466410002CEAD104984D
:1096B000039B0028029A0999089806DAFAF7DCFA5F
:1096C000019B009AFAF7D8FA05E0FAF73DFB019BF7
:1096D000009AFAF739FB04460E460022284BFAF7A7
:1096E0003FFC03D80020C043014607E00022254B81
:1096F00020463146FAF70CFAFAF796FE102409E0F4
:10970000002C0ADB0A220023FAF76EFC079B30329A
:109710001A55641E02460A43F2D11122641C079BAB
:10972000121B1C19119B012B03D0012308430ED1DE
:109730000AE0084304D0112010900020119077E730
:109740001098151A6D1E0BE01098824202DD00235E
:109750006D1C03E0824201DA00236D1E002BEED067
:10976000069811998260C16030C07EE701FCFFFF5E
:10977000104D0000000014400000F03F30000000D9
:109780000000F0430000E03F30380A2801D20120F9
:109790007047002070470000FFB597B006460025CF
:1097A0001BE2252876D100242746F749049400E0DF
:1097B0000443761C32780120203A90400842F7D1C9
:1097C00030782A280ED00222307801463039092913
:1097D00016D804990A235943303940181443761C8B
:1097E0000490F1E7189802C804911890002904DA4F
:1097F0000120400304434842049002200443761CA5
:1098000030782E2814D1042004437078761C2A283E
:1098100009D11898761C80C8189009E00A214F4396
:10982000303FC719761C3078014630390929F5D9FF
:1098300030786C2810D006DC4C281AD068280ED05E
:109840006A2817D104E0742813D07A2812D110E0C6
:109850000120400504430CE00121090501E003213A
:1098600009050C437178814203D1012000052418B9
:10987000761C761C307866280BD013DC58287DD0F7
:1098800009DC00287BD04528F6D04628F4D04728AC
:109890001AD1A9E118E0632835D0642870D0652872
:1098A00012D1A1E170286CD008DC6728F1D06928BA
:1098B0007DD06E280DD06F2806D1BCE073282ED045
:1098C000752873D0782859D01A9A199990476D1C29
:1098D00082E16002400F022809D003280DD004283D
:1098E000189801680DD00D60001D189074E118984B
:1098F000EA1701680D604A60F6E7189801680D8064
:10990000F2E70D70F0E718986A4601781172001DB1
:1099100018900020507202A80090012005E01898CD
:1099200002C8189000200091C04361070ED50021A5
:1099300001E00199491C0191B94213DA8142F8DB37
:10994000019A0099895C0029F3D10BE0002101E024
:109950000199491C01918142FADB019A0099895CC5
:109960000029F5D1019904981A9B471A21463846D7
:10997000199A00F099FA4019019903E051E030E199
:1099800015E050E0451807E0009800990078491C60
:1099900000911A9A199990470198401E0190401C15
:1099A000F2D1214638461A9B199A12E137E00A2073
:1099B0000021009001916002410F022907D0189AFE
:1099C00001CA1892C2179446032908D00AE01898D1
:1099D000C01DC108C90005C91891944607E000B22E
:1099E000C2179446042902D140B2C1178C46002206
:1099F0006146944506DA0A460021404291418C4670
:109A00002D2102E0210504D52B216A461173012185
:109A100003E0E10701D02021F7E7029156E00A2098
:109A20000AE0102008E010200090002104200443E8
:109A30000191082703E008200021019100906002B5
:109A4000410F022907D0189A01CA189200229446A1
:109A5000032908D008E01898C01DC108C90005C92D
:109A60001891944603E080B2042900D1C0B20021CD
:109A7000029121072AD531780D91702906D0009ADC
:109A80001021019B4A401A4305D00EE040216A464E
:109A90001173012108E06146014306D030216A4676
:109AA00011730D99517302210291009A0821019BB3
:109AB0004A401A430AD16146014301D1610705D5E5
:109AC00030216A46117301217F1E02913178582995
:109AD00004D02EA10E910DA90D910DE030A1F9E752
:109AE0006146019B009AFAF77FFA0E9B8C469B5CBD
:109AF0000D9A521E0D92137061460143F0D10D98DC
:109B000005A9081A20300190600703D50120000440
:109B1000844300E001270198874201DD381A00E004
:109B20000020019900904118029809180498401AE1
:109B30000490E00306D421461A9B199A049800F079
:109B4000B3F94519002706E003A81A9AC05D1999D0
:109B500090476D1C7F1C02988742F5DBE0030CD513
:109B600021461A9B199A049800F09EF9451904E0C1
:109B70001A9A3020199990476D1C0099481E009040
:109B80000029F5DC1FE000000928010030313233E4
:109B90003435363738396162636465660000000029
:109BA0003031323334353637383941424344454613
:109BB000000000000D980D990078491C0D911A9A2B
:109BC000199990476D1C0199481E01900029F1DCFC
:109BD0004DE100F059F94519761C3078002800D085
:109BE000DFE528461BB0F0BD600700D406271898B3
:109BF000C01DC108C90048680A680831C30FDB07E7
:109C00001891190001D09CA108E0210501D59BA164
:109C100004E0E10701D09AA100E09AA1430010916D
:109C200030785B0865280CD006DC452809D046282A
:109C30001DD0472841D141E0662818D067283CD183
:109C40003CE00021112F01DB112000E0781C019184
:109C5000009008A911A8FFF7DDFC139905910021D8
:109C6000119A15927F1C12980197009150E00120E3
:109C7000C00703900120019008A9009711A8FFF7E1
:109C8000C9FC139A149905920022119B0092129814
:109C90001593059A0192002901D0104602E0791C23
:109CA00040180190381A01D5019804E04042401E46
:109CB0000090781C0190C01B029043E0012F00DA55
:109CC00001270021112F01DD112000E0384601910C
:109CD000009008A911A8FFF79DFC13990591119A0E
:109CE0000021129815920091019721070CD4059933
:109CF000B94201DB019900E00191012904DD159AC7
:109D0000491E515C302906D0B84201DA011D05DA3E
:109D10000121029115E00199491EEDE7002805DCBB
:109D20000099411800910199091A03E0019A411C18
:109D3000914200DD01910099401A401C02900120DF
:109D4000C0070390200706D402990198814202DBE4
:109D50000020C043029000206946C87707AF012168
:109D600003980337C907884224D0022011902B2082
:109D70001290039800280CDA404203902D20129094
:109D800007E00A210398F9F7F9F930317F1E0390B3
:109D900039701199481E11900029F2DC03980028AF
:109DA000EFD1791E12980870307820210840453094
:109DB000BF1E387006A8C01BC01D03901098007805
:109DC000002800D00120019941180298C0170918F5
:109DD000039809180498401A401E0490E00306D422
:109DE00021461A9B199A049800F05EF845191098BC
:109DF0000078002803D01A9A199990476D1CE00347
:109E000024D521461A9B199A049800F04DF845195B
:109E10001CE00098002807DB00990598884203DDC4
:109E20001598405C199901E0199930201A9A9047C9
:109E300000986D1C401C00900298401E0290002863
:109E400004D11A9A2E20199990476D1C0199481E29
:109E500001900029DDDC05E038781A9A7F1C1999F9
:109E600090476D1C0399481E03900029F4DC21469D
:109E70001A9B199A0498ACE62D0000002B000000F4
:109E80002000000000000000F8B5044600251E4632
:109E90001746880404D405E039462020B0476D1CDD
:109EA000641EF9D52846F8BDFFB50446002581B0EB
:109EB0001E46C80301D5302700E02027880404D5BA
:109EC00005E038460399B0476D1C641EF9D5284655
:109ED00005B0F0BD4A68002A06D00A68531C0B6022
:109EE00010704868401E486070470A68531C0B6039
:109EF00010707047002800DA404280B270470000BE
:109F000070B504460D46104A1268521CD1000F4A23
:109F1000506B07F03BFD0646002E00D170BD0B488C
:109F20004663406B08490968C90044500748406BC4
:109F300005490968C9004018057103480068401CBC
:109F40000149086000BFE9E70C0400207C0A0020FA
:109F500070B504460E460025002E01D0002C01D11C
:109F6000002070BDA568002D01D1A66008E000E0CA
:109F70002D6828680028FBD1314628460AF002F8EF
:109F80000120EEE7FEB507460D4614461E460020AA
:109F900001900090002F03D0002D01D0002C01D1A2
:109FA0000020FEBD0898002809D0284600F022FCB9
:109FB000019001214902E068084300900DE031461C
:109FC000284600F05FFB01900198002800D1E8E7E7
:109FD00001214902E0688843009001214902E068BC
:109FE0000840002805D1206A002802D0206A716844
:109FF0008847019820620098E06021463846FFF7C4
:10A00000A7FFCEE7FFB583B00646012002900021EE
:10A010000D980170002527E00C2068438419226800
:10A020000599069803F03DFF0190019800280CD196
:10A03000207A002808D00FA223680F990E98FEF707
:10A040006DFF002007B0F0BD0DE067680F9B0E9A12
:10A050000C990198B847002801D1029007E001212E
:10A060000D98017000BF6D1C04988542D4D300BFC9
:10A070000298E7E76D697373696E672072657175A1
:10A0800069726564206F7074696F6E20272573276D
:10A090000000000070B50446002C00D170BD002502
:10A0A0000EE0605D002800D10CE0F9F7B7F8006819
:10A0B000615D405C202801D00020EFE7681CC5B23C
:10A0C000142DEEDB00BF0120E8E7FEB504460D4687
:10A0D0000A200290002001902046F9F707F900902D
:10A0E0000098002800D1FEBD009803281ADC10E07B
:10A0F0000A21019848430190F9F790F80068217807
:10A10000405C202804D12078303801994018019013
:10A11000641C0098411E00910028E9D10198286034
:10A120002046E0E72078302809D12078782802D02E
:10A130002078582803D110200290A61C00E0264663
:10A1400023E028680299484328603078761CF9F7A4
:10A1500072F8C7B2F9F762F80068C05D202805D12F
:10A16000384630382968081828600EE0412F0ADB8D
:10A17000462F08DC0298102805D138463738296860
:10A180000818286001E03046ADE730780028D8D1C3
:10A1900000BFA8E710B50E480078002817D10D4879
:10A1A0000068002813D00C4800680A4909687D221D
:10A1B00052018918884205D2074800680549096894
:10A1C000884204D201200249087000F073FD10BDDE
:10A1D000A4010020A0010020A400002030B583B01D
:10A1E0000446FFF7FBF90546002000900246019067
:10A1F00021466846F9F7FBFF2846FFF705FA019963
:10A20000009803B030BD00000020034908700348E7
:10A21000006803490860704796010020A4000020F0
:10A220009C01002010B51048007800281AD10F4872
:10A230000068002816D00E4800680C4909680D4ACD
:10A240008918884205D20A48006808490968884286
:10A2500008D209480078002804D10120024908707A
:10A2600000F028FD10BD0000960100209C01002098
:10A27000A400002088130000F201002001460029FC
:10A2800002D00868002801D10020704702E08868E9
:10A29000401C8860002908D04A688868904204D22F
:10A2A0008A680868805C2028F1DD4A6888689042E6
:10A2B00002D18868401E88600846E6E710B504466B
:10A2C0000020FAF71FFFE0B232231A467D21090170
:10A2D000FAF78EFF10BD0000F8B505460E4614468D
:10A2E000204600F05FF807460020084B3A4631460A
:10A2F00000902846FFF746FE002801D03846F8BDFA
:10A30000384600F0BFF80020F9E70000680500209B
:10A31000F8B504460D4616460020044B3246294641
:10A3200000902046FFF72EFEF8BD000068050020D3
:10A33000FEB506460F4614461D462046294600F047
:10A3400043F801900020084B009039463046019AAE
:10A35000FFF718FE002801D00198FEBD019800F01B
:10A3600091F80020F9E7000068050020F8B50546DF
:10A370000E461446204600F069F807460020084BB8
:10A380003A46314600902846FFF7FCFD002801D0F0
:10A390003846F8BD384600F075F80020F9E70000AF
:10A3A0006805002070B50546064800F0D8F8044658
:10A3B000002C05D0002D01D0022000E00120E0603B
:10A3C000204670BD6805002070B505460E4613484E
:10A3D00000F0C5F80446002C1DD00820E060E661BE
:10A3E000A5610F4A0F4B28463146F9F7B9FD02D84F
:10A3F0000D4860610FE000220C4B28463146F9F70A
:10A400009BFD03D80120C007606104E02846314667
:10A41000F9F75AFD6061204670BD00006805002014
:10A420000000C0FFFFFFDF41FFFFFF7F0000E0C132
:10A4300010B5054800F093F80446002C01D04020E8
:10A44000E060204610BD00006805002070B505469C
:10A450000B4800F084F80446002C0ED01020E06079
:10A460000749284600F00EF920612069002804D130
:10A47000204600F007F8002070BD2046FCE70000F1
:10A480006805002070B5044600252BE02568FF21F3
:10A490000131E0680840002805D1A068002802D0FA
:10A4A000A068FFF7EFFFFF210131E06808400028B6
:10A4B00006D12069002803D00C4A206951688847DA
:10A4C00001214902E0680840002806D1206A0028DE
:10A4D00003D0064A206A51688847044841682046EC
:10A4E00088472C46002CD1D170BD000068050020A3
:10A4F00070B504460D4601222946204602F0EFFEC3
:10A5000070BD0146002900D17047087B8007800F8D
:10A51000002801D00120F7E70020F5E701460029D7
:10A5200000D17047087B082801D10120F9E70020FD
:10A53000F7E70146002900D17047087B102801D1B8
:10A540000120F9E70020F7E70146002900D1704714
:10A55000087B022801D10120F9E70020F7E770B558
:10A5600004462820216888470546002D03D028216D
:10A570002846F8F785FE284670BD10B5044600222F
:10A580001146204600F002F810BD0000F0B589B079
:10A5900004460D4617461C2102A8F8F771FE002656
:10A5A0000020314908604860002C00D138E0029456
:10A5B0002046F8F79BFE401C0390002004902B4A95
:10A5C00007CA06AB07C32948FFF7C9FF0646002E96
:10A5D00000D125E002A808F041F90090FFF74EFEF7
:10A5E00001460190304606F021F8002800D117E01E
:10A5F000002F0CD002A8FFF741FE0399049888426F
:10A6000004D204990298405C002800D008E0002D94
:10A6100003D00499029840182860304609B0F0BD74
:10A62000002E02D03046FFF72DFF002C1AD00094E8
:10A630000020019003990498884202D20498019066
:10A6400005E00398002802D00398401E0190002DD9
:10A6500003D001990098401828600348019A009996
:10A6600006C000BF0020D9E7600500206805002073
:10A6700010B50446024A0021204606F009FA10BD32
:10A6800068050020F8B504460D4600260027002C7A
:10A6900000D1F8BD2046F8F729FE461C304629684F
:10A6A00088470746002F00D1F3E732462146384657
:10A6B000F8F7CDFD3846ECE7F0B593B004463849DD
:10A6C000606946182069401C1290E0681190A068EB
:10A6D000109060680F9020680E903022314902A8D7
:10A6E000F8F7B5FD00272E4D463518E0FF376E37D9
:10A6F000E817800F4019801080000095281A05D1B6
:10A7000064212846F8F750FD002906D1FF21913138
:10A710002846F8F749FD002900D17F1C6D1CB54281
:10A72000E4DB01251DE0681E800002A90858C71956
:10A73000022D15D1F017800F80198010800000962F
:10A74000301A05D164213046F8F72EFD002906D1D4
:10A75000FF2191313046F8F727FD002900D17F1CF9
:10A760006D1C12988542DEDB1198401EC7193846D1
:10A7700018214843E12109014843019010984843BA
:10A780000199401801903C210F98484301994018C5
:10A7900001900E99019840180190019813B0F0BDF6
:10A7A0006C070000304B010070B504460D46002CCC
:10A7B00001D0002D01D1012070BDAC4201D100209B
:10A7C000FAE705E02078002800D1F5E7641C6D1C4D
:10A7D0002078F8F736FD06462878F8F732FD8642ED
:10A7E000F0D02078F8F72DFD06462878F8F729FDF7
:10A7F000301AE1E770470000F0B5C1B068488088C2
:10A80000002801D141B0F0BD65488488FF200130A7
:10A81000844200DD044600200FE0614B5B8819187C
:10A82000CB171B0E5B181B121B02CB1A9AB25D4989
:10A83000895C6B461954411C88B2A042EDDB0020B4
:10A84000694608556D4658A12846F8F724FD0028AA
:10A8500005D0042001F0D8FEFDF7A0FFD2E757484D
:10A86000007803281BD12F4612E03E46113630787F
:10A8700031280BDB3078392808DC0020504908707B
:10A88000012001F0C1FEFDF789FFBBE7374600BF9D
:10A890004CA13846F8F7FFFC071EE6D100BF4E4832
:10A8A000007800287AD04D4800684D490968401A60
:10A8B0000F2843D94B480088401C4A490880084665
:10A8C0000088052810DD48480078002809D147484D
:10A8D0004079012803D045484079022801D104F08D
:10A8E00003FD00203F49088000203B4908703F4895
:10A8F0000079002819D13E4800882A280BDA3D4803
:10A90000008881B23A4802880088401C384B188081
:10A910005000394A11523548C06936490968401813
:10A920003449086005F02CFF38E0304800790128F0
:10A9300034D107F031FA04F08DFE2FE02FA1284624
:10A94000F8F7A9FC002829D00020234908702748DF
:10A950000079002809D12548C069264909684018AE
:10A960002449086005F00CFF16E020480079012812
:10A9700012D1FAF74DFE1C480078002809D11B4877
:10A980004079012803D019484079022801D104F008
:10A99000ABFC00201D490870FDF700FF00BF31E748
:10A9A000600C0020600B00202B434D515454434F4A
:10A9B0004E4E4543543A20302C300000880400208D
:10A9C0004B0400202B434D515454434F4E4E4543AE
:10A9D000543A20302C00000089040020B4000020EC
:10A9E0008C04002092040020F201002000050020C9
:10A9F0009004002018040020CC0A00202B434D5165
:10AA000054545055423A20302C3000001C04002091
:10AA1000F8B58948047889480068E12149018842ED
:10AA200007D287488078022805D184484068884248
:10AA300001D3012000E00020054682480088E12182
:10AA40004901884201DA002D09D0002C07D0012CE1
:10AA500005D07D480078002801D1012000E00020C9
:10AA60000646002E6DD000210C20FCF7FFFA67216E
:10AA7000002002F0E7FF6721002003F003F800F058
:10AA800019F900210F20FCF7F1FA00210B20FCF747
:10AA9000EDFA00210D20FCF7E9FA00210E20FCF769
:10AAA000E5FAFCF789FB002068490880C870087146
:10AAB00088704872887266490880C870087188700A
:10AAC000487288725E488078022801D1012000E037
:10AAD0000120604908700020487003205E4908701A
:10AAE0000020487000BF07E000225949491D0A5460
:10AAF0005649491D0A54401C0428F5DB574800F00C
:10AB000081FC574800F07EFC01F050FC002001F071
:10AB1000B7FD01204C49087052484079002807D100
:10AB200051480078002805D050480078002801D00E
:10AB300004F0DAFB4EA24FA1514807F04BFD5149FA
:10AB400008703E480068002805D13C48406800284D
:10AB500001D1012000E0002007463A4800884B213F
:10AB6000C900884203DB002F01D0012000E0002053
:10AB70000090009800285DD0002C5BD042480078FF
:10AB8000002857D132480088002853D12F48008828
:10AB900000284FD100210C20FCF768FA6721002023
:10ABA00002F050FF6721002002F06CFF00F082F8F5
:10ABB00000210F20FCF75AFA00210B20FCF756FA6F
:10ABC00000210D20FCF752FA00210E20FCF74EFA6E
:10ABD000FCF7F2FA00201D49C870087188701C4902
:10ABE000C8700871887000BF07E000221849491D2D
:10ABF0000A541649491D0A54401C0428F5DB00205C
:10AC000001F03EFD012020490870164840790028D7
:10AC100007D115480078002805D01448007800288E
:10AC200001D004F061FB12A212A1154807F0D2FC7A
:10AC300014490870F8BD0000F2010020E401002072
:10AC4000C0060020B8000020500100201609002096
:10AC50000A090020750100207D010020C4010020A8
:10AC6000D4010020000500202C0500202D05002027
:10AC70004F4B000041542B4353434C4B3D3200009B
:10AC8000000004405600002051010020F8B506469F
:10AC90000F463946304606F083FF04460D46E12054
:10ACA00040010021001BA94102D2E1204001F8BD72
:10ACB0002046FCE7002006E000220449044B1B5C10
:10ACC0009B00CA50401C0428F6DB704718A00540C2
:10ACD000784A0100F1B594B0FE480078002806D10A
:10ACE000FDA1149804F0E4FC0120FA49087003E087
:10ACF000E1B2149804F0C4FDFDF76CFE0446401C5C
:10AD00000028F5D1E0E1F948007800280FD0E0B242
:10AD10001290012112A8FDF713FE032C06D100208A
:10AD2000F2490870F2A1149804F0C2FCCCE1032CA3
:10AD30000AD1F6480068002806D00020F3490860D0
:10AD4000F3A1149804F0B4FC122C30D1F44800683C
:10AD500000282CD0F24805680120000385421ED34C
:10AD6000E807C00F00281AD0ED48806800280ADDE7
:10AD7000EB48C068002806D1E9490860E9A11498A9
:10AD800004F096FC12E0E648C368826841680668F1
:10AD90001498B047ECA1149804F08AFC06E0002057
:10ADA000DF490860E9A1149804F082FC00BF0A2C76
:10ADB00001D00D2C71D10020EE49EF4A1278885451
:10ADC000ED48007800280CDDECA1EA48F8F795FA88
:10ADD000002807D10120C5490870EBA1149804F0A0
:10ADE00067FC46E1EEA1E348F8F787FA002806D1B0
:10ADF000BE490870BEA1149804F05AFC39E1EBA1D9
:10AE0000DC48F8F77AFA002808D1FAF7CFFC0546B3
:10AE10002A46E8A1149804F04BFC2AE1E7A1D548A2
:10AE2000F8F76BFA002806D1E648E7A10269149802
:10AE300004F03EFC1DE1E6A1CE48F8F75EFA0028DA
:10AE400006D1E048E0A14269149804F031FC10E119
:10AE5000E14BE24AE2A1C748F8F786FA022806D198
:10AE6000DD4A1178DD4A1078FCF700F901E1DA4A91
:10AE7000DEA1C048F8F778FA01280FD1D64800685B
:10AE8000002802D0012807D102E0FFF713FF03E0FA
:10AE9000D94809F083FD00BFEBE0F2E0D74BCF4A81
:10AEA000D7A1B448F8F760FA022828D1D34800782F
:10AEB000622813D0672809D0722817D100231A46B8
:10AEC0000121C6480068FCF7F7F817E000230122CB
:10AED0001946C2480068FCF7EFF80FE00123002292
:10AEE0001146BE480068FCF7E7F807E000231A4661
:10AEF0001946BA480068FCF7DFF800BFB9E0C3A103
:10AF00009C48F8F7FAF9002805D1C24AC2A1149862
:10AF100004F0CEFBADE0CBA19648F8F7EEF900289F
:10AF200008D1FAF727FC05462A46C8A1149804F070
:10AF3000BFFB9EE0A84ACFA18E48F8F715FA01287A
:10AF400085D1A54800681290FAF714FC0646002047
:10AF500011901298002804DCC9A1149804F0A8FBF1
:10AF600086E002F035F905461422CC490CA8F8F722
:10AF70006EF900276BE0A748864206DB034632469F
:10AF8000C7A1149804F094FB64E0CF486843CF490C
:10AF90004518E807C00F002801D14C2000E05220DE
:10AFA0000B9028090921F8F7E9F848000CA90A5A7A
:10AFB0000A9202F00DF91299C91BC54A5143401A71
:10AFC0000990280AC349F8F7D9F80846FF302D3010
:10AFD00008900899099840180790280B3221F8F733
:10AFE000CDF808460191F8F732FFBB490290F8F717
:10AFF00013FDBA490390F8F7B6FC0690280C15210A
:10B00000F8F7BCF808460291F8F721FFB44903901D
:10B01000F8F7A9FC0590069A0A9905980192009103
:10B0200002903046079B099A0B99FAF7C3FB0490EC
:10B030000498012804D1761C1198401C119005E059
:10B040003246A8A1149804F033FB03E07F1C129849
:10B05000874290DB00BF1198002808DD3046FAF7E0
:10B0600005FC3346A8A1119A149804F021FB00BFF7
:10B0700000BF00204049087033A1149804F018FB69
:10B0800021E0082C01D07F2C0DD13B48007800280E
:10B0900019DD39480078401E37490870A5A1149879
:10B0A00004F006FB0FE03448007827280BD2324822
:10B0B00002780078401C304B18702E488454E1B25E
:10B0C000149804F0DDFB00BF149804F0B3FB0446B1
:10B0D000401C31E1100200204154454320434C49BB
:10B0E0002076312E30203E200A000000140200207D
:10B0F0000A47534D20627269646765206465616325
:10B10000746976617465640A3E0000000C020020D8
:10B11000212141424F5254454421210A00000000A0
:10B120004C0900200A496E76616C6964206172677F
:10B130007320706F696E74657220646574656374E2
:10B1400065640A3E000000000A3E00000A496E766F
:10B15000616C69642066756E6374696F6E20706FD0
:10B16000696E7465722064657465637465640A3E13
:10B1700000000000240900201102002067736D20E8
:10B180002D622031000000000A47534D2062726991
:10B19000646765206163746976617465640A3E0062
:10B1A00067736D202D622030000000006D657461B2
:10B1B000202D73000A25640A000000006D6574618B
:10B1C000202D69007C0A00200A25730A0000000077
:10B1D0006D657461202D6700EC030020F0030020F2
:10B1E0006C6564202D722564202564006C656420E4
:10B1F0002D73256400000000B8220000F403002035
:10B200006C6564202D63256420257300636F6F6B6C
:10B21000202D6D008C0500000A4D617820636F6F52
:10B220006B696E672073657373696F6E7320666CEC
:10B230006173682063616E2073746F72653A2025B4
:10B24000640A0000636F6F6B202D6E000A436F6FFE
:10B250006B696E672073657373696F6E73207374A7
:10B260006F72656420696E20454550524F4D3A20FB
:10B2700025640A00636F6F6B202D64202564000035
:10B280000A4552524F523A20636F756E74206D75A5
:10B290007374206265203E20300A0000944A010049
:10B2A0000A466C6173682066756C6C206174202599
:10B2B000642F25642C2073746F7070656420656141
:10B2C000726C790A000000000D6619005FF36E3C95
:10B2D00060540000F51A0000CDCCCC3D0000404089
:10B2E000000052430A4552524F523A207772697415
:10B2F00065206661696C656420617420696E6465AF
:10B30000782025640A0000000A25642064756D6DAC
:10B31000792073657373696F6E287329207772695A
:10B320007474656E2028746F74616C3A20256429EA
:10B330000A00000008200800002800D0E3E41848B4
:10B340000068002828D016480568012000038542BF
:10B350001AD3E807C00F002816D0124801780078E9
:10B36000401C104B1870104800780D4A1268904726
:10B370001390139800280EDA0020094908600BA1E9
:10B38000149804F095F906E000200549086010A122
:10B39000149804F08DF900BF002015B0F0BD000036
:10B3A0000C02002013020020120200200A426163F6
:10B3B0006B67726F756E64206F7065726174696F10
:10B3C0006E20636F6D706C657465640A3E000000EA
:10B3D0000A496E76616C69642066756E6374696F84
:10B3E0006E20706F696E7465722064657465637435
:10B3F000656420616E6420636C65617265640A3EF9
:10B4000000000000F0B585B00446A07B002856D0AF
:10B41000606807F047F90390039807F04DF9A060C2
:10B420006168A068884203D2039807F045F9A060DC
:10B430006168A068401A05283BD96168A068401A75
:10B44000E1214901884202D9A068401A60600120C8
:10B450001D4908706168A06888422AD9FAF78AF9FC
:10B4600005461A4885420FDB1949C869F8F7EFFC11
:10B4700006461748006A01960090A3892078A268C2
:10B480006168FAF7DFF813E01149C869F8F7DFFCE3
:10B4900006460F48006AA189029600910190217822
:10B4A0002846A3686268FAF785F9681CFAF7DEF99E
:10B4B00000BF0020A0736060A060A08100BF08F002
:10B4C000A1FE05B0F0BD0000740100208C05000055
:10B4D0007C0A0020F0B589B004460F4615461E468A
:10B4E0002CA23946284602F0DCFC08902BA23946F3
:10B4F000284602F0D6FC079029A23946284602F0D9
:10B50000D0FC0690002005900490039005A90898AF
:10B5100002F0DFFC002803D00598007800280DD148
:10B5200020A230460E99FDF7F9FC012300222146A6
:10B5300025A003F007FF002009B0F0BD04A907987B
:10B5400002F0C7FC002801D113A0049003A90698BB
:10B5500002F0BFFC002801D10FA0039003990498CA
:10B56000019100901AA280212048059BFDF7D6FC8E
:10B57000042215A11D48083808F085FC01201C494B
:10B58000087001231A4621460FA003F0DBFE0120BC
:10B59000D2E70000646174610000000075737200FE
:10B5A00070776400666F74613A206D697373696EB9
:10B5B00067206F7220656D707479202764617461F3
:10B5C00027202855524C2900666F74610000000046
:10B5D00041542B43464F54413D302C312C2225738E
:10B5E000222C222573222C22257322002C060020D7
:10B5F0002E050020FFB5C9B005461646002E01D025
:10B60000304603E035A14A98FEF772FF04469021C8
:10B6100025A8F7F735FE9022324925A8F7F717FE3F
:10B62000902225A901A8F7F712FE04222EA101A855
:10B6300008F029FC0295002020A9087324902BA271
:10B6400030464A9902F02DFC0746002F0ED069467D
:10B65000384602F003FC002807D00098002802D0EA
:10B660000098012801D10098249000BF002C1AD026
:10B670002046FEF75EFF002815D02069002812D072
:10B680002069007800280ED0802203A8216908F0E4
:10B69000FAFBFF2201321748216908F0F4FB012070
:10B6A00020A9087304E00020694608731149087056
:10B6B000902201A91048F7F7CAFD00200F49087031
:10B6C00001200F49087020A8027B0123294606A00B
:10B6D00003F038FE20A8007B4DB0F0BD64617461BA
:10B6E00000000000684B0100667700007861706917
:10B6F000000000005C090020240600202E05002028
:10B7000062000020FFB589B015461E46129F5F4AB1
:10B71000116850689268089206910790002105917F
:10B7200005A806A92B4601AAC1C2009103215848C9
:10B730000A9AFEF767FC04906846007D002818D13D
:10B74000002D0BD003A9284602F088FB002805D065
:10B750000398069001200590049009E004980028C1
:10B7600006D04CA239463046FDF7D8FB00200490A5
:10B7700000BF0498002872D0069800287DDB4A4953
:10B780000698886008A8007800280FD0079800283D
:10B7900006DD4649079809684018434948610AE0B0
:10B7A000424800683C304049486104E03F48006836
:10B7B0003C303D494861FAF7B1F83B4884680020C5
:10B7C00003900A2C13DA3A48407A002805D0002169
:10B7D0000846F9F78DFB012003903648407A00288F
:10B7E00005D000210120F9F783FB012003903048A8
:10B7F0000088A04205DDA1B2002007F071F8012009
:10B8000003902C480088A04205DDA1B2012007F07A
:10B8100067F8012003900398002825D0254A117865
:10B82000234A107809F022F82348007800280BD129
:10B830001F490988092902DC1D49098800E00921FE
:10B84000C8B2FBF78DFC0FE01B48007801280BD134
:10B8500018490988092903DC1649098801E00CE028
:10B860000921C8B2FBF77CFC01231A4613A00999F1
:10B8700003F068FD01200DB0F0BD012300220FA0F0
:10B88000099903F05FFD0020F5E70000944C0100EA
:10B89000704C01006E6F20757361626C65206D6184
:10B8A00078506F776572000000050020B40000201A
:10B8B0000A090020160900208C0100206C6200009B
:10B8C000F8B504460E461746069D06F073F90123A7
:10B8D0001A46214602A003F035FD0020F8BD000005
:10B8E0006D720000F8B504460E461746069D01230A
:10B8F0000022214602A003F025FD0020F8BD000033
:10B9000070670000FFB587B005460E461F46002051
:10B910000690059005A906AA109802970092019139
:10B92000039032460A210F48099BFEF76BFB044641
:10B93000002C05D06846007D002801D0F9F7EEFF05
:10B94000002C05D06846007D002801D0012000E0D1
:10B95000002002460123294603A003F0F3FC204601
:10B960000BB0F0BDF84B010070750000F8B504464F
:10B970000E461746069D04F087FBF9F7CFFF01231B
:10B980001A46214602A003F0DDFC0020F8BD0000AD
:10B9900072640000F8B504460F46069EF9F7EEFE05
:10B9A0000546012D00D100E000200246012321467A
:10B9B00004A003F0C7FC012D01D10120F8BD002037
:10B9C000FCE7000072700000F8B504460E4617460A
:10B9D000069D06F0ADFE01231A46214602A003F0A3
:10B9E000B1FC0120F8BD0000736F000010B54F4896
:10B9F000007800281AD14E480068002816D04D481B
:10BA000000684B490968441A4B48006884420CD3CB
:10BA100001204649087000204849086045480068F0
:10BA200047490860002001F061FF00BF3F480078EF
:10BA3000002843D04348007803283FD13F4800689E
:10BA400005283BD83B4800683D490968441A142C36
:10BA500033D3002000F0D8FD38480068401C374937
:10BA6000086008460068022806D337480078002896
:10BA700002D000203449087030480068062815D3E9
:10BA800032A006F077FD7D20C000F9F74DF832A016
:10BA900006F070FD7221002001F0F4FF0120314911
:10BAA000087000202849087004F03EF8002001F0DA
:10BAB0001DFF204800682249086036E01B480078D6
:10BAC000002832D01F48007801282ED11B4800687A
:10BAD00005282AD81748006819490968441A3C2CD7
:10BAE00022D316480068401C1449086008460068C4
:10BAF000062815D315A006F03DFD7D20C000F9F7FE
:10BB000013F815A006F036FD7221002001F0BAFFEF
:10BB100001201449087000200B49087004F004F853
:10BB2000044800680649086000BF10BD49040020B1
:10BB300050040020B4000020540400205C040020C5
:10BB400058040020880400204B04002041542B435B
:10BB500046554E3D3000000041542B4346554E3D66
:10BB600031000000600400200021044A11700449E3
:10BB70000968044A116004490860704749040020BC
:10BB8000B4000020500400205404002070B5B2B06E
:10BB900042480078002804D1022000F035FD32B080
:10BBA00070BD00203E4908703E480068401C3D4979
:10BBB0000860F9F7FBFD064632463BA122A8FDF7D7
:10BBC000C9F93F4804680A2C00DA0A244B20000116
:10BBD000844200DD04463A488569002D00DC0025DA
:10BBE000012D00DB01252346364A802102A800955D
:10BBF000FDF794F900203449087034490870FCF7C7
:10BC0000CDFD33A006F0B6FC34A006F0B3FC3848F6
:10BC1000007800283DD137A006F0ACFC39A006F032
:10BC2000A9FC3CA006F0A6FC3E48FBF717FE01F07D
:10BC3000EDFB3DA006F09EFC42A006F09BFC48A058
:10BC400006F098FC4FA006F095FC59A006F092FC77
:10BC500062A006F08FFC69A006F08CFC6E48FBF732
:10BC6000FDFD6EA006F086FC2E48FBF7F7FD22A82E
:10BC700006F080FC6DA006F07DFC73A006F07AFC57
:10BC800078A006F077FC6448FBF7E8FD012018492E
:10BC9000087002A806F06EFC00BF80E7F2010020E9
:10BCA0004A0400208404002041542B434D51545435
:10BCB000414343513D302C222564222C31000000A9
:10BCC00000050020345101002C0500202D05002026
:10BCD00041542B434D47463D3100000041542B4316
:10BCE0004E4D493D322C322C302C302C300000008F
:10BCF0004B04002041542B434D5154544449534369
:10BD00003D30000041542B434D51545452454C3D5D
:10BD10003000000041542B434D51545453544F5064
:10BD200000000000A086010041542B4353534C43B4
:10BD300046473D2273736C76657273696F6E222C71
:10BD4000302C340041542B4353534C4346473D223F
:10BD5000617574686D6F6465222C302C32000000B0
:10BD600041542B4353534C4346473D226361636523
:10BD70007274222C302C226361636572742E70659C
:10BD80006D22000041542B4353534C4346473D2200
:10BD9000636C69656E7463657274222C302C226347
:10BDA0006C69656E74636572742E70656D22000037
:10BDB00041542B4353534C4346473D22636C6965C2
:10BDC0006E746B6579222C302C22636C69656E74FD
:10BDD0006B65792E70656D220000000041542B4385
:10BDE00053534C4346473D2269676E6F72657274C8
:10BDF0006374696D65222C302C31000041542B4353
:10BE000053534C4346473D22656E61626C65534E09
:10BE100049222C302C31000050C3000041542B43E8
:10BE20004D515454535441525400000041542B433B
:10BE30004D5154544346473D22636865636B5554E6
:10BE40004638222C302C300041542B434D51545451
:10BE50004346473D2276657273696F6E222C302C03
:10BE60003400000041542B434D51545453534C4320
:10BE700046473D302C30000030B595B00546002DCA
:10BE800002D1401E15B030BD0020149013901290C6
:10BE9000119010900F900FA810A911AA12AB009347
:10BEA00001920291039013AB14AA2FA12846F7F731
:10BEB0005BFA0446062C18D00FA810A911AA12ABE1
:10BEC000009301920291039013AB14AA2CA128466F
:10BED000F7F74AFA0446062C02D00020C043D1E707
:10BEE0007D2109011498401814901498642804DAEC
:10BEF0007D2109011498401814901398012817DB2C
:10BF000013980C2814DC1298012811DB11980028D2
:10BF10000EDB119817280BDC1098002808DB10980E
:10BF20003B2805DC0F98002802DB0F983B2802DD38
:10BF30000020C043A6E72C2104A8F7F7A1F9164971
:10BF40001498401A09901398401E08901298079070
:10BF500011980690109805900F98049000200C906E
:10BF600004A8FEF7A9FB8DE72534642F2532642F42
:10BF70002532642C2532643A2532643A2532640035
:10BF80002532642F2532642F2532642C2532643A01
:10BF90002532643A253264006C070000F3B581B0A5
:10BFA0000446002C00D1FEBDA07B002802D06068B2
:10BFB000002801D10020F6E7606806F073FB064612
:10BFC000029806F06FFB0546029F002E04D1002D5B
:10BFD00002D00848076805E0002E03D0002D01D1EB
:10BFE0000020E0E76068B84201D90020DBE7606824
:10BFF000381AD8E7B400002010B5644880780028CB
:10C000007ED062480079002805DD60480079401E36
:10C010005E4908710AE05D48C078002806DD5B488B
:10C02000C078401E5949C8703B20087158480078B4
:10C03000092808D157480078002804D1534A1179BB
:10C04000D07808F0D5FC54480078002831D1534806
:10C05000006800282DD052480068401C50490860F4
:10C0600008460068052824D301204B4908700020A9
:10C070004B4908604548407A002804D0454800787C
:10C0800008F076FB05E0474A1178404A107808F03E
:10C09000EDFB40480078002804D13C490878FBF7C4
:10C0A0005FF803E03F490878FBF75AF8022000F0F8
:10C0B000E7FA3648C078002867D13448007900286C
:10C0C00063D13249487288700420FEF7F7F80020E7
:10C0D0002E49088034488078012801D1032000E0EF
:10C0E0000120324908700020487008460078304925
:10C0F00008702E4840784870002088702D4900E074
:10C1000043E0098888B203222949F9F787F92A49C7
:10C110000860084600880004000E2449C8702648BC
:10C12000007808712548FFF76DF91E4A1178174A03
:10C13000107808F09BFB002004E000221349491D01
:10C140000A54401C0428F8DB00201D4908601148EF
:10C150000078002803D100210D20FAF787FF0D4851
:10C160000078002804D109490878FAF7F9FF03E0BC
:10C170000C490878FAF7F4FF00F018F90448007841
:10C18000052802D0022000F07BFA10BD0A09002029
:10C19000F20100208C010020940100209001002079
:10C1A000FC01002016090020C006002075010020B7
:10C1B00085010020BC04002088010020C40100206B
:10C1C000B401002010B56148807800287ED05F4817
:10C1D0000079002805DD5D480079401E5B49087143
:10C1E0000AE05A48C078002806DD5848C078401E4A
:10C1F0005649C8703B20087155480078092808D175
:10C2000054480078012804D1504A1179D07808F0B8
:10C21000EFFB51480078002831D1504800680028D1
:10C220002DD04F480068401C4D4908600846006802
:10C23000052824D301204849087000204849086097
:10C240004248407A002804D04248007808F090FA2A
:10C2500005E03E4A1178434A107808F007FB3D4854
:10C260000078002804D13F490878FAF779FF03E005
:10C2700036490878FAF774FF022000F001FA3348D3
:10C28000C078002861D13148007900285DD12F495C
:10C29000487288700420FEF711F800202B490880AE
:10C2A00001203149087000204870084600782F4965
:10C2B00008702D4840784870002088702C49098803
:10C2C00088B203222949F9F7A9F800E03DE029499D
:10C2D0000860084600880004000E2349C8702548FD
:10C2E000007808712448FFF78DF8184A11781D4A24
:10C2F000107808F0BBFA002004E000221349491D21
:10C300000A54401C0428F8DB00201C49086011482E
:10C310000078012803D100210D20FAF7A7FE0D486F
:10C320000078002804D10F490878FAF719FF03E0D4
:10C3300006490878FAF714FF00F038F80448007846
:10C34000052802D0022000F09BF910BD160900203C
:10C35000F20100208C0100209401002090010020B7
:10C36000040200200A0900207D0100208501002030
:10C37000BC04002088010020D4010020B40100206A
:10C380000449086800E000BF02490968091A2A291F
:10C39000F9D37047A4000020002002490870024928
:10C3A0000880704750010020B8000020002002499A
:10C3B000087002490880704751010020B800002031
:10C3C00010B5002002490860FEF774FC10BD0000A3
:10C3D000B0010020FFB5A1B005460E46002D01D1E9
:10C3E00025B0F0BD802101A8F6F74AFF002414E033
:10C3F000E0000F4A11582846F6F77FFF00280BD1BE
:10C4000080200090E0000A49401801AB47683046A0
:10C41000249A2399B847E3E7641C092CE8D3012345
:10C4200000223146284602F08DFF0020D8E70000A8
:10C43000A04C01007CB5044600200090019000262D
:10C4400000250CE0F6F7EAFE0068615D405C2028FC
:10C4500004D1625D3046761C69460A546D1C605DED
:10C46000002801D0042EEDDB032E07DB6846F7F72A
:10C470006DFA85B2284608F091FA02E0002008F033
:10C480008DFA7CBD70B5F9F791F904460449204650
:10C49000F6F774FE0D46284608F080FA70BD0000DD
:10C4A000102700001C4800210160416081600320CA
:10C4B000194908700420487018A01B4948601B489F
:10C4C0000078C8601A48007800280BD117484078D7
:10C4D000012807D017484078012803D01548407834
:10C4E000022808D102200C4988700F4908720120E7
:10C4F0001149087070470D484078032807D1012082
:10C5000005498870084908720B490870F2E7002055
:10C510000949087000BFEDE7C0060020312E312E1A
:10C52000335F5431300000007C0A0020EA0800200C
:10C53000B6040020FA080020BE000020F8B504462A
:10C540000D4600260027002C02D02068002801D1CB
:10C550000020F8BD6068002805D06168A0688842A6
:10C5600001D30020F5E72648854201D90020F0E7F5
:10C57000A068401C45196068A84203D3A1682068E0
:10C580004018E6E72069002801D00020E1E71D48B7
:10C59000854206D91A48854201D8074602E00020A4
:10C5A000D7E76F00206A00280DD03946226A20683C
:10C5B00090470646002E1ED1E1692068884700207A
:10C5C00060602060C5E73846A16988470646002EAE
:10C5D00006D1E16920688847002060602060B8E7E4
:10C5E000002E05D0A068421C30462168F6F72FFEC9
:10C5F000E1692068884767602660A0688019A8E71D
:10C60000FFFFFF7FFFFFFF3F10B504461748047090
:10C610002300FCF7E2FC062304072708282903F07F
:10C6200083FA21E020E000201149086011480078D9
:10C63000002807D1104908701049087002200B49E2
:10C64000087011E00B480078042800D103E067214E
:10C65000012001F017FA07F03DFC05E00020074932
:10C66000087001E000E000BF00BF10BD880400209A
:10C670005C040020F20100204B0400204A0400204A
:10C6800070B5054600BFEFF31080044672B61E4831
:10C69000007800280AD0002D08D01C480078002817
:10C6A00004D100BF84F3108800BF70BD1748007824
:10C6B000092803D015480078052800D103E0FA21A5
:10C6C000C800F8F787FD11480078114908700F4835
:10C6D000057013200F49087000BF84F3108800BF55
:10C6E0000B480078002803D1002D01D0FBF7EEFBAA
:10C6F000002D06D100F0E4FA0020074948700749F0
:10C70000487000BFD1E7000063000020F201002064
:10C71000F3010020F4010020750100207D010020BC
:10C720000020034908700348006803490860704707
:10C7300094010020A40000209001002010B50446C0
:10C740000021204600F002F810BD0000F0B5A1B0B5
:10C7500004460F466A4903C920911F90FF202D30DF
:10C760001E903C201D90002F1AD1664800680028BA
:10C7700016D065490968634A1268881A63490979BD
:10C78000002902D0FF212D3100E03C210B469842C8
:10C7900005D25E4906C96260216021B0F0BD00BFCC
:10C7A0005B480078052804DB584903C961602060B4
:10C7B000F3E7002057490870574908705749086047
:10C7C00057490870FBF7EAFF56A005F0D3FEFF209B
:10C7D000F530F8F7A9F9FBF7E1FF4D480078401C68
:10C7E0004B49087052A005F0C5FE5448F8F79CF973
:10C7F00053481C9053A11C98F6F74DFD0546002D9B
:10C800000DD11F904148209A1F9906C03E480068EC
:10C810003C49086020991F9861602060BDE70020B6
:10C82000C0431B90202113A8F6F72AFD20210BA856
:10C83000F6F726FD00200790089009900A900390D3
:10C8400004900590069003A807A90BAA13AB0092C9
:10C85000019102901BAA3DA12846F6F785FD0646E8
:10C8600007A807F025FC03A807F022FC03A807F09F
:10C87000EFFA052E0EDB1B9800280BD10BA813AB8B
:10C880003EA2402100903F48FCF748FB012020A930
:10C89000087001E000201F90052E22DB07A8F6F7A4
:10C8A00025FD00281DD003A8F6F720FD062818D383
:10C8B00003A807AB31A2182100901648FCF72EFB05
:10C8C0000120154908701348FFF7D6FA0290029824
:10C8D000002805DB11490298086001201049087002
:10C8E00000BF0A48209A1F9906C0074800680549FA
:10C8F000086020991F986160206000BF4DE700002C
:10C90000604B0100F8040020B4000020F004002077
:10C91000FC040020700F0020E4040020E804002044
:10C92000EC04002041542B434C42533D30000000A6
:10C9300041542B434C42533D34000000B80B0000DF
:10C94000600B00202B434C42533A00002B434C42D7
:10C95000533A2025642C2533315B5E2C5D2C253326
:10C96000315B5E2C5D2C252A5B5E2C5D2C253135E0
:10C970005B5E2C5D2C2531357300000025732C2562
:10C9800073000000C80F002070B50546002D00D1CF
:10C9900070BD0AA12846F6F77EFC0446002C0BD099
:10C9A000083408A12046F6F7CEFC0646002E01D03A
:10C9B000002030702046EBE70020E9E72B49434395
:10C9C00049443A000D0A0000F1B582B0029C00E033
:10C9D000641C207800280BD020782028F8D02078FC
:10C9E0000D28F5D020780A28F2D020780928EFD039
:10C9F0002EA12046F6F74FFC002814D02BA120468C
:10CA0000F6F749FC04460D212046F6F765FC04467E
:10CA1000002C08D0641C00E0641C20780A28FBD09D
:10CA200020780D28F8D0264639E0002001903546C0
:10CA300003E00198401C01906D1C2878302802DB2F
:10CA400028783928F5DD01980F280FD128780D288E
:10CA500005D028780A2802D02878002806D129464F
:10CA6000002901D0002008703046FEBD0D2130465F
:10CA7000F6F732FC0746002F04D10A213046F6F7BC
:10CA80002BFC0746002F00D10CE07E1C00E0761C3A
:10CA900030780A28FBD030780D28F8D000BF3078E5
:10CAA0000028C2D100BF0020DFE7000041542B4323
:10CAB00047534E001CB501216846FFF747FE064864
:10CAC0000078002805D005480068002801D0012022
:10CAD0001CBD0020FCE70000EC040020E80400205E
:10CAE0000020034908700348006803490860704744
:10CAF0008B000020A40000204000002010B5354825
:10CB0000007800281BD134480068002817D033482B
:10CB1000006831490968324A8918884205D22F488D
:10CB200000682D490968884209D201202949087006
:10CB30007221002000F0A6FF002000F0D7FE294857
:10CB4000007A002843D02348007800283FD02648A8
:10CB5000007800283BD000F055F80446002C18D08F
:10CB6000002022490870FEF7A5F86221002000F09D
:10CB700089FF1F4801214907086000BFBFF34F8F9D
:10CB80001C481D49C860BFF34F8F00BF00BF00BFE6
:10CB9000FDE70020154908700021124801720020AD
:10CBA0000C49087015490870154908600A49086061
:10CBB000622100F067FF0320FDF780FB07F03EFED7
:10CBC0007D200001F7F7B0FFFEF774F810BD00BF3D
:10CBD000FCE700008B00002040000020A4000020A3
:10CBE00088130000A40600208900002063000020B4
:10CBF000F5FAAA550400FA0500ED00E088000020CF
:10CC00003C00002070B5FBF7C9FD1CA005F0B2FC8C
:10CC10007D20C000F7F788FF1A4D1BA12846F6F7C4
:10CC20003AFB002812D0FBF7B9FD1BA005F0A2FCCF
:10CC3000FF20F530F7F778FFFBF7B0FD0FA005F008
:10CC400099FC7D20C000F7F76FFF00BF194801680D
:10CC50002846F6F720FB0446002C02D1164908604E
:10CC600070BD14480068F6F741FB041913480168C9
:10CC70002046F6F710FB06463046F1E741542B46B6
:10CC8000534C5300600B00206950686F6E655F5213
:10CC9000696E672E6D70330041542B465344454CEA
:10CCA0003D6950686F6E655F52696E672E6D7033B7
:10CCB000000000002805002040000020240500207E
:10CCC00010B50848007800280BD0074800780028E5
:10CCD00007D1064800F0AEFB002802D00020014931
:10CCE000087010BD2E050020F20100202C06002047
:10CCF00070B504460D462046FAF7C4FB70BD00002F
:10CD0000F1B5B0B03098002803D0309800780028F2
:10CD100014D16221002000F0B5FE00209B4908706C
:10CD20009B4908709B49087200219B4801720020B2
:10CD30009A4908609A49086031B0F0BD99A02F90D7
:10CD40009EA02E90FBF72AFDA0A005F013FC7D20ED
:10CD5000C000F7F7E9FE9F482D902E992D98F6F721
:10CD60009AFA0446002C12D02E98F6F7BFFA04194E
:10CD700020462F99F6F78FFA002808D0FBF70EFD12
:10CD800095A005F0F7FBFF20F530F7F7CDFE00206A
:10CD90000C9000250B909AE0FBF700FD96A005F0A3
:10CDA000E9FBFF202D30F7F7BFFEFBF7F7FC99A05A
:10CDB00005F0E0FBFF202D30F7F7B6FEFBF7EEFCA9
:10CDC0009CA005F0D7FBFF202D30F7F7ADFEFBF759
:10CDD000E5FC9FA005F0CEFBFF20F530F7F7A4FEA1
:10CDE0009E489FA102680DA8FCF7B4F8FBF7D6FC9B
:10CDF0000DA805F0BFFBFF20F530F7F795FEFBF718
:10CE0000CDFC9DA005F0B6FBFF20F530F7F78CFEBA
:10CE10006148C068012811D1FBF7C0FC9CA005F057
:10CE2000A9FBFF20F530F7F77FFEFBF7B7FCA14821
:10CE300005F0A0FBFF20F530F7F776FEFBF7AEFC20
:10CE40009DA005F097FB0026002007909E480690C5
:10CE5000FF20F53005900EE0FF20F530F7F764FE77
:10CE60000798FF30F53007905A482D9097A12D98DC
:10CE7000F6F711FA064694490798884201DA002E1F
:10CE8000EAD0002E14D002A803AB04AA93A100900C
:10CE90003046F6F769FA032809D103980B900398F6
:10CEA000C82804D1012501213B48017215E000BFCB
:10CEB000002D08D1FBF772FC8EA005F05BFBFF2074
:10CEC000F530F7F731FE0C98401C0C9000BF0C9821
:10CED000052802DA002D00D15EE700BF002D20D129
:10CEE0006221002000F0CEFD00202849087028496A
:10CEF000087028490872002127480172002027493C
:10CF00000860274908607E4908700320FDF7D6F9BC
:10CF100007F094FC7D200001F7F706FEFDF7CAFE3E
:10CF20000AE7FBF73BFC77A005F024FB00278048CD
:10CF30000A90FF20F53009900020089016E0FF20AD
:10CF4000F530F7F7F1FDFF37F53722482D9079A13D
:10CF50002D98F6F7A0F9002805D177A12D98F6F7BE
:10CF60009AF9002802D00120089005E07048874215
:10CF700002DA08980028E2D000BFFF20F530F7F76A
:10CF8000D3FD5CA005F0F6FA00BFD5E68B000020CB
:10CF900088000020B4060020A40600203C000020E9
:10CFA0004000002065436F6F6B335F4F54415F5407
:10CFB000455354312E686578000000002B46534CD1
:10CFC000533A2046494C45533A0D0A0041542B46EA
:10CFD000534C5300600B002041542B465344454CA6
:10CFE0003D65436F6F6B335F4F54415F54455354FE
:10CFF000312E68657800000041542B4353534C4355
:10D0000046473D2273736C76657273696F6E222C8E
:10D01000312C330041542B4353534C4346473D225C
:10D0200069676E6F726572746374696D65222C3105
:10D030002C31000041542B4353534C4346473D226F
:10D04000656E61626C65534E49222C312C310000B3
:10D0500041542B48545450494E4954000404002074
:10D0600041542B48545450504152413D2255524C4A
:10D07000222C22257322000041542B485454505036
:10D080004152413D2253534C434647222C3100002C
:10D0900041542B48545450504152413D22434F4E2D
:10D0A00054454E54222C22746578742F706C61693B
:10D0B0006E220000C050010041542B48545450418E
:10D0C0004354494F4E3D3000307500002B485454B6
:10D0D00050414354494F4E3A000000002B485454ED
:10D0E00050414354494F4E3A2025642C25642C2549
:10D0F0006400000041542B485454505445524D0094
:10D100006300002041542B4854545052454144463A
:10D11000494C453D2265436F6F6B335F4F54415F10
:10D1200054455354312E686578222C31000000009C
:10D13000102700004F4B00002B48545450524541DB
:10D140004446494C453A0000F8B51A480078002892
:10D150002DD019480068F6F77AFE0090F6F7D8FE51
:10D1600004460022154BF6F7EFFD0646F6F70CFFD6
:10D170001349086008460068F6F7CAFE0646114AD9
:10D18000114BF6F779FD0446F6F7FEFE0C490860F0
:10D19000012189070A480068F6F73EFC0849086043
:10D1A000084601680948816205480068F8BD00200A
:10D1B000FCE70000DC040020D804002000FEAF40A3
:10D1C000080200209A999999999909407C0A0020AF
:10D1D000084972B6084A1278002A07D0074A12682E
:10D1E000044B9A4202D9054A106801E0044A1068CB
:10D1F00062B6704780857467EC040020E804002064
:10D20000B000002000B501460B00FBF7E6FE192632
:10D21000282E0E10121416181A1C1E2024302C2A28
:10D2200022323E3436383A3C3E00032000BD042012
:10D23000FCE70520FAE70620F8E70720F6E70820D4
:10D24000F4E70920F2E70A20F0E70B20EEE70C20D4
:10D25000ECE71120EAE70D20E8E70020E6E70120EF
:10D26000E4E71020E2E70F20E0E70220DEE70E20EF
:10D27000DCE71220DAE71420D8E71520D6E71620DD
:10D28000D4E71720D2E71820D0E71320CEE700001C
:10D2900010B505480078002802D0FFF799FF10BDAF
:10D2A00002480068FBE7000051000020B4000020A5
:10D2B0002E20704770B505460C46002D01D0002C7D
:10D2C00004D1002C01D00020207070BD142229460A
:10D2D0002046F5F7F4FF0020207500BFF5E7F8B50C
:10D2E00005460E4617460024002D01D0002E01D120
:10D2F0000020F8BDAC68002F0AD000E02468002CA4
:10D3000010D03046216AF5F7F8FF0028F6D109E081
:10D3100000E02468002C05D03046216AFDF744FA6D
:10D320000028F6D12046E4E71CB510A16846F8F7BE
:10D33000D3FEFFF725F868460078002802D0019850
:10D34000002803D100200C4908701CBD0198FFF78C
:10D350001BFB0446002C02D107490870F5E7202288
:10D360002146054806F08FFD0348EEE741542B4364
:10D370004943434944000000880F00201CB515486C
:10D380000078052803DB0020134908701CBD13A199
:10D390006846F8F7A1FEFEF7F3FF0198FFF714FBCC
:10D3A0000446002C0CD10C4908700A480078052866
:10D3B00004DA08480078401C064908700020E5E7B8
:10D3C00020222146044806F05EFD00200149087035
:10D3D0000148DBE7DD040020A80F002041542B4367
:10D3E00047534E0010B504A005F0C4F800200649CC
:10D3F0000870FFF709F910BD41542B434D515454A7
:10D40000444953433D3000004A04002010B503A0B6
:10D4100005F0B0F80648FAF721FA10BD41542B4345
:10D42000534F433D224D7373222C31323430000070
:10D43000A8610000F8B50446002C02D0207800282E
:10D4400001D10020F8BDFBF7A9F9204605F092F8BC
:10D4500000250F4FFF20F530009013E0FF20F5303E
:10D46000F7F762FBFF35F5350A4E0BA13046F5F7AD
:10D4700012FF002805D109A13046F5F70CFF00285E
:10D4800000D002E002488542E8DB00BF0120D9E776
:10D49000983A0000600B00204F4B00004552524F5D
:10D4A00052000000F8B504460D46104806680768AB
:10D4B0000F48808800900FE00D48818800988142D5
:10D4C00004D00B4880880090084807680748006827
:10D4D000C01BA04200D304E004480068801BA8429F
:10D4E000EAD300BFFBF75AF9F8BD0000A400002002
:10D4F000600C002070B50546002D02D02878002869
:10D5000001D1002070BD2C460EE0AC4209D020466F
:10D510002038C07F0D2804D020462038C07F0A283C
:10D5200001D10120EEE7641D03A12046F5F7B3FE0B
:10D53000041EEAD100BFE5E74552524F52000000F9
:10D5400070B50546002D02D02878002801D10020B2
:10D5500070BD022219A12846F5F7E6FE00280AD17F
:10D56000A878002805D0A8780D2802D0A8780A2825
:10D5700001D10120ECE72C4617E0AC4209D020464F
:10D580002038C07F0D2804D020462038C07F0A28CC
:10D590000AD1A078002805D0A0780D2802D0A07864
:10D5A0000A2801D10120D3E7A41C04A12046F5F7E5
:10D5B00072FE041EE1D100BFCAE700004F4B00001D
:10D5C00010B504462046FFF7BBFF002804D12046D3
:10D5D000FFF790FF002801D0012010BD0020FCE7DC
:10D5E000FFB581B00F46012675E0B100049844589C
:10D5F00020782D286ED160782D2805D1A21C3AA163
:10D60000019802F055F865E065782946384600F043
:10D610009BFB002857D0702D0CD006DC622D2ED03D
:10D62000632D4BD0652D4DD149E0732D19D0742D4C
:10D6300048D13BE0A01C05F0FDF8044620783028D6
:10D6400003D12D48F8F70AFD0AE02078312803D1EC
:10D650003220F8F703FD03E028A1019802F028F832
:10D6600030E000F053FB002801D02DA000E02DA0F9
:10D6700002462EA10090019802F01AF822E0A01CA8
:10D6800005F0D8F804462078302803D100202B4933
:10D6900008700AE02078312803D10120274908705A
:10D6A00003E027A1019802F003F80BE0F8F77EF8F9
:10D6B000014600902BA0FBF721FC03E002E0F7F706
:10D6C000A7FF00BF06E02A4627A1019801F0F0FF5E
:10D6D00005B0F0BD761C0398864286DB2BA101982D
:10D6E00001F0E6FF00BFF3E74C6F6E67206F7074C8
:10D6F000696F6E2025730A00C40900004552524F1D
:10D70000523A202D70206F7074696F6E20737065AF
:10D71000636966792030206F7220310A00000000B2
:10D7200055500000444F574E0000000047534D2015
:10D73000706F77657265642025730A0014020020FB
:10D740004552524F523A202D62206F7074696F6EAD
:10D7500020737065636966792030206F7220310A0A
:10D760000000000025640A004552524F523A2049F9
:10D770006E76616C69642073686F7274206F707468
:10D78000696F6E202D25630A00000000210A000049
:10D79000024800680249086070470000A4000020A9
:10D7A000E0040020F7B584B007460C46474903C99A
:10D7B000039102900398002804D0002C02D0207816
:10D7C000002805D1039902987960386007B0F0BD50
:10D7D0000120FBF737F9FF2101310398F5F750FDE0
:10D7E00000203B49087072B62046F5F77FFD80B2F5
:10D7F000014601902046FBF7A3F862B6022135A04E
:10D80000FBF79EF83448FAF729F80A210698F5F74D
:10D81000B5FC0546002D00D10125002645E02C4829
:10D820000078002803D12D48FAF718F83DE00020D1
:10D83000274908701BE02A4840882A49095C30467D
:10D84000761C039A115426494988481CC117090EB1
:10D85000091809120902411A8AB221494A8072B68E
:10D860001F488088401E81B21D48818062B61C48D6
:10D870008088002801DDFF2EDDDB0020039988551C
:10D880000398FFF79DFE00280ED00398FFF758FE7F
:10D8900069460872087A002802D0FFF779FF02E093
:10D8A00000201149086004E000BF28466D1E0028D2
:10D8B000B5D100BF6846007A002801D10A49086046
:10D8C000039902987960386000BF7FE7204B010020
:10D8D000C00400200D0A000088130000102700007B
:10D8E000600C0020600B0020E004002010B504460E
:10D8F000214800780300FBF770FB06040E16283061
:10D90000383C002C06D100F001FA002802D001209A
:10D91000FEF77AFE2DE0012C04D102F005F900207B
:10D92000FEF772FE25E0002C09D11448007800288B
:10D9300005D00320FEF768FEFEF728F904E0012C6D
:10D9400002D10020FEF760FE13E0002C04D0012C71
:10D9500002D10020FEF758FE0BE0012C04D1052077
:10D96000FEF752FEFFF73EFD03E0012C00D000BFA2
:10D9700000BF00BF10BD000088040020F20100209D
:10D9800010B50446184800780300FBF726FB0A0E82
:10D99000060A2A12161A1E22262A204605F038FEEA
:10D9A00020E0204605F04AF81CE0204605F0ECFE99
:10D9B00018E0204605F0C4FD14E0204605F0CEFE38
:10D9C00010E0204605F0A4FF0CE0204605F082FFA1
:10D9D00008E0204605F0EEFF04E0204605F04EFD8D
:10D9E00000E000BF00BF10BDF20100201148017B24
:10D9F0001148124A12789200815000210F4A527841
:10DA0000920081500D4A9278920081500C488078A3
:10DA1000022807D10748017B0748084AD2789200BC
:10DA2000815005E000210448044A92789200815018
:10DA3000704700006B4A010018A00540784A0100B9
:10DA4000C0060020FCB504460D46002600200190CB
:10DA50000027622D08D0672D03D0722D06D1012634
:10DA600004E00120019001E0012700BF00BF009702
:10DA7000324621460248019B04F02AFEFCBD00000C
:10DA8000C0000020FCB504460D4600260020019091
:10DA90000027622D08D0672D03D0722D06D10126F4
:10DAA00004E00120019001E0012700BF00BF0097C2
:10DAB000324621460248019B04F00AFEFCBD0000EC
:10DAC000CC06002010B50C210F48F8F75DFF044686
:10DAD0000121C9040C48F8F7B3FE002804D0012145
:10DAE000C9040948F8F79EFE04202040002806D10A
:10DAF00006480078002805D10549087002E0012099
:10DB00000249087010BD000000800440A6040020F7
:10DB1000AA04002010B50C210F48F8F735FF044681
:10DB20000121C9040C48F8F78BFE002804D001211C
:10DB3000C9040948F8F776FE04202040002806D1E1
:10DB400006480078002805D10549087002E0012048
:10DB50000249087010BD000000900440B604002087
:10DB6000BA04002070B505460E461320FBF754FAA0
:10DB7000002405E006480068005D2855601CC4B21A
:10DB8000701EA042F6DC1320FBF7A6FA70BD000061
:10DB9000200B002070B505460E460021701E29544A
:10DBA0001320FBF739FA002405E0285D0549496890
:10DBB0000855601CC4B2B442F7DB1320FBF78CFAA3
:10DBC00070BD0000200B002070B505460E461420E5
:10DBD000FBF732FA002405E006480068005D28558E
:10DBE000601CC4B2701EA042F6DC1420FBF784FA5D
:10DBF00070BD0000400B002070B505460E460021A8
:10DC0000701E29541420FBF717FA002405E0285D44
:10DC1000054949680855601CC4B2B442F7DB1420BA
:10DC2000FBF76AFA70BD0000400B002070B5054696
:10DC30000E46144631462846F6F7CCF906D821465A
:10DC40002846F6F7BDF901D8012070BD0020FCE799
:10DC500010B500200E4948638863C86308600872E5
:10DC6000C8600861486148608861C861002108484F
:10DC700001624162816220210648F5F701FB0549F6
:10DC80000348C1620021016300200149086410BDFE
:10DC90007C0A00205C0A0020F8B50B30C608F600AC
:10DCA000104D19E02068B04215D3B0420BD963681B
:10DCB000871B201D0093F5F7CAFAA019009B076087
:10DCC0004360286004E060682860201DF5F7BFFA13
:10DCD000201D2660F8BD251D2C68002CE2D10020F7
:10DCE000F8BD0000D805002010B5F7F743FD044645
:10DCF000601C002802D1F7F7B9FD04E00248844215
:10DD000001DDF7F7B3FD10BD8C05000010B5402113
:10DD10000448F8F75AF80446002C01D1012010BD40
:10DD20000020FCE700200B4005480078002803D1C4
:10DD300004480078002801D0012070470020FCE74B
:10DD4000A6040020B604002030B502460B469C20F5
:10DD50005043094D441900210AE00C204843254650
:10DD60000C354019007A984201D1012030BD491C80
:10DD70000C29F2DB0020F9E718020020F8B5044670
:10DD80000F46002C00D1F8BD2046FCF7BAFB002856
:10DD900005D02046FCF7D8FB38700120F3E7204679
:10DDA000FCF7BCFB00280DD000221346A5692846CD
:10DDB000E169F6F7C1F801D0012000E000203870D9
:10DDC0000120E0E72046FCF7B4FB00282FD02069B3
:10DDD00000282CD0256917A12846F5F78EFA0028CF
:10DDE0000BD016A12846F5F788FA002805D015A112
:10DDF0002846F5F782FA002802D101203870C2E7E0
:10DE000011A12846F5F779FA00280BD010A1284671
:10DE1000F5F773FA002805D00FA12846F5F76DFA3B
:10DE2000002803D1002038700120ACE700BF00209B
:10DE3000A9E7000074727565000000005452554552
:10DE4000000000003100000066616C736500000096
:10DE500046414C53450000003000000070B50446B8
:10DE60000D46002C00D170BD2046FCF757FB002862
:10DE700007D0A2691046E169F6F726F8286001206C
:10DE8000F1E72046FCF755FB002808D02069002860
:10DE900005D02069F5F75AFD28600120E3E700204E
:10DEA000E1E7F8B505460C461646002D04D031468C
:10DEB0002846FCF71DFB00E000200746002F06D196
:10DEC000002C04D031462046FCF712FB07463846AA
:10DED000F8BD70B504460D46002C07D02046FCF76F
:10DEE00028FB002802D02069002801D1002070BD45
:10DEF000206928600120FAE7F8B507460C46154668
:10DF00001E4669463846FFF7A9FF002806D10BA236
:10DF100031462846FBF702F80020F8BD009800289B
:10DF200006DA0EA231462846FAF7F8FF0020F4E799
:10DF3000009860600120207200BFEEE76475726196
:10DF400074696F6E53206D75737420626520696EFD
:10DF5000742F737472696E670000000064757261DB
:10DF600074696F6E53206D757374206265203E3D39
:10DF700020300000F8B507460C4615461E46694697
:10DF80003846FFF76BFF002806D10CA23146284621
:10DF9000FAF7C4FF0020F8BD0098002802DB0098C3
:10DFA0000A2806DD0CA231462846FAF7B7FF002002
:10DFB000F1E7009820600120EDE700006D617850E6
:10DFC0006F776572206D75737420626520696E7459
:10DFD0002F737472696E6700696E76616C69642074
:10DFE0006D6178506F7765722028302D31302900AF
:10DFF000FFB589B00025ED432F4628460790002045
:10E000000590049003900290012001906CE001982B
:10E0100081000C98445820782D2862D160782D28F2
:10E0200005D1A21C5FA1099801F042FB59E0667876
:10E0300031460A98FFF788FE00284CD0632E1CD08A
:10E0400006DC302E30D0312E31D0622E42D131E07C
:10E05000722E02D0732E3DD11EE0A078002805D18B
:10E0600054A1099801F024FB0DB0F0BD06A9A01C35
:10E07000FCF72BF8069845B22CE0A078002804D1D4
:10E0800059A1099801F014FBEEE706A9A01CF9F7C5
:10E09000E7F8069847B21DE008A9A01CF9F7E0F8D8
:10E0A0005E4806F07BFC15E00120029012E00220A1
:10E0B00002900FE0204604F0BDFB044607A920466D
:10E0C000FCF703F80446204604F0B4FB041E00D01D
:10E0D00000BF00BF05E0324651A1099801F0E8FAFF
:10E0E000C2E70198401C01900B99019888428EDB91
:10E0F000681C00281CD0002D16DB102D14DA0298A5
:10E10000012804D1E8B20021F8F7B0FF10E002982E
:10E11000022804D1E8B20121F8F7A8FF08E049A1DC
:10E12000099801F0C5FA03E054A1099801F0C0FA7A
:10E13000002F31DB012F04DD5BA1099801F0B8FA53
:10E140002AE0E11C0C46084604F074FB044619E082
:10E150002078F5F770F8522802D10120059010E0E0
:10E160002078F5F768F8472802D10120049008E0EC
:10E170002078F5F760F8422802D10120039000E0F2
:10E1800003E0641C20780028E2D100BF3846039BDE
:10E19000049A0599F8F790FF50A1099801F088FAC0
:10E1A00000BF61E74C6F6E67206F7074696F6E20FF
:10E1B00025730A004552524F523A206E6F20726505
:10E1C00064206C65642076616C756520737065638E
:10E1D000696669656420666F72206F7074696F6E1E
:10E1E000202D720A000000004552524F523A206E14
:10E1F0006F20524742206C6564206E756D626572B7
:10E200002073706563696669656420666F72206F4C
:10E210007074696F6E202D630A000000B822000040
:10E220004552524F523A20496E76616C69642073B0
:10E23000686F7274206F7074696F6E202D25630A89
:10E24000000000004552524F523A206D7573742001
:10E2500073706563696679202D3020286F666629A2
:10E26000206F72202D3120286F6E2920666F72205A
:10E270002D72206F7074696F6E0A00004552524F04
:10E28000523A20496E76616C6964204C4544206E98
:10E29000756D62657220666F72202D72206F7074CA
:10E2A000696F6E0A000000004552524F523A2049F1
:10E2B0006E76616C696420524742204C45442020B0
:10E2C000666F72202D63206F7074696F6E2C2075DD
:10E2D00073652030206F7220310A0000210A00008F
:10E2E0000EB5FFF7B5FCF7F7BBFFF8F72BF9F7F71B
:10E2F00023FCF6F7E7FBF6F7B7FCF7F777FDF9F73E
:10E3000037FBF8F79CFFFAF75FFAFAF703FCF8F728
:10E31000AFFDF9F705F80120F8F7F0FFFEF7C2F8B6
:10E32000FFF7E2FCF6F7DEFAF7F78EF8F9F768FA8E
:10E33000F9F751F9F7F722FA01214903FA48F7F7FB
:10E340004DFD01218903F848F7F748FDF7A0F8498A
:10E350004861F6A00861F7A0FAF7D0FDFEE3F8489F
:10E36000007800282BD16421F6480068F4F706FFF6
:10E37000002905D1F4480068F249096888420BD1A8
:10E38000F2480078002807D1F1484078032803D0EC
:10E39000F0484078032812D16421EA480068F4F775
:10E3A000EDFE002909D1E8480068E649096888427D
:10E3B00003D0E4480068E4490860FEF773F8F7F713
:10E3C0009FFDE548007804280FD1E4480078002834
:10E3D00008D002E0E248FCF77DFCE0480078002825
:10E3E000F8D102E0DE48FCF775FCD548007800283B
:10E3F0000BD0DC48807A002805D1DB48807A0028E1
:10E4000001D1F7F7F3FE05F03FFFD348007802286B
:10E4100003D0D1480078052877D1C821C9480068C1
:10E42000F4F7ACFE0029F7D1D0480068C549096867
:10E4300088426AD0C3480068CC490860C948807ADD
:10E44000002803D1C848807A002849D0C8480078FD
:10E45000002803D1C348807A002807D1C448007837
:10E46000012805D1C048807A002801D0012000E0B1
:10E4700000200546002D13D0BE48807802280FD119
:10E48000BB480078002802D1B148807801E0B1484B
:10E4900080780446082C02D0204606F0ADF91EE034
:10E4A000B4488078022812D1AF4A1178AD4A10786A
:10E4B00006F0DCF9AE490978002902D1A94909889A
:10E4C00001E0A9490988C8B2F8F74AFE07E0A04868
:10E4D0008078082803D09E49887806F08DF900BF1F
:10E4E000A548007800281FD09E48807A00281BD1BC
:10E4F0009D4A11789B4A107806F0B8F99C49097832
:10E50000002903D19749098802E038E09649098833
:10E51000C8B2F8F725FE93480088002804D0914837
:10E520000188002004F0DCF99448007800281ED00F
:10E530008D48807A00281AD18B4A1178894A107840
:10E5400006F094F98A490978012902D18649098897
:10E5500001E084490988C8B2F8F702FE82480088C1
:10E56000002804D080480188012004F0B9F97D48D2
:10E57000807A814908707C48807A8049087005F06B
:10E5800013FDFBF74FFEFBF705FE02F003FAFCF765
:10E590003FFA05F003FFFEF7B1FA05F0DFFDF7F7EC
:10E5A000AFFC77480078002805D06B480078002839
:10E5B00001D103F0C5FAFFF7A9FB7249087003F017
:10E5C000C9FE02F0F1F87048006B102108400028E5
:10E5D00001D0FAF78BFCF7F701F802F09BFDFCF78E
:10E5E0000BF901F01DFA01F081F9FDF7FFF901F0D7
:10E5F0003FF8F7F785FCFFF797FB002803D1504859
:10E600000078002829D061480078002816D060489A
:10E610000078002812D05F48007800280ED05E48AD
:10E62000007800280AD05D480068401C002808D007
:10E630005A480068401C5949086002E000205749C8
:10E640000860564800687D21C900884201D3012036
:10E6500000E000205249087004E000204F490860A3
:10E660004F4908704F480078012827D14EA24FA18A
:10E670003B4803F0AFFF4E480078022803D100204A
:10E68000FFF734F917E04A480078002803D04848DB
:10E690000078012803D10A20FDF766FA0BE0444810
:10E6A0000078042807D12C480078002803D067217F
:10E6B0000120FFF7E7F900203A4908703D4800784B
:10E6C000012830D13C484079002807D13B480078E8
:10E6D00000287DD03A480078002879D0F7F74AF82A
:10E6E00000287DDD34480079002802D0012876D149
:10E6F00070E034480078002814D1334800680028BE
:10E7000005D03248006830490968401A00E00F20FF
:10E7100004460F2C05D32D4800682B49086002F0F1
:10E720002FF800BF5BE067E000200B404E41000087
:10E730007C0A00204154454320434C490A00000014
:10E74000BE000020A400002020000020B60400200D
:10E75000EA080020FA080020F2010020140200203C
:10E76000000004400A090020160900201C000020B7
:10E770008C010020C006002024000020250000207D
:10E780006300002089000020008008407200002003
:10E790007300002074000020750000207800002025
:10E7A00054000020BA0100204F4B000041540000EB
:10E7B00088040020BB010020000500202C0500205B
:10E7C0002D0500208904002014000020B400002042
:10E7D00008E005E003F0E0FA00F03CFF00BF01E0D4
:10E7E00000F082FDFBA2FCA1FE4803F0F3FEFE490F
:10E7F00008700020FD490870FD48007801281AD1F2
:10E80000FC480078042808D167210120FFF73AF975
:10E8100003F012F905F05EFB08E072210220FFF719
:10E8200031F906F00BF80520FBF748FD05F0AEFBCB
:10E830000020EF490870F7F763FBFFF767FA04461B
:10E84000002C0DD0EC480078002809D1E948007868
:10E85000002805D10520FDF787F90120E749087058
:10E86000E5480470E6480078002808D0E5480078BC
:10E87000002804D005F0FAFC0020E1490870FFF7F9
:10E8800045FA00287ED0E04EE04F0024E0480078B2
:10E89000002832D0DF480068314688422DD3DD4859
:10E8A00000683946884228D80025DB4800680028DF
:10E8B00009D0D94800683146884204D3D648006858
:10E8C0003946884201D9012510E0D348D3A214214A
:10E8D0000368D348FAF722FBD148F4F707FDD14982
:10E8E0000860084600680A2800D20125002D03D0E0
:10E8F000C8480068C849086000BFCB4800780028B5
:10E9000016D10521C9480068F4F738FC00290FD159
:10E91000C6480068C6490968884209D0C3480068EB
:10E92000C3490860C3480068C3490860FAF738FD66
:10E93000B948006800281AD0B748B8A21421036863
:10E94000B748FAF7EBFAB648F4F7D0FCB5490860D7
:10E95000B1480068AC49884209D3AF480068AB4968
:10E96000884204D8AF4800680A2800D30124002C4C
:10E9700014D0AD48007800280BD1A7480068AF49F3
:10E98000086000E013E0FDF711FD0120A6490870C2
:10E990000CE0A1480068A949086007E09E480068AB
:10E9A000002803D0A14800689B49086000BFA44824
:10E9B0000078002848D1FFF7A9F9002844D00521A4
:10E9C0009A480068F4F7DAFB00293DD197480068BF
:10E9D0009C490968884237D0944800689949086082
:10E9E000FEF7A2FC9849086008460068002806D196
:10E9F00096A09749086100209149087024E0924848
:10EA00000068F4F773FC934908600846006814280E
:10EA100003D000208A49087016E08F498A480068B0
:10EA2000FEF748FC8C48FBF735FB002806D0012098
:10EA30008349087088488649086105E083A08449B5
:10EA4000086100207E4908708448007900282FD191
:10EA5000FFF75CF900282BD0052174480068F4F713
:10EA60008DFB002924D1714800687D4909688842DE
:10EA70001ED07348007800281AD06C480068784986
:10EA8000086001A8FDF75AFE7448029A019906C071
:10EA90000838007900280BD070480068002807D09B
:10EAA0006E4800686F490860084600686849486118
:10EAB0006A480079002802D164A065494861674826
:10EAC0000079002839D068480078002835D10A211B
:10EAD00056480068F4F752FB00292ED153480068CD
:10EAE00062490968884228D042480078042824D125
:10EAF0004E4800685D49086001205B490870F9F7DD
:10EB0000A1FF03F057F85A480078002815D159485A
:10EB10004079002807D15848007800280DD0574880
:10EB20000078002809D0F6F725FE002803D05148C8
:10EB3000007C002801D100F0D7FB51480068514902
:10EB40000968884239D04A480078002835D04C48B6
:10EB500000684C490968441A4B4800E09DE300787E
:10EB6000012812D1C82C10D341034848F6F7E2FF20
:10EB7000012189034548F6F7DDFF0020424908706E
:10EB80003F4800683F49086016E03F480078002889
:10EB900012D1142C10D3012149033C48F7F71EF978
:10EBA000012189033948F7F719F90120364908701E
:10EBB000334800683349086000BF2D4800780028BA
:10EBC00003D033480088002802D100203149487022
:10EBD000274861E04F4B000041542B4353434C4BBB
:10EBE0003D3200000000044056000020BB01002020
:10EBF000BC01002088040020A0000020520000205A
:10EC00008A0000208900002080857467005786F400
:10EC1000EC040020E8040020B0000020256C750002
:10EC2000F90500205C00002051000020B400002005
:10EC30002C000020A400002010000020EC01002087
:10EC40005300002030000020480000204E4100000A
:10EC50007C0A002058000020E405002080000020ED
:10EC6000340000204C000020550000203800002017
:10EC7000F2010020000500202C0500202D050020B9
:10EC8000A8000020280000206100002000200B4088
:10EC90000A090020750100200078002803D0FE48F2
:10ECA0000088002802D10020FC4948700821FC4857
:10ECB000FEF770FF0821F948FEF79EFF002009E0EB
:10ECC000F849095CF84A1154F849095CF84A1154AA
:10ECD000411CC8B20B28F3DBF248C07BF549097828
:10ECE000884203D0F3480078002871D1F2480078B8
:10ECF00000286DD0F0480078042869D0EF480078EB
:10ED0000002865D1EC480078022803D0EA48007852
:10ED1000052856D1E348807800281BD0E148807848
:10ED2000012817D0DF488078022813D0DD4880788A
:10ED300003280FD0DB48807804280BD0D94880788E
:10ED4000052807D0D7488078062803D0D548807892
:10ED5000072836D1DA480078002803D0D9488078CF
:10ED6000012804D1CF49887805F046FD05E0CA4A5C
:10ED70001178D54A107805F079FDD448007800283C
:10ED800006D1D3480068D1494860012008701FE0CF
:10ED9000CE484068CE490968081AFF21F5318842FB
:10EDA00016D3CA484078002812D1BE488178C94895
:10EDB0000068FBF7A5F80120C449487000200870DE
:10EDC00006E00020C043C149486000200870487038
:10EDD000BC48807802286BD10020B649087000BF7B
:10EDE00007E0B249095CB34A12788918B14A117038
:10EDF000401C0F28F5DBAD48C07BAE49097888423E
:10EE000003D0AC480078002873D1AB4800780028C4
:10EE10006FD0A948007804286BD0A8480078002853
:10EE200067D1A5480078022803D0A34800780528B8
:10EE300058D19E48807800281BD09C4880780128B3
:10EE400017D09A488078022813D0984880780328F1
:10EE50000FD09648807804280BD0944880780528F5
:10EE600007D092488078062803D0904880780728F9
:10EE700038D193480078012804D18C49887805F06E
:10EE8000BBFC05E0844A11788F4A107805F0EEFC4F
:10EE9000864881788F480068FBF732F88E48007802
:10EEA000002806D18A4800688B4948600120087014
:10EEB0001FE08948406886490968081AFF21F53132
:10EEC000884216D384484078002812D17748817848
:10EED00080480068FBF714F801207F494870002043
:10EEE000087006E00020C0437B494860002008709D
:10EEF00048707D21C90079480068F4F73FF900297E
:10EF000013D1774800687549096888420DD0734865
:10EF1000006873490860FEF7D5FD6A4880780228CA
:10EF200002D1FEF7F7FD00E000BFFA216B48006850
:10EF3000F4F724F9002933D1694800686749096862
:10EF400088422DD0654800686549086065480078AA
:10EF500065490978884216D05A488078022809D134
:10EF60006048007861490978884201D0012002E0B8
:10EF7000002000E00120002805D05A480078401CFD
:10EF80005849087000E000BF56480078032804DBA9
:10EF9000002054490870012000E000205449087006
:10EFA0004548007800286CD044480078002868D094
:10EFB00041480078042864D067210020FEF742FD14
:10EFC00067210020FEF75EFD01204A490870FBF72B
:10EFD00071FE00210C20F8F749F800210F20F8F706
:10EFE00045F800210B20F8F741F800210D20F8F733
:10EFF0003DF800210E20F8F739F8F8F7DDF8002089
:10F0000025490880C87008718870487288722E4936
:10F010000880C870087188704872887229488078A2
:10F02000022801D1012000E003201D4908700020C2
:10F03000487002201D49087000201849487000BF20
:10F0400007E000222049491D0A541349491D0A546A
:10F05000401C0428F5DB2848FCF7D4F92748FCF7C6
:10F06000D1F90020FDF70CFB25484079002801D09C
:10F0700000F03AF923A22449244803F0ABFA2449CA
:10F0800008701D48807B002803D11C48807B002825
:10F090007ED0002047E00000160900207D010020FE
:10F0A00075010020EA0800200D060020FA08002063
:10F0B0001806002064000020F20100205400002007
:10F0C0008C010020C00600200A0900208C000020CE
:10F0D000B4000020B000002094000020A400002014
:10F0E0001800002070000020AA040020BA040020AC
:10F0F00071000020AC010020C4010020D4010020D8
:10F10000000500204F4B0000D8EB00000000044039
:10F11000560000206249095C624A11546249095C48
:10F12000624A1154401C0B28F4DB6149098888B2FB
:10F130000B225C49F6F772F95E4908605C49098860
:10F1400088B20B225949F6F769F95B4908605B48B8
:10F15000807B002809D05248C07A00025049097BC0
:10F1600008435449096888420DD05548807B0028DF
:10F1700066D04D48C07A00024B49097B08434E498E
:10F18000096888425CD1002645484079002800E0A3
:10F1900056E003D144484079002836D04948807869
:10F1A000022823D13E49497B09023D4A5279114345
:10F1B0000846F4F741FE8721C9050090F4F769FC81
:10F1C00007463949497B0902374A527911430846B3
:10F1D000F4F732FE8721C9050090F4F75AFC01903C
:10F1E00038460199F4F7BFFB06460EE02C49497BEF
:10F1F00009022B4A527911430846F4F71DFE0746CF
:10F200008721C905F4F745FC06462548C078040265
:10F21000234909790C432448C07805022249097919
:10F220000D43002C03D02046F4F711FE02E02846DF
:10F23000F4F70DFE02903046029901F003FB00BF87
:10F24000FF2101312048F6F7C0FD20490870012157
:10F2500049021D48F6F7B9FD1D49087080211D4877
:10F26000F6F7B3FD1C490870FF2101311948F6F784
:10F27000ACFD1A49087004211648F6F7A6FD0128CE
:10F2800000D100E00020164908701648006B1021DC
:10F290000840002801D0F9F729FEFFF760F80000C8
:10F2A000EA0800200D060020FA08002018060020B9
:10F2B000BC040020680000206C000020C401002075
:10F2C000D4010020C006002000400B407200002046
:10F2D0007300002000200B40740000207500002007
:10F2E0007C0000200080084010B508A003F042F91F
:10F2F0000AA003F03FF90DA003F03CF900200F49EC
:10F3000008700F490870FDF77FF910BD41542B4379
:10F310004D515454444953433D30000041542B4314
:10F320004D51545452454C3D3000000041542B4344
:10F330004D51545453544F50000000004B040020D2
:10F340004A040020FFB5A1B00746FBF771F81F90F3
:10F350001F98002801D125B0F0BD2298F4F77EFD5A
:10F3600002460B460391029084A11F98FAF7E0FF32
:10F3700083A1239A1F98FAF7AFFFF6F717FA1E90AA
:10F380001E98F4F77FFD02460B46039102907DA183
:10F390001F98FAF7CDFF002F70D07BA13846F3F706
:10F3A000ACFF002805D079A13846F3F7A6FF002866
:10F3B00064D1FBF73DF80646002E04D11F98FBF7F9
:10F3C00061F80020C7E772490868F4F747FD024674
:10F3D0000B46019100906FA13046FAF7A9FF6C49E6
:10F3E0008869F4F73BFD02460B46019100906AA143
:10F3F0003046FAF79DFF66480079002801D167A0E2
:10F4000000E067A0024669A13046FAF7AFFF604806
:10F410004079002801D166A006E05D4840790128C6
:10F4200001D166A000E068A0024669A13046FAF763
:10F430009DFF57498868F4F711FD02460B4601917C
:10F44000009064A13046FAF773FF5149C868F4F799
:10F4500005FD02460B46019100905FA13046FAF788
:10F4600067FF4B48807C002801D0012000E000208D
:10F470004749497C002902D0012101E026E0002112
:10F48000009101904248007C002801D0012000E05A
:10F490000020034651A2062102A8F9F73FFD02AA67
:10F4A00051A13046FAF762FF3949C869F4F7D6FC32
:10F4B00002460B46019100904CA13046FAF738FF06
:10F4C00032464BA11F98FAF723FF00BF1F98FBF7A6
:10F4D000CFF805461F98FAF7D5FF002D01D100207F
:10F4E00039E745A2202116A81E9BF9F717FD16A89B
:10F4F000F3F7FCFE15902846F3F7F8FE149001246C
:10F5000040A241A1414803F065F8044040A24021D7
:10F5100004A8159BF9F702FD42A204A93B4803F099
:10F5200059F8044037A216A9384803F053F80440AC
:10F530003DA2402104A8149BF9F7F0FC39A204A9CC
:10F54000324803F047F804402EA229462F4803F022
:10F5500041F804403AA2402104A8249BF9F7DEFCBC
:10F5600028A204A9294803F035F804402846F9F7F1
:10F57000E5FEF9F713F92046EDE600006369640043
:10F580006F6B00007369640070750000727000009A
:10F59000000500206B61000070730000616C6C005E
:10F5A000657373656E7469616C000000706D0000B6
:10F5B000616C776179735F6F6E0000006F6E5F64DE
:10F5C000656D616E640000006F6E63650000000091
:10F5D000637300006D7000006D706900256458252C
:10F5E000645825640000000043454D006E636200CE
:10F5F000706172616D730000726573702F256C7598
:10F60000000000004F4B0000415400000000044087
:10F6100041542B434D515454544F5049433D302C89
:10F62000257A75003E00000041542B434D5154543F
:10F630005041594C4F41443D302C257A7500000013
:10F6400041542B434D5154545055423D302C256468
:10F650002C36300000200349087003480068034935
:10F660000860704780040020A40000207C04002073
:10F6700000B50B480078002810D10A48006800281F
:10F680000CD00948006807490968084A8918884267
:10F6900004D3F7F7AFFD01200149087000BD000059
:10F6A000800400207C040020A400002070170000CB
:10F6B0000FB4F0B587B00EA80690A2E00D980078C0
:10F6C000252872D10D98401C0D900D980078732854
:10F6D0000CD1069810C8069004E021780C9800F030
:10F6E000CFF8641C20780028F7D187E00D980078C7
:10F6F000632807D1069810C80690E1B20C9800F074
:10F70000BFF87BE00D98007864282BD1069810C8CC
:10F71000069025460026002D01D1012608E005E0CF
:10F72000761C0A212846F3F73FFD0546002DF7D148
:10F73000771E0DE00A212046F3F736FD3031C8B2BE
:10F7400001A9C8550A212046F3F72EFD04467F1E65
:10F75000002FEFDA002001A9885501A80C9900F0CC
:10F760005BF84BE00D98007878281FD108240698A4
:10F7700020C80690601E0EE02907090F303101AA4B
:10F78000115401A9095C392903DD01A9095CC91DCE
:10F7900011542D11401E0028EEDA002001A9085551
:10F7A00001A80C9900F038F828E022E00D980078C4
:10F7B000682823D10224069820C80690601E0EE017
:10F7C0002907090F303101AA115401A9095C39290F
:10F7D00003DD01A9095CC91D11542D11401E00282B
:10F7E000EEDA002001A9085501A80C9900F014F8E0
:10F7F00004E00D9801780C9800F042F80D98401C38
:10F800000D900D980078002800D057E7069007B0BB
:10F81000F0BC08BC04B0184770B504460D4604E0BF
:10F820002178284600F02CF8641C20780028F7D1B5
:10F8300070BD000070B505460F4885420AD1F9F742
:10F840004DFA0446601C002801D1401E70BDE4B290
:10F850002046FBE7094885420AD1F9F7BBF8044680
:10F86000601C002801D1401EF0E7E4B22046EDE71D
:10F870000020C043EAE70000000004400010004000
:10F8800073B505461648854212D1164E09E0F9F7C0
:10F890000FFA0446002C00DD04E0701E061E00DC9A
:10F8A00000E0F4E700BF012101A8F9F74FFA15E0E5
:10F8B0000D48854212D10B4E09E0F9F775F8044660
:10F8C000002C00DD04E0701E061E00DC00E0F4E702
:10F8D00000BF012101A8F9F7D5F800BF7CBD0000E9
:10F8E00000000440102700000010004000B587B061
:10F8F0003C480078042801D007B000BD3A480068B1
:10F90000002804D13948006837490860F4E73748CF
:10F91000006835490968401A3C2800D2ECE73348B2
:10F92000006831490860FEF7F1F9002807D1FFF7B8
:10F93000DBFC00F0F9F80120FCF766FEDCE72CA107
:10F9400005A8F6F7C9FB632004906846007D0028EF
:10F9500008D004A9069800F06FF9002802D0049896
:10F96000052807D2FFF7C0FC00F0DEF80120FCF705
:10F970004BFEC1E720490498086400F0F5F8002820
:10F9800007D1FFF7B1FC00F0CFF80120FCF73CFEF7
:10F99000B2E71AA102A8F6F79FFB6846007A002892
:10F9A00009D00398002806D017A10398F3F773FC39
:10F9B000002800D0A0E717A16846F6F78DFB68463F
:10F9C0000078002804D0019800F064F9002806D1DE
:10F9D000FFF78AFC00F0A8F80120FCF715FE00BF35
:10F9E0008AE700008804002098040020B40000206A
:10F9F00041542B43535100007C0A002041542B4EAC
:10FA000045544F50454E3F002B4E45544F50454EA8
:10FA10003A20310041542B43474143543F000000FA
:10FA200010B532480078012800D010BDFEF76EF9FD
:10FA3000002800D1F9E72E480068002807D02D489B
:10FA400000682B490968401A022800D2EDE72948CE
:10FA500000682749086000F079F900281CD00020D0
:10FA600025490870254800780C280FDB00F05CF869
:10FA700023480078002803D10220FCF7C5FD04E0EC
:10FA80000320FCF7C1FDFCF781F8CEE71B480078A6
:10FA9000401C1A490870C8E717480078401C1649EE
:10FAA00008700846007805281DDB00200870134800
:10FAB0000078012812DC13A002F05CFD7D20C0005C
:10FAC000F5F732F812A002F055FD01201349087035
:10FAD00000201349087000F027F804E001200749CE
:10FAE00008701049087000BF9FE7000088040020DC
:10FAF00064040020B400002062040020610400209F
:10FB0000F201002041542B4346554E3D3000000089
:10FB100041542B4346554E3D310000006004002007
:10FB20004B0400206804002010B50020064908702E
:10FB3000064908700649086006490870102206A1A7
:10FB4000084804F0A0F910BD610400206204002000
:10FB500064040020680400206F6E6F6D6F6E646F28
:10FB6000000000006904002000B587B017A105A8B7
:10FB7000F6F7B2FA6846007D002804D0069800F037
:10FB800037F8002802D1002007B000BD12A103A859
:10FB9000F6F7A2FA6846007B002806D0049800F029
:10FBA0008BF8002801D00120EEE70EA101A8F6F79E
:10FBB00093FA68460079002806D0029800F07CF895
:10FBC000002801D00120DFE70020DDE741542B436E
:10FBD000474154543F00000041542B435245473F96
:10FBE0000000000041542B43475245473F000000AE
:10FBF00038B505460BA12846F3F74DFB0446002C0B
:10FC000000D138BD002000906A4608A12046F3F7D5
:10FC1000ABFB012803D10098012800D1F1E70020B7
:10FC2000EFE700002B43474154543A002B43474130
:10FC300054543A20256400007CB506460C4610A1B9
:10FC40003046F3F728FB0546002D00D17CBD63202C
:10FC5000019000906B4601AA0BA12846F3F784FBA4
:10FC6000022801D00020F1E7002C01D0019820608B
:10FC70000198632801D00120E8E70020E6E70000B2
:10FC80002B4353513A0000002B4353513A20256433
:10FC90002C25640010B5044604A12046F3F7FBFAB6
:10FCA000002801D0012010BD0020FCE72B43474174
:10FCB00043543A20312C31007CB5054617A1284623
:10FCC000F3F7E9FA0446002C04D116A12846F3F70D
:10FCD000E2FA0446002C01D100207CBD00200190F6
:10FCE00000906B4601AA11A12046F3F73DFB0228C4
:10FCF00009D06B4601AA11A12046F3F735FB022873
:10FD000001D00020E9E70098012802D000980528DA
:10FD100001D10120E1E70020DFE700002B4352453D
:10FD2000473A00002B43475245473A002B43524580
:10FD3000473A2025642C2564000000002B434752DD
:10FD400045473A2025642C256400000030B591B069
:10FD500000200F90109000248F4800780300F9F7DE
:10FD60003CF90D0815203A58768792A8D2DDDFE9D4
:10FD700014008A480078002806D189498948FDF78F
:10FD800091FB012085490870012400E186A10DA89E
:10FD9000F6F7A2F90E990D9810910F9008A8047F1C
:10FDA000F5E082A10DA8F6F797F90E990D9810913C
:10FDB0000F9008A8007F00280AD01098002807D0CC
:10FDC0007DA11098F3F767FA002801D0012000E028
:10FDD00000200446DBE0FDF7A7FA0546002D02D01F
:10FDE0002878002801D10024D1E0062274A12846F9
:10FDF000F3F79AFA002805D1102273A1754804F090
:10FE000042F804E0102274A1724804F03CF8012486
:10FE1000BDE063200E9074A10CA8F6F75DF90D9972
:10FE20000C9810910F9008A8007F002807D00EA909
:10FE30001098FFF701FF002801D0012000E000200A
:10FE40000446002C02D06A490E9808649FE0614B7A
:10FE500068A2302103A8F9F761F803A901A8F6F711
:10FE60003BF90299019810910F9008A8047F8EE049
:10FE700066A10DA8F6F730F90E990D9810910F9024
:10FE800008A8047F83E064A10DA8F6F725F90E9970
:10FE90000D9810910F9008A8007F002806D01098A8
:10FEA000FFF7A6FE002801D0012000E00020044654
:10FEB0006DE05CA10DA8F6F70FF90E990D98109161
:10FEC0000F9008A8007F002806D01098FFF7F4FED6
:10FED000002801D0012000E000200446002C11D1B0
:10FEE00053A10DA8F6F7F8F808A8007D002806D061
:10FEF0000E98FFF7E1FE002801D0012000E000206D
:10FF0000044600BF43E04DA10DA8F6F7E5F80E99B1
:10FF10000D9810910F9008A8047F38E0012436E076
:10FF200049A10DA8F6F7D8F80E990D9810910F90E9
:10FF300001242CE047A10DA8F6F7CEF808A8007D13
:10FF400000280AD00E98002807D045A10E98F3F794
:10FF5000A2F9002801D0012419E044A10BA8F6F76A
:10FF6000BBF80C990B9810910F9008A8007F0028FF
:10FF700008D11098002807D03FA11098F3F78BF90B
:10FF8000002801D0012000E00020044600BF00BF8F
:10FF9000204611B030BD000061040020680400203C
:10FFA000204E0000B80B00004154000041542B4388
:10FFB00050494E3F000000005245414459000000A6
:10FFC00038393435373300006F6E6F6D6F6E646F84
:10FFD0000000000069040020696F742D65752E61B2
:10FFE00065722E6E6574000041542B43535100001E
:10FFF0007C0A002041542B434744434F4E543D312B
:020000040001F9
:100000002C224950222C22257322000041542B43DC
:10001000474154543D31000041542B43474154540F
:100020003F00000041542B435245473F0000000071
:1000300041542B43475245473F00000041542B4356
:100040005053493F0000000041542B434741435463
:100050003F00000041542B4E45544F50454E3F0049
:100060002B4E45544F50454E3A20310041542B4EB3
:1000700045544F50454E0000616C726561647920B3
:100080006F70656E6564000000B589B02022054977
:1000900001A8F3F7DCF8202201A90348F3F7D7F809
:1000A00009B000BD004B010000050020F8B507466F
:1000B0000C460026002000907D21C900E06888429F
:1000C00001D30020F8BDE068401CE060A168206812
:1000D000405C5B2800D064E0A068401CA060204623
:1000E000FAF7CCF8002C09D06168A068884205D2E4
:1000F000A1682068405C5D2800D147E0002C03D057
:100100006168A068884203D3A068401EA06048E0F0
:10011000A068401EA06000BF20461030FAF71FFA0A
:100120000546002D00D13CE0002E02D12E46009560
:1001300004E000980560009868600095A068401C85
:10014000A0602046FAF79AF82146009800F06EFA6F
:10015000002800D125E02046FAF790F8002C08D0BE
:100160006168A068884204D2A1682068405C2C289D
:10017000D2D0002C08D06168A068884204D2A1685F
:100180002068405C5D2800D00BE000BFE068401EA6
:10019000E0602020F860BE60A068401CA0600120E4
:1001A00090E7002E02D03046FAF76CF9002089E77C
:1001B00002460023002100BF23E0505C302806DB0C
:1001C000505C392803DC505C3038C31815E0505CB3
:1001D000412806DB505C462803DC505C3738C318E6
:1001E0000BE0505C612806DB505C662803DC505C49
:1001F0005738C31801E000207047032900D21B01C3
:10020000491C0429D9D31846F6E70000F3B593B08A
:100210000C4600BF00201290FDF74AF8019000251F
:10022000002C02D02068002802D1002015B0F0BDBB
:1002300000253CE0A16820684018405D34281FD0AC
:1002400009DC2B380300F8F7C8FE09212F222B2FD9
:100250001718191A2F00382816D006DC352810D0A8
:1002600036280FD037281FD10DE039280DD045286A
:100270000FD0652818D10BE000BF00BF00BF00BF42
:1002800000BF00BF00BF00BF00BF00BF00BF00BF76
:1002900000BFA16820684018405D02A9485504E0ED
:1002A00002A90198485500E00BE000BF6D1C3F2DEE
:1002B00006D2002C04D0A068401961688842B9D3E6
:1002C00000BF002002A9485512A902A803F0F3FDBF
:1002D00006460F4602A81299884201D10020A5E7E0
:1002E0001398C7618661144A144B30463946F3F7B8
:1002F00037FE03D812491398416111E00022114BD7
:1003000030463946F3F718FE04D80121C90713987F
:10031000416105E030463946F3F7D6FD139948614F
:1003200008211398C160A06802AA1299891A40187E
:10033000A06001207AE700000000C0FFFFFFDF415E
:10034000FFFFFF7F0000E0C1F3B581B00C4600273E
:1003500000257D21C900E068884201D30020FEBD50
:10036000E068401CE060002C08D06168A06888420A
:1003700004D2A1682068405C7B2800D084E0A0689B
:10038000401CA0602046F9F779FF002C09D0616875
:10039000A068884205D2A1682068405C7D2800D111
:1003A00065E0002C03D06168A068884203D3A06890
:1003B000401EA06068E0A068401EA06000BF20460C
:1003C0001030FAF7CCF80646002E00D15CE0002F82
:1003D00002D13746354602E02E6075603546A0688A
:1003E000401CA0602046F9F749FF2146284600F04E
:1003F00052F8002800D147E02046F9F73FFF28696E
:10040000286200202861002C08D06168A06888421A
:1004100004D2A1682068405C3A2800D034E0A0688B
:10042000401CA0602046F9F729FF2146284600F02D
:10043000FDF8002800D127E02046F9F71FFF002C27
:1004400008D06168A068884204D2A1682068405C36
:100450002C28B4D0002C08D06168A068884204D24F
:10046000A1682068405C7D2800D00DE000BFE068F6
:10047000401EE06040210198C16001988760A0683B
:10048000401CA06001206AE7002F02D03846F9F72F
:10049000F9FF002063E7F3B583B00C46A16820683C
:1004A0004018461CA16820684018451C0020029096
:1004B0000027A1682068405C222800D0AAE0002024
:1004C000019000900EE028785C280AD1681C216811
:1004D000401A6168884200D39CE00098401C00905C
:1004E0006D1C6D1C2068281A6168884202D2287829
:1004F0002228E8D12068281A6168884202D2287828
:10050000222800D086E0A16820684018291A0098A7
:10051000081A019021690198401C88470746002F5E
:1005200000D177E0029762E030785C2807D030781D
:1005300002990870761C0298401C029057E0022035
:100540000190A81B012800DA64E07078662819D0B1
:1005500008DC222832D02F2832D05C282FD0622805
:1005600040D108E06E2814D0722819D074281ED00B
:10057000752837D12BE00820029908700298401C9A
:10058000029030E00C20029908700298401C029002
:1005900029E00A20029908700298401C029022E08B
:1005A0000D20029908700298401C02901BE009205F
:1005B000029908700298401C029014E000BF00BF2E
:1005C0007078029908700298401C02900BE002AA11
:1005D0002946304603F020FF01900198002800D101
:1005E00018E000E016E000BF0198361800BFAE42E8
:1005F0009AD300200299087010210398C1600398D3
:1006000007612068281AA060A068401CA060012033
:1006100005B0F0BD002F02D0384661698847002E32
:1006200002D02068301AA0600020F1E770B50546BE
:100630000C46002C02D02068002801D1002070BD9B
:10064000002C14D0A068001D616888420FD8A268F1
:1006500021688818042244A1F2F766FE002806D11A
:100660000420E860A068001DA0600120E7E7002CDE
:1006700014D0A068401D616888420FD8A268216824
:10068000881805223AA1F2F74FFE002806D1012072
:10069000E860A068401DA0600120D0E7002C16D0C3
:1006A000A068001D6168884211D8A2682168881876
:1006B000042231A1F2F738FE002808D10220E860B8
:1006C00001206861A068001DA0600120B7E7002C30
:1006D0000DD06168A068884209D2A1682068405C9A
:1006E000222804D121462846FFF7D5FEA7E7002C93
:1006F00017D06168A068884213D2A1682068405C66
:100700002D2809D0A1682068405C302809DBA16849
:100710002068405C392804DC21462846FFF776FD36
:100720008DE7002C0DD06168A068884209D2A168CD
:100730002068405C5B2804D121462846FFF7B6FCC0
:100740007DE7002C0DD06168A068884209D2A168BD
:100750002068405C7B2804D121462846FFF7F4FD41
:100760006DE700206BE700006E756C6C0000000008
:1007700066616C73650000007472756500000000AE
:1007800001200549087000200449087004480068E9
:1007900004490860704700001C0400201004002079
:1007A000A40000201404002010B51E480078002882
:1007B00036D11D480068002832D01C4800681A490C
:1007C00009681B4A891888422AD3012015490870F4
:1007D000F4F7D0FF1749096888421BDC002015494F
:1007E000086003F095FA0020134908701349087057
:1007F00013480078002806D1F4F7BCFF002802D186
:10080000FEF772FD05E00E480078002801D1FFF7E1
:10081000B7FF10BD0748006801F0B4FBFEF71AFFF0
:1008200000BFF6E71004002014040020A4000020FC
:10083000B80B000018040020480400201C0400200D
:10084000F2010020F3B583B00C463D490398F3F75D
:10085000C1FB09D23B490398F3F7B2FB04D23A49F2
:100860000398F3F716F90390384A39492046FDF703
:10087000DDF9002801D105B0F0BD364A36490398AC
:10088000FDF7D4F9002801D0039800E00020029081
:100890003248C068401C3149C860C868F3F7D7FACD
:1008A000064631467F20C005F3F7F3F805462B488E
:1008B00001680298F3F7A8F807462946F3F7ACF861
:1008C0000646264801683046F3F74DF8234908608C
:1008D000084641682046F3F797F807462946F3F79C
:1008E0009BF806461D4841683046F3F73CF81B4923
:1008F000486021460298F3F78FF801901748816805
:100900000198F3F781F807462946F3F785F806467C
:10091000124881683046F3F726F810498860084687
:1009200001680F4801620D494868F3F7B9FA0C49AC
:10093000C8610A4881680A48416200BF9BE700001D
:100940000050C3478096184B00247449000096431A
:10095000000048430000A041CDCC4C3D08100020D1
:100960007C0A002000200349886048600860C86055
:100970007047000008100020002003490870034859
:100980000068034908607047A5010020A40000200A
:10099000A801002010B52F480078002859D12E4812
:1009A0000068002855D02D480078002851D12C48E7
:1009B0008078012803D02A488078022849D1FDF7A1
:1009C000B3F9002845D027480078002841D10120FC
:1009D0002049087021480078002837D122A223A19D
:1009E000234801F0F7FD2348006B401C21490863B0
:1009F000FBF7DCFC012020490870FCF7E9FB1F49EC
:100A0000086001210C20F6F731FB1D4A11781D4AC0
:100A1000107803F02BFF12488078022800D103E001
:100A200018490878F6F79CFB0D488078022803D116
:100A30000120FBF725FE02E00220FBF721FE01204A
:100A40001149087000211148017202E0002001499B
:100A5000087010BDA5010020A8010020F2010020AF
:100A6000C0060020540000204F4B000041540000FD
:100A7000000004407C0A0020AC010020700100202E
:100A8000160900200A090020BA010020A40600204F
:100A9000F0B589B007460E46144600252421684665
:100AA000F2F7EEFBFF200130216888470090FF201D
:100AB000013001900596204607C806AB07C3009891
:100AC000002800D137E06946384600F0A1FA002836
:100AD00000D130E0684603F08BFCA06800280BD002
:100AE000029B591C0098A26890470546002D00D132
:100AF00021E0002000901BE0029A501C21688847EA
:100B00000546002D00D116E00298401C019B83424F
:100B100001D2019801E00298401C02462846009943
:100B2000F2F795FB002002996854009861688847A5
:100B3000284609B0F0BD0098002802D000986168EE
:100B40008847002D02D02846616888470020F0E7DA
:100B5000F3B581B00C460025002701988668002C6B
:100B600001D10020FEBD01212046FBF7E7FC054630
:100B7000002D00D1F6E75B202870A068401CA06023
:100B8000E068401CE0602AE02146304600F040FA70
:100B9000002800D1E6E7204603F02AFC3068002850
:100BA0001CD06069002801D0022000E00120074627
:100BB000791C2046FBF7C2FC0546002D00D1D1E789
:100BC0002C2028706D1C6069002802D0202028701D
:100BD0006D1C00202870A068C019A0603668002E27
:100BE000D2D102212046FBF7A9FC0546002D00D1F9
:100BF000B8E75D2028706D1C00202870E068401E5A
:100C0000E0600120AEE70000F3B58FB00D4600278D
:100C10000F998869C9690D910C9000260024FCF792
:100C200047FB0490002D02D1002011B0F0BD00223E
:100C300013460D990C98F3F71FF800221346019103
:100C40000090F3F779F905D023A105A8F8F782F908
:100C500006461BE022A105A80D9B0C9AF8F77AF92D
:100C6000064602AA20A105A8F2F77EFB012806D1BC
:100C70000D9B0C9A03990298F3F75EF906D01BA11D
:100C800005A80D9B0C9AF8F765F90646002E01DBC6
:100C9000192E01DD0020C8E7711C2846FBF74EFC29
:100CA0000746002F00D1C0E700240CE005A8015D35
:100CB0000498814202D12E20385503E005A8005D3A
:100CC000385500BF641CB442F0D300203855A868E2
:100CD0008019A8600120A8E76E756C6C0000000008
:100CE00025312E3135670000256C670025312E3106
:100CF00037670000F3B581B00C4600250026019847
:100D00008768002C01D10020FEBD6069002801D059
:100D1000022000E001200646711C2046FBF70EFC75
:100D20000546002D00D1EFE77B2028706D1CE068A0
:100D3000401CE0606069002802D00A2028706D1C09
:100D4000A0688019A06072E06069002819D0204670
:100D5000E168FBF7F3FB0546002D00D1D4E7002046
:100D6000009005E0092028706D1C0098401C009040
:100D7000E16800988142F5D8E168A0684018A06059
:100D800000BF2146386A00F083F8002800D1BBE795
:100D9000204603F02DFB6069002801D0022000E00E
:100DA0000120064631462046FBF7C8FB0546002DCC
:100DB00000D1A9E73A2028706D1C6069002802D094
:100DC000092028706D1CA0688019A0602146384653
:100DD00000F01EF9002800D196E7204603F008FB3A
:100DE0006069002801D0012000E000203968002956
:100DF00001D0012100E000214618711C2046FBF7BC
:100E00009DFB0546002D00D17EE73868002802D002
:100E10002C2028706D1C6069002802D00A202870E0
:100E20006D1C00202870A0688019A0603F68002F0A
:100E30008AD16069002802D0E068401C00E00220EE
:100E400001462046FBF77AFB0546002D00D15BE703
:100E5000606900280AD0002003E0092129706D1C78
:100E6000401CE168491E8142F7D800BF7D202870F0
:100E70006D1C00202870E068401EE060012043E700
:100E800070B504460D462946206900F001F870BD92
:100E9000F3B583B007460024002600250020029009
:100EA00001900498002801D105B0F0BD002F0DD1AC
:100EB00003210498FBF742FB0646002E00D1F3E71E
:100EC00050A13046F2F727FA0120EDE73C4624E036
:100ED00020780C2811D006DC08280DD009280FD066
:100EE0000A2811D10AE00D2809D0222802D05C2856
:100EF0000AD100E000BF00BF00BF00BF00BF00BFBD
:100F00000198401C019006E02078202802DA019820
:100F1000401D019000BF00BF641C20780028D7D17D
:100F2000E11B0198081802900299C91C0498FBF76C
:100F300005FB0646002E00D1B6E70198002810D127
:100F4000222030703946701C029AF2F780F9222173
:100F50000298401C315400210298801C3154012019
:100F6000A2E722203070751C3C463DE020781F2807
:100F700008DD2078222805D020785C2802D020784F
:100F800028702FE05C2028706D1C20780C2815D06C
:100F900006DC08280FD0092819D00A281AD110E039
:100FA0000D2811D0222803D05C2813D1287018E016
:100FB0002220287015E06220287012E06620287038
:100FC0000FE06E2028700CE07220287009E0742079
:100FD000287006E022780CA12846F7F7BBFF2D1DEC
:100FE00000BF00BF641C6D1C20780028BED12221E8
:100FF0000298401C315400210298801C3154012079
:1010000052E70000222200007525303478000000ED
:10101000F8B504460E460025002C01D0002E01D163
:101020000020F8BD207B102857D008DC01281BD0F9
:10103000022827D0042809D008285DD130E02028D4
:1010400050D0402853D0802856D12EE0052130467C
:10105000FBF774FA0546002D00D1E2E727A12846E8
:10106000F2F759F90120DCE706213046FBF766FA72
:101070000546002D00D1D4E722A12846F2F74BF90E
:101080000120CEE705213046FBF758FA0546002D32
:1010900000D1C6E71DA12846F2F73DF90120C0E7BF
:1010A00031462046FFF7B0FDBBE700272069002846
:1010B00000D1B6E72069F2F719F9471C39463046E6
:1010C000FBF73CFA0546002D00D1AAE73A46284630
:1010D0002169F2F7BCF80120A3E731462046FFF76B
:1010E000CFFE9EE731462046FFF732FD99E73146B5
:1010F0002046FFF7FFFD94E7002092E76E756C6CC9
:101100000000000066616C73650000007472756514
:1011100000000000F0B5D7B000205690C6E00024D3
:10112000E4432046559000200FE0664B5B88191879
:10113000CB171B0E5B181B121B02CA1A6249895C73
:101140007B2901D1044604E0401C5E498988814224
:10115000EBDC00BF601C002800D1AFE0601C0FE09A
:10116000584B5B881918CB171B0E5B181B121B0200
:10117000CA1A5549895C7D2901D1559004E0401C6B
:10118000504989888142EBDC00BF5598401C0028FB
:1011900000D193E05598001B451CFF20413085424B
:1011A00014DB484949880919481CC117090E091858
:1011B00009120902411A8AB242494A8008468188C6
:1011C000601C081A81B23F4881806FE000200EE069
:1011D0003C4B5B881B191918CB171B0E5B181B1295
:1011E0001B02CA1A3849895C05AB1954401CA84235
:1011F000EEDB002005A9485505A8F9F7BEF906461B
:10120000002E38D031A13046F9F772F9074630A1E7
:101210003046F9F76DF903902EA13046F9F768F9D9
:101220000290002F23D03846F9F783F900281ED00A
:10123000386900281BD00398002818D00398F9F7C4
:101240006DF9002813D03869019003984069009027
:10125000224900980968884208D02049009808600F
:101260003246029B00990198FBF7B4F800BF304664
:10127000F9F708F900BF5598401C049011494A88B5
:1012800004995018C117090E091809120902411AC8
:101290008AB20C494A80084681880498081A81B2AB
:1012A000084881805698401C569000BF56980328E5
:1012B00004DA04488088002800DD30E700BF57B01A
:1012C000F0BD0000600C0020600B0020747900006D
:1012D0006369640064617461000000009C00002088
:1012E000F8B507460C4615461E4669463846FCF7D3
:1012F000F0FD002806D118A231462846F7F70EFE69
:101300000020F8BD1BA10098F1F7F7FF002802D1DB
:101310001B4948711AE01BA10098F1F7EEFF002865
:1013200003D101201649487110E019A10098F1F786
:10133000E4FF002803D102201149487106E016A2FB
:1013400031462846F7F7EAFD0020DAE72068401C1E
:1013500020600120D5E70000636F6E6E53747261E8
:1013600074656779206D757374206265207374727B
:10137000696E6700616C776179735F6F6E00000062
:10138000000500206F6E5F64656D616E6400000093
:101390006F6E636500000000636F6E6E5374726160
:1013A0007465677920696E76616C6964000000007D
:1013B000F8B507460C4615461E4669463846FCF702
:1013C0004DFD002806D110A231462846F7F7A6FDAC
:1013D0000020F8BD00980A2803DB134900988842D2
:1013E00006DD12A231462846F7F798FD0020F0E707
:1013F0001549009808602068401C206001201349AE
:10140000087000BFE5E700006B656570416C6976A8
:1014100065206D75737420626520696E74206F722B
:1014200020737472696E6700805101006B6565708E
:10143000416C697665206D7573742062652031306A
:101440002E2E383634303000000500202C050020C8
:10145000FFB583B006460F4600BF3046F9F75EF889
:10146000002802D0F569B46915E03046F9F761F853
:10147000002808D03069002805D03069F8F7AEFEA2
:1014800004460D4607E01CA206990598F7F746FDAD
:10149000002007B0F0BD0022134620462946F2F78F
:1014A0004BFD06D900221D4B20462946F2F758FD78
:1014B00006D21BA206990598F7F730FD0020E8E751
:1014C00022462B4600201D49F2F73EFC0191009078
:1014D000F2F7FAFC02900298642801DA6420029084
:1014E0007D21C9000298F1F75FFE1549C860386890
:1014F000401C38600120CCE76D65746146726571EF
:10150000487A206D757374206265206E756D626512
:1015100072206F7220737472696E6700000024403D
:101520006D65746146726571487A206D75737420BB
:1015300062652028302C31305D00000000408F4073
:1015400000050020F8B507460C4615461E466946BC
:101550003846FCF783FC002806D10EA23146284607
:10156000F7F7DCFC0020F8BD0098012803DB1049E8
:101570000098884206DD0FA231462846F7F7CEFCD8
:101580000020F0E711490098C8602068401C2060E6
:101590000120E8E76D657461496E74657276616C6F
:1015A00053206D75737420626520696E74000000AD
:1015B000805101006D657461496E74657276616C6D
:1015C0005320312E2E3836343030000000050020F4
:1015D000F8B507460C4615461E4669463846FCF7E0
:1015E0003DFC002806D10EA231462846F7F796FCAE
:1015F0000020F8BD0098012802DB00980A2806DDCB
:1016000010A231462846F7F789FC0020F1E714497B
:101610000098C8612068401C20600120E9E70000B4
:101620006E756D436F6F6B426C6F636B206D75737E
:101630007420626520696E74206F72207374726901
:101640006E6700006E756D436F6F6B426C6F636BFE
:10165000206D75737420626520312E2E31300000AC
:1016600000050020F8B507460C4615461E4669469B
:101670003846FCF72EFC002806D113A23146284636
:10168000F7F74CFC0020F8BD16A10098F1F735FEE5
:10169000002802D11449087110E014A10098F1F754
:1016A0002CFE002803D101200F49087106E012A288
:1016B00031462846F7F732FC0020E4E72068401C5A
:1016C00020600120DFE700007061796C6F61644D7C
:1016D0006F6465206D757374206265207374726920
:1016E0006E670000616C6C00000500206573736517
:1016F0006E7469616C0000007061796C6F61644D9B
:101700006F646520696E76616C696400F8B50746A0
:101710000C4615461E4669463846FCF79FFB0028D6
:1017200006D112A231462846F7F7F8FB0020F8BD93
:101730000098002809D00098012806D00BA2314655
:101740002846F7F7EBFB0020F1E70F488069009986
:10175000884209D00098C0B20B4988612068401CBB
:1017600020600120094908700120E0E7706572736C
:10177000697374656E74206D7573742062652030B2
:10178000206F722031000000000500202D05002090
:10179000F8B507460C4615461E4669463846FCF71E
:1017A000EDFA002806D108A231462846F7F7B6FB25
:1017B0000020F8BD684600780C4908742068401C79
:1017C00020600120F5E7000073656E64436F6F6B66
:1017D000696E6753657373696F6E73206D7573748B
:1017E00020626520626F6F6C000000000005002021
:1017F000F8B507460C4615461E4669463846FCF7BE
:10180000BDFA002806D108A231462846F7F786FB24
:101810000020F8BD68460078094948742068401CDB
:1018200020600120F5E7000073656E644572726FF9
:101830007273206D75737420626520626F6F6C0027
:1018400000050020F8B507460C4615461E466946B9
:101850003846FCF793FA002806D108A231462846FC
:10186000F7F75CFB0020F8BD6846007809498874EA
:101870002068401C20600120F5E7000073656E645D
:101880004D657461206D75737420626520626F6FA1
:101890006C00000000050020F0B589B005460E463A
:1018A0000024002736E0F6F779FF1EA21EA1234888
:1018B00000F090FE002801D1641C2BE020A221A1A1
:1018C0001E4800F087FE002801D1641C22E0334648
:1018D00023A21E2101A8F7F721FB12A201A9174894
:1018E00000F078FE002801D1641C13E014A2294600
:1018F000124800F06FFE002801D1641C0AE010A21B
:101900001DA10E4800F066FE002801D1641C01E014
:10191000012700BF052C01DA002FC4D0384609B0DA
:10192000F0BD00003E00000041542B434D51545483
:10193000544F5049433D302C3235000000000440E4
:101940004F4B000075736167652D7261772D64617F
:1019500074612D746F7069632D70726F6400000084
:1019600041542B434D5154545041594C4F41443DE7
:10197000302C25640000000041542B434D51545439
:101980005055423D302C312C36300000F3B583B039
:1019900005001AD028680190284680380290C76F49
:1019A00004983E1F864200D906462846F7F7C6FC33
:1019B00004460091324629460498FCF76DF90199D6
:1019C000002806D0016005B0F0BD0498F7F7E2FDED
:1019D000F9E729600299002CCF670AD021686218C4
:1019E000291F8A4202D9291B091F216000996160C1
:1019F000E9E7024A00991160E5E70000D8050020F8
:101A000003480078002801D102490870704700009F
:101A100051000020DD0400200020014908707047BB
:101A2000FC04002010B5012002490870FFF7F4FF04
:101A300010BD00005201002010B500F009F801E0CF
:101A4000F4F75EFA00F02EF80028F9D010BD00007F
:101A500000200C4908600C4908600C4800680C49DB
:101A6000086001200B490870002007E00A490A5C61
:101A70000A490B4B1B5C9B00CA50401C0428F5DB39
:101A8000704700003001002034010020A400002035
:101A9000380100203C0100207C4A010018A00540CC
:101AA000784A01001E480078002801D101207047C3
:101AB0001C4800681C490968401AFA2801D2002015
:101AC000F5E7184800681849086018480068401C85
:101AD000164908600846006806280FDB00200860E9
:101AE00013480068401C1249086008460068022834
:101AF00004DB00200A4908700120D8E700200BE031
:101B00000A49096889000B4A89180A5C0A490B4B83
:101B10001B5C9B00CA50401C0428F1DB0020C6E778
:101B20003C010020A40000203801002030010020EA
:101B3000340100207C4A010018A00540784A0100C9
:101B400070B50D251048046810480068201A9628C2
:101B500019D300200BE00E49096889000D4A891845
:101B60000A5C0D490D4B1B5C9B00CA50401C0428AD
:101B7000F1DB294606480068401CF1F715FB0448D4
:101B800001600248046070BDA400002044010020F0
:101B900040010020F800002018A00540784A01000C
:101BA00002460B46934202DD981AC1177047002087
:101BB0000146FBE7F0B5FFB09CB05C4F5C489A90E3
:101BC0005C480078002809D05B48006839468842A4
:101BD00004D3594800685649884203D900207FB091
:101BE0001CB0F0BD0120F6F72DFFF3F7DFFD5349E0
:101BF000086053480078C860FBF7A6FA01215148F5
:101C0000F4F7E3F8504908704C49886A0021F2F76C
:101C1000E1F915D84949886A4C49F2F7D1F90FD84A
:101C20004649886AF2F774F905464748007848A2A1
:101C3000009501910290102196A8F7F76FF907E03F
:101C4000102245A196A8F1F73AFB002098A9C87187
:101C5000424800884249098800910190414842A2C7
:101C6000202103688EA8F7F759F9344841A21021C2
:101C7000036B8AA8F7F752F98AA88EA996AA2E4B69
:101C80001B6805930692079108902C48406900282C
:101C900002D02A48426900E035A22848006900289D
:101CA00002D02648006900E031A02449C968234BCE
:101CB0001B7A019304920291039020484068002807
:101CC00002D01E48406800E029A000901B482A4A24
:101CD0000121490203680AA8F7F720F90446002CFD
:101CE00003DD01204002844201DB002077E723A2CC
:101CF00023A1244800F06EFC21460AA8FFF7CCFD82
:101D0000002800D16BE71DA21FA11E4800F062FC55
:101D100020490870002013490860114908800F49C4
:101D20000880002105480163012058E78085746719
:101D3000005786F451000020B00000207C0A0020EB
:101D4000EA08002000600B406000002066668640C4
:101D5000252E3266582564004E410000C001002047
:101D6000BE010020840400202564582564582564A1
:101D70000000000025640000D45101004F4B00001A
:101D8000415400000000044041542B4353434C4B4A
:101D90003D32000056000020F0B5E1B00120F6F71A
:101DA00051FEF6F7FBFC02F09FF9F3F7E3FC6090BD
:101DB00000205E905F9000215C915D915A915B9153
:101DC000589159910027002681E031460FA8F3F77A
:101DD00093FC65488078401E1621484363494018AB
:101DE00010A909894900405A0E9011991098F8F7E6
:101DF0004DFF05460E98F2F745F8099108902846E0
:101E0000F2F740F807910690099B089AF1F734FF22
:101E10000022574B0B910A90F1F796FF0D910C9011
:101E200051498978012902D11921C90100E051499C
:101E30000846F2F713F80B910A900D9B0C9AF2F7F3
:101E40007BF800D242E000215E9A5F985219484127
:101E50005E925F900E98F2F715F80B910A905D9BD9
:101E60005C9AF1F755FE5D915C900D9B0C9A5B9925
:101E70005A98F1F74DFE5B915A902846F2F702F816
:101E8000079106901598F2F743F803910290149881
:101E9000F2F73EF801910090039B029AF1F7ECFEF5
:101EA00005910490079B069AF1F7E6FE0022304B5D
:101EB00009910890F1F748FF0B910A90599B589AA5
:101EC000F1F726FE599158907F1C00BF761C609850
:101ED000864200DA79E7002F0ADD3846F1F7BEFFC7
:101EE00005462A460B465D995C98F1F72DFF01E007
:101EF0000020014657915690FBF76AF90546F3F723
:101F000055FC0646599958980B910A905B995A9836
:101F1000099108905F995E98079106905799569895
:101F20000591049014484068002802D01248406887
:101F300000E012A03346124AFF2101316C46A1C4D1
:101F400016A8F6F7EBFF0446002C01DDFF2C02DD9E
:101F5000002061B0F0BD214616A8FFF79DFC0028C7
:101F600000D1F6E70120F4E7C0060020A64A0100F0
:101F70000020AC40E40C00007C0A002000000000BF
:101F800058520100F0B5FFB0FFB09FB005460120E8
:101F9000F6F758FDF3F7EEFBFFA90867FFA8006FFF
:101FA000854203DB7FB07FB01FB0F0BDFFA8006F9C
:101FB000401B7149C969884202DB6F48C06902E071
:101FC000FFA8006F401BFFA9C866FBF701F9064692
:101FD000F3F7ECFB074669484068002802D06748E1
:101FE000406800E066A03B4666A201218902019696
:101FF00000901AA8F6F792FF0446002C03DD01209A
:102000008002844200DBCDE7002793E0E91913A8A2
:10201000F3F772FB15991498F8F738FE129012989E
:10202000F1F730FF099108901998F1F771FF0591C8
:1020300004901898F1F76CFF03910290059B049AA5
:10204000F1F71AFE07910690099B089AF1F714FE22
:102050000022594B0B910A90F1F776FE11911090E6
:1020600056498978491E16225143554A8A1810A9A3
:10207000098B4900505AF1F7EAFE0B901298F1F7DC
:10208000E6FE0A900B99F1F7C7FC4E490C90F1F768
:1020900000FD0F9049488078012801D14A4900E0AD
:1020A0004A490E910E990F98F1F794FF01D20E98BC
:1020B0000F9001208002001B0D900D98002800DC7D
:1020C00070E70F98F1F724FF0B910A90FFA8C06EFC
:1020D000401EB84201DD3EA000E029A00890119901
:1020E0001098079106900B990A980591049033482F
:1020F0008078401E162148433149411810A8008BB2
:102100004000095A159A149801920291009010A863
:10211000037B1AA909192F4A09910D990998F6F715
:10212000FDFE0646002E02DD0D98864200DB39E7F3
:10213000A4197F1CFFA8C06E874200DA66E7A01CC6
:1021400001218902884200DB2CE75D222046641CC5
:102150001AA90A547D212046641C1AAA1154002091
:102160001AA9085521461AA8FFF796FB002800D1A6
:1021700018E700BF16E70000000500207C0A0020D9
:10218000000000007B226465764944223A7B22737A
:102190006E223A222575222C224657223A22257396
:1021A000227D2C227473223A256C752C22436F6F8A
:1021B0006B223A5B000000000020AC40C00600200B
:1021C000A64A0100000061450000484500404E4518
:1021D0002C00000090510100F0B5FFB0C8B0012004
:1021E000F6F730FC72B64148406B002803D04048F7
:1021F0000068002804D162B600207FB048B0F0BD6E
:10220000F3F7D4FAC6903A480068C5903748476B50
:102210000020364948633649086062B60020C49001
:1022200034A20321090204A8C69BF6F777FE0446F0
:10223000002C03DD03200002844200DB51E0002576
:1022400025E003200002001B03900398002800DC17
:1022500047E0C598401EA84201D92EA100E02EA15A
:10226000E800C019007901910090E8003B5804A8EB
:1022700000192AA202900399F6F750FE0646002E96
:1022800002DD0398864200DB2BE0A4196D1CC59883
:102290008542D6D3A01C03210902884200DB20E03E
:1022A0005D222046641C04A90A547D222046641C39
:1022B0000A540020085520A220A1214800F08AF9E4
:1022C000214604A8FFF7E8FA002800D109E01AA285
:1022D0001CA11B4800F07EF91D4908700120C49024
:1022E00000BF3846F7F72AF8C49886E77C0A002032
:1022F0000C0400207B226465764944223A7B2273D9
:102300006E223A222575227D2C2265727243223A72
:102310005B0000002C000000000000007B227473B2
:10232000223A22256C64222C22657272223A2225DE
:1023300064227D25730000004F4B000041540000D3
:102340000000044041542B4353434C4B3D320000AA
:102350005600002010B579480068E1214901884203
:1023600002D908467549086074484068E12149016E
:10237000884202D90846714948607148407900286E
:1023800004D0012803D002285FD15FE000BF6C4871
:10239000007C002835D06A480079002809D1F3F77D
:1023A000E9F96749C969884201DB01200CE0002096
:1023B0000AE064480078002805D1F3F7DBF900282B
:1023C00001DD012000E0002000281AD05E480078DE
:1023D000002816D15D480078042812D101205A49FE
:1023E000087057480079002802D0012808D102E07F
:1023F000FEF7C6F904E0FFF7CFFCFDF72BF900BFAD
:1024000000BF4F48407C002809D05148006803288D
:1024100005D34E480078042801D1FFF7DDFE484877
:10242000807C002811D04B4800684B490968401A4D
:102430004349C968884208D346480068464908604D
:10244000002046490870FFF7B5FB74E04448007867
:102450000300F6F7C2FD0504303C495C6E003D48C0
:1024600000683D490968401A3549C968884203D265
:102470003C48007800281DD03B480078002808D14F
:1024800032480078002804D1FBF730FA01203649A1
:1024900008702E48007804280CD1002031490870BB
:1024A0002C4800682C49086000202C490870012045
:1024B0002B4908703DE0FFF77DFB002803D0022088
:1024C0002749087002E004202549087031E02048BF
:1024D0000068002801D0FFF77FFE03202049087024
:1024E00000201949087024E0F3F744F9002807DDBB
:1024F00015480078002802D1FEF742F903E002E017
:1025000004201749087000201749087011E00C4892
:102510004079002807D115480078002805D01448D4
:102520000078002801D0FCF7DFFE00200C4908707D
:1025300000BF00BF00BF00BF10BD0000E4010020CD
:1025400000050020F20100201C0400208804002067
:102550000C040020B40000203C04002051000020A6
:102560004804002082040020810400202C05002063
:102570002D050020F8B5044612E0144E03E0701E4D
:10258000061E00DC03E0F6F70FFA0028F7D000BFC4
:102590002078009001216846F6F774FA641C00BFA9
:1025A00020780028E9D1094D03E0681E051E00DCF3
:1025B00003E0F6F7F9F90028F7D000BF022104A0E4
:1025C000F6F760FAF9F7DCFEF8BD0000102700000E
:1025D0000D0A0000F0B5C5B00C46164600272E487F
:1025E00004900020039015E02C48009005E000982E
:1025F000401E0090002800DC03E0F6F7D5F9002823
:10260000F5D000BF20780290012102A8F6F73AFA2F
:10261000641C00BF20780028E6D12048019005E026
:102620000198401E0190002800DC03E0F6F7BCF999
:102630000028F5D000BF022119A0F6F723FAF9F718
:102640009FFE19E0F6F7C6F90546681C002812D06F
:10265000FF2F05DA38467F1C05A90D540020C85508
:10266000002E09D0314605A8F0F715FE002803D04A
:102670000120039005E004E00498411E0491002825
:10268000E0D100BF00BFF6F7A5F9401C0028FAD141
:102690000398C0B245B0F0BD3075000010270000AF
:1026A0000D0A000001460348814201D30120704712
:1026B0000020FCE78085746710B50446002C02D02A
:1026C000FAF786FD10BD01480068FBE7B400002062
:1026D000F0B504460D4616461F462570A672E772F1
:1026E00005982073002D08D100202072607A002305
:1026F0001A461946F4F7E0FC17E0012D08D1012035
:102700002072607A3A463146059BF4F7D5FC0CE01E
:10271000022D0AD105480068606000202072607AAE
:102720003A463146059BF4F7C7FCF0BDA4000020F3
:1027300010B500210C20F4F799FC67210020FBF76D
:1027400081F967210020FBF79DF9F8F7B3FA002122
:102750000F20F4F78BFC00210B20F4F787FC0021FD
:102760000D20F4F783FC00210E20F4F77FFCF4F732
:1027700023FD002020490880C870087188704872C5
:1027800088721E490880C870087188704872887203
:102790001B488078022801D1012000E0032019495C
:1027A000087000204870022017490870002017495F
:1027B000487000BF07E000221049491D0A540E4925
:1027C000491D0A54401C0428F5DB1148F8F71AFE8D
:1027D0001048F8F717FE0020F9F752FF0E4840792D
:1027E000002801D0FCF780FD0CA20DA10F48FFF7D7
:1027F000F1FE0F49087010BD160900200A090020DB
:10280000C006002075010020FA0800207D0100208C
:10281000C4010020D4010020000500204F4B00001F
:1028200041542B4353434C4B3D32000000000440C5
:102830005600002010B504460BE0F0F7EFFC0068EE
:102840002178405CC007C00F002801D1204610BD90
:10285000641C20780028F0D12046F8E710B5044623
:10286000002C05D02068002802D0A068002801D0E4
:10287000002010BD002C10D0A068001D61688842A7
:102880000BD2A26821688818032205A1F0F74CFD3D
:10289000002802D1A068C01CA0602046E9E7000023
:1028A000EFBBBF0070B504460D462046F8F7AAFD01
:1028B00009480078002802D0FAF78AFC01E00748AE
:1028C00000686060A5810120A0730020A06001F075
:1028D00099FCFEF747F870BD51000020B4000020BD
:1028E00070B505460C46002D0AD14948807A00286B
:1028F00006D121464748FFF7D5FF454804800BE045
:10290000012D09D14448807A002805D12146434849
:10291000FFF7C8FF40480480002D03D13C48407AAF
:10292000002805D1012D04D13B48407A002800D071
:1029300005E0394A1178364A107801F097FF384897
:10294000807801281FD10320364908704C70084652
:102950000078354908703348407848700020887006
:102960003249098888B203222F49F2F757FD3049CE
:102970000860084600880004000E2A49C8702C48E8
:102980000078087142E02B48007800281FD1012010
:10299000244908704C700846007823490870214883
:1029A00040784870002088702049098888B2032246
:1029B0001D49F2F733FD1E490860084600880004EF
:1029C000000E1849C8701A48007808711EE00120EE
:1029D000194908704C700846007813490870164869
:1029E00040784870002088701049098888B2032216
:1029F0000D49F2F713FD0E490860084600880004EF
:102A0000000E0D49C8700A480078087170BD0000BA
:102A10000A090020C401002016090020D40100206A
:102A2000C00600207501002085010020BC040020A4
:102A3000880100208C0100207D01002070B5054632
:102A4000F848406900280AD0F6484069F649096804
:102A5000884204D80A20F349886000204861F14880
:102A6000846800260A2C11DAF048407A002804D045
:102A700000210846F2F73CFA0126ED48407A00288A
:102A800004D000210120F2F733FA0126E74800883C
:102A9000A04204DDA1B20020FFF722FF0126E44896
:102AA0000088A04204DDA1B20120FFF719FF012632
:102AB000002E26D0DE4A1178DC4A107801F0D6FECE
:102AC000DC48007800280BD1D8490988092902DCA4
:102AD000D649098800E00921C8B2F4F741FB0EE0AD
:102AE000D448007801280AD1D1490988092902DC93
:102AF000CF49098800E00921C8B2F4F731FBF2F7A9
:102B00000DFFA81E16287DD243007B449B885B00E6
:102B10009F447C004001000238027002A802E002DB
:102B2000180350038803D5030D04B2007800E800B1
:102B30001500560478003301650478005A0400201B
:102B4000BB490880C8700871887048728872B7499C
:102B50000880C8700871887048728872B64880789A
:102B6000022801D1012000E00320B44908700020B0
:102B700048700220B24908700020B2494870B2483B
:102B80000068B2490968401A142808D9B04800788A
:102B9000002804D0FAF72AFFF3F7E2FA01E0F8F789
:102BA00089F800210C20F4F761FA67210020FAF778
:102BB00049FF67210020FAF765FF002007E00022A7
:102BC0009A49491D0A549A49491D0A54401C04282F
:102BD000F5DBF4F7F1FA00210B20F4F747FA0021B6
:102BE0000F20F4F743FA00210D20F4F73FFA99483B
:102BF000F8F708FC9848F8F705FC0020F9F740FDC5
:102C0000012000E0FDE3954908702AE28A488078B7
:102C100002282FD18648407A002803D18348407A81
:102C2000002800D027E0FA21C800F2F7D3FA0020EC
:102C30008049087001210B20F4F718FA00210F20B9
:102C4000F4F714FA79488078002804D001210D2087
:102C5000F4F70CFA03E000210D20F4F707FA744AA8
:102C60001178724A107801F001FE70490878F4F783
:102C700077FA00E000BFF1E36F48807802282FD197
:102C80006B48407A002803D16848407A002800D079
:102C900027E0FA21C800F2F79DFA01206549087083
:102CA00001210F20F4F7E2F900210B20F4F7DEF9FF
:102CB0005F488078002804D001210D20F4F7D6F970
:102CC00003E000210D20F4F7D1F9594A1178574A51
:102CD000107801F0CBFD56490878F4F741FA00E08E
:102CE00000BFBBE3FA21C800F2F774FA01210D20FE
:102CF000F4F7BCF9F4F760FA4E48007800281BD1CD
:102D00004A488078002800D003E00021084601F0FE
:102D10006FFE46488078002803D00920F9F7B0FC00
:102D200002E00820F9F7ACFC40488078002802D087
:102D3000F9F7F6FC00E000BF3E48007801281BD1FF
:102D40003B488078002800D003E00021084601F0CD
:102D50004FFE37488078002803D00920F9F790FC0F
:102D600002E00820F9F78CFC31488078002802D076
:102D7000F9F7D6FC00E000BF70E339480088401C3A
:102D80003749088001210E20F4F770F90520F9F782
:102D900077FC63E3F9F70AFBFA21C800F2F71AFAA5
:102DA00024480078002803D12148407A002807D120
:102DB00020480078012804D11C48407A002800D01F
:102DC000A7E01C480078002803D11848407A002862
:102DD00007D118480078012809D11548407A002801
:102DE00005D0002113480078F2F782F800E000BF18
:102DF0001048007800280BD10F488078012803D1B3
:102E000003200E49087006E001200C49087002E01A
:102E100001200C49087007480078002822D1074992
:102E2000487022E000050020B40000200A090020BC
:102E3000160900208C010020C0060020750100202A
:102E4000FA0800207D010020B00000207001002061
:102E500074010020C4010020D4010020BB01002027
:102E6000C00100200020F8494870F8480078002888
:102E70001BD1F7480078F7490870F548407848704A
:102E800000208870F449098888B20322F149F2F7DA
:102E9000C5FAF2490860084600880004000EEC49B3
:102EA000C870EE48007808711AE0E7480078E949F0
:102EB0000870E5484078487000208870E649098825
:102EC00088B20322E349F2F7A9FAE4490860084608
:102ED00000880004000EDC49C870E04800780871E2
:102EE000DA480078002805D1DD490880DD48F8F788
:102EF00089FA05E00020DC490880DC48F8F782FA0E
:102F0000D94A1178D64A107801F0B0FC0020F4F7C5
:102F100027F9A3E2CD480078002803D1D248407AAF
:102F2000002807D1C9480078012804D1CC48407A4C
:102F3000002800D025E0C5480078002803D1C84803
:102F4000407A002807D1C1480078012809D1C64835
:102F5000407A002805D00021BC480078F1F7C8FF6E
:102F600000E000BF012C08DB0121B8480078FFF722
:102F7000B7FC0120F4F7F4F803E00320F7F79EF91B
:102F800000BF6BE2B1480078002803D1B648407A10
:102F9000002807D1AD480078012804D1B048407A14
:102FA000002800D025E0A9480078002803D1AC48CB
:102FB000407A002807D1A5480078012809D1AA48FD
:102FC000407A002805D00021A0480078F1F790FF52
:102FD00000E000BF022C08DB02219C480078FFF7CC
:102FE0007FFC0220F4F7BCF803E00320F7F766F952
:102FF00000BF33E295480078002803D19A48407A10
:10300000002807D191480078012804D19448407ADB
:10301000002800D025E08D480078002803D1904892
:10302000407A002807D189480078012809D18E48C4
:10303000407A002805D0002184480078F1F758FF35
:1030400000E000BF032C08DB032180480078FFF775
:1030500047FC0320F4F784F803E00320F7F72EF988
:1030600000BFFBE179480078002803D17E48407A10
:10307000002807D175480078012804D17848407AA3
:10308000002800D025E071480078002803D174485A
:10309000407A002807D16D480078012809D172488C
:1030A000407A002805D0002168480078F1F720FF19
:1030B00000E000BF042C08DB042164480078FFF71F
:1030C0000FFC0420F4F74CF803E00320F7F7F6F8C0
:1030D00000BFC3E15D480078002803D16248407A10
:1030E000002807D159480078012804D15C48407A6B
:1030F000002800D025E055480078002803D1584822
:10310000407A002807D151480078012809D1564853
:10311000407A002805D000214C480078F1F7E8FEFD
:1031200000E000BF052C08DB052148480078FFF7C8
:10313000D7FB0520F4F714F803E00320F7F7BEF8F7
:1031400000BF8BE141480078002803D14648407A0F
:10315000002807D13D480078012804D14048407A32
:10316000002800D025E039480078002803D13C48E9
:10317000407A002807D135480078012809D13A481B
:10318000407A002805D0002130480078F1F7B0FEE1
:1031900000E000BF062C08DB06212C480078FFF772
:1031A0009FFB0620F3F7DCFF03E00320F7F786F828
:1031B00000BF53E125480078002803D12A48407A0F
:1031C000002807D121480078012804D12448407AFA
:1031D000002800D025E01D480078002803D12048B1
:1031E000407A002807D119480078012809D11E48E3
:1031F000407A002805D0002114480078F1F778FEC5
:1032000000E000BF072C08DB072110480078FFF71B
:1032100067FB0720F3F7A4FF03E00320F7F74EF85E
:1032200000BF1BE109480078002803D10E48407A0E
:10323000002807D105480078012819D10848407AAC
:10324000002815D03AE000007D0100208C0100200C
:103250007501002085010020BC04002088010020A9
:103260000A090020C401002016090020D401002012
:103270007B480078002803D17A48407A002807D19B
:1032800077480078012809D17748407A002805D08E
:10329000002173480078F1F72BFE00E000BF082CF6
:1032A00008DB08216E480078FFF71AFB0820F3F7C7
:1032B00057FF03E00320F7F701F800BFCEE06848AE
:1032C0000078002803D16848407A002807D1644874
:1032D0000078012804D16348407A002800D025E016
:1032E0005F480078002803D15E48407A002807D163
:1032F0005B480078012809D15B48407A002805D056
:10330000002157480078F1F7F3FD00E000BF092CD9
:1033100008DB092152480078FFF7E2FA0920F3F7A9
:103320001FFF03E00320F6F7C9FF00BF96E04F48F8
:103330008078022843D14A480078002803D14A48BF
:10334000407A00283BD146480078012803D14548FF
:10335000407A002833D142480078002803D1414800
:10336000407A002807D13E48007801280DD13E4818
:10337000407A002809D0FA21C800F1F72BFF00217C
:1033800037480078F1F7B4FD19E00A2C03DA03207E
:10339000F6F794FF62E0FA21C800F1F71BFF012164
:1033A0002F480078F1F7A4FD3148F8F72BF83148A1
:1033B000F8F728F80A212A480078FFF791FA4DE03B
:1033C0000320F9F75DF949E00620F9F759F9FA21E8
:1033D000C800F1F7FFFE0120274908703EE02048B1
:1033E0000078002803D11F488078002807D11C48A6
:1033F0000078012830D11C48807800282CD0032088
:1034000000E02AE0F6F75AFF15480078002811D1AD
:103410001449C8700871887000BF04E00022114987
:10342000491D0A54401C0428F8DB00210D20F3F745
:103430001DFE11E000200C49C8700871887000BFA3
:1034400004E000220849491D0A54401C0428F8DB06
:1034500000210D20F3F70AFE00E000BF00BF70BDA1
:103460008C0100200A09002016090020C006002057
:10347000C4010020D4010020BC01002010B5044686
:10348000152C54D10320F6F719FF2A48007800289C
:1034900024D12949C8700871887000BF04E0002257
:1034A0002549491D0A54401C0428F8DB2248407A6B
:1034B000002804D01F48007801F05AF905E01F4A9F
:1034C00011781D4A107801F0D1F91B490878F3F7FB
:1034D00047FE00210D20F3F7C9FD24E00020174925
:1034E000C8700871887000BF04E000221349491DAC
:1034F0000A54401C0428F8DB1048407A002804D005
:103500000C48007801F034F905E00C4A11780A4AB9
:10351000107801F0ABF900210D20F3F7A7FD074962
:103520000878F3F71DFE0220F9F7AAF800E000BFC3
:1035300000BF10BD8C0100200A09002016090020E0
:1035400070B50446102C51D006DC002C0FD0012C95
:1035500037D0032C53D13EE0112C02D0182C4ED181
:1035600029E00020F9F78CF8F7F7A4FB48E025489C
:10357000007800280FD0FA21C800F1F72BFEF8F7E9
:1035800081FF20480078002801D1012000E00020C0
:103590001C4908700EE0FA21C800F1F71BFE00F08C
:1035A000DFFF18480078002801D1012000E000204A
:1035B0001449087024E00020F9F762F8F7F77AFB65
:1035C0001EE0FA21C800F1F705FE0F49098888B20C
:1035D00001F0E4F914E0FA21C800F1F7FBFDF2F77D
:1035E000C9F885B2284601F0D9F909E0FA21C800E6
:1035F000F1F7F0FD05494868F8F71CFF00E000BF4F
:1036000000BF70BDF5010020840400207C0A00206A
:1036100010B50446112C0AD004DC022C2AD00E2C42
:1036200027D14DE0142C72D0172CF9D17CE0002169
:103630000C20F3F71BFD67210020FAF703FA67213E
:103640000020FAF71FFAF7F735FB00210F20F3F7F8
:103650000DFD00210B20F3F709FD00210D20F3F7EC
:1036600005FDF3F7A9FD0020F9F70AF80120354917
:10367000087064E000203449087000210F20F3F73F
:10368000F5FC01210B20F3F7F1FC3048807800288D
:1036900004D001210D20F3F7E9FC03E000210D2007
:1036A000F3F7E4FC2A4A1178284A107801F0DEF892
:1036B00026490878F3F754FD0220F8F7E1FF3EE0D1
:1036C00001202149087001210F20F3F7CFFC0021D0
:1036D0000B20F3F7CBFC1E488078002804D0012192
:1036E0000D20F3F7C3FC03E000210D20F3F7BEFC2F
:1036F000174A1178154A107801F0B8F8144908787B
:10370000F3F72EFD0220F8F7BBFF18E0FFE71148A2
:103710000088401C0F49088001210E20F3F7A6FC09
:103720000520F8F7ADFF0AE00620F8F7A9FFFA2117
:10373000C800F1F74FFD01200749087000BF00BF26
:1037400010BD0000BB0100208C0100200A090020F0
:1037500016090020C0010020BC01002010B504465D
:10376000142C0BD10320F6F7A9FD00210E20F3F74E
:103770007DFC04480078F8F783FF00E000BF00BF3D
:1037800010BD0000F301002070B50446204611383A
:103790000300F5F722FC0805548158818164748187
:1037A0003F480078002800D070BDFEF729F9FEF7E9
:1037B00039F9FAF7B9FA002800D16EE03948807873
:1037C000002804D100F0CCFEFDF7D6F836E036A292
:1037D00036A13748FEF7FEFE3648006B401C3549DF
:1037E0000863F8F7E3FD012033490870F9F7F0FCAE
:1037F0003249086001210C20F3F738FC304A117877
:10380000304A107801F032F826488078022800D13A
:1038100003E02C490878F3F7A3FC224880780228BB
:1038200003D10120F8F72CFF02E00220F8F728FF6F
:103830000120254908700021244801722DE0032051
:10384000F8F71EFF29E0FA21C800F1F7C3FCF9F7E9
:103850007BFC054600F0A8FEF6F7D6FC1DE01C48F0
:103860000078002805D101201949087001F096F868
:1038700004E000201649087001F090F80DE00520E2
:10388000F6F71CFDF8F79CFD0420F8F7F9FE00F0B0
:1038900067FEF1F709F900E000BF00BF00BF83E752
:1038A00063000020C00600204F4B00004154000080
:1038B000000004407C0A0020AC01002070010020C0
:1038C000160900200A090020BA010020A4060020E1
:1038D0004400002010B50446002C02D0112C14D155
:1038E0000BE00021084600F0C1FF72210020FAF72A
:1038F000A9F80120F8F7C4FE08E072210020FAF7C9
:10390000A1F80120F8F7BCFE00BF00BF00BF10BD4A
:1039100010B504461E480078062837D0012C33D055
:10392000112C02D0172C2ED108E0FA21C800F1F793
:1039300051FC18480078F8F7A3FE26E0FA21C800E9
:10394000F1F748FC14A0FEF715FE7D20C000F1F74A
:10395000EBF814A0FEF70EFEFEF752F8FEF762F841
:103960000020134908707D20C000F1F7DDF8002029
:10397000F9F7BCFF67210120FAF784F805480078C1
:10398000F8F77EFE01E000BF00BF00BF10BD0000E1
:10399000F2010020F301002041542B4346554E3DD7
:1039A0003000000041542B4346554E3D310000008D
:1039B0004B04002070B50546E81E0300F5F70DFB2B
:1039C0000F090A0B0C0D0E0F101112F7F7F7BBF6CB
:1039D000F70000BF00BF00BF00BF00BF00BF00BFB7
:1039E00000BF00BFFA21C800F1F7F4FBEC1EC3488A
:1039F000007800282ED1C2480068022801D1062C88
:103A000013DCC048C079062805D1002C03D0BC487F
:103A10000068032809D0BB48007A002806DD052C81
:103A200004DDB7480068022800D109E0B548401D10
:103A3000B34A12688454B2480068401CB049086018
:103A4000B048C079062837D1AD480068401CAC4961
:103A5000086031E0A948007801282DD1A848006805
:103A6000022801D1062C13DCA748C079062805D10D
:103A7000002C03D0A2480068032809D0A248007A8D
:103A8000002806DD052C04DD9D480068022800D1D1
:103A900009E09D48401D9A4A12688454984800687D
:103AA000401C974908609848C079062804D194487A
:103AB0000068401C9249086091480068032802DDB4
:103AC00000208F4908608D480078002817D18D4864
:103AD00040790A2148438B49897940188949C8703F
:103AE0000846C0790A2148438649097A4018854921
:103AF00008710A461179D07800F07AFF1AE07F4801
:103B00000078012816D1804840790A2148437E492F
:103B1000897940187C49C8700846C0790A21484311
:103B20007949097A4018784908710A461179D0789C
:103B300000F05EFFE0E00020714908606F48007807
:103B4000002843D16F4840790A2148436D4989795B
:103B500040186C49C8700846C0790A214843694931
:103B6000097A4018674908710846C07800281FD1B3
:103B70000846007900281BD10878F3F7F1FA61486C
:103B8000407A002804D05D48007800F0F1FD05E09F
:103B90005D4A11785B4A107800F068FE00210D2024
:103BA000F3F764FA0220F8F76BFD54E054E0A2E06A
:103BB00056480088401C554908800920F8F760FDE8
:103BC000012050498870F8F7ABFD44E04B4800787D
:103BD000012840D14C4840790A2148434A49897913
:103BE00040184949C8700846C0790A2148434649E7
:103BF000097A4018444908710846C07800281DD148
:103C000008460079002819D10878F3F7A9FA3E4848
:103C1000407A002804D03948007800F0A9FD05E07A
:103C2000394A1178374A107800F020FE00210D2023
:103C3000F3F71CFA0220F8F723FD0CE03348008864
:103C4000401C324908800920F8F71AFD01202E494E
:103C50008870F8F765FD4FE000210D20F3F706FAB4
:103C60000020274908602548007800281FD100BFA0
:103C700004E000222349491D0A54401C0428F8DBB3
:103C800020490878F3F76CFA1E48407A002804D0DF
:103C90001A48007800F06CFD05E01B4A1178194ABB
:103CA000107800F0E3FD0220F8F7EAFC22E0134868
:103CB000007801281ED1002004E000221249491D8D
:103CC0000A54401C0428F8DB0F490878F3F748FA37
:103CD0000D48407A002804D00848007800F048FDDC
:103CE00005E0094A1178074A107800F0BFFD02206C
:103CF000F8F7C6FC00E000BF00BF70BD8C010020DB
:103D0000B40100200A09002016090020BE0100208D
:103D1000F0B589B000204A4908604A49098849003D
:103D20001C2251430846F5F735FC0446002C03D10C
:103D30004449088009B0F0BDF1F71CFD0646002596
:103D40003CE068004049085AB04206DB2046F5F7DF
:103D5000F5FA00203B490880ECE768003A49085A28
:103D6000301A022801DB022003E068003649085AB5
:103D7000301A089000271CE0324800884000304983
:103D80000968884200DC17E068002F4A105AC11900
:103D900001A8F1F7B1FC2A4909681C22514308190E
:103DA00001A9EFF754FA26480068401C244908602E
:103DB0007F1C08988742DFDB00BF6D1C214800880C
:103DC0008542BEDB1E4800682049884206DD204649
:103DD000F5F7B4FA00201B490880ABE7F1F718FCAF
:103DE00000251DE01C206843001980691C216943DF
:103DF000091949691C226A4312199289009201919A
:103E000002901C206843001983681C206843001935
:103E100042681C206843215C2846F1F7CBFC6D1CEE
:103E2000074800688542DDDB05480068F1F71EFDA4
:103E30000020044908802046F5F780FA00BF79E7A2
:103E40009404002090040020CC0A00208C0500007F
:103E500010B5044600200AE0215C302901DB392935
:103E600004DD3A2902D00022225403E0401C215CE8
:103E70000029F1D100BF2046EFF738FA082801D910
:103E80000020207210BD70B504460E461546002C69
:103E900001D0002D00D170BD002E02D10020207075
:103EA000F9E76A1E31462046EFF709FA0021681E3D
:103EB000215400BFEFE700B50A4683B0002100910E
:103EC000019101466846F0F792F90199009803B014
:103ED00000BD000030B58FB01FA10DA8F2F7FCF8AF
:103EE0000E98002803D1214908700FB030BD1F483B
:103EF000007800282DD108A8007D002829D0F1F7EE
:103F000055FC044623461AA20B210AA8F5F706F829
:103F100005462B46174A242101A8F4F7FFFF01A804
:103F2000FEF728FB14A20AA91448FEF753FB2B4600
:103F3000134A242101A8F4F7F1FF01A8FEF71AFBA8
:103F40000DA20AA90D48FEF745FB0120074908709C
:103F500000BF00BFC9E7000041542B434D515454EA
:103F6000434F4E4E4543543F000000004A0400209A
:103F700025750000D24A01004F4B000000100040A0
:103F8000EB4A0100016048607047000000200349CF
:103F900008700348006803490860704795010020D5
:103FA000A40000209801002010B51E4800780028C9
:103FB00037D11D480068002833D01C4800681A49D2
:103FC00009681B4A8918884205D2184800681649B2
:103FD0000968884225D2012012490870FA21C800D8
:103FE000F1F7F8F813480078002803D11248407A16
:103FF000002807D10F480078012808D10F48407ADF
:10400000002804D00B48007800F0B2FB05E00B4A12
:104010001178094A107800F029FC09480078F8F76F
:104020002FFB10BD9501002098010020A400002066
:10403000C40900008C0100200A0900201609002094
:10404000F301002010B5064806490978445C05488C
:10405000007800F023F803490870204610BD0000E6
:10406000620100206B01002070B50446084800780A
:1040700000F014F8054607480078854200D170BD6D
:1040800005480349097844540148057000BFF6E724
:104090006A0100206B010020620100200246511CD1
:1040A000C817400F4018C010C000081AC0B27047AF
:1040B00070B505462846EFF719F9044610E0611E71
:1040C000685C0D2805D00A2803D0202801D00928D3
:1040D00004D10022611E6A54641E00E002E000BFA9
:1040E000002CECD100BF70BDF0B591B0F1F742FBF0
:1040F00010901098002803DC0020014611B0F0BD9C
:10410000002109A8F1F7F8FA0A9808900B9E0024FC
:104110002546012715E0394601A8F1F7EDFA029886
:10412000B04204DC0398B0420ADD039E08E0314649
:104130000898FDF735FD04194D4102980890039E3B
:104140007F1C10988742E6DB31460898FDF728FD72
:1041500004194D4120462946D0E7000010B51A4801
:10416000007800282FD01948007800282BD1F8F7C4
:1041700027F9F6F79FFD62210220F9F783FC012061
:104180001349087000201349086013480068134958
:10419000086013A0FEF7EEF912A0FEF7EBF97D2000
:1041A000C000F0F7C1FC12A0FEF7E4F9FDF728FC0F
:1041B000FDF738FC002011490870012010490870F3
:1041C00000200149087010BD62000020F2010020AB
:1041D0006300002040010020A400002044010020D2
:1041E0004154000041542B4346554E3D30000000E1
:1041F00041542B4346554E3D310000004B040020F6
:104200008A00002010B5F9F743F804462146134808
:10421000F7F7C4FE1249086008460068E121490129
:10422000884202D908460E4908600E488078022864
:104230000FD121460C48F7F7B1FE094948600846FE
:104240004068E1214901884206D90846044948608E
:1042500002E000200249486010BD0000C4010020B7
:10426000E4010020C0060020D40100200020034902
:104270000870034800680349086070478800002000
:10428000A40000203C00002030B5414804684148AB
:104290000078022830D13F484068201AFF212D3194
:1042A000884234D33B484460007A002801D1012081
:1042B00000E00020374908720D462D7A002D02D00B
:1042C0000D462D7B00E000252B46324D2D7A002D2A
:1042D00002D0304DED7A00E000252A462D4D2D7A92
:1042E000002D02D02B4DAD7A00E000252946294D46
:1042F000687AF2F7E1FE0AE026480078012806D144
:10430000244D2B7BEA7AA97A687AF2F7D5FE224807
:104310000078022830D120484068201AFF212D3132
:10432000884234D31C484460007A002801D101201F
:1043300000E00020184908720D462D7A002D02D0A9
:104340000D462D7B00E000252B46134D2D7A002DC8
:1043500002D0114DED7A00E000252A460E4D2D7A4F
:10436000002D02D00C4DAD7A00E0002529460A4D03
:10437000687AF2F7A1FE0AE007480078012806D122
:10438000054D2B7BEA7AA97A687AF2F795FE30BD63
:10439000A4000020CC060020C000002010B50F486B
:1043A0000078002819D10E480068002815D00D4863
:1043B00000680B4909680C4A8918884205D20948E7
:1043C000006807490968884207D20120034908703C
:1043D0000648F8F795FCF8F783FB10BD880000202D
:1043E0003C000020A4000020A86100002C06002052
:1043F00070B504460025002C02D02068002800D1AA
:1044000070BDA168206845182846EEF76FFFA168C7
:104410004018A06000BFF3E7F7B586B0154600244A
:1044200000260698059000200490039002900190C9
:1044300007990598081A062800DA88E00598801C74
:10444000FBF7B6FE064637208002864203D341487A
:10445000864200D87BE01B20C00286422CD33E4817
:10446000864229D80598871D002000900C200290D4
:104470000798C01B062800DA69E038785C2802D16A
:104480007878752800D062E0B81CFBF791FE0090A8
:10449000372189020098884203D32E490098884228
:1044A00000D954E0B005000B00998905890D084337
:1044B00001210904441802E0062002903446802CB1
:1044C00002D2012004901AE00120C002844204D2EA
:1044D00002200490C020019011E0012000048442D9
:1044E00004D203200490E020019008E01B4884429D
:1044F00004D804200490F020019000E027E0049804
:10450000401EC0B203900CE0204680210843BF212A
:1045100008402A6803995054A4090398401EC0B269
:10452000039003980028EFDC0498012804DD01982B
:1045300020432968087003E06006400E296808706F
:104540002968049808182860029809B0F0BD002076
:10455000FBE70000FFDF0000FFDB0000FFFF1000B3
:104560000E4841790E480F4A1278920081500B484C
:1045700081790B480B4A5278920081500748C178E4
:104580000748084A9278920081500448C17904484B
:10459000044AD27892008150704700006B4A0100B3
:1045A00018A00540784A0100FEB50646664802900C
:1045B000664D30460299EFF703FD01D2002418E062
:1045C00029463046EFF706FD01D2614C11E028463E
:1045D0000299EFF719FA019030460299EFF714FAB1
:1045E00000900199EFF755FA07465949EFF714FA89
:1045F000044657492046EFF7E3FC21D855492046A9
:10460000EFF7E8FC1CD8544801785448544A127813
:1046100092008150504801785048514A5278920097
:1046200081504D4801784D484D4A92789200815012
:104630004948017849484A4AD2789200815082E03C
:1046400044492046EFF7BCFC20D846492046EFF706
:10465000C1FC1BD800214148414A12789200815088
:104660003D4801783D483E4A5278920081503A4890
:1046700001783A483A4A9278920081503648017857
:104680003648374AD278920081505CE0354920465E
:10469000EFF796FC1DD834492046EFF79BFC18D85D
:1046A00000212E482E4A1278920081502C4A5278CE
:1046B00092008150284801782848294A927892002F
:1046C0008150254801782548254AD27892008150AA
:1046D00039E025492046EFF773FC1AD8002120461F
:1046E000EFF778FC15D800211C481D4A127892007B
:1046F00081501B4A527892008150194A9278920058
:104700008150154801781548154AD2789200815099
:1047100019E01648C1781148114A12789200815068
:10472000124801790D480E4A5278920081500F4884
:1047300001790A480A4A9278920081500021084A79
:10474000527892008150FEBD6666264000006040AF
:104750000000C84200009642604A010018A00540CF
:10476000784A0100000048420000C8416B4A01003D
:1047700010B504460A20F2F7F3FC002C02D0012CFD
:1047800031D117E01948417819481A4A1278920035
:104790008150164801781648164A52789200815086
:1047A0000021144A927892008150124AD2789200E5
:1047B000815018E000210E480E4A12789200815074
:1047C0000C4A527892008150084841780848094ABA
:1047D000927892008150054801780548054AD278C0
:1047E0009200815000BF00BF10BD0000604A010070
:1047F00018A00540784A010000220C490C4B1B7898
:104800009B00CA500B49CA780849094B5B789B004A
:10481000CA5009490A5C0549054B9B789B00CA5060
:104820000022034BDB789B00CA50704718A005405C
:10483000784A01006B4A0100604A010040210948A2
:10484000094A127892008150074A527892008150AA
:10485000054A927892008150034AD27892008150A2
:104860007047000018A00540784A010010B5444A7E
:10487000927A002A0CD0434AD378434A434C247896
:10488000A40013510023414C6478A400135129E083
:104890000A280ED13E4A53783B4A3C4C2478A40067
:1048A00013513B4A1378384A384C6478A4001351AA
:1048B00018E00A290AD10023334A344C2478A40092
:1048C0001351324C6478A40013510BE0304A135C4E
:1048D0002D4A2E4C2478A400135100232B4C6478CD
:1048E000A40013512B4A9278022A3DD12A4A927A87
:1048F000002A0DD00023244A244CA478A40013518C
:10490000204AD378204A214CE478A400135135E0A2
:104910000A290ED11E4A53781B4A1C4CA478A400C5
:1049200013511B4A1378184A184CE478A400135109
:1049300024E00A280AD10023134A144CA478A400C6
:104940001351124CE478A400135117E000230E4ACF
:104950000E4CA478A40013510D4A535C0A4A0B4C28
:10496000E478A400135109E00023074A074CA47817
:10497000A4001351054CE478A400135110BD0000AD
:104980000A0900206B4A010018A00540784A01007E
:10499000604A0100C006002016090020F8B507464D
:1049A0007D26F600002518E031463846EEF7FCFB80
:1049B0000446092C00DD12E00A48015D0A480B4A52
:1049C000525D9200815020467043381A87B20A2106
:1049D0003046EEF7E9FB06466D1C042DE4DB00BF14
:1049E000F8BD0000604A010018A00540784A0100A7
:1049F0007FB505460C460A212846EEF7D5FB009008
:104A00000A212846EEF7D0FB01910A212046EEF755
:104A1000CBFB02900A212046EEF7C6FB0391002053
:104A20000AE081006A4651580A4A525C0A490B4B17
:104A30001B5C9B00CA50401C0428F2DB054901980E
:104A4000085C802108430449044A52789200885047
:104A50007FBD0000604A010018A00540784A0100AF
:104A60003F065B4F666D7D277F6F805E3F377950D5
:104A7000777839736E3D6D76090803026D6E3739AC
:104A80006E3739003739005E39005E3F005E3F37D0
:104A90005E3F37792C0190015802BC0284034C041C
:104AA0001405DC05400600002C0190015802BC02F0
:104AB00084034C041405DC054006000000002C01B2
:104AC0009001F4015802BC0220035C03AC03E8032C
:104AD000720641542B434D515454535542544F5038
:104AE00049433D302C25642C310D0041542B434D5E
:104AF0005154545355423D302C25642C310D000047
:104B000058020000000100000A000000805101006E
:104B10000101010000000000000000000200000090
:104B200000000000700E002000000000700E002049
:104B30001F0000001C0000001F0000001E000000FD
:104B40001F0000001E0000001F0000001F000000EA
:104B50001E0000001F0000001E0000001F000000DB
:104B6000C80F00200000000000000000000000004E
:104B70000000000000000000000000000000000035
:104B80000000000000000000000000000000000025
:104B90000000000000000000000000000000000015
:104BA0000000000000000000000000000000000005
:104BB00000000000000000000000000000000000F5
:104BC00000000000000000000000000000000000E5
:104BD00000000000000000000000000000000000D5
:104BE00000000000000000000000000000000000C5
:104BF000000000000000000030530100B11301006C
:104C0000000000003C5301000D17010000000000EF
:104C1000245301006516010000000000B853010094
:104C2000E112010000000000F852010045150100EA
:104C300000000000C85301005114010000000000F2
:104C4000905301009117010000000000A4530100DF
:104C5000F117010000000000085301004518010091
:104C60000000000050530100D115010000000000B9
:104C70007453010075DF0000000000008053010044
:104C800075DF00000000000060530100F9DE000045
:104C900000000000FFFFFFFF000000000000000018
:104CA000B4530100F5B5000014530100D5B4000061
:104CB000B053010005B900001C53010005B7000006
:104CC0006C530100C9B900004C530100E5B8000065
:104CD0008C530100C1B80000205301006DB90000E1
:104CE0007053010095B900004141414141414141AA
:104CF000414141412D2D2D414141181818181818D6
:104D0000181818181818181800000B4000200B402D
:104D100000400B4000600B4000000000000000005D
:104D200003020200020000400080010101010103B2
:104D30000010040008000101010C020300000440FF
:104D40000300100006000300200006000040404061
:104D5000404040404040414141414140404040404E
:104D600040404040404040404040404040050202FA
:104D700002020202020202020202020202202020B9
:104D80002020202020202002020202020202909015
:104D90009090909010101010101010101010101013
:104DA0001010101010101010020202020202888867
:104DB0008888888808080808080808080808080873
:104DC000080808080808080802020202400000005B
:104DD0004D4D010045524153452046554E4300007C
:104DE000434F4F4B2046554E43000000544553540B
:104DF0002046554E43000000627269646765205585
:104E000041525420746F20434C4900002D6E2020E5
:104E10007072696E742063757272656E7420636F50
:104E20006F6B696E672073657373696F6E20636F54
:104E3000756E742073746F72656420696E204545C9
:104E400050524F4D00000000436F6D6D756E6963E9
:104E500061746520776974682047534D0000000035
:104E6000726762006C6564007265640062726964F6
:104E7000676500002D6D20207072696E74206D6171
:104E800078206E756D626572206F6620636F6F6B40
:104E9000696E672073657373696F6E7320666C61EA
:104EA00073682063616E2073746F72650000000088
:104EB00065726173650000006F6666003773656731
:104EC000000000002D64203C4E3E20207772697463
:104ED00065204E207265616C697374696320647526
:104EE0006D6D7920636F6F6B696E67207365737387
:104EF000696F6E7320746F20666C617368000000C8
:104F0000636F6F6B000000005B2D623C302E2E360D
:104F1000343E5D20736574206272696768746E65E3
:104F20007373206C6576656C0000000067736D001C
:104F30006E756D002D723C302E2E31353E203C2D8D
:104F4000307C2D313E20726564206C6564202D30EC
:104F5000206F6666202D31206F6E00005B737769CD
:104F6000746368206C6564206F6E00002D703C30A7
:104F70007C313E70756C73652074686520706F7746
:104F800065722070696E2E20303A322E35532074AF
:104F90006F20706F776572206F66662C20313A350E
:104FA000306D5320746F20706F776572206F6E00C4
:104FB0006F6E00002D633C307C313E205B5B727C69
:104FC000677C625D5D2073657420524742206C658A
:104FD0006420636F6C6F757200000000436F6F6B2D
:104FE000696E672073657373696F6E20666C617399
:104FF000682073746F7261676520636F6D6D616E99
:105000006473000072656164207468652073746164
:1050100074757300737461747573000062726967EC
:105020006874000072756E206C6564206379636C2F
:10503000652074657374000074657374000000006B
:105040006D6178004D616E6970756C617465204C9E
:1050500045447320616E642037205365672044699E
:1050600073706C61790000002D733C5B302E2E391B
:105070005D5B2E5D5B302E2E395D5B2E7C3A5D5B79
:10508000302E2E395D5B2E5D5B302E2E395D5B2E12
:105090005D3E20446973706C6179206E756D626548
:1050A00072206F6E2037207365676D656E742064A3
:1050B0006973706C6179000064756D6D7900000032
:1050C00041542B48545450504152413D2255534570
:1050D0005244415441222C22582D4150492D4B65B8
:1050E000793A20736B646A6633383475726A39337F
:1050F00034757233396872333834333834756872C2
:1051000033383479333965756877727772663977F1
:1051100038347279683338343338343368723379D9
:10512000716F64666B6A3339333837726734722251
:105130000000000041542B434D515454434F4E4EF8
:105140004543543D302C227463703A2F2F613362F3
:1051500036736F63667164747071342D6174732E6D
:10516000696F742E61702D736F75746865617374E7
:105170002D312E616D617A6F6E6177732E636F6D65
:105180003A38383833222C25642C2564000000007E
:105190007B2270616E223A222563222C226F6E548C
:1051A000223A256C642C226F666654223A256C6480
:1051B0002C22707772223A25752C22707772432246
:1051C0003A252E32662C225067223A252E32667DF1
:1051D000257300007B226465764944223A7B227362
:1051E0006E223A222575222C224657223A22257316
:1051F000222C227074223A222575222C226D6322E1
:105200003A222575222C22736964223A22257322C0
:105210002C226C6F63223A222573227D2C22747318
:10522000223A256C752C2273746174223A7B2242D7
:10523000617456223A222573222C2253544C223A6E
:10524000222573222C22737476636E74223A2225EF
:1052500073227D7D000000007B2264657649442234
:105260003A7B22736E223A222575222C224657223F
:105270003A222573227D2C227473223A256C752CD8
:1052800022436F6F6B416767223A7B22636F756EB3
:1052900074223A25642C2261766750777257223A3D
:1052A000252E32662C22746F74616C5365637322F1
:1052B0003A256C6C752C2270777243223A252E3277
:1052C000662C2250675768223A252E32667D7D0073
:1052D0002B46534C533A2046494C45533A0D0A004D
:1052E00065436F6F6B335F4F54415F544553543187
:1052F0002E686578000000006D657461496E746504
:105300007276616C5300000073656E644D65746164
:1053100000000000666F7461000000006C62000015
:10532000726400007061796C6F61644D6F64650038
:105330006B656570416C697665000000706572731D
:10534000697374656E74466C616700007067000075
:105350006E756D436F6F6B426C6F636B0000000086
:105360006475726174696F6E00000000736F0000F5
:10537000727000006D6178506F77657200000000F8
:105380006D61785F706F7765720000006D7200006C
:1053900073656E64436F6F6B696E67536573736992
:1053A0006F6E730073656E644572726F7273000086
:1053B0007075000066770000636F6E6E53747261E3
:1053C00074656779000000006D65746146726571EF
:1053D000487A0000F453010010000020D4050000BA
:1053E0006E4800003C550100E4050020B43900007F
:1053F000F8950000011CDAFF0101257A010501255D
:105400006958092064D954590F1204180F04010473
:10541000020403040404050407040601150106053B
:1054200005301205010502050305040505060706FA
:105430000203041832302A213B293C890532033209
:1054400006220C5B0808031129300140025713F2B1
:105450004C0A41528814644E011444500123F1DF78
:105460001A680C14344F0132721ABC0C1A681832C4
:10547000731AB80C1A5C1832301AB008290C323181
:105480001A60181AB40C32631A382C1A24043274B5
:105490001A1C081A0818023F621A2C441A4864237E
:1054A000E1D5148453011A6C1032701A14605A0436
:1054B0009C1A6C204BF84D6C29841AEC0C29841131
:1054C000192C1AE00C299C1AB0241AD40C024C6531
:1054D00019601ADC04412A40F81964326D1A30143C
:1054E0001A0C0C326E1AB8181AC40C028764135CBA
:1054F00009024C200214050009116F6E6F6D6F6E6A
:10550000646F022701E92812010342FFFF4B580292
:105510005B320A148051018B010168291B4114E0A0
:1055200052011AD00401290410879303239595236F
:0C5530003D931B8D19640143022B7D008C
:04000005000030C106
:00000001FF
