:020000040000FA
:10300000C83F0020C1300000597400005163000027
:10301000FFFFFFFFFFFFFFFFFFFFFFFFFFFFFFFFC0
:10302000FFFFFFFFFFFFFFFFFFFFFFFFE97600004D
:10303000FFFFFFFFFFFFFFFF85740000C97800005E
:1030400035310000C5750000353100003531000014
:103050003531000035310000FF55000035310000EA
:10306000714900003531000035310000617B0000FE
:10307000B15E0000357600003531000035310000CA
:1030800035310000494B0000ED4C00009D6400000C
:103090007D6700003531000035310000353100001A
:1030A00031910000B18D0000353100003531000054
:1030B00035310000C17100003531000035310000AC
:1030C0001D4880471D4880471D4800471D4801692D
:1030D000002908D14169002905D18169002902D15F
:1030E000C169002909D01848C1680901090D0029E2
:1030F0000ED005290CD006290AD0BFF34F8F1348F4
:103100001349016013491248C860BFF34F8FFEE7AF
:103110000E4801680E48884200D070470E480F499B
:1031200001600A480E4901607047FEE7FEE7FEE7CE
:10313000FEE7FEE7FEE70000CD300000CD7800009E
:1031400065310000000308408001084000000020B5
:103150000400FA0500ED00E00081084001000000D5
:10316000000000000448854601F07EF90048004751
:10317000DDEE0000C046C046C83F002030B50B461B
:10318000014600202022012409E00D46D5409D4241
:1031900005D31D469540491B2546954040191546C7
:1031A000521E002DF1DC30BD70B5002425460028EC
:1031B00001DA01244042002901DA01254942FFF7E2
:1031C000DDFFAC4200D04042002C00D0494270BD2F
:1031D000F8B500242546002904DA0E460124002112
:1031E0004042B141002B04DA1E4600235242012521
:1031F000B34100F0F9FE8C4617461E46AC4203D0A0
:10320000002540428D41AC46002C02D0002657429A
:103210009E4161463A46334601B0F0BD00487047D2
:10322000985E010010B50446FFF7F8FF0068005DE6
:10323000C007C00F10BD01466139192900D82038D8
:10324000704701464139192900D82030704703469C
:103250000B439B0703D009E008C9121F08C0042ACA
:10326000FAD203E00B780370401C491C521EF9D2BD
:103270007047D2B201E00270401C491EFBD2704779
:103280000022F6E710B513460A4604461946FFF732
:10329000F0FF204610BD30B505462A460B46107893
:1032A0001C78521C5B1C002801D0A042F7D0002CD7
:1032B00003D0002802D06D1CEFE7284630BD10B5C2
:1032C000044605E00B780370401C002B00D0491C1D
:1032D000521EF7D2204610BDCAB2401E4178401C93
:1032E0008A4202D00029F9D100207047421C01789F
:1032F000401C0029FBD1801A704710B5002200E065
:10330000521C835C8C5CA34201D1002BF8D1D8B253
:10331000E1B2401A10BD03460A780270401C491CF5
:10332000002AF9D11846704730B5054600200346FB
:1033300000E05B1C934205D2EC5CC85C201A01D112
:10334000002CF6D130BD10B508E00A4602E0A342D9
:1033500008D0521C1378002BF9D1401C0478002CA3
:10336000F3D1002010BD00000FB400B58DB009905E
:103370000B9010A900200091C0430A9000200C90EF
:1033800006480690064807906A4609A80F9900F07B
:10339000E1FE0DB008BC04B0184700007541000004
:1033A00095410000FFB50027FF4383B000205C6813
:1033B00001909E681D46A9697F1C0498884700906B
:1033C000296A88470028F6D10098401C0CD00320B9
:1033D00040028443002E19DD600614D500982B2886
:1033E00009D02D280FD103E00020C04307B0F0BD65
:1033F000012080020443A9697F1C04988847761E37
:103400000090002E02DD0098302803D00598002897
:1034100025D035E0012040020443A969761E7F1CB7
:10342000049888470090002E03DD782805D058289E
:1034300003D00598002810D022E00598002801D07C
:1034400010281DD1012040028443A969761E7F1CEB
:10345000049888470090102002E0082000E00A202D
:1034600005900DE0012149020C43059A0199761E51
:10347000514308180190A9697F1C0498884700905F
:10348000002E05DD0599009800F04FFE0028E9DACE
:10349000E96904988847A00502D40120C043A5E744
:1034A000E00722D1600611D56005019800D54042A1
:1034B00029680A1D2A600968220501D5087014E0F0
:1034C000220701D5088010E008600EE02868011D81
:1034D00029600068210502D50199017005E02107E6
:1034E000019901D5018000E0016038467EE7FFB513
:1034F000002083B000905068019091691446002626
:1035000097680498884705460C990698084305D0A3
:1035100009E0A169761C049888470546216A284677
:1035200088470028F5D1681C03D00198C00704D053
:1035300017E00020C04307B0F0BD2068011D2160E6
:10354000006800900DE00198C00704D10098057054
:103550000098401C0090A169761C7F1E0498884743
:103560000546002F1CDD681C1AD0069800280FD0D5
:10357000E817C00E401941118A00069940095118F8
:1035800040012A1A0968012090400142DBD107E07E
:103590000C980028D7D1216A284688470028D2D025
:1035A000E169049888470C98002807D1002E05DDB2
:1035B0000198C00702D1009800210170A068B842AC
:1035C00004DD0C98002804D0002F02D00120C04355
:1035D000B1E73046AFE70000FFB5087889B015467F
:1035E000FF2805D0491C2D2804D00022002407E024
:1035F00000240BE00122F9E70A235C430419491C6B
:103600000878FF28F8D1002A00D0644200200490F6
:103610002A7801462D2A01D02B2A0FD16D1C2D2A84
:1036200002D00022049209E00122FBE700260A22D0
:1036300033466D1C00F008FD381871412F78FF2FBC
:10364000F4D10C9AA218069202460A4304D0FF2332
:10365000069A9133DA4205DA002109980A4606C033
:103660000DB0F0BD0024B74AB54D2646079200F0D4
:10367000CDFE029006980391002801DA474200E04F
:10368000074639050020AF4A001C514101910090C6
:1036900012E0F80707D022462B463046079900F083
:1036A000EBFA0646079122462B461046194600F0D3
:1036B000E3FA04460D467F10002FEAD10698019BDD
:1036C0000028009A0399029806DA00F03DFB324682
:1036D000079B00F039FB05E000F0CEFA3246079B6D
:1036E00000F0CAFA049A002A02D00122D2075140FF
:1036F000099A03C2B4E7FFB591B0002009900025F4
:10370000ED432E209E685C681F460190B9696D1CD0
:10371000129888470090396A88470028F6D10098A7
:10372000401C0AD00D20C0018443002E12DD0098F9
:103730002B2809D02D280DD103E00020C04315B05F
:10374000F0BD012080020443B9696D1C12988847BE
:10375000761E009003A9600501D52D2000E02B20E6
:103760006A461073491C0CA80F9102900AE0B969CF
:103770006D1C129888470090012040020443139862
:10378000761E0560002E02DD00983028EFD00199EA
:103790000098884246D18020044308E00998401EE2
:1037A00009900120400204431399681C0860B9691C
:1037B0006D1C761E1298884700903028EED031E0BC
:1037C0000199884205D1200603D480200443761E47
:1037D0001EE0009806F098FA002826D0012040024A
:1037E000044307A90F980331761E88420BD2009834
:1037F0000F99303808700F98401C0F90200607D59D
:103800000998401E03E0200602D40998401C099044
:10381000A00502D51399681C0860B9696D1C12983F
:1038200088470090002ECBDC59E0002E57DD009831
:10383000652801D0452852D1A00550D503200002AB
:103840008443B9696D1C761E129888470090002E3B
:103850000CDD2B2804D02D2808D1FF200130044393
:10386000B9696D1C12988847761E0090E00501D555
:103870002D2100E02B21029801700298401C02903B
:10388000019025E00120400204430EA90298013175
:10389000761E88420ED20098029930380006000E3B
:1038A000087003D10299019881420AD90298401CFC
:1038B000029006E0E00501D5234801E0224840429D
:1038C0000990B9696D1C129888470090139805609B
:1038D000002E04DD009806F017FA0028D2D1F9690D
:1038E000129888470F99FF200870029903AA087060
:1038F00000200A900B900CA90AA8099BFFF76CFE08
:10390000A00502D40120C04319E72420044209D0B5
:10391000E00713D138680B9A0A99031D3B600068D1
:1039200006C00BE00B990A9800F02EFB0146E00759
:1039300004D13868021D3A60006801602846FEE63E
:10394000000014400000F03FF1D8FFFF70B50646BC
:1039500005F084FF046805460A220021304600F085
:103960007DFC2C6070BDF8B502464A40D40F420081
:103970004B0052085B089A4202D2024608461146A2
:103980004A0023D0C30D4A00DDB2120EAD1A202D1D
:1039900035DA49020126490AF6058A19002C00D0B9
:1039A000524220214F1B1146B9402A411018C20D26
:1039B0009A4221D0002C17D0012D08DCDA05801A9C
:1039C000D20F8019D207DBB200F088FCF8BDDA050F
:1039D000801A012340001B06C01880185A42801824
:1039E000CA0F1043490007E04908C2071143DA052E
:1039F000801A80194008801800F068FCF8BD61004A
:103A00000122511A001BF7E70122D2075140AAE711
:103A10000122D2075040A6E7024670B54A40D30FB4
:103A2000DB0740002DD04A002AD0010E140E000200
:103A300012020919400A520A8418E5010446544347
:103A4000000A120A2E045043A4194219200CC5433F
:103A5000AA18120C0125AD03521C521912047F3909
:103A6000240400D0521C104301D44000491EC2B2AD
:103A70000C06C0092018401C4008802A02D003E030
:103A8000002070BD40084000002900DA00201843E3
:103A900070BD70B502464A40D50F40004A00ED07A0
:103AA00040085208002814D0002A12D0C40DD30DAB
:103AB00041020120C0055202490A520AE41A0918BB
:103AC00012187D34914201D3641C00E04900002C9F
:103AD00001DA002070BD0023914201D3891A03430B
:103AE000400849000028F7D100290AD0914202D1AC
:103AF0000121C90705E0914201D2012101E0012124
:103B0000C943E005C018401900F0E0FB70BD00009B
:103B1000F0B507460846584087B0C00F04904800EB
:103B20000E46590040084908BC1A884105D238465B
:103B300031461E4617460B460246580040081043C1
:103B40004DD0300D039040055900400D490D0590B2
:103B5000401A0290402873DA18030121000B09056E
:103B60000843019004980092002806D01146019A5B
:103B700049420020904100910190029840210A1A88
:103B80000199009800F09DFA05460C466B4607CB5C
:103B900000F0B8FAC0197141039A0E0D0023D7172F
:103BA00056401A467A40164344D0049A002A2DD033
:103BB000029A012A039A15DC1205C01A91410126C6
:103BC0003605001C7141D20F059ED2070093019269
:103BD00002962A46234600F0C7FB07B0F0BD3846E0
:103BE0003146FAE71605234A0F46B218C01AB74104
:103BF00001210905001C4F4100187F41114618188A
:103C00007941E20F10436D19644113E0E2076D083A
:103C100015436408C2071443039A01261205C01A0B
:103C200091413605001C7141CE07400830434908D8
:103C3000C01851412A46234600F089FBCDE7FFE733
:103C4000049801224000C117121A00238B410498E6
:103C50003146C417381AA141EEE730B40124E40715
:103C6000634030BC54E730B40124E407614030BC09
:103C70004EE700000000E0FFF0B51FB488B00B99DC
:103C80000998002448400999C00F49004908099142
:103C9000C0070B990090490049080B9109990898B1
:103CA000A64608431CD00B990A98084318D00998D7
:103CB00001244000420D4800410D099824050003ED
:103CC000000B204309900B980003000B20430B903E
:103CD00050181C494018002201901446104605E077
:103CE000002001460DB0F0BD032801DA034600E0D4
:103CF00003239C46C11A0AAE0AE05F0008ADED5BE3
:103D00004F00F75B7D430027AA187C41491C5B1ECE
:103D10006145F2DD410004AB5A522104120C0A4302
:103D2000240C401C0828DFDB0198029000997046A3
:103D300001910090059B049A0799069800F014FBE6
:103D4000D0E700000DFCFFFFF0B50C465C4085B0ED
:103D5000E40FE40703944C000026640859009446DD
:103D6000490802460296224321D062460A431ED0E9
:103D70006200570D4A000E032303550D012402462D
:103D80002C492405781B1B0B360B40182343264374
:103D9000614600901C46501AB44103D30098401C61
:103DA000009002E0921800985B41002803DA00209E
:103DB000014605B0F0BD00200121090507468646F1
:103DC00011E064461D46141BB54106D36546521BDF
:103DD000B341744607430C43A646CD074008490843
:103DE000284392185B4105460D43EAD1104618431B
:103DF00013D06046194650407140084306D06046D3
:103E0000101AB34106D20122002306E0002201234A
:103E1000DB0702E00122D2435310009874460105EB
:103E2000381C6141029C039D0019694100F08FFA22
:103E3000BFE70000FD030000C217C10F504010B5DE
:103E40004018CA079623002100F048FA10BD10B5AB
:103E500000229623114600F041FA10BD0EB5C2179C
:103E6000C10F5040CA0740180021054B0293019230
:103E700000910A460B4600F077FA03B000BD00003F
:103E8000330400000EB505490291002100910A4655
:103E90000B46019100F068FA03B000BD3304000046
:103EA000410040020122400AD205090E80187F29F4
:103EB00001DA00207047962903DC9622511AC84087
:103EC000704796398840704770B5CD0F4A00090396
:103ED0000123090B1B0519430B4BED070024520D61
:103EE0009A4201DA002070BD074B34339A4203DC5A
:103EF0009A1A00F0F6F802E00449511888402C4361
:103F0000F1D0404270BD0000FF030000CDFBFFFF79
:103F1000C20FD207400040080BD0C10D0723DB01C0
:103F2000C91840020905400A1143C208400711435D
:103F3000704700200146704710B5002904DB0124BA
:103F4000E40740428C412146002B04DB1C46012340
:103F5000DB075242A3418B4200D1824210BD0000D8
:103F600010B5002904DB0124E40740428C412146BE
:103F7000002B04DB1C460123DB075242A34199427C
:103F800000D1904210BD0000CB0FDB07490010B5F7
:103F9000490802460A4307D00A0D07240903E40131
:103FA000090B121B002A01DC002010BDC900440FC0
:103FB0000C43C100E018D205801800F087F910BD4D
:103FC0000122D207002800DB101A002900DB511A59
:103FD000814270470122D207002800DB101A002915
:103FE00000DB511A88427047F0B51FB40646002026
:103FF00082B005464024019100901BE001992246C1
:104000000F46304600F06DF8049A059B801A9941DE
:1040100010D310461946224600F053F8361A8F4145
:104020000197224601200021009F00F04AF838182D
:104030004D4100902046641E0028DFDC019B009863
:104040002946324607B0F0BDF0B51FB486B0002057
:104050000090019002900698069980B2049007980B
:10406000090C02040014114307900027089D0998C9
:1040700006913E463C4603900398A9B20204000C08
:10408000039004982D0C154348430021224600F06C
:1040900018F8C719714110340E46402CECDB384635
:1040A000029A00F00EF8009A019B80180090594186
:1040B00002980191103002904028CCDB00980BB0A0
:1040C000F0BD10B5202A04DB0146203A91400020C3
:1040D00010BD914020239C1A0346E34019439040B1
:1040E00010BD10B5202A04DB0846203AD04000213C
:1040F00010BD0B46D340D0402024A21A9140084363
:10410000194610BD10B5202A06DBCB170846203A09
:104110001041C1170B4306E00B461341D040202449
:10412000A21A91400843194610BD3A2800D23038EF
:10413000202302469A43412A01D310463738884249
:1041400001D30020C0437047026813785118016002
:104150001846704710B5D160044951610449116295
:1041600000211161114600F091F910BD4941000094
:10417000253200004268002A08D001680B78491CEB
:10418000002B03D0521E06C0184670470121C160A3
:10419000881E70474268002A0BD0C3680168002B54
:1041A00007D183688B4204D0491E521C06C00020F0
:1041B00070470020C04370470FB400B589B00CA908
:1041C00000910B990023CB60204B214A0693079264
:1041D000042201921F4A02921F4A089202466B462D
:1041E0000020FFF788FA09B008BC04B0184770B582
:1041F00086B006460020C0430190002015460C46BC
:104200000091029104903246694604A8FFF7D4FF5A
:10421000024604982118002D05D0002801D0084638
:1042200000E020462860049800280DD0002A02DD16
:104230000098884208D0081B0190009432466946D5
:10424000029404A8FFF7B8FF06B070BD75410000E6
:1042500095410000FFFFFF7F25320000F7B5009C6D
:104260000F4600262578641C002D05D0FEF7D6FFEA
:104270000068405DC007F5D12B2D02D02D2D18D040
:10428000641E39462046029A00F09EFA002F04D0A0
:104290003968A14201D100993960710502240029D1
:1042A0000BDA4042002803DD05F0D8FA0460A007CD
:1042B000FEBD012080020643E3E70028F8DA05F09E
:1042C000CDFA04600048FEBDFFFFFF7F002904DA3D
:1042D000401C490001D140084000704770B40024E0
:1042E000050C05D11024000402D1002921D011248D
:1042F000050E01D100020834050F01D10001241D73
:10430000850F01D18000A41C002801DB4000641C43
:10431000002908D020252E1B0D46F540A14000D0D5
:1043200001212943084301061B1B000ADB1D02D59E
:10433000002070BC7047DB05181880180029F8DAD7
:10434000401C4900F5D170BC40084000704710B5D2
:10435000002B08DA0024401C614192185B411A438B
:1043600001D14008400010BDF0B51FB482B0054631
:104370000C0003D0084605F0B3F802E005F0B0F8F1
:1043800020300246009021462846FFF79AFE049B03
:10439000059A04460F4618431143084314D01846A3
:1043A00010431BD0009840210A1A18460599FFF7C0
:1043B00098FE05460E46009A05990498FFF781FE7F
:1043C000084305D0012004E02046394607B0F0BD7F
:1043D0000020C11705430E432C43374300990E9824
:1043E0006305401A7905E40A00220C43FD0A0A30ED
:1043F00002D500200146E9E70105101969410C9C2E
:104400000D9D00196941FFF7A2FFDFE70EB5054AD0
:1044100002920022009213460192FFF7A5FF03B01B
:1044200000BD0000330400004A0009030123090B0A
:104430001B0519430A4B10B5520D9A4202DA0020AF
:10444000014610BD064B34339A4203DC9A1AFFF73B
:1044500048FE10BD034BD218FFF733FE10BD00001D
:10446000FF030000CDFBFFFF064C0125064E05E0D3
:10447000E36807CC2B430C3C98471034B442F7D385
:10448000FEF774FED0640100F0640100F3B58DB056
:1044900000200A9001200B90002608460C300C46A4
:1044A00009906269012109989047051E2ED0252D9B
:1044B0002DD0216A8847002818D062690121099807
:1044C0009047216A88470028F7D1411E6269099800
:1044D000904700E0761CA1690D988847216A8847BB
:1044E0000028F7D1E1690D988847DAE7A1690D98AE
:1044F00088470746A84201D1761CD2E7E1690D98AA
:1045000088477F1C02D10A98002877D04AE100270B
:1045100062693D463946099890472A280CD162695C
:10452000012109989047012506E00A214F433F18D1
:10453000303FEBD410200543626901210998904770
:10454000014630390A2903D29C498F42DEDCECE770
:10455000E90600D49A4F6C280AD04C2810D068285D
:1045600024D06A282ED074280CD07A280AD00DE0E6
:1045700062690121099890476C2823D004211CE02E
:10458000202005436269012109989047A760656072
:1045900065284FD026DC582839D01ADC452849D068
:1045A00012DC252834D04128B0D143E062690121D2
:1045B00009989047682802D008210D43E6E70120BA
:1045C000C002DEE70220DCE7462833D047282CD1A2
:1045D00030E05B2870D061282CD063286CD0642830
:1045E00023D161E06F284FD009DC662822D06728EC
:1045F00020D0692826D06E2817D12EE0CEE0702872
:104600004DD073286FD075284ED078280DD154E046
:10461000A1690D9888470546252800D16CE7E16916
:104620000D9888476D1C00D16DE7BBE00A224CE075
:104630000A2252E0012023466A46C0430D99FFF743
:104640005AF8A4E02846402108436060A8072346A2
:1046500001D5002239E000223FE0E80700D020E742
:104660002068011D21600068290501D5067018E742
:10467000290701D5068014E7A90703D5F1170660BD
:1046800041600EE706600CE7284640210843606061
:10469000A807234601D5082217E008221DE0494952
:1046A00028460840606016E02846402108436060C4
:1046B000A8072346BCD5B9E715E0284640210843A2
:1046C0006060A80707D5234610220120C0430D993A
:1046D000C046C0465BE0234610220120C0430D992E
:1046E000FEF760FE53E000210C910B460091632819
:1046F00002D05B2808D044E02079C00601D4012014
:10470000A060012000903CE0626901210998904777
:104710005E2805D101200C900146626909989047F6
:104720002169002906D10B4601AA8F00491CD351EB
:104730000829FADB002835D0216900290ED1C117DC
:10474000C90E09184A11930001AA9A18490949018A
:10475000411A0120136888400343136062690121F4
:10476000099890475D28E5D10C98002808D00020D2
:1047700001AB81005A58401CD2435A500828F8DB3C
:1047800001AB01202246C0430D99FEF7B0FE002880
:104790000ADA401C06D10B98002803D00020C04341
:1047A0000FB0F0BD0A98FBE7E90702D10A99491C4E
:1047B0000A91361800200B9073E60000CCCCCC0C8C
:1047C000FFFFFF7FF1F7FFFFF7B582B0029C0027E4
:1047D0002078641C15460197302802D0002D15D092
:1047E00015E020780127641C782804D0582802D0CE
:1047F000002D09D00BE0002D01D0102D07D100278E
:1048000010252078641C02E0082500E00A25002617
:10481000009610E00099012769430818020C294608
:1048200080B2714300908E183804864201D3012073
:1048300001902078641C2946FFF777FC0028E9DA0C
:104840000398002805D0002F01D0641E00E0029CD0
:1048500004600198002806D005F000F802210160EC
:10486000C81E05B0F0BD009930040843F9E770B5E3
:104870008C180578401C6B075B0F01D10378401C36
:104880002A1106D10278401C03E006780E70401C05
:10489000491C5B1EF9D12B0705D40023521E0DD4F1
:1048A0000B70491CFAE70378401CCB1A921C03E0FA
:1048B0001D780D70491C5B1C521EF9D5A142D8D33E
:1048C000002070BD8C2211507047002904D002686E
:1048D00080231A43026003E0026880239A43026047
:1048E000704700000EB50020009001900290012159
:1048F000090602988843401802908912019888435B
:10490000401801900123684607C800F069FD174868
:1049100000F085F802228021002000F093F80621A3
:10492000102000F07DFD0023012202210F4800F03D
:104930005FF800210D4800F077F800231A4609219E
:104940000A4800F03AF80121084800F061F8012215
:104950001146064800F022F801210448FFF7B5FF90
:104960000121024800F062F80EBD00000000014085
:1049700010B501210648FFF7A5FF0548006B0005AB
:10498000000D0449086001200349087010BD0000B3
:1049900000000140E0040020E404002010B5002ADB
:1049A00005D080231B580B438024235004E0802330
:1049B0001B588B438024235010BD70B50C469510B6
:1049C000AE00051DA9599507EE0E1F25B5402B46D3
:1049D0000D469D4329469507EE0E2546B5402B46CC
:1049E0000D461D4329469510AD00061D715170BD41
:1049F00070B5032900D100BF5C1E2404551E2D0292
:104A00002C430C430568802635402C43046070BD60
:104A1000CA06D20E02674A0952014267704701680E
:104A2000402211430160704701627047002904D0A1
:104A3000426F01231A43426703E0426F520852005B
:104A400042677047F7B50B46009DED00154EAA1959
:104A5000002000240027002120E000240027FF255B
:104A60008D401D40002D17D000200FE01D46C54091
:104A700001268E403540002D07D086000F25B54019
:104A80002C438600029DB5402F43401C0828EDD3DF
:104A90001568A5433D431560121D08310829DCDD6A
:104AA000FEBD00002020024000200349087003489A
:104AB0000068034908607047A4010020A00000209E
:104AC000A0010020FEB5002000900190029001217D
:104AD000090402988843401802900123684607C8D9
:104AE00000F07EFC0E480068012104F010FD044631
:104AF0007D22D2000023FEF76BFB064631460948B3
:104B000000F04DF90021074800F04BF9012105485C
:104B100000F039F90121034800F029F9FEBD000039
:104B2000880500200060074070B504460548056808
:104B300001E001F0F5F903480068401BA042F8D3FA
:104B400070BD0000A000002010B53F4800F008F93B
:104B500003F0A4FD3D480068401C3C4908603C4807
:104B60000068401C3A4908603A480078012804D19E
:104B700039480088401C38490880384800780028A7
:104B80003FD137480088401C3549088035480078B7
:104B9000042801D1344800E034483149098888426A
:104BA00009D230480078042801D12F4800E02F486E
:104BB000401C2B4908802E480088401C2C49088046
:104BC00028480078042801D1274800E027482849D0
:104BD0000988884209D223480078042801D1224854
:104BE00000E02248401C2249088001F043FD01F00A
:104BF000B1FE10211F4809F0A5FD10211E4809F043
:104C0000D3FD1E480088401C1C49088008460088C7
:104C1000C82809DB002008801948006B10210840D3
:104C2000002801D004F014FC16480088401C1549E7
:104C3000088008460088322805DB0020088003F041
:104C4000ABFE03F0C3FE10BD00600740A0000020D3
:104C5000A40000204805002076050020B3040020B1
:104C6000B0040020F2010020E093040060EA00009C
:104C7000C00400201E0900202E090020B8000020DA
:104C800000800840BA000020FEB50020009001908E
:104C900002900121490402988843401802900123A0
:104CA000684607C800F09CFB0E4800687D21C900DB
:104CB00004F02DFC04467D22D2000023FEF788FA82
:104CC00006463146084800F06AF80021064800F020
:104CD00068F80121044800F056F80121024800F06C
:104CE00046F8FEBD880500200070074010B5154845
:104CF00000F036F801201449086014480068401C90
:104D00001249086012480068401C114908601148A7
:104D10000068401C0F4908600F480088401C0E497D
:104D2000088007F0B9FC07F09DFD10F0C7FA0B48AA
:104D30000078002801D1012000E000200749087018
:104D400010BD000000700740A8000020AC0000204B
:104D5000B0000020F0040020B4000020B6000020C5
:104D60004168490849004160BFF34F8F70470029EF
:104D700004D0026804231A43026003E0026804239B
:104D80009A4302607047002904D0026801231A4345
:104D9000026003E002685208520002607047C1607E
:104DA0007047816070470000F0B5364E0120B0704A
:104DB00000252F462EE0284601F0ACFE002827D122
:104DC0002C4644204443F06C015DCA0701D089079A
:104DD0001ED4B7702018C28D416889184160F06CEC
:104DE0002018028E816889188160F06C2018417843
:104DF000491CC9B2417010290AD3F06C0021201857
:104E00004770284602F070FE0121284602F06CFE31
:104E10006D1CEDB2707B8542CDD3B07800282FD0C9
:104E2000002329E0184601F075FE002822D11A4619
:104E300044214A43F16C144851188881F16C51188F
:104E40000882F16C51188882F16C51180883F06C5B
:104E50001018C781F06C10184782F06C1018C782C8
:104E6000F06C10184783F06C1118088E0887F16CED
:104E70005118C8865B1CDBB2707B8342D2D377713A
:104E8000F0BD0000A8050020FFFF0000F0B51F4D99
:104E9000E88C68640026374630E0304601F03AFE80
:104EA000002829D1344644204443E86CFD22015DAA
:104EB000490849001140015520184770E86C01214C
:104EC00020184760E86C490220188760E86C0022CF
:104ED00020184186E86C20188186E86C20184185EE
:104EE000E86C20188185E86C2018C785E86C2018CC
:104EF0000786304603F052FC761CF6B2687B864289
:104F0000CBD3AF706F70EF70F0BD0000A80500202C
:104F100070B505460C46002D02D0012D74D174E009
:104F2000002C4DD0284610F07FFC7448008874494E
:104F300008800A20714908800120724908706F4872
:104F40000078487000207049088002206F4908707E
:104F50006D4800786E4948706B48807800282AD0E8
:104F600000206949C870087188704871002166483E
:104F70008171C171017267480078012803D10D2049
:104F800002F098F900E000BF63480078092811D1C9
:104F90006048007801280DD15B4A1178574A107893
:104FA00010F0C8FC5849087802F0FEF9022007F01A
:104FB000C5FE01E000E000BF01205049487223E037
:104FC0004F4800884D49088001204E4908704C48E0
:104FD000007848704949087802F0E6F94A4A1178A1
:104FE000464A107810F0A6FC44480088002805D0F6
:104FF0004248018828460EF0A9FC02E0474806F026
:10500000C7FD00203D49487275E0002C4DD0284670
:1050100010F00AFC3C480088394908800A203A49C7
:1050200008800220394908703748007838494870AC
:105030000020324908800120324908702F4800784A
:1050400048702E48807800282AD000202B49C8704C
:10505000087188704871002128488171C1710172FE
:105060002C480078002803D10D2002F023F900E03D
:1050700000BF29480078092811D126480078002867
:105080000DD1214A11781D4A107810F053FC1B49AC
:10509000087802F089F9022007F050FE01E000E0F4
:1050A00000BF01201849487224E0154800881649BD
:1050B000088002201549087011480078144948708A
:1050C0001149087802F070F90F4A11780B4A1078EC
:1050D00010F030FC0C480088002805D00A480188F0
:1050E00028460EF033FC02E00D4806F051FD00208A
:1050F0000549487200BF00BF70BD00003E09002096
:10510000F0010020750100204A0900202E0900202E
:105110007D0100208C010020F2010020C40100204C
:10512000D40100207FB50446002001900290039036
:10513000012189030298884340180290890303984B
:10514000884340180390012301A807C800F048F9DC
:105150000D2210210320FFF775FC21462248FEF79F
:105160000DF8451E0321684641800580002101712C
:1051700000200290FF2101316846818169461B4869
:1051800003F0C0FBFF210131184803F031FB00217F
:1051900068460170072141800021017141718171D0
:1051A000C171017201214172691C3C2251430846C0
:1051B0006421FDF7E3FF81B26846418100218181CE
:1051C00069460A4803F030FB0D20002809DB00BFC8
:1051D00000BFC206D20E01219140054A116000BFF6
:1051E00000BF00BF7FBD0000C0E1E40000400340FD
:1051F00000E100E070B504460D462046FFF792FF3F
:10520000A1B200232A46012000F002F870BD000080
:10521000FEB505460C4616461F4621462048FDF7BA
:10522000C3FF401E01900199491C3C22514308468E
:105230006421FDF7A3FF00901A48057021467143D1
:1052400008467D21C900FDF7AFFF174908802146B8
:10525000794308467D21C900FDF7A6FF1349088060
:10526000114800880988401811490860019881B2E6
:10527000104803F044FB009882B200210D4803F06F
:1052800037FB012211020B4803F0C3FA012200216F
:10529000084803F09FFA0121064803F0AEFAFEBD6C
:1052A000C0E1E400F8030020FA030020FC03002022
:1052B0000004002000400340884202D9401A80B216
:1052C000704700207047000070B504461748406BD7
:1052D0004607760F00F02EF82060330004F02FF917
:1052E000081605080B16160E12162068606010E0EE
:1052F0000F4860600DE00E4860600AE00120C003C6
:10530000606006E07D200002606002E000206060D6
:1053100000BF00BF0548056A052D02D3606840093B
:1053200001E06068E840A06070BD000000800840B7
:1053300000127A00F0B51B480068FF27013738409B
:10534000040A1848C069C50F164840687F003840F5
:10535000460A002E01D10020F0BD002C01D11248D8
:1053600000E0114802460F4FBF69FF00F80F1746D3
:10537000C7403A46012D01D11046EDE70948806942
:105380000F27FF053840C10D002900D11021054825
:10539000806903277F053840430D10464843D840B5
:1053A000DAE700000080084000127A007EB504466B
:1053B000002560118000094946182E2C00D10225D5
:1053C000E406E40E0321A14030680840E04045199E
:1053D0006846FFF779FF0298E8407EBD38800840B4
:1053E0003FB50E4C606AE16A226B0446009DAC43F7
:1053F00020460C46019DAC4321461446029DAC4319
:105400002246002B05D0009C2043019C2143029C96
:105410002243024C6062E16222633FBD008008408B
:10542000054A926A072383409A430B4683401A43F6
:10543000014B9A62704700000080084010B5034697
:10544000084843606520074C206003E00878054C5D
:105450002073491C1046521E0028F7D1014880686D
:1054600080B210BD00A0084000B587B000200190B8
:10547000029003900121490301988843401801904C
:10548000012301A807C8FFF7ABFF01206946087494
:105490000548006805900020069004A9034800F024
:1054A00007F807B000BD0000C404002000A00840B9
:1054B00002464B6853600B78002B06D0012B06D0B8
:1054C000022B06D00F2B06D106E0002006E0652057
:1054D00004E0E62002E000BF886800BF00BF106063
:1054E0007047000010B500200C4B012498645A7BD3
:1054F00011E0986C521E40009864D0B201F014FB89
:10550000002807D0D0B202F0E3FD002802D0986C4A
:1055100020439864D2B2002AEBD110BDA805002028
:10552000F0B5274C0746A0790025002805D1A078C2
:10553000002802D0E079002801D0A5653DE00023D5
:105540001A4622E0104601F0EFFA00281BD0104660
:1055500044214843E16CE68E4018018FB14206D9E0
:10556000418E00290FD0808E00280AD10BE0A68E34
:10557000B14208D2468E218F8E4204D2808E88425C
:1055800001D2627B0123521CD2B2607B8242D9D30A
:10559000002B05D0A06DC019A065E08C606400E010
:1055A000A565606DA18D884201D3608D00E0208DDE
:1055B000A16D814201D90120F0BD0020F0BD0000A5
:1055C000A805002010B500200649024606E0442345
:1055D000CC6C43431B19401CDA87C0B24B7B98420A
:1055E000F5D310BDA80500200348FF21C17200219A
:1055F000C182018370470000A8050020704710B5E4
:1056000001F058FA10BD0000014601228A40104600
:10561000014A506090607047404002400121814043
:10562000024A9161BFF34F8F704700004040024033
:10563000F8B5192636037F27BF0235460AE028460B
:1056400000F03AFA0446002C01D00020F8BD0120F9
:1056500080022D18BD42F2D9002000F017F9012078
:10566000F4E70000FFB5FFB0FFB087B02949FFA8FD
:105670004161406914214843192109034718B80AB8
:105680008502002405E0A0002858A10004AA50507B
:10569000641CFF2CF7D9781B81080391002407E0D4
:1056A0000021C94303980019800004AA1150641C0A
:1056B000052CF5D3284600F0FFF90646002E04D04D
:1056C00000207FB07FB00BB0F0BD002412E0A0003E
:1056D00004A90858401C00280BD0A20004AB99581C
:1056E000A200501900F0F4F90646002E01D0002067
:1056F000E7E7641CFF2CEAD9FFA8C26B016C406A83
:10570000019202910090FFA814300FC800F062F8D7
:10571000D7E700008B050000F0B589B007460E46BC
:105720001C2102A8FDF7ACFD1420704319210903C8
:1057300045182C6868460472200A03906C6821069C
:10574000039808430390200A0490AC68210604984B
:10575000084304902002010C68468182E8680790A3
:1057600028690890039A0499891A6A46928A5143D3
:105770000846FEF761FB06490190FEF78AF906909C
:105780001C2202A93846FDF762FD09B0F0BD0000F9
:1057900000006145632080020068704710B50A4B25
:1057A00000210CE088000B24A4020019026A501C9E
:1057B000002800D102E088001A5000BF491C0829C7
:1057C000F0D3012010BD0000080500200B2080024E
:1057D00000687047FFB585B016461F46142105982E
:1057E0004843192109034518142003902846133013
:1057F000029025490298884202D9002009B0F0BDE4
:1058000030020699084304902846049900F060F994
:105810000446002C01D00020F0E7300E3902084386
:105820000490281D049900F053F90446002C01D07F
:105830000020E3E7380E0E99090208430490284639
:105840000830049900F044F90446002C01D00020EF
:10585000D4E70F98019028460C30019900F038F9F0
:105860000446002C01D00020C8E71098009028467C
:105870001030009900F02CF90446002C01D00020D3
:10588000BCE70120BAE7000000FF0100F0B5FFB05F
:10589000FFB085B00746632080020168FFA8C160A1
:1058A000C068B84204D101207FB07FB005B0F0BD20
:1058B0006326B6023046801B8108FFA88160C0685D
:1058C000401C00280AD13946304600F001F905464F
:1058D000002D01D10120E7E70020E5E7002405E0E5
:1058E000A0003058A10001AA5050641CFF2CF7D929
:1058F000FFA88068800001A90F50304600F0DCF856
:105900000546002D01D00020CEE7002412E0A000C3
:1059100001A90858401C00280BD0A20001AB9958DF
:10592000A200901900F0D4F80546002D01D0002007
:10593000BAE7641CFF2CEAD90120B5E7F0B5FFB047
:10594000FFB087B03E4F0B208002016AFFA80161C3
:105950000021C160002410E0A1000B2292028918EE
:10596000086AA1007958814206D0411C002903D061
:105970000121FFAAD16002E0641C082CECD300BF17
:10598000FFA8C06800283AD00B26B6020196002472
:1059900006E0A10001984158A00002AA1150641C21
:1059A000FF2CF6D92748801B81080091002407E0CE
:1059B000A0003A5800990819800002A90A50641CF6
:1059C000082CF5D3304600F077F80546002D04D0BA
:1059D00000207FB07FB007B0F0BD00240CE0A20033
:1059E00002AB9958A200901900F072F80546002DFC
:1059F00001D00020EDE7641CFF2CF0D91DE000244D
:105A000019E0A0003858FFA94861A0000B218902C5
:105A10004018066AFFA9486986420BD0A100094ACE
:105A20008818FFA9496900F053F80546002D01D0F8
:105A30000020CEE7641C082CE3D30120C9E7000056
:105A400008050020202C00000EB502F063FBFFF7D4
:105A500039F80020009001900290FF210131029856
:105A600088434018029049000298884340180290E9
:105A7000C901029888434018029089100198884310
:105A800040180190090102988843401802900123B0
:105A9000684607C8FFF7A4FC01F046FE03F0D6F8FD
:105AA000112003F0FBFD0B2003F0F8FD0121022083
:105AB00002F05AF80EBD000010B504460348046019
:105AC00008200249C86000F011F810BD000008402D
:105AD00030B504460D460448046045600420024980
:105AE000C86000F003F830BD00000840174A1848AD
:105AF000406902231843164B58611420186106E0D0
:105B0000134800690C2318400C2800D103E010460C
:105B1000521E0028F4D100BF0D488169806902231C
:105B200098430B4B9861012040040840002801D0A5
:105B30000220704702200840002801D00120F8E729
:105B4000002A01D10320F4E70020F2E7FFFF0F0055
:105B500000000840816270473EB50020009001902F
:105B600002900121090400988843401800904900E0
:105B700000988843401800904900009888434018D6
:105B800000904900009888434018009049110198FE
:105B90008843401801900123684607C8FFF720FC9E
:105BA000012200210846FEF74DFF01221146002088
:105BB000FEF748FF012202210020FEF743FF0122E9
:105BC00003210020FEF73EFF012204210020FEF702
:105BD00039FF012205210020FEF734FF01220621B2
:105BE0000020FEF72FFF012207210020FEF72AFFE9
:105BF000FF2050490860012204211046FEF722FFD1
:105C0000012208211046FEF71DFF01224021104607
:105C1000FEF718FF012251031046FEF713FF012281
:105C200091031046FEF70EFF00220121490342486E
:105C300000F0E6F80022012189033F4800F0E0F877
:105C4000012149033C48FFF785FF012251033A48EF
:105C500000F07CF8032201214903374800F080F866
:105C6000012189033448FFF775FF0122910332486F
:105C700000F06CF80322012189032F4800F070F82E
:105C8000002204212C4800F061F8012208212A4852
:105C900000F05CF800224021274800F057F800226D
:105CA0000421254800F082F800224021224800F01B
:105CB0007DF801220421204800F06EF801224021E5
:105CC0001D4800F069F8012211460220FEF7BAFED5
:105CD000012202210846FEF7B5FE0122032102201F
:105CE000FEF7B0FE01220E210220FEF7ABFE0122DC
:105CF0000F210220FEF7A6FE104804681048044356
:105D00000E480460FF200B4908620E480A490862E9
:105D10000A490862012211460320FEF793FE002281
:105D20000121094800F012F801221146064800F04E
:105D300033F83EBD00000B4000200B4000400B40FC
:105D40000EC00000FFFF000000600B40002A03D0DF
:105D500003680B43036002E003688B4303607047F2
:105D6000F0B517460024002500220CE0CE07F60F00
:105D7000002E06D053003E469E40344303269E40EC
:105D800035434910521C102AF0D34669AE43466190
:105D9000466926434661F0BD002A03D043680B43A1
:105DA000436002E043688B434360704730B514465C
:105DB0008268C36815468D432A461D468D432B468F
:105DC000002C04D0012C06D0022C09D107E0154686
:105DD0000D432A4605E01D460D432B4601E000E039
:105DE00000BF00BF8260C36030BD0246D3690B4074
:105DF000002B01D0012000E0002070474162704775
:105E0000002A01D0416200E081627047F0B587B09E
:105E1000002700240020009001900290FF21013112
:105E200002988843401802900123684607C8FFF78C
:105E3000D7FA1C480068012103F069FB05467D2262
:105E4000D2000023FDF7C4F9471E00E0641C611C6A
:105E50003846FDF793F914498842F7D8611C384653
:105E6000FDF78CF9074668468781C48100210174DB
:105E700000200590FF2101316846018303A90B48EA
:105E800002F040FDFF210131084802F0B1FC01227F
:105E90001102064802F0BDFC0121044802F0ADFCED
:105EA00007B0F0BD88050020FFFF000000E00640BD
:105EB00010B5FF210131144802F09AFC02F0CEFE29
:105EC00000F03CFE00F0E6FE104908701048007833
:105ED000132811D0084600780E490978884206D068
:105EE0000A4800780FF028F901200B49087007488C
:105EF00000780849087002E0132006490870012064
:105F00000649087010BD000000E00640450500206D
:105F1000440500206C010020600100206101002088
:105F200070B554480078002800D070BD0120514958
:105F300008705148007800280FD000204E490870A2
:105F400006F07AFD4D480078042803D119214CA0B1
:105F500003F086FA192008F003FB4C48007800286B
:105F60000FD000204949087006F066FD43480078CC
:105F7000042803D11A2142A003F072FA1A2008F073
:105F8000EFFA18E00FF0C6F80546284607F0E8FDDE
:105F90000446132C0ED006F04FFD38480078042834
:105FA00004D1214636A003F05BFA00E000BF204692
:105FB00008F0D6FA00BF00BF3548007835490978A7
:105FC000884201D1012000E000200028DAD013200F
:105FD00031490870002031490870314800780028A4
:105FE00042D000202E49087024480078022803D0AF
:105FF00022480078052837D12A48807808280AD016
:106000002948807A002806D101202749887227482C
:1060100005F0BEFD0AE023488078082806D1224812
:10602000807A002802D000201F498872204880789A
:10603000022819D11F48807808280AD01E48807A83
:10604000002806D101201C4988721C4805F0A0FDDB
:106050000AE018488078082806D11748807A002876
:1060600002D000201449887200200249087000BF45
:106070005BE700006D0100204C050020F2010020CC
:106080004556454E543A25640A000000620500203A
:106090006A0100206B0100204405002060010020FF
:1060A000610100201E0900203E090020C4010020DB
:1060B000F40600202E0900204A090020D401002007
:1060C00010B508F013FC002800D110BD00F028F82E
:1060D000FBE7000038B5044608210E48FFF78EFEA6
:1060E0000D48006800900EE00B4800680099401AC7
:1060F000A04200D908E0FFF713FF08480078042801
:1061000001D00CF03DFDEFE700BF08210148FFF78B
:1061100021FD38BD00200B40A0000020F20100202E
:106120001CB50B4804680B480068002807D00948D4
:106130000068201A0849884201D201201CBDFF22B4
:10614000F53206A1684608F01BF968460078F5E7C5
:10615000A0000020E8040020B80B0000415400001B
:1061600070B507F073FE08F0C1FB002817D029486E
:10617000FFF7B0FF2848056801E0FFF7D1FE08F0FF
:10618000B5FB002805D024480068401B23498842FD
:10619000F3D37D20C00008F083F907F057FE0024F8
:1061A00018E03220FFF796FF1B48056801E0FFF773
:1061B000B7FE08F09BFB002805D117480068401B7C
:1061C00016498842F3D308F091FB002800D003E081
:1061D000601CC4B2032CE4D300BF08F087FB002886
:1061E00000D170BD07F0C4FD0D490E4807F062FEF6
:1061F00000240BE0FFF794FF002801D00120F0E716
:106200007D20C00008F04CF9601CC4B2052CF1D30D
:106210000020E6E7C4090000A000002010270000CD
:10622000204E0000B80B00007CB504460D4618490E
:1062300003C9019100900198002804D0002D02D0DC
:106240002878002804D101990098616020607CBD05
:1062500010480078002804D00199009861602060FF
:10626000F5E7FFF72DFF002809D1FF210131019843
:10627000FDF706F80199009861602060E7E77D224C
:1062800092012946204608F07BF800BFDFE70000B6
:10629000F05B0100C90400200A4A0902891800289D
:1062A00007D0012807D0022807D0032807D00020F4
:1062B0007047086B7047C86A7047886A7047486AB9
:1062C0007047000000A10140002003490870034806
:1062D0000068034908607047AC010020A00000205E
:1062E000B0010020FEB505460E46280117494418A6
:1062F00000200090019002900121490201988843FA
:1063000040180190490101988843401801900123E9
:10631000684607C8FFF764F8227AE1882079FEF71B
:1063200091FBA27BA189A07AFEF78CFB3146206805
:1063300003F00EF801220021206803F079F8012211
:106340001146206803F074F8FEBD0000045E0100F1
:1063500003F068FA10B516480078002826D11548D1
:106360000068002822D014488078002809DD1348EE
:106370000078002802D008F029F904E004F0A4FF16
:1063800001E004F0A1FF0E4800680A4909680D4ABF
:106390008918884205D20A48006806490968884277
:1063A00004D201200249087004F08EFF10BD0000E5
:1063B000AC010020B0010020F4060020B60000204F
:1063C000A000002060EA00000EB5002000900190BF
:1063D0000290019840084000401C0190012189036F
:1063E000019888434018019009010098884340189B
:1063F000009000988843401800900123684607C821
:10640000FEF7EEFF0022FF2101311248FFF7CEFC1C
:106410000022012149020F48FFF7C8FC0722FF2193
:1064200001310220FEF70EFB072201214902022062
:10643000FEF708FB00F0F2F8074808490860102052
:10644000888100200881064848600820C881002013
:1064500048810EBD00400B40640B0020540B00200F
:10646000A60400200EB50020009001900290019833
:1064700040084000401C01900123684607C801F015
:1064800035F80022FF2101310220FEF7DBFA00225D
:10649000012149020220FEF7D5FA0EBD10B50C21EC
:1064A000584800F025FB0446012000052040002844
:1064B0007ED101204005204000283CD0042020400F
:1064C000002818D0012050490870504908705049E0
:1064D000088000204F4948814F4908804D48428933
:1064E0004089401C4B4B588118464068815C4548A8
:1064F00000F00DFB49E0012040042040002844D07A
:10650000012043490880434840894249C98988425B
:1065100004DB00213B4800F0FAFA0BE03D484289D9
:106520004089401C3B4B588118464068815C354887
:1065300000F0EDFA29E004202040002806D00120D8
:10654000334908800020334908811EE001200004FF
:106550002040002819D001202D490880294800F04A
:10656000D2FA2C490A890989491C2A4B19811946F2
:10657000096888541846008919468989884203DBCE
:1065800000201946088100E000BF012040022040A1
:10659000002804D0012149021A4800F0F7F905202B
:1065A00000022040002806D005210902154800E01D
:1065B00018E000F0EBF90120C0022040002818D0BC
:1065C0000121C9020F4800F0E1F90E4800680821D6
:1065D00088430C49086008460068082108430949B7
:1065E000086006E00F20000220400146054800F048
:1065F000CDF902202040002802D000200449088064
:1066000010BD000000800440B2040020AE04002051
:10661000A4040020540B0020B004002000B587B073
:106620000020019002900390029840084000401C16
:106630000290012301A807C800F058FF0021684616
:1066400001744174012181745021018304A9074818
:1066500000F0B4F90121054800F09AF9012204493B
:10666000024800F01DFA07B000BD000000800440A1
:106670000606030010B50C480088002800D110BDA4
:1066800072B609480088401C0749088062B606486F
:106690000088142806DD002003490880FFF7E2FE89
:1066A000FFF792FE00BFEAE7A40400200EB5002029
:1066B000009001900290022101988843801C019073
:1066C00049030198884340180190C9000098884305
:1066D00040180090009888434018009001236846B5
:1066E00007C8FEF77DFE002280211248FFF75EFBFF
:1066F0000022FF2101310F48FFF758FB07228021BC
:106700000120FEF79FF90722FF2101310120FEF74A
:1067100099F900F0F3F808480849086010208881CA
:1067200000200881064848600820C8810020488170
:106730000EBD000000200B40840B0020740B0020D5
:10674000B60400200EB500200090019002900221B6
:1067500001988843801C01900123684607C800F017
:10676000C5FE002280210120FEF76CF90022FF21E6
:1067700001310120FEF766F90EBD000010B50C21B5
:10678000584800F0B5F904460120000520400028D3
:106790007ED101204005204000283CD0042020402C
:1067A000002818D0012050490870504908705049FD
:1067B000088000204F4948814F4908804D48428950
:1067C0004089401C4B4B588118464068815C4548C5
:1067D00000F09DF949E0012040042040002844D009
:1067E000012043490880434840894249C989884279
:1067F00004DB00213B4800F08AF90BE03D48428968
:106800004089401C3B4B588118464068815C3548A4
:1068100000F07DF929E004202040002806D0012066
:10682000334908800020334908811EE0012000041C
:106830002040002819D001202D490880294800F067
:1068400062F92C490A890989491C2A4B1981194680
:10685000096888541846008919468989884203DBEB
:1068600000201946088100E000BF012040022040BE
:10687000002804D0012149021A4800F087F80520B9
:1068800000022040002806D005210902154800E03A
:1068900018E000F07BF80120C0022040002818D04A
:1068A0000121C9020F4800F071F80E480068082164
:1068B00088430C49086008460068082108430949D4
:1068C000086006E00F20000220400146054800F065
:1068D0005DF802202040002802D0002004490880F2
:1068E00010BD000000900440C2040020BE0400203F
:1068F000B4040020740B0020C004002000B587B051
:106900000020019002900390022102988843801C8D
:106910000290012301A807C800F0E8FD00216846A5
:1069200001744174012181745021018304A9074835
:1069300000F044F80121054800F02AF8012204493A
:10694000024800F0ADF807B000BD00000090044020
:106950000606030010B50C480088002800D110BDC1
:1069600072B609480088401C0749088062B606488C
:106970000088142806DD002003490880FFF7E2FEA6
:10698000FFF794FE00BFEAE7B4040020C16070473F
:10699000002904D0026808231A43026003E0026859
:1069A00008239A43026070470246D06808400028D6
:1069B00001D0012070470020FCE70000FEB504462E
:1069C0000D4600200190009000BF00BF2068852187
:1069D00088432978084369780843A97808432060E8
:1069E0002889A0602B48844204D10020FEF7DEFCF9
:1069F00001900EE02848844204D10220FEF7D6FC24
:106A0000019006E02548844203D13620FEF7CEFCF3
:106A100001902068032189030840002806D0012145
:106A20008903401A05D0401A09D105E006200090DC
:106A300005E00820009002E00920009000BF00BFA0
:106A400014236A685A431146019AD300D018FCF700
:106A500095FB0099401AE978461A14236A685A434C
:106A600011460B23019A5A431046FCF787FB009905
:106A7000401AE978471A002E01DA002000E030467B
:106A80000646002F01DA002000E03846074626615E
:106A90006761FEBD0080044000900440008000401B
:106AA000002A03D043680B43436002E043688B43F2
:106AB0004360704710B50720FEF7A6FD0820FEF7DB
:106AC000A3FD0920FEF7A0FD0720FEF7A7FD082083
:106AD000FEF7A4FD0920FEF7A1FD00200249088071
:106AE0000249088010BD0000B0040020C00400204E
:106AF00008B50246002000900092009840180090CF
:106B00000098006808BD01468869C0B2704781617D
:106B100070470000442148430249C96C085C800664
:106B2000C00F7047A805002003490968C140C80785
:106B300000D0012070470000F805002010B501F0DA
:106B4000D9FA002871D101F0CFFA00286ED001F0F7
:106B5000B7F9444908600846006800284AD0012077
:106B60004149087041480088142820DD40480078D9
:106B700000281CD13F480078002818D107F0ACFF4E
:106B8000384909680840002807D0364800683A4963
:106B9000086000203949086006E03248006837493B
:106BA00008600020344908600120314908702F48EE
:106BB000008819214901884240DD2E4800780028CC
:106BC00003D1284800682E490860112002F006FD14
:106BD00026480088C83825490880112002F05EFD4B
:106BE000002028490860012022490870002020491F
:106BF000087023E000201C4908701C4908801D49CA
:106C000008701B480078012818D11F480078042814
:106C10000DD1194800681D490840002807D0002000
:106C2000134908701449086008E014E012E01248A3
:106C300000681449086000200D4908701248007867
:106C400004280DD10748006801F016FF05480068C8
:106C500001F086FF04E000200D490870FEF7F4FE05
:106C600010BD0000400500204805002076050020EA
:106C7000490500204A0500207805002084050020F1
:106C80007C05002080050020F20100200440000067
:106C90005200002000B5E4480178E4480278E44856
:106CA0000068E44B1860E44800685860E3480068F6
:106CB00098600020E04B1860DD4B1860DF4B1860D7
:106CC000D94B1870D94B18701320DD4B1870002069
:106CD000DC4B1870002908D01920D94B18700120FE
:106CE000D84B1870D648007800BD002A08D01A206A
:106CF000D34B18700120D34B1870D1480078F3E7BC
:106D0000CC4800680123DB031840002804D1C9489F
:106D100040681840002806D00F20C94B1870012089
:106D2000C84B187041E1C348006801231B03184099
:106D3000002804D1BF4840681840002806D00C2025
:106D4000BF4B18700120BF4B18702EE1B948007876
:106D5000C007C00F002805D1B6480079C007C00F92
:106D6000002806D00020B64B18700120B54B1870D3
:106D70001BE1B048006802231840002804D1AD4848
:106D800040681840002805D00120AD4B1870AD4B6D
:106D900018700AE1A748006804231840002804D1AD
:106DA000A4484068184000280AD0A7480078042862
:106DB000B8D00220A24B18700120A24B1870F4E04A
:106DC0009C48006808231840002804D1994840686E
:106DD0001840002806D00320994B18700120994BC9
:106DE0001870E2E09348006810231840002804D18E
:106DF000904840681840002806D00520904B187035
:106E00000120904B1870D0E08A4800682023184079
:106E1000002804D1874840681840002806D0042084
:106E2000874B18700120874B1870BEE081480068BE
:106E300040231840002804D17E48406818400028AC
:106E400006D006207E4B187001207E4B1870ACE0F7
:106E50007848006880231840002804D175484068AD
:106E60001840002806D00720754B18700120754B7C
:106E700018709AE06F480068FF230133184000281B
:106E800004D16C4840681840002806D008206C4B9C
:106E9000187001206B4B187087E06648006801236A
:106EA0005B021840002804D162484068184000285E
:106EB00006D00920624B18700120624B187074E0F4
:106EC0005C48006801239B021840002804D15948FF
:106ED00040681840002806D00A20594B187001203D
:106EE000584B187061E0534800680123DB021840DA
:106EF000002804D14F4840681840002806D00B20D5
:106F00004F4B187001204F4B18704EE049480068F5
:106F100001239B031840002804D1464840681840CC
:106F200000280AD04848007804283ED00E20444B60
:106F300018700120434B187037E03E480068012369
:106F40005B031840002804D13A48406818400028E4
:106F500006D00D203A4B187001203A4B187024E0EF
:106F60003448006801235B041840002804D13148EC
:106F700040681840002806D01120314B18700120BD
:106F8000304B187011E02B48006801231B04184097
:106F9000002804D1274840681840002805D0102058
:106FA000274B18700120274B187022488068022355
:106FB0001840002806D01720214B18700120214BC3
:106FC00018702DE01B48806801231B04184000281E
:106FD00006D015201A4B187001201A4B18701FE0AC
:106FE000144880680123DB031840002806D01420D1
:106FF000134B18700120134B187011E00D48806876
:107000000823184000280BD00A4880689B021840CB
:10701000002805D018200A4B18700120094B187061
:107020000748007860E600004C050020620500205B
:1070300080050020BC170020840500207C0500206E
:10704000440500203C050020F201002003480069AF
:1070500001210843014908617047000000A0054074
:10706000002806D00649096801221143044A11602C
:1070700005E00349096849084900014A1160704761
:1070800000A0054000B587B000200090019002905C
:10709000012189030198884340180190C903019890
:1070A0008843401801900123684607C8FEF798F905
:1070B0000E2201210020FDF7C5FC0E220221002036
:1070C000FDF7C0FC0E2204210020FDF7BBFC0E22C0
:1070D00008210020FDF7B6FC0E2210210020FDF74C
:1070E000B1FC0E2220210020FDF7ACFC0E22402135
:1070F0000020FDF7A7FC0E2208210320FDF7A2FCCB
:107100000E2210210120FDF79DFC0E2220210120DE
:10711000FDF798FC0E22012189030220FDF792FC65
:107120000E220121C9030220FDF78CFC0E22022150
:107130000846FDF787FC0E2204210220FDF782FCA1
:107140000E2208210220FDF77DFC01216846017313
:10715000002141730220049000200690DF2080006F
:10716000059003A800F034F80222FF210904DF2073
:10717000800000F053F8012000F03EF81D200028A8
:1071800009DB00BF00BFC206D20E01219140054AB3
:10719000116000BF00BF00BF0120FFF761FF07B013
:1071A00000BD000000E100E004480069C007C00F16
:1071B000002801D0012070470020FCE700A0054016
:1071C00010B5FFF7F1FF002801D0FFF73FFF10BD1A
:1071D0000021084A11600178090242781203114324
:1071E000828812041143034A116081685160C168AA
:1071F0005161704700A00540002806D00649C968C3
:1072000001221143044AD16005E00349C9684908D5
:107210004900014AD160704700A0054010B5002A1E
:1072200006D0012A0CD0022A14D0032A24D11BE054
:10723000124B9B6804460C43A343104CA3601BE015
:107240000E4B9B6803430D4CA36023469B688B4306
:10725000A36011E0094B9B688343084CA36023465D
:107260009B680B43A36007E0044B9B6804460C43F8
:107270002343024CA36000BF00BF10BD00A0054027
:1072800030B50546002405E02946204600F012F8F6
:10729000601CC4B20F2CF7DD00231A46294618469D
:1072A00000F02EF800231A462946012000F028F8A5
:1072B00030BD000030B502460B460F2A00DD30BD60
:1072C00054000D4D60190D4C0578AD00645921B284
:1072D000002B05D045780124AC400C4321B205E0D9
:1072E00045780124AC400D46A54329B2034C0578EE
:1072F000AD00615100BFE2E7D000002018A00540BA
:10730000F0B504460D461F46002C02D0012C00D0DB
:10731000F0BDA300224E9819224B0678B6009B5967
:1073200019B2002D05D046780123B3400B4319B2A2
:1073300005E046780123B3400E469E4331B2002D4E
:1073400005D046780123B3400B4319B205E04678D7
:107350000123B3400E469E4331B2002A05D0867801
:107360000123B3400B4319B205E086780123B340F3
:107370000E469E4331B2002F05D0C6780123B3409C
:107380000B4319B205E0C6780123B3400E469E4375
:1073900031B2044B0678B600995100BFB8E700003F
:1073A000F000002018A0054030B502460A2A00DD92
:1073B00030BD00211BE04C000F4D60190F4C0578CB
:1073C000AD00645923B2914205DC45780124AC40FC
:1073D0001C4323B205E045780124AC401D46A5437B
:1073E0002BB2064C0578AD0063514C1CE1B20A2962
:1073F000E1DD00BFDCE70000D000002018A0054060
:1074000010B5002113E04B000A4C18190A4B047800
:10741000A4001B591AB244780123A34014469C438C
:1074200022B2054B0478A4001A514B1CD9B20A2988
:10743000E9DD10BDD000002018A00540012003495F
:1074400008700348006803490860704795040020ED
:10745000B000002098040020704700000120084977
:10746000486000BF0648406801210903884300289E
:10747000F8D100BF024800680028FBD17047000027
:1074800000A1064070471FB5E12040020090FF2197
:107490000131684681800021C18001810020039074
:1074A0006946FEF71FFF1FBDF8B504460D460A27C3
:1074B0002046FBF71BFF064600BF002E01D12046E9
:1074C000F8BD022E0ADD2078302807D160787828B0
:1074D00002D06078582801D11027A41C2A462146E2
:1074E000384602F0BFF900900098E9E73FB50E4C2E
:1074F0006068A168E2680446009DAC4320460C46E3
:10750000019DAC4321461446029DAC432246002B0C
:1075100005D0009C2043019C2143029C2243024C45
:107520006060A160E2603FBD008108400449896855
:107530000222914342001143014A916070470000CA
:1075400000A00640002806D00649896801221143A0
:10755000044A916005E00349896849084900014AE5
:107560009160704700A006400EB500200090019089
:1075700002904021029888434030029001236846DF
:1075800007C8FDF72DFFFFF769FF0020FFF7CEFFCB
:107590000520400200F032F80121084600F018F8FA
:1075A0000020C04300F024F80120FFF7CBFF0121A9
:1075B000080200F02FF80EBD0148C068C0B2704745
:1075C00000A0064010B5FFF7F7FF044610BD00000D
:1075D000002905D0054A12690243044B1A6104E0F0
:1075E000024A12698243014B1A61704700A00640AB
:1075F000014948607047000000A0064004498968BE
:107600000F22120291430143014A9160704700002A
:1076100000A00640002905D0054A12690243044B28
:107620001A6104E0024A12698243014B1A617047F1
:1076300000A0064010B5FF2101311F4801F0D8F825
:107640001E480068002835D01C480068401E1B49B1
:107650000860084600681A490988884204D1002257
:107660001146154801F0B6F814480068002821D1E9
:1076700014480088124909884018104908600122FE
:1076800000210D4801F0A6F80F480078002804D02A
:107690000D480078401E0C4908700B4800780028FF
:1076A00008D10021044801F0A8F806221021032087
:1076B000FDF7C8F910BD00000040034000040020A1
:1076C000FC030020FA030020F8030020C1B2054AA1
:1076D000116000BF03490969FF22013211400029EE
:1076E000F8D07047000004407047000030B5002417
:1076F0000C4D12E02046FFF70DFA00280BD1442074
:10770000E96C60434018E978002249004018418E36
:10771000204601F043F8641CE4B2687B8442E9D35C
:1077200030BD0000A80500200EB50020009001909B
:10773000029001218904029888434018029009119F
:1077400001988843401801900123684607C8FDF757
:1077500047FE0C2210210220FDF774F90C22202193
:107760000220FDF76FF90C2240210220FDF76AF993
:107770000C2280210220FDF765F90C220121C903AA
:107780000120FDF75FF90C2201210220FDF75AF9D3
:107790000C22012189020220FDF754F90C2201215B
:1077A000C9020220FDF74EF90C22FF210131002011
:1077B000FDF748F90C22012149020020FDF742F9AA
:1077C0000C22012189020020FDF73CF90C22012145
:1077D000C9020020FDF736F90C220121090300201F
:1077E000FDF730F90C22012149030020FDF72AF9A9
:1077F0000C22012189030020FDF724F90C2201212C
:10780000C9030020FDF71EF90C2201210846FDF7EF
:1078100019F90C2202210120FDF714F90EBD10B553
:107820000021192001F04AFF0121132001F046FF39
:107830000121142001F042FF0121112001F03EFF3F
:107840000121122001F03AFF02210C2001F036FF45
:107850000221182001F032FF0221012001F02EFF49
:107860000221082001F02AFF192001F0C7FE132091
:1078700001F0C4FE142001F0C1FE112001F0BEFE93
:10788000122001F0BBFE0C2001F0B8FE182001F020
:10789000B5FE012001F0B2FE082001F0AFFE10BDE0
:1078A00000B50749095C002000F01AFF054801688F
:1078B000490849000160016801221143016000BDCF
:1078C000E205002000A00140704700005748006B0F
:1078D000102108435549086355485649086100205E
:1078E0004860084680680005000D0521090340181E
:1078F0005049886050484860504808604B48006BC9
:1079000040210843494908634D4840691021084314
:107910004B4948614548406A0121C90288434349AF
:107920004862084640680121C90208433F4948604F
:1079300000BF3E4880680007C00F0028F9D03B48D0
:107940004068C008C000C01C3849486000BF3748C4
:10795000406B4007400F0328F9D13A480068C0083F
:10796000C000401C374908600020304908620846C2
:107970004068491588432D494860084600688915C4
:1079800008432A4908600846406808218843274977
:1079900048600846006849150843244908600846BD
:1079A000006B40218843214908630F20C00588618E
:1079B00008468069490308431C49886108460068F5
:1079C0008915084319490860084640684915084365
:1079D0001649486000BF154880688007C00F00281E
:1079E000F9D018480068C008C000C01C15490860DC
:1079F00000200E49086208464068C008C000401CCC
:107A0000486000BF0948406B4007400F0128F9D18A
:107A10000C480068102108430A4908600348406880
:107A200009158843014948607047000000800840FC
:107A3000CA35000000800640A0AF01000100A05F31
:107A400000ED00E00002084010B51149114800683F
:107A5000FBF794FB1049086008467D21C9000468C3
:107A60004C43601E0D49884200D90CE0601E0C4951
:107A700048610321081F01F05DFE0020084988616C
:107A80000720086100BF0021481E01F053FE10BD11
:107A900040420F0088050020CC040020FFFFFF00BB
:107AA00000E000E070B503460D4E75690022B16933
:107AB0000C4E36685E4334460FE0094EB06988428A
:107AC0000BD0884202D20E1AB21802E02E1A761893
:107AD000B2180146A24200D300E0EEE700BF70BD3D
:107AE00000E000E0CC040020F0B54422184F5043E1
:107AF000FA6C8B008218D21853684D001B031C0CC3
:107B000000235360FA6C7E8B821853195A8EB4424C
:107B100002D95E8DB24302E0B44203D25E8D760894
:107B20005E853243FE6C861976197286FA6C861869
:107B300075196D8D002D02D07B8B9C4207D10029D9
:107B4000115C01D0022300E0012319431154F0BD60
:107B5000A8050020014908617047000000A001400D
:107B600010B500F0B3F910BD002905D0054AD26860
:107B70000243044BDA6004E0024AD2688243014BBC
:107B8000DA60704700A0014010B50020084B094C96
:107B90000AE04421DA6C414389188A8FA24201D25B
:107BA000521C8A87401CC0B2597B8842F1D310BD59
:107BB000A805002060EA000010B5044800F062FC4F
:107BC00000F028FAFFF7B0FD10BD00004C100020B7
:107BD000F0B50025204F3AE02846FEF7A5FF002823
:107BE00033D02846FEF796FF00282ED128464421A0
:107BF000FE6C484381194022525A002A25D10B8F2E
:107C0000CA8E9C1A24B2002C1FD0641000D101240B
:107C1000934201D9CB8618E0934216D2305C3E7C69
:107C20004006C00F304205D0D01A4B8F5B009842FF
:107C300009DC0AE0B88A002807D1B879002804D105
:107C4000888F302801D91019C8866D1CEDB2787B59
:107C50008542C1D3F0BD0000A8050020F0B5964CC8
:107C60006079401C60716079002601280AD0617932
:107C7000204602297ED14179022900D34671002491
:107C8000054614E1002588E02846FEF74DFF002850
:107C900071D02B4644204343E06C1818C189C1833E
:107CA000E06C181881898183E06C84491818C681BA
:107CB000E06C18188181E06C1818428A4284E06CEC
:107CC0001818028A0284E06C18184682E06C1818B2
:107CD0000182E06C18188189C089FDF7EDFA02B2C3
:107CE000E06C1818018A408AFDF7E6FA00B2824279
:107CF00000DD104681B2E06C18188184E06C181821
:107D0000C28C408801F0A4F90246E06C1818428049
:107D1000E16C52085818478FBA42CA5C02D9202732
:107D20003A4301E0DF273A40CA54C18B428C91426A
:107D300000D31146008F081A02B2104602F09AFBD7
:107D4000218E4908884203D2E16C0420591805E0CD
:107D5000E06C19184878002801D0401E4870104681
:107D600002F088FB002816D02846FEF7D3FE002834
:107D7000E06C01E015E00EE003D018184078401CDC
:107D800001E018184078024100D10122E06C181877
:107D9000018F891801876D1CEDB2607B854200D28E
:107DA00072E7F0BD2046FEF7BFFE00287DD02346D7
:107DB00044204343E86C1818C18AC183E86C181842
:107DC000818A8183E86C3D491818C682E86C1818CE
:107DD0008182E86C1818428B4284E86C1818028B78
:107DE0000284E86C18184683E86C18180183E86C64
:107DF0001818818AC08AFDF75FFA02B2E86C181879
:107E0000018B408BFDF758FA00B2824200DD10462C
:107E100082B2E86C1818C284E86C1818818C40880B
:107E200001F016F90246E86C18184280E96C520815
:107E30005818478FBA42CA5C02D920273A4301E05A
:107E4000DF273A40CA54C18B428C914200D311467D
:107E5000008F081A02B2104602F00CFB298E490866
:107E6000884203D2E96C0420591805E0E86C19181F
:107E70004878002801D0401E4870104602F0FAFAF7
:107E8000002812D02046FEF745FE0028E86C04D0FA
:107E900018184078401C02E007E0181840780241AA
:107EA000E86C1818018F89180187641CE4B2687B9C
:107EB000844200D276E7F0BDA8050020FFFF000055
:107EC0000148806C70470000A805002070B5504D37
:107ED000686C002878D000234AE09807800F990842
:107EE000FEF7DAF982B2A8780028184632D0442189
:107EF0004843E96CEC784118A4000C19A489944219
:107F000003D9EC78A40009198A81E96CEC7841184E
:107F1000A4000C19E489944203D2EC78A400091956
:107F2000CA81E96CEC784118A4000C19A48A944227
:107F300003D9EC78A40009198A82E96C4018E97821
:107F400089004118C98A914210D2E9788900401805
:107F5000C2820BE0FEF7DEFD002807D14420E96C69
:107F600058434018E97849004018C2855B1CDBB2D1
:107F7000687B8342B1D30220FFF7ECFDA978012092
:107F80000029E97821D0002900D00020E8700024E1
:107F90000DE04420E96C60434018E9780022490074
:107FA0004018418E204600F0F9FB641CE4B2687B67
:107FB0008442EED3E878002800D00120FFF770FC5F
:107FC000287A401C287270BD1DE0002901D068701D
:107FD000F9E7E87000240FE02046FEF79BFD00283B
:107FE00008D14420E96C60434018818E002220466D
:107FF00000F0D4FB641CE4B2687B8442ECD3012023
:10800000FFF74EFCDFE70220FFF7A4FDDBE70000EF
:10801000A805002010B59EB0002444210DA8FBF750
:108020002FF9082110A8817418210DA8C1772349C0
:10803000684601877D2109014187491081874900F0
:10804000C1871F4910A801807D21890101811D4937
:10805000684681861C49C1861A49203910A841808A
:108060001849203181807D21C900C1804B21C90080
:10807000418110218181032101741F21C1811C21B3
:108080004174012118A8017541750321817500BF54
:1080900005E00E48015D15A80155601CC4B21C2CFA
:1080A000F7DB342211A96846FBF7D1F80DA80FC8F9
:1080B00000F08AF900F0CAFD1EB010BDB80B000038
:1080C00070170000FE0F0000FE030000B05D01000D
:1080D000442148430349C96C085CC00900D0012011
:1080E00070470000A80500200148807B7047000011
:1080F000A80500200348406C002801D000207047EC
:1081000001207047A80500200149096C084070470C
:10811000A805002030B5134DE88C6864FDF764FABB
:10812000FDF750FA002412E02046FEF7FDFC00287F
:108130000BD04420E96C60434018E97800224900E4
:108140004018418E204600F029FB641CE4B2687B95
:108150008442E9D3002028726872E8636882FFF7DE
:108160009FFB30BDA805002070B5384C0025256464
:10817000A57300F03FFA00F0A7F92078002808D096
:1081800000F0E0FBFCF782FE0020FFF789FB257082
:108190006572A078002826D00120FFF7B5FF0028DF
:1081A00002D0A07A401CA072A07A617C012688428D
:1081B00032D9A572207A002824D025726572606DAC
:1081C0002349884202D2606D08306065FFF746FDA2
:1081D00000F09EF9E07B002801D0FFF7F9FCFDF7E5
:1081E00081F9A67318E0607800280AD06570FCF762
:1081F000DBFDE570FFF77AFA0020FFF751FBFDF792
:1082000071F970BD607A401CC0B26072102803D949
:1082100065720020FFF744FB1020FFF775FF002870
:1082200006D0FFF7B1FC00F015F8202000F046F86A
:10823000FF200130FFF768FF0028E2D00120400254
:10824000FDF76EF90028DCD0267070BDA80500206F
:10825000804F120070B50023174C28E01846FFF736
:1082600037FF002821D01846FEF75EFC00281CD0FE
:108270001A4644204243E06C658E1018818FA94253
:1082800013D90021C186E06C812610188187E06C2B
:10829000855C6D086D0035406D066D0E85541018B7
:1082A000C187E06C1018403001805B1CDBB2607B42
:1082B0008342D3D370BD0000A8050020F0B5414D26
:1082C000A98A081880B2A882E98D884201D90020C5
:1082D000A882002371E01846FEF726FC00286AD029
:1082E0001A4644204243E86C815C8C46C90904D09C
:1082F00011180C8FC98E611A15E0141861888E0848
:10830000298E4F00CF197F08BE4203D90326F603FA
:1083100071430E0C218FB14202D9891B89B200E052
:108320000021E48E091B09B2002944D08C1000D131
:1083300001241018068FC18E8E4210D91846FEF700
:10834000E9FB002807D0E86C698B1018C08E8842C2
:1083500001D9081A04B2E86C1018C18E29E08E42C7
:1083600029D2664676062F7CF60F3E4218D0184674
:10837000FEF7D0FB0028E86C09D01018C18E028FE0
:108380008E1A428F5700D219964212DC13E0101851
:10839000C18E028F468F8A1A7600B24209DC0AE04B
:1083A000AA8A002A07D1AA79002A04D1828F302A0A
:1083B00001D90919C1865B1CDBB2687B83428AD371
:1083C000F0BD0000A80500200FB470B508AA2C4825
:1083D000917B0170D17B4170294C6A46908A3A3C6E
:1083E0006084D08AA084108BFF21C008E084508B69
:1083F0002085908B6085908CA085158A0231A81C01
:1084000080096583081AA083568AE683B01C800918
:10841000081A2084D08BA086108CE086508C208790
:10842000D08CE085108D208608AA107BB11C401CE2
:108430002073507B607310AA107CE073907C607492
:10844000507C20746A46508D6086A81CFAF796FE10
:10845000E065A8023146FAF791FE002304AD2066DC
:1084600007E0E81820300178184600F017F85B1C88
:10847000DBB2607B8342F4D370BC08BC04B0184705
:10848000E20500200149C86470470000A8050020EB
:108490000149086070470000F80500200A2905D34B
:1084A00044225043024AD26C801841877047000032
:1084B000A805002041030A0C0249C008CA84486488
:1084C00070470000A805002000B5104A90790028E8
:1084D00009D19078002806D0D079002803D1506DBA
:1084E000918D884201D2D08C0EE00420FFF70CFE63
:1084F00000280AD0506C002807D09078002804D0BB
:10850000FDF772F8506C401E506400BDA8050020B5
:10851000F0B50022164622E01046FEF705FB0028C3
:108520001BD010464421DB6C4843C1180C8FCD8E04
:10853000641B1D5C24B26F062C4FCF5F06D57F10E5
:108540007F42A74209DABF24254004E07F42A742C8
:1085500003DD402425431D548E87521CD2B2244B88
:10856000587B8242D8D31C46E6710023A6710125B0
:1085700037E01846FEF7D8FA002830D01A464420D3
:108580004243E06C815C4F06FF0FC9098F4207D060
:10859000111840310888FF2805D2401C088002E0ED
:1085A000101840300680E16C277B5018403000885E
:1085B000B84207D3885C470640067F0EC00FC00153
:1085C00007438F54885CC00900D0A571885C4006C1
:1085D00004D41846FEF79EFA002800D0E5715B1C13
:1085E000DBB2607B8342C4D3F0BD00003A000000E0
:1085F000A80500202849C86B00284CD0C86B401E35
:10860000C863488A401C80B24882C20703D10A6C02
:1086100001231A430A64820703D10A6C02231A4316
:108620000A64420703D10A6C04231A430A6402074E
:1086300003D10A6C08231A430A64C20603D10A6CE8
:1086400010231A430A64820603D10A6C20231A43BA
:108650000A64420603D10A6C40231A430A640206E4
:10866000120E03D10A6C80231A430A64C20504D196
:108670000A6CFF2301331A430A64820504D10A6C91
:1086800001235B021A430A64400504D1086C0122ED
:108690009202104308647047A80500200248C16B8D
:1086A000491CC16370470000A805002001239B03FB
:1086B000C9180143014801608260704700A0014071
:1086C00010B50402054820180160190411434160E7
:1086D000016820221143016010BD000000A101408B
:1086E000FEB52D4DC9B22A7FC0B2FFF7DFFF0020D3
:1086F000029001900746064600902FE0264800248D
:1087000050300068B100C84005072D0FE80700D0C1
:108710000124A80701D502200443680701D50420DD
:108720000443280701D508200443002C05D0E42386
:10873000224608213046FFF7C3FFE80701D0012099
:108740000290A80701D501200190680701D50120FA
:108750000090280700D50127761CF6B20E48407B12
:108760008008B042CAD80298002800D0012401989D
:10877000002801D0022004430098002801D00420E2
:108780000443002F01D008200443E423224608219B
:108790000020FFF795FFFEBDA805002010B5830857
:1087A0001C020B4BE318D960022A0AD08007800F05
:1087B00007D0012807D0022807D0032800D119616B
:1087C00010BDD96110BD996110BD596110BD000087
:1087D00000A1014030B5036D4D000124AC40A3431E
:1087E0000365036D4D001446AC402343036530BD63
:1087F000CA43C267BFF34F8F7047002904D0026994
:1088000001231A43026103E0026952085200026127
:108810007047002A03D0436F0B43436702E0436F66
:108820008B43436770470000FCB50D78AD000646EA
:108830004036AF190D78AD005036AD1901950D7861
:10884000AD001036AD1900950D786D062A0E274D36
:10885000A84203D103259540EC4302E00125954051
:10886000EC43224DA84200D100BF056D25400565AF
:10887000436D23401D4DA84206D18D79CE797600F7
:10888000354395402B4302E08D7995402B4343655A
:10889000164DA84209D1C56E25402B460D7A4E7A59
:1088A0007600354395402B43C3663D68FF26083666
:1088B000B5433D603D684E8835433D604E89019D1E
:1088C0002E608E89009D2E60084DA84208D10D793A
:1088D0004E79760035439540066D3543056504E0D5
:1088E000056D0E79964035430565FCBD00C002401C
:1088F00030B58D00044690342B191A6030BD8822A3
:10890000115070470B88882213504B8884221350D3
:10891000026803231B049A430260026801231B06BA
:108920009A43026002688B681A430260044A9042CC
:1089300002D10B798C2213508A898267704700001C
:1089400000C0024070B500210B46124C1CE00846E6
:1089500044225043E26C155CAD0613D48218D386D2
:10896000E26C812682189387E26C155C6D086D00BD
:1089700035406D066D0E15548218D387E26C801851
:1089800040300380491CC9B2607B8142DFD3A365BC
:1089900070BD0000A805002010B509480078042823
:1089A00007D108480078002803D10748007800283C
:1089B00000D110BD012004F007FC00BFF9E7000062
:1089C000F20100204B0500205005002010B5094899
:1089D0000078042807D108480078002803D1074808
:1089E0000078002800D110BD012004F02DFC00BF4C
:1089F000F9E70000F2010020610500206605002073
:108A000010B5002007490870074908700749088019
:108A100007490870074908600749086004F0D4FB5B
:108A200010BD00004B0500204C0500204E05002025
:108A300050050020540500205805002010B50020E6
:108A400007490870074908700749088007490870F6
:108A5000074908600749086004F0F6FB10BD0000F4
:108A600061050020620500206405002066050020E5
:108A7000680500206C050020F8B505462F480078F1
:108A8000042803D12E480078002803D0002004F0E9
:108A90009BFBF8BD2B4804680420284000280BD01D
:108AA00029480078002804D1012027490870274868
:108AB00004602748046017E023480078002813D09A
:108AC00023480068201AFF212D3188420CD9204804
:108AD00000881E490988401A1E49098840181D4906
:108AE000088000201849087017480078002802D133
:108AF00004F06AFBCDE704202840002801D020467E
:108B000001E013480068074610480068381A114908
:108B1000098846181048864209D301200F49087079
:108B20000749087000200B4908800749087006486B
:108B3000007804F049FB00BFABE70000F201002021
:108B40004B050020A0000020500500205405002007
:108B5000580500204E050020B80B00004C050020F1
:108B6000F8B5054630480078042803D12F4800782E
:108B7000002803D0002004F067FBF8BD2C480468EF
:108B800001208003284000280BD02A4800780028C4
:108B900004D1012027490870274804602748046051
:108BA00017E024480078002813D024480068201AD1
:108BB000FF212D3188420CD9204800881E490988A0
:108BC000401A1F49098840181D490880002019498A
:108BD000087018480078002802D104F035FBCCE773
:108BE000012080032840002801D0204601E01348DE
:108BF0000068074610480068381A11490988461865
:108C00001048864209D301200F49087007490870AF
:108C100000200B490880074908700648007804F0D6
:108C200013FB00BFA9E70000F2010020610500204E
:108C3000A000002066050020680500206C050020CB
:108C400064050020102700006205002010B50248CE
:108C5000FFF71EFC10BD0000FFFF030010B5002051
:108C60000B4908707D20C000FFF724FC0B2000F0AA
:108C700015FD03210B2000F099FD01210220FEF7D4
:108C800073FFFFF771FA00200249087010BD000061
:108C9000460500204705002010B50024192000F0EB
:108CA0008DFC04E0144800F0B1FB601C84B220216C
:108CB000114800F044FB002803D0FF20113084420B
:108CC000F0DB02210C4800F03AFB002803D002211F
:108CD000094800F021FBFF2101310848FAF7D0FADA
:108CE00000210748418001808180002005490870EB
:108CF000192000F0C3FC10BD00100040940B0020B0
:108D0000940C0020C804002000B587B0002000901B
:108D10000190029001218902019888434018019036
:108D200009010198884340180190C90000988843C0
:108D3000401800900123684607C8FCF751FB002249
:108D4000012109031848FDF731F8062201214902E3
:108D50000120FBF777FE0622012109030120FBF722
:108D600071FEE12040020390FF210131684601823B
:108D70000021418281820020069003A90B4800F067
:108D8000E7FA01221146094800F052FB01220021B6
:108D9000064800F04DFB01221146044800F02CFB70
:108DA00000F0F0F807B000BD00200B4000100040BC
:108DB00010B534480069FF210131084000282ED049
:108DC00031488088002805D1002204212D4800F078
:108DD00013FB24E000241EE02B4840882B4A115C42
:108DE000284800F017FB28494988481CC117090E7C
:108DF000091809120902411A8AB223494A80084611
:108E00008088401E81B2204881808088002800D15F
:108E100003E0601CC4B2012CDEDB00BF00BF1948B8
:108E2000006920210840002821D0164800F0EEFA01
:108E3000C4B217488088FF2818DC154800881549F7
:108E40000C5413490988481CC117090E0918091246
:108E50000902411A8AB20E490A8008468088401CDD
:108E600081B20B48818001200B49087000BF054882
:108E7000006902210840002802D0024800F04CFAA4
:108E800010BD0000001000409C0D00209C0C002034
:108E9000940C0020940B0020C8040020F3B583B08C
:108EA000054640200290049E23E0402E01DD402034
:108EB00000E030460746002415E0295D0F4800F029
:108EC000A9FA0F48019005E00198401E0190002882
:108ED00000DC05E08021094800F031FA0028F3D0D9
:108EE00000BF601C84B2BC42E7DBED19F01B86B208
:108EF00000BF002ED9DC05B0F0BD0000001000401E
:108F0000204E0000094841880088814204DD07485E
:108F100001884088081A704704484088FF210131C1
:108F2000091A024800880818F5E700009C0D002087
:108F300010B512488088002801D1401E10BD1920AC
:108F400000F03CFB0D4840880D490C5C0B494988FA
:108F5000481CC117090E091809120902411A8AB2E0
:108F600006494A8008468088401E81B203488180B5
:108F7000192000F083FB2046E0E70000940C00205D
:108F8000940B002000210448418001808180034827
:108F90004180018081807047940C00209C0D00204E
:108FA00010B50446192000F009FB002C04D0FF2165
:108FB00001310848FAF764F900210748418001802F
:108FC0008180192000F05AFB00220421034800F0A0
:108FD00013FA10BD9C0C00209C0D002000100040D6
:108FE00070B504460D461DE0217816480088164AE3
:108FF0001154641C13490988481CC117090E09182B
:1090000009120902411A8AB20E490A80192000F099
:10901000D5FA0C488088401C81B20A48818019200A
:1090200000F02CFB2846691E8DB20028DCD10548D3
:109030008088002804D001220421044800F0DCF9D3
:1090400070BD00009C0D00209C0C00200010004012
:10905000914200D81146814202D908184008704751
:109060008142FCD20201101A001DC140080970475C
:1090700000B587B0002000900190029001214902C4
:10908000019888434018019049010198884340188D
:1090900001904901009888434018009001236846D8
:1090A00007C8FCF79DF9002220211F48FCF77EFE2F
:1090B000062210210320FBF7C5FC062220210320F5
:1090C000FBF7C0FCE12040020390FF21013168461C
:1090D00001820021418281820020069003A9134869
:1090E00000F036F901221146104800F0A1F90122E2
:1090F00000210E4800F09CF9202201210B4800F0CD
:109100008BF920220021094800F086F90122FF2175
:109110000231064800F070F9A8200449486100F0C7
:10912000B5F807B000BD000000600B40000004402F
:1091300010B530480069FF210131084000282ED0C9
:109140002D488088002805D100220421294800F0FC
:1091500053F924E000241EE027484088274A115C88
:10916000244800F057F924494988481CC117090EC2
:10917000091809120902411A8AB21F494A80084691
:109180008088401E81B21C4881808088002800D1E0
:1091900003E0601C84B2012CDEDB00BF00BF154879
:1091A0000069C007C00F002823D01CE0114800F060
:1091B0002DF9134908700846017812480088124AB0
:1091C000115410490988481CC117090E09180912C1
:1091D0000902411A8AB20B490A8008468088401C5D
:1091E00081B2084881800221024800F099F80028E5
:1091F000DCD110BD00000440180900201808002030
:109200006E01002010080020100700200948418846
:109210000088814204DD074801884088081A7047A9
:1092200004484088FF210131091A024800880818C3
:10923000F5E700001809002010B5124880880028C2
:1092400001D1401E10BD182000F088F90D4880881B
:10925000401E81B20B488180182000F0DFF90948D8
:10926000408809490C5C07494988481CC117090E08
:10927000091809120902411A8AB202494A80204695
:10928000E0E700001008002010070020002104483B
:109290004180018081800348418001808180704746
:1092A000100800201809002070B504460D461DE086
:1092B000217816480088164A1154641C13490988FD
:1092C000481CC117090E091809120902411A8AB26D
:1092D0000E490A80182000F041F90C488088401C93
:1092E00081B20A488180182000F098F92846691E4A
:1092F000CDB20028DCD105488088002804D00122A6
:109300000421044800F078F870BD0000180900201E
:10931000180800200000044002690A4002617047FA
:109320000246012905D190680F231B041840000C48
:10933000704790680F231B061840000EF8E702469E
:1093400010690840002801D0012070470020FCE788
:10935000F8B504460D4600272646606823490840B4
:10936000E9880843A988084329890843E96808432C
:1093700060601F49701A8E4217D00ADC1D483018F1
:1093800000280DD001210903401A13D0401A25D11D
:109390001AE001210903401A11D0401A1ED118E029
:1093A0001820FCF703F8074618E01A20FBF7FEFF29
:1093B000074613E01C20FBF7F9FF07460EE01E20CE
:1093C000FBF7F4FF074609E00820FBF7EFFF07462D
:1093D00004E00A20FBF7EAFF074600BF00BF38465B
:1093E0002968F9F7CBFE6062F8BD0000FCE0FFFFE2
:1093F00000000440000000C0002A03D0C3680B43F3
:10940000C36002E0C3688B43C360704701460868CD
:1094100080B270470160704730B583684D003024DA
:10942000AC40A3434D001446AC402343836030BDA1
:1094300010B5002A05D0436810248C4023434360B4
:1094400004E0436810248C40A343436010BD000037
:1094500001480249086070470100A05F0080064093
:109460000FB410B503A9044B044A029800F054FC51
:1094700010BC08BC04B0184725D600008C0500209D
:109480000FB47CB50C0009AD01D0611E00E00021D5
:1094900001910090074B6A462946089800F03CFC71
:1094A000002C02D0009A002111707CBC08BC04B0D2
:1094B0001847000055A400000FB410B504A9074BCD
:1094C00002AA039800F028FC044602A9002000F03C
:1094D000CCFF204610BC08BC04B018476BA40000A9
:1094E0002021020C01D010211046020A01D01046A2
:1094F0000839020901D01046091F820801D0104620
:10950000891E420801D0881E7047081A7047F8B5B6
:1095100082B28BB2040C0D0C104658430021264633
:109520005E43370C36048019794116466E43370C7A
:1095300036048019794126466E438919F8BD30B446
:109540007446641E2578641CAB4204D3635D5B00E3
:10955000E31830BC18471D46F8E70000002809DB77
:10956000C206D20E01219140034A1160BFF34F8F12
:10957000BFF36F8F7047000080E100E0002809DB37
:10958000C206D20E01219140034A1160BFF34F8FF2
:10959000BFF36F8F7047000080E100E0002809DB17
:1095A000C206D20E01219140034A1160BFF34F8FD2
:1095B000BFF36F8F7047000080E100E0002809DBF7
:1095C000C206D20E01219140034A1160BFF34F8FB2
:1095D000BFF36F8F7047000080E100E0002809DBD7
:1095E000C206D20E01219140034A1160BFF34F8F92
:1095F000BFF36F8F7047000080E100E0002809DBB7
:1096000000BF00BFC206D20E01219140024A116084
:1096100000BF00BF7047000000E100E0002809DB48
:1096200000BF00BFC206D20E01219140024A116064
:1096300000BF00BF7047000000E100E0002809DB28
:1096400000BF00BFC206D20E01219140024A116044
:1096500000BF00BF7047000000E100E0002809DB08
:1096600000BF00BFC206D20E01219140024A116024
:1096700000BF00BF7047000000E100E0002809DBE8
:1096800000BF00BFC206D20E01219140024A116004
:1096900000BF00BF7047000000E100E0002809DBC8
:1096A00000BF00BFC206D20E01219140024A1160E4
:1096B00000BF00BF7047000000E100E010B50028C7
:1096C00019DB1A4A03231B02D21883089B00D258C5
:1096D0008307DC0EFF23A3409A438B071B0E8407EE
:1096E000E40EA3401A43114B032424021B198408DF
:1096F000A4001A5118E00E4A03071B0F083B9B08F1
:109700009B00D2588307DC0EFF23A3409A438B07AC
:109710001B0E8407E40EA3401A43054B0407240FD5
:10972000083CA408A4001A5110BD000000E100E0AC
:109730001CED00E010B5002819DB1A4A03231B02B8
:10974000D21883089B00D2588307DC0EFF23A34066
:109750009A438B071B0E8407E40EA3401A43114B58
:10976000032424021B198408A4001A5118E00E4A8D
:1097700003071B0F083B9B089B00D2588307DC0E96
:10978000FF23A3409A438B071B0E8407E40EA340DC
:109790001A43054B0407240F083CA408A4001A51DF
:1097A00010BD000000E100E01CED00E010B5002855
:1097B00019DB1A4A03231B02D21883089B00D258D4
:1097C0008307DC0EFF23A3409A438B071B0E8407FD
:1097D000E40EA3401A43114B032424021B198408EE
:1097E000A4001A5118E00E4A03071B0F083B9B0800
:1097F0009B00D2588307DC0EFF23A3409A438B07BC
:109800001B0E8407E40EA3401A43054B0407240FE4
:10981000083CA408A4001A5110BD000000E100E0BB
:109820001CED00E0BFF34F8F03480449C860BFF34D
:109830004F8F00BF00BFFDE70400FA0500ED00E018
:10984000BFF34F8F03480449C860BFF34F8F00BF79
:1098500000BFFDE70400FA0500ED00E00048704796
:1098600014060020F7B506460F46002520E03C7898
:109870002046F9F7E0FCC4B2F9F7D0FC0068005DBF
:10988000202806D128467043054620463038451921
:109890000DE0102E0AD1412C08DB462C06DC2846B0
:1098A0007043054620463738451900E001E07F1C2B
:1098B000DDE700BF029805603846FEBD30B50028E0
:1098C00005D0164C021F20680023014605E008461B
:1098D00030BD904203D8034640680028F9D1002BE0
:1098E00000D05968002B0AD01C68D51AA54204D1B3
:1098F0001268A4181A461C6002E05A6000E0226058
:10990000002807D01468851AA54203D10568641998
:10991000146040685060184630BD00000C060020FE
:10992000F0B587B03C2006906F4805900520049064
:109930006E48007800280AD000206D4908606D4903
:1099400008706D4908706D490860684908706C4876
:1099500003906C4800686A49884202D969480068E7
:1099600001E069480068054664480068002813D093
:109970006248006885420FD360490968681A5A49ED
:10998000884208D300215A4A11605A4A11705A4A33
:1099900011705A4A116000BF04F0A2F90446002C6D
:1099A0000CD15948006857490860002050490860A8
:1099B000504908705049087007B0F0BD4E48007813
:1099C000002804D0504800684E490860F4E7494830
:1099D0000078052807DB0120474908704A480068DD
:1099E00048490860E8E74848006841490968461A5C
:1099F0003F480068002801D03C2E01D3012000E040
:109A000000200746002F16D14048007800280DD0CE
:109A10003F4800683A49884208D93D4800683949BA
:109A20000860084600683549086003E03648006869
:109A300034490860C0E735480078002806D034482B
:109A400000682F49884201D9012000E000200290DF
:109A50002F4800680190002F2ED026480078052856
:109A60002ADA24480078401C2249087026480068F9
:109A70001F49086003F028FC24480078002812D011
:109A8000234800681E4988420DD9214800681D49B5
:109A900008600846006819490860002015490870E8
:109AA0001549087008E00298002805D01849019867
:109AB00008600120154908701448007800280DD06E
:109AC000134800680E49884208D9114800680D49BA
:109AD0000860084600680949086003E00A48006811
:109AE0000849086000BF67E780510100520100206B
:109AF0005401002058010020590100205C01002081
:109B000080857467AC000020B0000020F4040020C1
:109B1000F0040020F1B50E4C0F480C4E001B0D4F09
:109B2000C508ED0000221146009804F0A5FE0028AB
:109B300003D13068002801D00020F8BD3C6000202F
:109B40002560606001203060ECE700001006002016
:109B5000CC1700200C060020C83700200148006800
:109B6000704700001406002002E008C8121F08C158
:109B7000002AFAD170477047002001E001C1121F8E
:109B8000002AFBD1704700000149086070470000BF
:109B900014060020F0B51FB486B00998089A030D8A
:109BA0000021024314D05148514A1818504305145B
:109BB0001198012810981AD0281A401C00264D4FE1
:109BC0004D49009601910490002812DA444211E0B8
:109BD0001198012449A3012801D11098C143069886
:109BE000119A84600360C26041600BB0F0BD4042D6
:109BF000E4E70446210500203F4A001C514103913F
:109C0000029012E0E00707D032463B4601990098E7
:109C1000FAF732F80191009032463B461046194659
:109C2000FAF72AF806460F466410002CEAD1049889
:109C3000039B0028029A0999089806DAFAF71CF89B
:109C4000019B009AFAF718F805E0FAF77DF8019BF6
:109C5000009AFAF779F804460E460022284BFAF7E4
:109C60007FF903D80020C043014607E00022254BBE
:109C700020463146F9F74CFFFAF7D6FB102409E0ED
:109C8000002C0ADB0A220023FAF7AEF9079B3032D8
:109C90001A55641E02460A43F2D11122641C079B26
:109CA000121B1C19119B012B03D0012308430ED159
:109CB0000AE0084304D0112010900020119077E7AB
:109CC0001098151A6D1E0BE01098824202DD0023D9
:109CD0006D1C03E0824201DA00236D1E002BEED0E2
:109CE000069811998260C16030C07EE701FCFFFFD9
:109CF000104D0000000014400000F03F3000000054
:109D00000000F0430000E03F30380A2801D2012073
:109D10007047002070470000FFB597B00646002549
:109D20001BE2252876D100242746F749049400E059
:109D30000443761C32780120203A90400842F7D143
:109D400030782A280ED0022230780146303909298D
:109D500016D804990A235943303940181443761C05
:109D60000490F1E7189802C804911890002904DAC9
:109D70000120400304434842049002200443761C1F
:109D800030782E2814D1042004437078761C2A28B9
:109D900009D11898761C80C8189009E00A214F4311
:109DA000303FC719761C3078014630390929F5D97A
:109DB00030786C2810D006DC4C281AD068280ED0D9
:109DC0006A2817D104E0742813D07A2812D110E041
:109DD0000120400504430CE00121090501E00321B5
:109DE00009050C437178814203D101200005241834
:109DF000761C761C307866280BD013DC58287DD072
:109E000009DC00287BD04528F6D04628F4D0472826
:109E10001AD1A9E118E0632835D0642870D06528EC
:109E200012D1A1E170286CD008DC6728F1D0692834
:109E30007DD06E280DD06F2806D1BCE073282ED0BF
:109E4000752873D0782859D01A9A199990476D1CA3
:109E500082E16002400F022809D003280DD00428B7
:109E6000189801680DD00D60001D189074E11898C5
:109E7000EA1701680D604A60F6E7189801680D80DE
:109E8000F2E70D70F0E718986A4601781172001D2C
:109E900018900020507202A80090012005E0189848
:109EA00002C8189000200091C04361070ED5002120
:109EB00001E00199491C0191B94213DA8142F8DBB2
:109EC000019A0099895C0029F3D10BE0002101E09F
:109ED0000199491C01918142FADB019A0099895C40
:109EE0000029F5D1019904981A9B471A2146384652
:109EF000199A00F099FA4019019903E051E030E114
:109F000015E050E0451807E0009800990078491CDA
:109F100000911A9A199990470198401E0190401C8F
:109F2000F2D1214638461A9B199A12E137E00A20ED
:109F30000021009001916002410F022907D0189A78
:109F400001CA1892C2179446032908D00AE018984B
:109F5000C01DC108C90005C91891944607E000B2A8
:109F6000C2179446042902D140B2C1178C46002280
:109F70006146944506DA0A460021404291418C46EA
:109F80002D2102E0210504D52B216A461173012100
:109F900003E0E10701D02021F7E7029156E00A2013
:109FA0000AE0102008E01020009000210420044363
:109FB0000191082703E00820002101910090600230
:109FC000410F022907D0189A01CA1892002294461C
:109FD000032908D008E01898C01DC108C90005C9A8
:109FE0001891944603E080B2042900D1C0B2002148
:109FF000029121072AD531780D91702906D0009A57
:10A000001021019B4A401A4305D00EE040216A46C8
:10A010001173012108E06146014306D030216A46F0
:10A0200011730D99517302210291009A0821019B2D
:10A030004A401A430AD16146014301D1610705D55F
:10A0400030216A46117301217F1E0291317858290F
:10A0500004D02EA10E910DA90D910DE030A1F9E7CC
:10A060006146019B009AF9F7BFFF0E9B8C469B5CF3
:10A070000D9A521E0D92137061460143F0D10D9856
:10A0800005A9081A20300190600703D501200004BB
:10A09000844300E001270198874201DD381A00E07F
:10A0A0000020019900904118029809180498401A5C
:10A0B0000490E00306D421461A9B199A049800F0F4
:10A0C000B3F94519002706E003A81A9AC05D19994B
:10A0D00090476D1C7F1C02988742F5DBE0030CD58E
:10A0E00021461A9B199A049800F09EF9451904E03C
:10A0F0001A9A3020199990476D1C0099481E0090BB
:10A100000029F5DC1FE0000009280100303132335E
:10A1100034353637383961626364656600000000A3
:10A12000303132333435363738394142434445468D
:10A13000000000000D980D990078491C0D911A9AA5
:10A14000199990476D1C0199481E01900029F1DC76
:10A150004DE100F059F94519761C3078002800D0FF
:10A16000DFE528461BB0F0BD600700D4062718982D
:10A17000C01DC108C90048680A680831C30FDB0761
:10A180001891190001D09CA108E0210501D59BA1DF
:10A1900004E0E10701D09AA100E09AA143001091E8
:10A1A00030785B0865280CD006DC452809D04628A5
:10A1B0001DD0472841D141E0662818D067283CD1FE
:10A1C0003CE00021112F01DB112000E0781C0191FF
:10A1D000009008A911A8FFF7DDFC13990591002153
:10A1E000119A15927F1C12980197009150E001205E
:10A1F000C00703900120019008A9009711A8FFF75C
:10A20000C9FC139A149905920022119B009212988E
:10A210001593059A0192002901D0104602E0791C9D
:10A2200040180190381A01D5019804E04042401EC0
:10A230000090781C0190C01B029043E0012F00DACF
:10A2400001270021112F01DD112000E03846019186
:10A25000009008A911A8FFF79DFC13990591119A88
:10A260000021129815920091019721070CD40599AD
:10A27000B94201DB019900E00191012904DD159A41
:10A28000491E515C302906D0B84201DA011D05DAB9
:10A290000121029115E00199491EEDE7002805DC36
:10A2A0000099411800910199091A03E0019A411C93
:10A2B000914200DD01910099401A401C029001205A
:10A2C000C0070390200706D402990198814202DB5F
:10A2D0000020C043029000206946C87707AF0121E3
:10A2E00003980337C907884224D0022011902B20FD
:10A2F0001290039800280CDA404203902D2012900F
:10A3000007E00A210398F8F739FF30317F1E0390E8
:10A3100039701199481E11900029F2DC0398002829
:10A32000EFD1791E1298087030782021084045300E
:10A33000BF1E387006A8C01BC01D0390109800787F
:10A34000002800D00120019941180298C01709186F
:10A35000039809180498401A401E0490E00306D49C
:10A3600021461A9B199A049800F05EF84519109836
:10A370000078002803D01A9A199990476D1CE003C1
:10A3800024D521461A9B199A049800F04DF84519D6
:10A390001CE00098002807DB00990598884203DD3F
:10A3A0001598405C199901E0199930201A9A904744
:10A3B00000986D1C401C00900298401E02900028DE
:10A3C00004D11A9A2E20199990476D1C0199481EA4
:10A3D00001900029DDDC05E038781A9A7F1C199974
:10A3E00090476D1C0399481E03900029F4DC214618
:10A3F0001A9B199A0498ACE62D0000002B0000006F
:10A400002000000000000000F8B5044600251E46AC
:10A410001746880404D405E039462020B0476D1C57
:10A42000641EF9D52846F8BDFFB50446002581B065
:10A430001E46C80301D5302700E02027880404D534
:10A4400005E038460399B0476D1C641EF9D52846CF
:10A4500005B0F0BD4A68002A06D00A68531C0B609C
:10A4600010704868401E486070470A68531C0B60B3
:10A4700010707047002800DA404280B27047000038
:10A4800070B505460E4613480068082800D370BD15
:10A49000104A1268521CD1000F4A506B08F096FA0D
:10A4A0000446002C00D1F2E70B484463406B094995
:10A4B0000968C90045500848406B06490968C90049
:10A4C0004018067103480068401C0249086000BF3C
:10A4D000DDE700000C040020B00A002070B504463F
:10A4E0000E460025002E01D0002C01D1002070BDA9
:10A4F000A568002D01D1A66008E000E02D6828685D
:10A500000028FBD1314628460AF0A4FD0120EEE7E1
:10A51000FEB507460D4614461E46002001900090E9
:10A52000002F03D0002D01D0002C01D10020FEBD52
:10A530000898002809D0284600F022FC019001214B
:10A540004902E068084300900DE03146284600F0DB
:10A550005FFB01900198002800D1E8E70121490242
:10A56000E0688843009001214902E0680840002823
:10A5700005D1206A002802D0206A716888470198B6
:10A5800020620098E06021463846FFF7A7FFCEE73B
:10A59000FFB583B006460120029000210D9801709E
:10A5A000002527E00C206843841922680599069845
:10A5B00004F067FA0190019800280CD1207A002855
:10A5C00008D00FA223680F990E98FEF759FF0020BC
:10A5D00007B0F0BD0DE067680F9B0E9A0C990198CB
:10A5E000B847002801D1029007E001210D980170C1
:10A5F00000BF6D1C04988542D4D300BF0298E7E7E2
:10A600006D697373696E67207265717569726564CF
:10A61000206F7074696F6E2027257327000000007B
:10A6200070B50446002C00D170BD00250EE0605DC1
:10A63000002800D10CE0F8F7F1FD0068615D405C96
:10A64000202801D00020EFE7681CC5B2142DEEDBF6
:10A6500000BF0120E8E7FEB504460D460A2002903F
:10A66000002001902046F8F741FE00900098002855
:10A6700000D1FEBD009803281ADC10E00A210198E1
:10A6800048430190F8F7CAFD00682178405C202813
:10A6900004D120783038019940180190641C00984A
:10A6A000411E00910028E9D1019828602046E0E78A
:10A6B0002078302809D12078782802D020785828AE
:10A6C00003D110200290A61C00E0264623E0286853
:10A6D0000299484328603078761CF8F7ACFDC7B281
:10A6E000F8F79CFD0068C05D202805D13846303859
:10A6F0002968081828600EE0412F0ADB462F08DC85
:10A700000298102805D1384637382968081828607B
:10A7100001E03046ADE730780028D8D100BFA8E787
:10A7200010B50E480078002817D10D4800680028A1
:10A7300013D00C4800680A4909687D225201891823
:10A74000884205D20748006805490968884204D252
:10A7500001200249087000F0B7FD10BDA4010020DF
:10A76000A0010020A000002030B583B00446FFF710
:10A77000F5F9054600200090024601902146684602
:10A78000F9F735FD2846FFF7FFF90199009803B066
:10A7900030BD0000002003490870034800680349E9
:10A7A0000860704796010020A00000209C01002056
:10A7B00010B51048007800281AD10F48006800280A
:10A7C00016D00E4800680C4909680D4A891888425D
:10A7D00005D20A48006808490968884208D2094831
:10A7E0000078002804D101200249087000F06CFDB7
:10A7F00010BD0000960100209C010020A000002058
:10A8000088130000F20100200146002902D00868E8
:10A81000002801D10020704702E08868401C886051
:10A82000002908D04A688868904204D28A6808687B
:10A83000805C2028F1DD4A688868904202D18868EF
:10A84000401E88600846E6E710B504460020FAF787
:10A8500069FCE0B232231A467D210901FAF7D8FCDF
:10A8600010BD0000F8B505460E461446204600F01F
:10A870005FF807460020084B3A46314600902846CC
:10A88000FFF746FE002801D03846F8BD384600F0F4
:10A89000BFF80020F9E700009C050020F8B5044649
:10A8A0000D4616460020044B3246294600902046AD
:10A8B000FFF72EFEF8BD00009C050020FEB5064601
:10A8C0000F4614461D462046294600F043F80190E5
:10A8D0000020084B009039463046019AFFF718FED9
:10A8E000002801D00198FEBD019800F091F80020E9
:10A8F000F9E700009C050020F8B505460E46144611
:10A90000204600F069F807460020084B3A463146D9
:10A9100000902846FFF7FCFD002801D03846F8BD1E
:10A92000384600F075F80020F9E700009C0500208B
:10A9300070B50546064800F0D8F80446002C05D04E
:10A94000002D01D0022000E00120E060204670BD13
:10A950009C05002070B505460E46134800F0C5F86A
:10A960000446002C1DD00820E060E661A5610F4A76
:10A970000F4B28463146F9F7F3FA02D80D486061CB
:10A980000FE000220C4B28463146F9F7D5FA03D8E0
:10A990000120C007606104E028463146F9F794FAC7
:10A9A0006061204670BD00009C0500200000C0FFD3
:10A9B000FFFFDF41FFFFFF7F0000E0C110B505484A
:10A9C00000F093F80446002C01D04020E0602046BF
:10A9D00010BD00009C05002070B505460B4800F036
:10A9E00084F80446002C0ED01020E0600749284669
:10A9F00000F00EF920612069002804D1204600F003
:10AA000007F8002070BD2046FCE700009C050020F0
:10AA100070B5044600252BE02568FF210131E06870
:10AA20000840002805D1A068002802D0A068FFF7E0
:10AA3000EFFFFF210131E0680840002806D12069BE
:10AA4000002803D00C4A2069516888470121490237
:10AA5000E0680840002806D1206A002803D0064A92
:10AA6000206A5168884704484168204688472C4638
:10AA7000002CD1D170BD00009C05002070B50446AB
:10AA80000D4601222946204603F0DBF870BD014641
:10AA9000002900D17047087B8007800F002801D073
:10AAA0000120F7E70020F5E70146002900D17047B3
:10AAB000087B082801D10120F9E70020F7E70146CB
:10AAC000002900D17047087B102801D10120F9E747
:10AAD0000020F7E70146002900D17047087B0228D3
:10AAE00001D10120F9E70020F7E770B504462820DE
:10AAF000216888470546002D03D028212846F8F70D
:10AB0000BFFB284670BD10B5044600221146204602
:10AB100000F002F810BD0000F0B589B004460D4603
:10AB200017461C2102A8F8F7ABFB0026002031498C
:10AB300008604860002C00D138E002942046F8F705
:10AB4000D5FB401C0390002004902B4A07CA06AB9B
:10AB500007C32948FFF7C9FF0646002E00D125E0AC
:10AB600002A808F0B1FE0090FFF74EFE01460190EA
:10AB7000304606F0A9FB002800D117E0002F0CD0CA
:10AB800002A8FFF741FE03990498884204D2049971
:10AB90000298405C002800D008E0002D03D0049902
:10ABA000029840182860304609B0F0BD002E02D04F
:10ABB0003046FFF72DFF002C1AD0009400200190A2
:10ABC00003990498884202D20498019005E0039802
:10ABD000002802D00398401E0190002D03D0019957
:10ABE0000098401828600348019A009906C000BFE9
:10ABF0000020D9E7940500209C05002010B50446EC
:10AC0000024A0021204606F097FD10BD9C05002059
:10AC1000F8B504460D4600260027002C00D1F8BDEB
:10AC20002046F8F763FB461C3046296888470746EC
:10AC3000002F00D1F3E7324621463846F8F707FBEC
:10AC40003846ECE7F0B593B00446384960694618D9
:10AC50002069401C1290E0681190A0681090606814
:10AC60000F9020680E903022314902A8F8F7EFFAD1
:10AC700000272E4D463518E0FF376E37E817800F56
:10AC80004019801080000095281A05D164212846BB
:10AC9000F8F78AFA002906D1FF2191312846F8F702
:10ACA00083FA002900D17F1C6D1CB542E4DB01252D
:10ACB0001DE0681E800002A90858C719022D15D191
:10ACC000F017800F8019801080000096301A05D18F
:10ACD00064213046F8F768FA002906D1FF21913146
:10ACE0003046F8F761FA002900D17F1C6D1C1298DC
:10ACF0008542DEDB1198401EC719384618214843AB
:10AD0000E1210901484301901098484301994018F6
:10AD100001903C210F9848430199401801900E99E9
:10AD2000019840180190019813B0F0BD6C07000025
:10AD3000F85B010070B504460D46002C01D0002DD3
:10AD400001D1012070BDAC4201D10020FAE705E03D
:10AD50002078002800D1F5E7641C6D1C2078F8F7F6
:10AD600070FA06462878F8F76CFA8642F0D0207818
:10AD7000F8F767FA06462878F8F763FA301AE1E739
:10AD800070470000F0B5C3B082480078042801D1B4
:10AD900043B0F0BD80488088002828D17F480078E3
:10ADA000032823D17E48006800281FD07D48006812
:10ADB0007B490968401A052818D37A480068784901
:10ADC000086079A16846FBF72FFA684600780028EA
:10ADD0000BD00198002808D078A10198F8F75BFA09
:10ADE000002802D0042001F05FFF00BFD0E76A48CE
:10ADF0008488FF200130844200DD044600200FE0FB
:10AE0000654B5B881918CB171B0E5B181B121B02B6
:10AE1000CB1A9AB26B49895C02AB1954411C88B2B7
:10AE2000A042EDDB002002A9085502AD66A128462C
:10AE3000F8F731FA002805D0042001F035FFFDF7BE
:10AE40002BFFA5E755480078032821D12F4612E0B3
:10AE50003E461136307831280BDB3078392808DC53
:10AE600000205E490870012001F01EFFFDF714FF6D
:10AE70008EE7374600BF5AA13846F8F70CFA071E8E
:10AE8000E6D145488088C02801D9FDF705FF00BFFD
:10AE90005848007800287AD0424800685649096826
:10AEA000401A0F2843D955480088401C5349088050
:10AEB00008460088052810DD36480078002809D1AA
:10AEC0004F484079012803D04D484079022801D1EC
:10AED00005F04CF8002049490880002045490870D9
:10AEE00047480079002819D1464800882A280BDAFB
:10AEF0004548008881B2434802880088401C414B85
:10AF000018805000414A11523D48C0693E490968C5
:10AF100040183D49086006F081FA38E03848007969
:10AF2000012834D107F058FF05F0DEF92FE038A1F1
:10AF30002846F8F7B0F9002829D000202D490870DC
:10AF40002F480079002809D12D48C0692E49096889
:10AF500040182D49086006F061FA16E0284800798B
:10AF6000012812D1FAF764FB0A480078002809D1B9
:10AF700023484079012803D021484079022801D193
:10AF800004F0F4FF002026490870FDF785FE00BF9D
:10AF9000FEE60000F2010020940C00209404002042
:10AFA00090040020B000002041542B434D515454D4
:10AFB000434F4E4E4543543F000000007463703AC7
:10AFC0002F2F0000940B00202B434D515454434F1E
:10AFD0004E4E4543543A20302C3000004B040020A4
:10AFE0002B434D515454434F4E4E4543543A203019
:10AFF0002C00000095040020980400209E040020EE
:10B00000080500209C04002018040020000B0020EC
:10B010002B434D5154545055423A20302C300000AF
:10B020001C040020F8B58948047889480068E121AB
:10B030004901884207D287488078022805D1844890
:10B040004068884201D3012000E000200546824884
:10B050000088E1214901884201DA002D09D0002C45
:10B0600007D0012C05D07D480078002801D10120AF
:10B0700000E000200646002E6DD000210C20FCF7D9
:10B0800019F96721002003F0CDFA6721002003F0B1
:10B09000E9FA00F019F900210F20FCF70BF9002163
:10B0A0000B20FCF707F900210D20FCF703F9002124
:10B0B0000E20FCF7FFF8FCF7A3F900206849088090
:10B0C000C870087188704872887266490880C870B4
:10B0D00008718870487288725E488078022801D1B1
:10B0E000012000E001206049087000204870032022
:10B0F0005E4908700020487000BF07E000225949EF
:10B10000491D0A545649491D0A54401C0428F5DBC0
:10B11000574800F03DFD574800F03AFD01F096FC1D
:10B12000002001F00BFE01204C4908705248407984
:10B13000002807D151480078002805D050480078F1
:10B14000002801D004F012FF4EA24FA1514808F090
:10B150006FFA514908703E480068002805D13C4804
:10B160004068002801D1012000E0002007463A484D
:10B1700000884B21C900884203DB002F01D0012049
:10B1800000E000200090009800285DD0002C5BD0EB
:10B1900042480078002857D132480088002853D10F
:10B1A0002F48008800284FD100210C20FCF782F89E
:10B1B0006721002003F036FA6721002003F052FADD
:10B1C00000F082F800210F20FCF774F800210B201A
:10B1D000FCF770F800210D20FCF76CF800210E2020
:10B1E000FCF768F8FCF70CF900201D49C8700871DD
:10B1F00088701C49C8700871887000BF07E0002281
:10B200001849491D0A541649491D0A54401C04286E
:10B21000F5DB002001F092FD01202049087016485E
:10B220004079002807D115480078002805D0144837
:10B230000078002801D004F099FE12A212A115484E
:10B2400008F0F6F914490870F8BD0000F20100207A
:10B25000E4010020F4060020B4000020500100208A
:10B260004A0900203E090020750100207D010020D0
:10B27000C4010020D401002008050020380500206A
:10B28000390500204F4B000041542B4353434C4B96
:10B290003D32000000000440520000205101002017
:10B2A000F8B506460F463946304607F099FC044685
:10B2B0000D46E12040010021001BA94102D2E120FE
:10B2C0004001F8BD2046FCE7002006E000220449CA
:10B2D000044B1B5C9B00CA50401C0428F6DB7047E3
:10B2E00018A00540405B0100F1B594B0FE4800781D
:10B2F000002806D1FDA1149805F02CF80120FA4988
:10B30000087003E0E1B2149805F00CF9FDF710FEA7
:10B310000446401C0028F5D1A0E3F9480078002835
:10B320000FD0E0B21290012112A8FDF7B7FD032C57
:10B3300006D10020F2490870F2A1149805F00AF82D
:10B340008CE3032C0AD1F6480068002806D00020C0
:10B35000F3490860F3A1149804F0FCFF122C30D1DB
:10B36000F448006800282CD0F2480568012000034A
:10B3700085421ED3E807C00F00281AD0ED48806828
:10B3800000280ADDEB48C068002806D1E9490860BA
:10B39000E9A1149804F0DEFF12E0E648C368826871
:10B3A000416806681498B047ECA1149804F0D2FFE5
:10B3B00006E00020DF490860E9A1149804F0CAFF04
:10B3C00000BF0A2C01D00D2C7BD10020EE49EF4AA2
:10B3D00012788854ED48007800283ADDEC4800786F
:10B3E00000280ED0EBA1E848F7F787FF002808D027
:10B3F000E9A1E548F7F781FF002802D00020E449E1
:10B400000870E3480078002831D0E2A1DE48F7F761
:10B4100074FF002805D0E0A1DB48F7F76EFF002895
:10B4200025D1DCA1D848F7F768FF002812D1FAF738
:10B43000FFF8012806D102F0FDF8D8A1149804F015
:10B4400089FF03E0DDA1149804F084FF0020D049B7
:10B450000870D8E2D0A1CC48F7F74FFF0028F8D108
:10B46000CB490870E0A1149804F074FFCBE2E6A188
:10B47000C548F7F742FF002807D10120A04908700E
:10B48000E4A1149804F066FFBDE2E8A1BE48F7F716
:10B4900034FF002806D19A4908709AA1149804F044
:10B4A00059FFB0E2E4A1B848F7F727FF002809D117
:10B4B000FAF78CF905462A46E1A1149804F04AFFF0
:10B4C000A1E2A8E2E0A1B048F7F717FF002806D1F3
:10B4D000DF48E0A10269149804F03CFF93E2DFA189
:10B4E000A948F7F70AFF002806D1D948D9A142692F
:10B4F000149804F02FFF86E2DA4BDB4ADBA1A24866
:10B50000F7F732FF022806D1D64A1178D64A1078CA
:10B51000FBF7D0FE77E2D34AD7A19B48F7F724FF89
:10B5200001280ED1CF480068002802D0012807D199
:10B5300002E0FFF7C9FE03E0D2480AF093FA00BF29
:10B5400061E2D14BC84AD1A18F48F7F70DFF02281D
:10B5500028D1CD480078622813D0672809D07228F6
:10B5600017D100231A460121BF480068FBF7C8FE27
:10B5700017E0002301221946BB480068FBF7C0FE14
:10B580000FE0012300221146B7480068FBF7B8FE20
:10B5900007E000231A461946B3480068FBF7B0FEDF
:10B5A00000BF30E2BCA17848F7F7A7FE002805D11C
:10B5B000BB4ABCA1149804F0CDFE24E2C4A1724899
:10B5C000F7F79BFE002808D1FAF7E4F805462A466B
:10B5D000C1A1149804F0BEFE15E2C9A16A48F7F7AC
:10B5E0008CFE00280AD1149806F006F9C6A114981A
:10B5F00004F0B0FE01206649087004E2994AD0A127
:10B600006148F7F7B1FE012884D19648006812908E
:10B61000FAF7C0F80646002011901298002804DCC2
:10B62000CAA1149804F096FEECE102F07FFA0546F8
:10B630001422CD490CA8F7F70AFE0027D0E198485C
:10B64000864206DB03463246C8A1149804F082FE07
:10B65000CAE1D0486843D0494518E807C00F002820
:10B6600001D14C2000E052200B9028090921F7F766
:10B6700085FD48000CA90A5A0A9202F057FA12995D
:10B68000C91BC64A5143401A0990280AC449F7F712
:10B6900075FD0846FF302D3008900899099840182C
:10B6A0000790280B3221F7F769FD08460191F8F75A
:10B6B000CEFBBC490290F8F7AFF9BB490390F8F70D
:10B6C00052F90690280C1521F7F758FD084602910B
:10B6D000F8F7BDFBB5490390F8F745F90590069AD0
:10B6E0000A990598019263E11002002041544543F4
:10B6F00020434C492076312E30203E200A000000A5
:10B70000140200200A47534D206272696467652065
:10B7100064656163746976617465640A3E00000063
:10B720000C020020212141424F5254454421210A5C
:10B7300000000000800900200A496E76616C69648F
:10B74000206172677320706F696E74657220646522
:10B750007465637465640A3E000000000A3E0000E0
:10B760000A496E76616C69642066756E6374696FF0
:10B770006E20706F696E74657220646574656374A1
:10B7800065640A3E000000005809002011020020F4
:10B79000F5030020790000006E0000000A416C6C87
:10B7A00020636F6F6B696E672073657373696F6E6B
:10B7B0007320657261736564000000000A4552528F
:10B7C0004F523A206661696C656420746F2065721F
:10B7D00061736520636F6F6B696E67207365737348
:10B7E000696F6E73000000000A436F6F6B696E67CC
:10B7F000206461746120776173206E6F74206572BC
:10B80000617365640000000067736D202D62203154
:10B81000000000000A47534D20627269646765208A
:10B820006163746976617465640A3E0067736D20B4
:10B830002D622030000000006D657461202D7300C2
:10B840000A25640A000000006D657461202D6900FE
:10B85000B00A00200A25730A000000006D657461BB
:10B86000202D6700EC030020F00300206C656420AD
:10B870002D722564202564006C6564202D73256479
:10B8800000000000B8220000F40300206C65642072
:10B890002D63256420257300636F6F6B202D6D0071
:10B8A0008C0500000A4D617820636F6F6B696E67CD
:10B8B0002073657373696F6E7320666C61736820A3
:10B8C00063616E2073746F72653A2025640A00000C
:10B8D000636F6F6B202D6E000A436F6F6B696E672D
:10B8E0002073657373696F6E732073746F72656410
:10B8F00020696E20454550524F4D3A2025640A007C
:10B90000636F6F6B202D7000457261736520414C31
:10B910004C20636F6F6B696E6720646174613F20B8
:10B9200054797065207920746F20636F6E66697238
:10B930006D2C206E20746F2063616E63656C0A004D
:10B94000636F6F6B202D6420256400000A455252FE
:10B950004F523A20636F756E74206D757374206258
:10B9600065203E20300A00005C5B01000A466C61E5
:10B9700073682066756C6C2061742025642F2564C3
:10B980002C2073746F70706564206561726C790A25
:10B99000000000000D6619005FF36E3C605400006B
:10B9A000F51A0000CDCCCC3D0000404000005243D1
:10B9B000009102903046079B099A0B99F9F70AFF0C
:10B9C00004900498012804D1761C1198401C119011
:10B9D00005E032463DA1149804F0BCFC04E07F1C55
:10B9E0001298874200DA2AE600BF1198002808DD85
:10B9F0003046F9F74BFF33463DA1119A149804F0F5
:10BA0000A9FC00BF00BF00204449087044A114985D
:10BA100004F0A0FC21E0082C01D07F2C0DD13F4880
:10BA20000078002819DD3D480078401E3B49087029
:10BA30003CA1149804F08EFC0FE0384800782728C9
:10BA40000BD2364801780078401C344B18703648C9
:10BA50004454E1B2149804F065FD00BF149804F05A
:10BA60003BFD0446401C002800D056E42F480068E7
:10BA7000002828D02D4805680120000385421AD3EC
:10BA8000E807C00F002816D0294801780078401C2C
:10BA9000274B187027480078244A12689047139063
:10BAA000139800280EDA00202049086022A114987B
:10BAB00004F050FC06E000201C49086027A11498FF
:10BAC00004F048FC00BF002015B0F0BD0A455252FA
:10BAD0004F523A207772697465206661696C6564BB
:10BAE00020617420696E6465782025640A00000076
:10BAF0000A25642064756D6D792073657373696FB1
:10BB00006E287329207772697474656E2028746FAB
:10BB100074616C3A202564290A000000110200209B
:10BB20000A3E000008200800580900200C020020EE
:10BB300013020020120200200A4261636B67726FD9
:10BB4000756E64206F7065726174696F6E20636FCB
:10BB50006D706C657465640A3E0000000A496E767B
:10BB6000616C69642066756E6374696F6E20706FB6
:10BB7000696E7465722064657465637465642061C0
:10BB80006E6420636C65617265640A3E00000000AB
:10BB9000F0B585B00446A07B002856D0606807F059
:10BBA000B7FD0390039807F0BDFDA0606168A06831
:10BBB000884203D2039807F0B5FDA0606168A068D1
:10BBC000401A05283BD96168A068401AE121490163
:10BBD000884202D9A068401A606001201D4908709F
:10BBE0006168A06888422AD9F9F7D4FD05461A4849
:10BBF00085420FDB1949C869F8F729F90646174845
:10BC0000006A01960090A3892078A2686168F9F71C
:10BC100029FD13E01149C869F8F719F906460F48DC
:10BC2000006AA18902960091019021782846A368B4
:10BC30006268F9F7CFFD681CF9F728FE00BF002005
:10BC4000A0736060A060A08100BF09F037FB05B061
:10BC5000F0BD0000740100208C050000B00A002037
:10BC6000F0B589B004460F4615461E462CA239464B
:10BC7000284602F006FF08902BA23946284602F01B
:10BC800000FF079029A23946284602F0FAFE0690E6
:10BC9000002005900490039005A9089802F009FF80
:10BCA000002803D00598007800280DD120A2304646
:10BCB0000E99FDF7E5FB01230022214625A004F0A3
:10BCC0008BF9002009B0F0BD04A9079802F0F1FE3D
:10BCD000002801D113A0049003A9069802F0E9FE00
:10BCE000002801D10FA003900399049801910090BE
:10BCF0001AA280212048059BFDF7C2FB042215A152
:10BD00001D48083809F027F901201C490870012353
:10BD10001A4621460FA004F05FF90120D2E7000087
:10BD200064617461000000007573720070776400D4
:10BD3000666F74613A206D697373696E67206F7204
:10BD400020656D70747920276461746127202855FF
:10BD5000524C2900666F74610000000041542B436F
:10BD6000464F54413D302C312C222573222C222564
:10BD700073222C2225732200600600203A05002041
:10BD8000FFB5C9B005461646002E01D0304603E087
:10BD900035A14A98FEF772FE0446902125A8F7F7D0
:10BDA0006FFA9022324925A8F7F751FA902225A977
:10BDB00001A8F7F74CFA04222EA101A809F0CBF84C
:10BDC0000295002020A9087324902BA230464A999E
:10BDD00002F057FE0746002F0ED06946384602F0A3
:10BDE0002DFE002807D00098002802D000980128D6
:10BDF00001D10098249000BF002C1AD02046FEF7F5
:10BE00005EFE002815D02069002812D02069007835
:10BE100000280ED0802203A8216909F09CF8FF2297
:10BE200001321748216909F096F8012020A908730A
:10BE300004E000206946087311490870902201A9A6
:10BE40001048F7F704FA00200F49087001200F4945
:10BE5000087020A8027B0123294606A004F0BCF844
:10BE600020A8007B4DB0F0BD64617461000000004B
:10BE7000305C0100667700007861706900000000A6
:10BE800090090020580600203A0500205E0000209E
:10BE9000FFB589B015461E46129F5F4A116850686B
:10BEA00092680892069107900021059105A806A9BD
:10BEB0002B4601AAC1C20091032158480A9AFEF7F5
:10BEC00067FB04906846007D002818D1002D0BD038
:10BED00003A9284602F0B2FD002805D00398069079
:10BEE00001200590049009E00498002806D04CA297
:10BEF00039463046FDF7C4FA0020049000BF04988C
:10BF0000002872D0069800287DDB4A490698886090
:10BF100008A8007800280FD00798002806DD4649B9
:10BF2000079809684018434948610AE04248006898
:10BF30003C304049486104E03F4800683C303D499E
:10BF40004861F9F7FBFC3B488468002003900A2C09
:10BF500013DA3A48407A002805D000210846F8F75D
:10BF6000D7FF012003903648407A002805D00021F1
:10BF70000120F8F7CDFF0120039030480088A0424F
:10BF800005DDA1B2002007F0E1FC012003902C4860
:10BF90000088A04205DDA1B2012007F0D7FC0120F6
:10BFA00003900398002825D0254A1178234A107859
:10BFB00009F0C0FC2348007800280BD11F490988EC
:10BFC000092902DC1D49098800E00921C8B2FBF7F4
:10BFD000EBF90FE01B48007801280BD118490988BC
:10BFE000092903DC1649098801E00CE00921C8B2DF
:10BFF000FBF7DAF901231A4613A0099903F0ECFFC5
:10C0000001200DB0F0BD012300220FA0099903F01B
:10C01000E3FF0020F5E700005C5D0100385D0100F2
:10C020006E6F20757361626C65206D6178506F77FB
:10C030006572000008050020B00000203E090020C5
:10C040004A0900208C0100206C620000F8B504460B
:10C050000E461746069D06F0CDFD01231A462146E1
:10C0600002A003F0B9FF0020F8BD00006D720000CF
:10C07000F8B504460E461746069D012300222146C8
:10C0800002A003F0A9FF0020F8BD000070670000C7
:10C09000FFB587B005460E461F4600200690059066
:10C0A00005A906AA109802970092019103903246C2
:10C0B0000A210F48099BFEF76BFA0446002C05D0B5
:10C0C0006846007D002801D0F9F738FC002C05D027
:10C0D0006846007D002801D0012000E000200246D3
:10C0E0000123294603A003F077FF20460BB0F0BDE3
:10C0F000C05C010070750000F8B504460E46174696
:10C10000069D04F00FFEF9F719FC01231A4621469B
:10C1100002A003F061FF0020F8BD0000726400007F
:10C12000F8B504460F46069EF9F738FB0546012D83
:10C1300000D100E0002002460123214604A003F0C4
:10C140004BFF012D01D10120F8BD0020FCE70000CC
:10C1500072700000F8B504460E461746069D07F0BB
:10C160001DFB01231A46214602A003F035FF0120E2
:10C17000F8BD0000736F000010B513480078042864
:10C1800000D110BD1148007800281AD1104800686D
:10C19000002816D00F4800680D490968441A0E4857
:10C1A000006884420CD301200849087000200B4924
:10C1B0000860084800680A490860002002F080F919
:10C1C00000BF00BFDDE70000F201002049040020AD
:10C1D00050040020B0000020540400205C04002023
:10C1E0005804002007490978042900D1704700212C
:10C1F000054A117005490968054A1160054908603A
:10C2000000BFF3E7F201002049040020B000002045
:10C21000500400205404002070B5B2B047480078A4
:10C22000002804D1022000F03FFD32B070BD434829
:10C230000078042803D1002000F036FDF5E7002047
:10C240003F4908703F480068401C3E490860F9F7C4
:10C25000BDFA064632463CA122A8FDF72DF940481A
:10C2600004680A2C00DA0A244B200001844200DD15
:10C2700004463B488569002D00DC0025012D00DBCC
:10C2800001252346374A802102A80095FDF7F8F8DA
:10C2900000203549087035490870FCF7FDFC34A0D2
:10C2A00007F08EF935A007F08BF93948007800289F
:10C2B0003DD138A007F084F93AA007F081F93DA0FC
:10C2C00007F07EF93F48FBF7EDFB01F057FD3EA07C
:10C2D00007F076F943A007F073F949A007F070F969
:10C2E00050A007F06DF95AA007F06AF963A007F0B3
:10C2F00067F96AA007F064F96F48FBF7D3FB6FA0FA
:10C3000007F05EF92F48FBF7CDFB22A807F058F99C
:10C310006EA007F055F974A007F052F979A007F064
:10C320004FF96548FBF7BEFB012019490870FCF77F
:10C33000B3FC02A807F044F900BF76E7F201002041
:10C340004A0400208C04002041542B434D51545486
:10C35000414343513D302C222564222C3100000002
:10C36000080500207462010038050020390500200E
:10C3700041542B434D47463D3100000041542B436F
:10C380004E4D493D322C322C302C302C30000000E8
:10C390004B04002041542B434D51545444495343C2
:10C3A0003D30000041542B434D51545452454C3DB7
:10C3B0003000000041542B434D51545453544F50BE
:10C3C00000000000A086010041542B4353534C430E
:10C3D00046473D2273736C76657273696F6E222CCB
:10C3E000302C340041542B4353534C4346473D2299
:10C3F000617574686D6F6465222C302C320000000A
:10C4000041542B4353534C4346473D22636163657C
:10C410007274222C302C226361636572742E7065F5
:10C420006D22000041542B4353534C4346473D2259
:10C43000636C69656E7463657274222C302C2263A0
:10C440006C69656E74636572742E70656D22000090
:10C4500041542B4353534C4346473D22636C69651B
:10C460006E746B6579222C302C22636C69656E7456
:10C470006B65792E70656D220000000041542B43DE
:10C4800053534C4346473D2269676E6F7265727421
:10C490006374696D65222C302C31000041542B43AC
:10C4A00053534C4346473D22656E61626C65534E63
:10C4B00049222C302C31000050C3000041542B4342
:10C4C0004D515454535441525400000041542B4395
:10C4D0004D5154544346473D22636865636B555440
:10C4E0004638222C302C300041542B434D515454AB
:10C4F0004346473D2276657273696F6E222C302C5D
:10C500003400000041542B434D51545453534C4379
:10C5100046473D302C30000030B595B00546002D23
:10C5200002D1401E15B030BD00201490139012901F
:10C53000119010900F900FA810A911AA12AB0093A0
:10C5400001920291039013AB14AA2FA12846F6F78B
:10C550000BFF0446062C18D00FA810A911AA12AB85
:10C56000009301920291039013AB14AA2CA12846C8
:10C57000F6F7FAFE0446062C02D00020C043D1E7AD
:10C580007D2109011498401814901498642804DA45
:10C590007D2109011498401814901398012817DB85
:10C5A00013980C2814DC1298012811DB119800282C
:10C5B0000EDB119817280BDC1098002808DB109868
:10C5C0003B2805DC0F98002802DB0F983B2802DD92
:10C5D0000020C043A6E72C2104A8F6F751FE164917
:10C5E0001498401A09901398401E089012980790CA
:10C5F00011980690109805900F98049000200C90C8
:10C6000004A8FEF71FFB8DE72534642F2532642F25
:10C610002532642C2532643A2532643A253264008E
:10C620002532642F2532642F2532642C2532643A5A
:10C630002532643A253264006C070000F3B581B0FE
:10C640000446002C00D1FEBDA07B002802D060680B
:10C65000002801D10020F6E7606807F059F8064687
:10C66000029807F055F80546029F002E04D1002DD0
:10C6700002D00848076805E0002E03D0002D01D144
:10C680000020E0E76068B84201D90020DBE760687D
:10C69000381AD8E7B000002010B564488078002828
:10C6A0007ED062480079002805DD60480079401E90
:10C6B0005E4908710AE05D48C078002806DD5B48E5
:10C6C000C078401E5949C8703B200871584800780E
:10C6D000092808D157480078002804D1534A117915
:10C6E000D07809F0E9F954480078002831D153484E
:10C6F000006800282DD052480068401C504908604E
:10C7000008460068052824D301204B490870002002
:10C710004B4908604548407A002804D045480078D5
:10C7200009F082F805E0474A1178404A107809F08C
:10C7300001F940480078002804D13C490878FAF70C
:10C7400033FE03E03F490878FAF72EFE022000F09E
:10C75000F5FA3648C078002867D1344800790028B7
:10C7600063D13249487288700420FEF76DF80020CA
:10C770002E49088034488078012801D1032000E048
:10C78000012032490870002048700846007830497E
:10C7900008702E4840784870002088702D4900E0CD
:10C7A00043E0098888B203222949F8F747FE2A495D
:10C7B0000860084600880004000E2449C870264816
:10C7C000007808712548FFF7E3F91E4A1178174AE7
:10C7D000107809F0AFF8002004E000221349491D49
:10C7E0000A54401C0428F8DB00201D490860114849
:10C7F0000078002803D100210D20FAF75BFD0D48D9
:10C800000078002804D109490878FAF7CDFD03E043
:10C810000C490878FAF7C8FD00F018F904480078C8
:10C82000052802D0022000F089FA10BD3E09002040
:10C83000F20100208C0100209401002090010020D2
:10C84000FC0100204A090020F406002075010020A8
:10C8500085010020C404002088010020C4010020BC
:10C86000B401002010B56148807800287ED05F4870
:10C870000079002805DD5D480079401E5B4908719C
:10C880000AE05A48C078002806DD5848C078401EA3
:10C890005649C8703B20087155480078092808D1CE
:10C8A00054480078012804D1504A1179D07809F011
:10C8B00003F951480078002831D150480068002819
:10C8C0002DD04F480068401C4D490860084600685C
:10C8D000052824D3012048490870002048490860F1
:10C8E0004248407A002804D04248007808F09CFF73
:10C8F00005E03E4A1178434A107809F01BF83D489C
:10C900000078002804D13F490878FAF74DFD03E08C
:10C9100036490878FAF748FD022000F00FFA33484C
:10C92000C078002861D13148007900285DD12F49B5
:10C93000487288700420FDF787FF00202B4908808B
:10C9400001203149087000204870084600782F49BE
:10C9500008702D4840784870002088702C4909885C
:10C9600088B203222949F8F769FD00E03DE0294932
:10C970000860084600880004000E2349C870254856
:10C98000007808712448FFF703F9184A11781D4A06
:10C99000107808F0CFFF002004E000221349491D61
:10C9A0000A54401C0428F8DB00201C490860114888
:10C9B0000078012803D100210D20FAF77BFC0D48F7
:10C9C0000078002804D10F490878FAF7EDFC03E05D
:10C9D00006490878FAF7E8FC00F038F804480078CF
:10C9E000052802D0022000F0A9F910BD4A09002054
:10C9F000F20100208C010020940100209001002011
:10CA0000040200203E0900207D0100208501002055
:10CA1000C404002088010020D4010020B4010020BB
:10CA20000449086800E000BF02490968091A2A2978
:10CA3000F9D37047A0000020002002490870024985
:10CA40000880704750010020B400002000200249F7
:10CA5000087002490880704751010020B40000208E
:10CA600010B5002002490860FEF72EFC10BD000042
:10CA7000B0010020FFB5A1B005460E46002D01D142
:10CA800025B0F0BD802101A8F6F7FAFB002414E0E0
:10CA9000E0000F4A11582846F6F72FFC00280BD16A
:10CAA00080200090E0000A49401801AB47683046FA
:10CAB000249A2399B847E3E7641C092CE8D301239F
:10CAC00000223146284603F087FA0020D8E700000C
:10CAD000685D01007CB504460020009001900026AE
:10CAE00000250CE0F6F79AFB0068615D405C2028A9
:10CAF00004D1625D3046761C69460A546D1C605D47
:10CB0000002801D0042EEDDB032E07DB6846F6F784
:10CB10001DFF85B2284608F0A5FF02E0002008F0BE
:10CB2000A1FF7CBD70B5F8F751FE044604492046CC
:10CB3000F6F724FB0D46284608F094FF70BD000070
:10CB4000102700001C480021016041608160032023
:10CB5000194908700420487018A01B4948601B48F8
:10CB60000078C8601A48007800280BD11748407830
:10CB7000012807D017484078012803D0154840788D
:10CB8000022808D102200C4988700F490872012040
:10CB90001149087070470D484078032807D10120DB
:10CBA00005498870084908720B490870F2E70020AF
:10CBB0000949087000BFEDE7F4060020312E312E40
:10CBC000332E315F54320000B00A00201E090020CD
:10CBD000BE0400202E090020BC000020F8B5044649
:10CBE0000D4600260027002C02D02068002801D125
:10CBF0000020F8BD6068002805D06168A068884200
:10CC000001D30020F5E72648854201D90020F0E74E
:10CC1000A068401C45196068A84203D3A168206839
:10CC20004018E6E72069002801D00020E1E71D4810
:10CC3000854206D91A48854201D8074602E00020FD
:10CC4000D7E76F00206A00280DD03946226A206895
:10CC500090470646002E1ED1E169206888470020D3
:10CC600060602060C5E73846A16988470646002E07
:10CC700006D1E16920688847002060602060B8E73D
:10CC8000002E05D0A068421C30462168F6F7DFFA76
:10CC9000E1692068884767602660A0688019A8E776
:10CCA000FFFFFF7FFFFFFF3F10B504461C480470E5
:10CCB0002300FCF744FC062604072C08313203F05D
:10CCC00087FD2AE029E0002016490860164908601F
:10CCD00003F03EF900280DD114490870144908707A
:10CCE00014480078042801D1002000E002200C49FB
:10CCF000087012E06721012001F0B4FC08F052F93D
:10CD00000BE000200A4908700749086005E00A485E
:10CD100000680549086000E000BF00BF10BD0000CA
:10CD2000940400205C040020900400204B040020A8
:10CD30004A040020F2010020B000002070B5044633
:10CD400000BFEFF31080054672B623480078002834
:10CD50000AD0002C08D021480078002804D100BF58
:10CD600085F3108800BF70BD1C480078092803D0E7
:10CD70001A480078052800D103E0FA21C800F8F726
:10CD800039FA1648007816490870144804701320C0
:10CD90001449087000BF85F3108800BF1048007860
:10CDA000002805D1002C03D0FBF7B4F903F0F0FB09
:10CDB000002C06D100F08EFB00200B4948700B4977
:10CDC0004870042C05D1FBF71BFEFBF737FE00F083
:10CDD000D9F900BFC7E700005F000020F201002082
:10CDE000F3010020F4010020750100207D010020E6
:10CDF0000020034908700348006803490860704731
:10CE000094010020A00000209001002010B50446ED
:10CE10000021204600F002F810BD0000F0B5A1B0DE
:10CE200004460F466A4903C920911F90FF202D3008
:10CE30001E903C201D90002F1AD1664800680028E3
:10CE400016D065490968634A1268881A63490979E6
:10CE5000002902D0FF212D3100E03C210B469842F1
:10CE600005D25E4906C96260216021B0F0BD00BFF5
:10CE70005B480078052804DB584903C961602060DD
:10CE8000F3E7002057490870574908705749086070
:10CE900057490870FBF700FF56A006F091FBFF20F2
:10CEA000F530F7F741FEFBF7F7FE4D480078401CE0
:10CEB0004B49087052A006F083FB5448F7F734FE44
:10CEC00053481C9053A11C98F6F7E5F90546002D30
:10CED0000DD11F904148209A1F9906C03E48006816
:10CEE0003C49086020991F9861602060BDE70020E0
:10CEF000C0431B90202113A8F6F7C2F920210BA8EC
:10CF0000F6F7BEF900200790089009900A90039068
:10CF100004900590069003A807A90BAA13AB0092F2
:10CF2000019102901BAA3DA12846F6F71DFA06467C
:10CF300007A808F025F903A808F022F903A807F0CC
:10CF4000EFFF052E0EDB1B9800280BD10BA813ABAF
:10CF50003EA2402100903F48FCF792FA012020A910
:10CF6000087001E000201F90052E22DB07A8F6F7CD
:10CF7000BDF900281DD003A8F6F7B8F9062818D384
:10CF800003A807AB31A2182100901648FCF778FAE5
:10CF90000120154908701348FFF7BEFA0290029865
:10CFA000002805DB1149029808600120104908702B
:10CFB00000BF0A48209A1F9906C007480068054923
:10CFC000086020991F986160206000BF4DE7000055
:10CFD000285C010000050020B0000020F8040020BB
:10CFE00004050020A40F0020EC040020F004002021
:10CFF000F404002041542B434C42533D30000000C8
:10D0000041542B434C42533D34000000B80B000008
:10D01000940B00202B434C42533A00002B434C42CC
:10D02000533A2025642C2533315B5E2C5D2C25334F
:10D03000315B5E2C5D2C252A5B5E2C5D2C25313509
:10D040005B5E2C5D2C2531357300000025732C258B
:10D0500073000000FC0F002070B50546002D00D1C4
:10D0600070BD0AA12846F6F716F90446002C0BD02D
:10D07000083408A12046F6F766F90646002E01D0CE
:10D08000002030702046EBE70020E9E72B494343BE
:10D0900049443A000D0A0000F1B582B0029C00E05C
:10D0A000641C207800280BD020782028F8D0207825
:10D0B0000D28F5D020780A28F2D020780928EFD062
:10D0C0002EA12046F6F7E7F8002814D02BA1204621
:10D0D000F6F7E1F804460D212046F6F7FDF8044680
:10D0E000002C08D0641C00E0641C20780A28FBD0C7
:10D0F00020780D28F8D0264639E0002001903546EA
:10D1000003E00198401C01906D1C2878302802DB58
:10D1100028783928F5DD01980F280FD128780D28B7
:10D1200005D028780A2802D02878002806D1294678
:10D13000002901D0002008703046FEBD0D21304688
:10D14000F6F7CAF80746002F04D10A213046F6F751
:10D15000C3F80746002F00D10CE07E1C00E0761CCF
:10D1600030780A28FBD030780D28F8D000BF30780E
:10D170000028C2D100BF0020DFE7000041542B434C
:10D1800047534E0010B50120094908700020094995
:10D1900008600949086009490870094908700120B8
:10D1A0000849087003F014FB0020FFF77DFD10BD57
:10D1B00049040020500400205C0400204B0400209F
:10D1C0004A0400201004002070B50646002E11D13C
:10D1D0001A480078002803D119480068002808D0B0
:10D1E00000210B20FAF766F8002014490870144952
:10D1F000086070BD1348056811480068002801D117
:10D200000F4805600E490968681AFF212D31F5F7AE
:10D21000B5FFC007C00F01210C1A084800788442EE
:10D220000AD006480470002C01D0012000E0002044
:10D2300001460B20FAF73EF800BFDAE76005002050
:10D240005C050020A000002070B50646002E11D11C
:10D250001A480078002803D119480068002808D02F
:10D2600000210F20FAF726F800201449087014490D
:10D27000086070BD1348056811480068002801D196
:10D280000F4805600E490968681AFF212D31F5F72E
:10D2900075FFC007C00F01210C1A084800788442AE
:10D2A0000AD006480470002C01D0012000E00020C4
:10D2B00001460F20F9F7FEFF00BFDAE774050020F2
:10D2C00070050020A00000201CB501216846FFF772
:10D2D000A5FD06480078002805D00548006800280C
:10D2E00001D001201CBD0020FCE70000F404002058
:10D2F000F004002000200349087003480068034937
:10D300000860704787000020A00000203C0000203B
:10D3100010B53548007800281BD134480068002833
:10D3200017D03348006831490968324A8918884261
:10D3300005D22F4800682D490968884209D201208A
:10D34000294908707221002001F08CF9002001F0B9
:10D35000B7F82948007A002843D0234800780028ED
:10D360003FD02648007800283BD000F055F804460E
:10D37000002C18D0002022490870FDF7A5FF62217B
:10D38000002001F06FF91F4801214907086000BF24
:10D39000BFF34F8F1C481D49C860BFF34F8F00BFBC
:10D3A00000BF00BFFDE700201549087000211248AA
:10D3B000017200200C490870154908701549086071
:10D3C0000A490860622101F04DF90320FDF73CFA9B
:10D3D00008F090FA7D200001F7F7A6FBFDF774FF37
:10D3E00010BD00BFFCE70000870000203C000020CB
:10D3F000A000002088130000D8060020850000202F
:10D400005F000020F5FAAA550400FA0500ED00E0DF
:10D41000840000203800002070B5FBF73DFC1CA004
:10D4200006F0CEF87D20C000F7F77EFB1A4D1BA159
:10D430002846F5F730FF002812D0FBF72DFC1BA083
:10D4400006F0BEF8FF20F530F7F76EFBFBF724FC83
:10D450000FA006F0B5F87D20C000F7F765FB00BF10
:10D46000194801682846F5F716FF0446002C02D13A
:10D470001649086070BD14480068F5F737FF0419B5
:10D48000134801682046F5F706FF06463046F1E7E7
:10D4900041542B46534C5300940B00206950686F45
:10D4A0006E655F52696E672E6D70330041542B4676
:10D4B0005344454C3D6950686F6E655F52696E67B5
:10D4C0002E6D703300000000340500203C00002069
:10D4D0003005002010B50848007800280BD0074818
:10D4E0000078002807D1064800F078FC002802D018
:10D4F00000200149087010BD3A050020F20100200B
:10D500006006002010B5044607A12046F5F7C3FECB
:10D51000002805D106A12046F5F7BDFE002801D060
:10D52000012010BD0020FCE73134342C3000000015
:10D530003134342C2030000002460023002A00D170
:10D540007047114616E00878462802D00878662809
:10D5500005D1581CC3B2182B0BDB0120F0E708786B
:10D56000222806D00878202803D008782C2800D05C
:10D570000023491C0878002805D008780D2802D01F
:10D5800008780A28DFD10020DAE7000010B500F0A3
:10D5900009FC00200249087001200249087010BDF2
:10D5A0004B0400206004002070B504462546002D81
:10D5B00001D1002070BD0CE02846FFF7A3FF002832
:10D5C00006D02846FFF7B8FF002801D00120F1E778
:10D5D000AD1D04A12846F5F75EFE051EECD100BF87
:10D5E000E8E700002B4352534D3A000070B5044663
:10D5F0002546002D01D1002070BD07E02846FFF729
:10D6000081FF002801D00120F6E7AD1D03A12846C7
:10D61000F5F741FE051EF1D100BFEDE72B43525354
:10D620004D3A000070B504460D462046FAF74EF814
:10D6300070BD000010B50748806B002808D0054970
:10D64000886BFCF73BF900200249886302490860B7
:10D6500010BD0000B00A002008040020F1B5B0B0F1
:10D660003098002803D030980078002814D1622127
:10D67000002000F0F7FF00209B4908709B490870CC
:10D680009B49087200219B48017200209A4908605A
:10D690009A49086031B0F0BD99A02F909EA02E90BD
:10D6A000FBF7FAFAA0A005F08BFF7D20C000F7F78A
:10D6B0003BFA9F482D902E992D98F5F7ECFD0446E6
:10D6C000002C12D02E98F5F711FE041920462F9940
:10D6D000F5F7E1FD002808D0FBF7DEFA95A005F08C
:10D6E0006FFFFF20F530F7F71FFA00200C900025A0
:10D6F0000B909AE0FBF7D0FA96A005F061FFFF20AF
:10D700002D30F7F711FAFBF7C7FA99A005F058FF8B
:10D71000FF202D30F7F708FAFBF7BEFA9CA005F0C2
:10D720004FFFFF202D30F7F7FFF9FBF7B5FA9FA069
:10D7300005F046FFFF20F530F7F7F6F99E489FA168
:10D7400002680DA8FBF7B8FEFBF7A6FA0DA805F0D6
:10D7500037FFFF20F530F7F7E7F9FBF79DFA9DA0BB
:10D7600005F02EFFFF20F530F7F7DEF96148C068BD
:10D77000012811D1FBF790FA9CA005F021FFFF20B2
:10D78000F530F7F7D1F9FBF787FAA14805F018FF54
:10D79000FF20F530F7F7C8F9FBF77EFA9DA005F0FA
:10D7A0000FFF0026002007909E480690FF20F530CE
:10D7B00005900EE0FF20F530F7F7B6F90798FF3037
:10D7C000F53007905A482D9097A12D98F5F763FDF5
:10D7D000064694490798884201DA002EEAD0002EC6
:10D7E00014D002A803AB04AA93A100903046F5F729
:10D7F000BBFD032809D103980B900398C82804D1D6
:10D80000012501213B48017215E000BF002D08D120
:10D81000FBF742FA8EA005F0D3FEFF20F530F7F7B4
:10D8200083F90C98401C0C9000BF0C98052802DA74
:10D83000002D00D15EE700BF002D20D16221002025
:10D8400000F010FF00202849087028490870284976
:10D8500008720021274801720020274908602749E3
:10D8600008607E4908700320FCF7EEFF08F042F8DC
:10D870007D200001F7F758F9FDF726FD0AE7FBF7D1
:10D880000BFA77A005F09CFE002780480A90FF2045
:10D89000F53009900020089016E0FF20F530F7F7EA
:10D8A00043F9FF37F53722482D9079A12D98F5F7E8
:10D8B000F2FC002805D177A12D98F5F7ECFC0028A3
:10D8C00002D00120089005E07048874202DA0898EB
:10D8D0000028E2D000BFFF20F530F7F725F95CA063
:10D8E00005F06EFE00BFD5E6870000208400002012
:10D8F000E8060020D8060020380000203C00002068
:10D9000065436F6F6B335F4F54415F5445535431E0
:10D910002E686578000000002B46534C533A204691
:10D92000494C45533A0D0A0041542B46534C530081
:10D93000940B002041542B465344454C3D65436FA6
:10D940006F6B335F4F54415F54455354312E6865BC
:10D950007800000041542B4353534C4346473D222B
:10D9600073736C76657273696F6E222C312C330081
:10D9700041542B4353534C4346473D2269676E6FD6
:10D98000726572746374696D65222C312C310000EC
:10D9900041542B4353534C4346473D22656E6162CD
:10D9A0006C65534E49222C312C31000041542B48D8
:10D9B000545450494E4954000404002041542B480B
:10D9C000545450504152413D2255524C222C222554
:10D9D0007322000041542B48545450504152413D51
:10D9E0002253534C434647222C31000041542B48CC
:10D9F000545450504152413D22434F4E54454E5491
:10DA0000222C22746578742F706C61696E2200007C
:10DA10000062010041542B48545450414354494F33
:10DA20004E3D3000307500002B4854545041435453
:10DA3000494F4E3A000000002B4854545041435483
:10DA4000494F4E3A2025642C25642C2564000000A3
:10DA500041542B485454505445524D005F0000200F
:10DA600041542B485454505245414446494C453D3D
:10DA70002265436F6F6B335F4F54415F544553547E
:10DA8000312E686578222C3100000000102700003C
:10DA90004F4B00002B485454505245414446494C8A
:10DAA000453A0000F8B51A48007800282DD01948EA
:10DAB0000068F6F7CCF90090F6F72AFA044600223F
:10DAC000154BF6F741F90646F6F75EFA134908607A
:10DAD00008460068F6F71CFA0646114A114BF6F79D
:10DAE000CBF80446F6F750FA0C4908600121890783
:10DAF0000A480068F5F790FF084908600846016881
:10DB00000948816205480068F8BD0020FCE7000074
:10DB1000E4040020E004002000FEAF4008020020E2
:10DB20009A99999999990940B00A0020084972B6C2
:10DB3000084A1278002A07D0074A1268044B9A4212
:10DB400002D9054A106801E0044A106862B67047BD
:10DB500080857467F4040020F0040020AC000020ED
:10DB600000B501460B00FBF7EAFC1B27292F0F111C
:10DB7000131517191B1D1F2125312D2B2333433559
:10DB800037393B3D3F414300032000BD0420FCE703
:10DB90000520FAE70620F8E70720F6E70820F4E773
:10DBA0000920F2E70A20F0E70B20EEE70C20ECE773
:10DBB0001120EAE70D20E8E70020E6E70120E4E78E
:10DBC0001020E2E70F20E0E70220DEE70E20DCE78E
:10DBD0001220DAE71420D8E71520D6E71620D4E77C
:10DBE0001720D2E71820D0E71920CEE71A20CCE77B
:10DBF0001320CAE710B505480078002802D0FFF7C7
:10DC000095FF10BD02480068FBE700004D000020B2
:10DC1000B00000202E20704770B505460C46002D40
:10DC200001D0002C04D1002C01D00020207070BD48
:10DC3000142229462046F5F742FB0020207500BF3C
:10DC4000F5E7F8B505460E4617460024002D01D02D
:10DC5000002E01D10020F8BDAC68002F0AD000E0F2
:10DC60002468002C10D03046216AF5F746FB0028C6
:10DC7000F6D109E000E02468002C05D03046216A86
:10DC8000FDF758F80028F6D12046E4E71CB510A1AE
:10DC90006846F8F7C9FAFEF7C3FE68460078002820
:10DCA00002D00198002803D100200C4908701CBD47
:10DCB0000198FFF7D1F90446002C02D107490870FA
:10DCC000F5E720222146054807F045F90348EEE72D
:10DCD00041542B434943434944000000BC0F0020FA
:10DCE0001CB515480078052803DB0020134908708F
:10DCF0001CBD13A16846F8F797FAFEF791FE01984C
:10DD0000FFF7CAF90446002C0CD10C4908700A48E8
:10DD10000078052804DA08480078401C0649087095
:10DD20000020E5E720222146044807F014F90020EE
:10DD3000014908700148DBE7E5040020DC0F002002
:10DD400041542B4347534E0010B504A005F038FC56
:10DD5000002006490870FEF7A7FF10BD41542B4371
:10DD60004D515454444953433D3000004A0400206F
:10DD700000200149087070472805002010B503A055
:10DD800005F01EFC0648F9F78DFE10BD41542B43EB
:10DD9000534F433D224D7373222C313234300000F7
:10DDA000A86100001CB5064A06A1684600F0E8FA22
:10DDB000034A07A1684600F0E3FA00F047F81CBDEB
:10DDC000983A000041542B4346554E3D3000000028
:10DDD00041542B4346554E3D31000000F8B50446F2
:10DDE000002C02D02078002801D10020F8BDFAF7DD
:10DDF00053FF204605F0E4FB00250F4FFF20F530D0
:10DE0000009013E0FF20F530F6F78EFEFF35F53574
:10DE10000A4E0BA13046F5F73EFA002805D109A1BC
:10DE20003046F5F738FA002800D002E00248854273
:10DE3000E8DB00BF0120D9E7983A0000940B0020EE
:10DE40004F4B00004552524F520000000020014944
:10DE500008607047E80400207CB5FFF7F7FF002456
:10DE60001FE07D22120111A1684600F089FA684680
:10DE70000078002801D001207CBDFAF70DFF601C5E
:10DE800005280CD20A48056801E0F8F749F8084867
:10DE90000068401B7D21C9008842F6D300BF601C8A
:10DEA000C4B2052CDDDB0020E6E700004154000091
:10DEB000A0000020F8B504460D4611480668076822
:10DEC00010488088009011E00E48818800988142B7
:10DED00004D00C488088009009480768084800680A
:10DEE000C01BA04200D306E0F8F71AF80448006807
:10DEF000801BA842E8D300BFFAF7CEFEF8BD0000B1
:10DF0000A0000020940C002070B50546002D02D022
:10DF10002878002801D1002070BD2C461AE0AC42C0
:10DF200009D020462038C07F0D2804D02046203854
:10DF3000C07F0A2801D10120EEE7681D844208D382
:10DF4000601F052207A1F5F7EFF9002801D1012094
:10DF5000E2E7641D05A12046F5F79DF9041EDED118
:10DF600000BFD9E72B434D45200000004552524FDA
:10DF70005200000070B50546002D02D02878002818
:10DF800001D1002070BD022219A12846F5F7CCF975
:10DF900000280AD1A878002805D0A8780D2802D03A
:10DFA000A8780A2801D10120ECE72C4617E0AC4202
:10DFB00009D020462038C07F0D2804D020462038C4
:10DFC000C07F0A280AD1A078002805D0A0780D28A3
:10DFD00002D0A0780A2801D10120D3E7A41C04A113
:10DFE0002046F5F758F9041EE1D100BFCAE700004A
:10DFF0004F4B000010B50446002C07D004A120466A
:10E00000F5F749F9002801D0012010BD0020FCE7F8
:10E010002B4352534D3D000010B504462046FFF7F8
:10E02000A9FF002804D12046FFF76EFF002801D089
:10E03000012010BD0020FCE770B505460C462046C7
:10E04000FFF7EAFF002800D170BD2846FFF7D2FF96
:10E05000002806D004A12046F5F71DF9002800D1BC
:10E06000F2E70120F0E700002B4352534D3A000045
:10E0700010B586B000F03AFC002802D1022006B0AC
:10E0800010BD22480078002801D00320F7E77D2248
:10E0900092011FA104A800F073F90598FFF784FA14
:10E0A000002801D00020EAE7002426E07D2292012A
:10E0B0001EA102A800F064F97D22920114A1684615
:10E0C00000F05EF90198FFF76FFA00280DD00120EB
:10E0D0000E4908700398FFF789FA002803D0FFF76C
:10E0E00055FA0120CBE70020C9E70398FFF77EFA35
:10E0F000002800D103E0601CC4B2052CD6DB00BFB1
:10E100000120024908700220B9E70000280500201C
:10E1100041542B4352534D3D3137362C3238353331
:10E12000392C302C302C31320000000041542B436C
:10E1300052534D3D3231342C32383533392C302C5A
:10E14000302C31322C224646464646464646464606
:10E1500046464646464646464646464646462200C9
:10E16000FFB581B00F46012675E0B1000498445810
:10E1700020782D286ED160782D2805D1A21C3AA1D7
:10E18000019802F0E7F865E065782946384600F026
:10E19000CBFB002857D0702D0CD006DC622D2ED082
:10E1A000632D4BD0652D4DD149E0732D19D0742DC1
:10E1B00048D13BE0A01C05F073FB044620783028D2
:10E1C00003D12D48F7F786FF0AE02078312803D1E4
:10E1D0003220F7F77FFF03E028A1019802F0BAF898
:10E1E00030E000F083FB002801D02DA000E02DA03E
:10E1F00002462EA10090019802F0ACF822E0A01C8B
:10E2000005F04EFB04462078302803D100202B492E
:10E2100008700AE02078312803D1012027490870CE
:10E2200003E027A1019802F095F80BE0F7F7CEFA8A
:10E23000014600902BA0FBF713F903E002E0F7F78B
:10E24000F7F900BF06E02A4627A1019802F082F8FC
:10E2500005B0F0BD761C0398864286DB2BA10198A1
:10E2600002F078F800BFF3E74C6F6E67206F7074B0
:10E27000696F6E2025730A00C40900004552524F91
:10E28000523A202D70206F7074696F6E2073706524
:10E29000636966792030206F7220310A0000000027
:10E2A00055500000444F574E0000000047534D208A
:10E2B000706F77657265642025730A001402002070
:10E2C0004552524F523A202D62206F7074696F6E22
:10E2D00020737065636966792030206F7220310A7F
:10E2E0000000000025640A004552524F523A20496E
:10E2F0006E76616C69642073686F7274206F7074DD
:10E30000696F6E202D25630A00000000210A0000BD
:10E3100010B51BE0134A5288134B9B5C0C68621CBF
:10E320000A6003550F4B5B885A1CD3171B0E9B18B2
:10E330001B121B02D31A9CB20A4B5C8072B6094AAC
:10E340009288521E93B2074A938062B6054A928819
:10E35000002A02DD0A68FF2ADCDB00220B68C254B7
:10E3600010BD0000940C0020940B002002480068AF
:10E370000249086070470000A0000020E804002067
:10E38000F0B585B004460D4616463E4903C90391D3
:10E390000290002001900398002804D0002D02D0A4
:10E3A0002878002805D1039902986160206005B0A3
:10E3B000F0BD35480078002804D0039902986160C8
:10E3C0002060F4E7012030490870FAF7E9FDFAF718
:10E3D00063FCFF2101310398F4F752FF002204216E
:10E3E0002A48FBF709F82846F4F780FF80B2014677
:10E3F00000902846FAF752FD022125A0FAF74EFDBB
:10E400002448076829E024480078002802D1F7F75B
:10E4100087FD22E000202049087001A90398FFF73A
:10E4200077FF28460399FFF707FE002812D001A9BD
:10E430000398FFF76DFF0398FFF79CFD694608728C
:10E44000087A002802D0FFF791FF02E0002013496C
:10E45000086007E0F7F764FD00BF0E480068C01BC6
:10E46000B042D0D300BF6846007A002801D10B49E2
:10E4700008600020044908700399029861602060D8
:10E4800000BF94E7E85B0100C904002000100040D1
:10E490000D0A0000A0000020C8040020E8040020AD
:10E4A00070B504460548056801E0F7F739FD0348F3
:10E4B0000068401BA042F8D370BD0000A0000020FF
:10E4C00010B5044624480078042800D110BD234824
:10E4D00000780300FBF733F806040E162830383CAA
:10E4E000002C06D100F002FA002802D00120FEF72D
:10E4F000DBFB2DE0012C04D102F06AF90020FEF7CD
:10E50000D3FB25E0002C09D101F022FD002805D025
:10E510000320FEF7C9FBFDF77FFE04E0012C02D1CA
:10E520000020FEF7C1FB13E0002C04D0012C02D127
:10E530000020FEF7B9FB0BE0012C04D10520FEF70B
:10E54000B3FBFFF701FC03E0012C00D000BF00BFCC
:10E5500000BF00BFBAE70000F201002094040020D1
:10E5600010B50446184800780300FAF7E8FF0A0ED1
:10E57000060A2A12161A1E22262A204606F0C6F875
:10E5800020E0204605F090FA1CE0204606F07AF9DB
:10E5900018E0204606F00AF814E0204606F05CF980
:10E5A00010E0204606F032FA0CE0204606F010FAA1
:10E5B00008E0204606F066FA04E0204605F094FFE5
:10E5C00000E000BF00BF10BDF20100201148017B38
:10E5D0001148124A12789200815000210F4A527855
:10E5E000920081500D4A9278920081500C488078B8
:10E5F000022807D10748017B0748084AD2789200D1
:10E60000815005E000210448044A9278920081502C
:10E6100070470000335B010018A00540405B01001B
:10E62000F4060020FCB504460D46002600200190AB
:10E630000027622D08D0672D03D0722D06D1012648
:10E6400004E00120019001E0012700BF00BF009716
:10E65000324621460248019B05F070F8FCBD0000DF
:10E66000C0000020FCB504460D46002600200190A5
:10E670000027622D08D0672D03D0722D06D1012608
:10E6800004E00120019001E0012700BF00BF0097D6
:10E69000324621460248019B05F050F8FCBD0000BF
:10E6A0000007002010B50C210F48F8F721FA0446A6
:10E6B0000121C9040C48F8F777F9002804D001219A
:10E6C000C9040948F8F762F904202040002806D15F
:10E6D00006480078002805D10549087002E00120AD
:10E6E0000249087010BD000000800440AE04002004
:10E6F000B204002010B50C210F48F8F7F9F90446D0
:10E700000121C9040C48F8F74FF9002804D0012171
:10E71000C9040948F8F73AF904202040002806D136
:10E7200006480078002805D10549087002E001205C
:10E730000249087010BD000000900440BE04002093
:10E74000C204002070B505460E461320FAF716FFE6
:10E75000002405E006480068005D2855601CC4B22E
:10E76000701EA042F6DC1320FAF768FF70BD0000AF
:10E77000540B002070B505460E460021701E29542A
:10E780001320FAF7FBFE002405E0285D05494968DF
:10E790000855601CC4B2B442F7DB1320FAF74EFFF1
:10E7A00070BD0000540B002070B505460E461420C5
:10E7B000FAF7F4FE002405E006480068005D2855DD
:10E7C000601CC4B2701EA042F6DC1420FAF746FFAB
:10E7D00070BD0000740B002070B505460E46002188
:10E7E000701E29541420FAF7D9FE002405E0285D94
:10E7F000054949680855601CC4B2B442F7DB1420CF
:10E80000FAF72CFF70BD0000740B002070B50546B0
:10E810000E46144631462846F5F7DCFB06D821465D
:10E820002846F5F7CDFB01D8012070BD0020FCE79C
:10E8300010B500200E4948638863C86308600872F9
:10E84000C8600861486148608861C8610021084863
:10E8500001624162816220210648F4F711FD0549F9
:10E860000348C1620021016300200149086410BD12
:10E87000B00A0020900A0020F8B50B30C608F60058
:10E88000104D19E02068B04215D3B0420BD963682F
:10E89000871B201D0093F4F7DAFCA019009B07608A
:10E8A0004360286004E060682860201DF4F7CFFC16
:10E8B000201D2660F8BD251D2C68002CE2D100200B
:10E8C000F8BD00000C06002010B5F6F763FF044603
:10E8D000601C002802D1F6F7D9FF04E00248844208
:10E8E00001DDF6F7D3FF10BD8C05000010B5402107
:10E8F0000448F7F77AFA0446002C01D1012010BD34
:10E900000020FCE700200B4005480078002803D1D8
:10E9100004480078002801D0012070470020FCE75F
:10E92000AE040020BE04002030B502460B469C20F9
:10E930005043094D441900210AE00C204843254664
:10E940000C354019007A984201D1012030BD491C94
:10E950000C29F2DB0020F9E718020020F8B5044684
:10E960000F46002C00D1F8BD2046FCF790F8002897
:10E9700005D02046FCF7AEF838700120F3E72046BA
:10E98000FCF792F800280DD000221346A56928460E
:10E99000E169F5F7D1FA01D0012000E000203870DC
:10E9A0000120E0E72046FCF78AF800282FD02069F4
:10E9B00000282CD0256917A12846F4F79EFC0028D2
:10E9C0000BD016A12846F4F798FC002805D015A115
:10E9D0002846F4F792FC002802D101203870C2E7E3
:10E9E00011A12846F4F789FC00280BD010A1284675
:10E9F000F4F783FC002805D00FA12846F4F77DFC2E
:10EA0000002803D1002038700120ACE700BF0020AF
:10EA1000A9E7000074727565000000005452554566
:10EA2000000000003100000066616C7365000000AA
:10EA300046414C53450000003000000070B50446CC
:10EA40000D46002C00D170BD2046FCF72DF80028A3
:10EA500007D0A2691046E169F5F736FA286001206F
:10EA6000F1E72046FCF72BF8002808D020690028A1
:10EA700005D02069F4F76AFF28600120E3E7002051
:10EA8000E1E7F8B505460C461646002D04D03146A0
:10EA90002846FBF7F3FF00E000200746002F06D1D1
:10EAA000002C04D031462046FBF7E8FF07463846E5
:10EAB000F8BD70B504460D46002C07D02046FBF784
:10EAC000FEFF002802D02069002801D1002070BD7F
:10EAD000206928600120FAE70348044909780429DD
:10EAE00001D10349084370470A200300F2010020C6
:10EAF00004400000F8B507460C4615461E46694618
:10EB00003846FFF79BFF002806D10BA23146284666
:10EB1000FAF7B6FC0020F8BD0098002806DA0EA22D
:10EB200031462846FAF7ACFC0020F4E70098606014
:10EB30000120207200BFEEE76475726174696F6E28
:10EB400053206D75737420626520696E742F737421
:10EB500072696E67000000006475726174696F6E9F
:10EB600053206D757374206265203E3D2030000097
:10EB7000F8B507460C4615461E4669463846FFF767
:10EB80005DFF002806D10CA231462846FAF778FC32
:10EB90000020F8BD0098002802DB00980A2806DD56
:10EBA0000CA231462846FAF76BFC0020F1E70098EA
:10EBB00020600120EDE700006D6178506F7765728D
:10EBC000206D75737420626520696E742F73747282
:10EBD000696E6700696E76616C6964206D6178505A
:10EBE0006F7765722028302D31302900FFB589B04C
:10EBF0000025ED432F4628460790002005900490FD
:10EC000003900290012001906CE0019881000C9823
:10EC1000445820782D2862D160782D2805D1A21C77
:10EC20005FA1099801F096FB59E0667831460A9891
:10EC3000FFF77AFE00284CD0632E1CD006DC302E65
:10EC400030D0312E31D0622E42D131E0722E02D03E
:10EC5000732E3DD11EE0A078002805D154A109985B
:10EC600001F078FB0DB0F0BD06A9A01CFBF7F3FC8A
:10EC7000069845B22CE0A078002804D159A1099843
:10EC800001F068FBEEE706A9A01CF8F70DFC06985A
:10EC900047B21DE008A9A01CF8F706FC5E4806F084
:10ECA000E1FE15E00120029012E0022002900FE048
:10ECB000204604F0F5FD044607A92046FBF7CBFCEF
:10ECC0000446204604F0ECFD041E00D000BF00BF47
:10ECD00005E0324651A1099801F03CFBC2E70198DA
:10ECE000401C01900B99019888428EDB681C00281B
:10ECF0001CD0002D16DB102D14DA0298012804D147
:10ED0000E8B20021F8F7D6FA10E00298022804D100
:10ED1000E8B20121F8F7CEFA08E049A1099801F01C
:10ED200019FB03E054A1099801F014FB002F31DB1B
:10ED3000012F04DD5BA1099801F00CFB2AE0E11C26
:10ED40000C46084604F0ACFD044619E02078F4F7C0
:10ED500072FA522802D10120059010E02078F4F7D1
:10ED60006AFA472802D10120049008E02078F4F7DD
:10ED700062FA422802D10120039000E003E0641C03
:10ED800020780028E2D100BF3846039B049A0599F9
:10ED9000F8F7B6FA50A1099801F0DCFA00BF61E774
:10EDA0004C6F6E67206F7074696F6E2025730A0058
:10EDB0004552524F523A206E6F20726564206C6546
:10EDC000642076616C75652073706563696669653A
:10EDD0006420666F72206F7074696F6E202D720AE6
:10EDE000000000004552524F523A206E6F205247A9
:10EDF00042206C6564206E756D626572207370656B
:10EE000063696669656420666F72206F7074696FEC
:10EE10006E202D630A000000B82200004552524FB8
:10EE2000523A20496E76616C69642073686F72741F
:10EE3000206F7074696F6E202D25630A000000003A
:10EE40004552524F523A206D75737420737065634A
:10EE5000696679202D3020286F666629206F722020
:10EE60002D3120286F6E2920666F72202D72206F41
:10EE70007074696F6E0A00004552524F523A204931
:10EE80006E76616C6964204C4544206E756D6265D8
:10EE90007220666F72202D72206F7074696F6E0A17
:10EEA000000000004552524F523A20496E76616C84
:10EEB000696420524742204C45442020666F7220EE
:10EEC0002D63206F7074696F6E2C20757365203010
:10EED000206F7220310A0000210A00000EB5FFF7F2
:10EEE000A7FCF7F771FAF7F7E1FBF6F735FEF5F750
:10EEF000E9FDF5F7C9FEF6F789FFF8F75DFEF8F7CB
:10EF0000C2FAF9F701FFFAF7B3F8F8F7BBF8F8F728
:10EF10002BFB0120F8F716FBFDF714FEFFF7D4FCDE
:10EF2000F5F7E0FCF6F7A0FAF8F78EFDF8F777FCB6
:10EF3000F6F734FC01214903F748F6F75FFF01219A
:10EF40008903F548F6F75AFFF4A0F5494861F3A0A4
:10EF50000861F4A0FAF784FAFEE3F5480078002887
:10EF60002BD16421F3480068F4F708F9002905D192
:10EF7000F1480068EF49096888420BD1EF480078F2
:10EF8000002807D1EE484078032803D0ED484078A8
:10EF9000032812D16421E7480068F4F7EFF800294C
:10EFA00009D1E5480068E3490968884203D0E1488F
:10EFB0000068E1490860FDF7C5FDF6F7B1FFE248DA
:10EFC000007804280FD1E1480078002808D002E03A
:10EFD000DF48FCF789F9DD4800780028F8D102E025
:10EFE000DB48FCF781F9D248007800280BD0D948DB
:10EFF000807A002805D1D848807A002801D1F7F717
:10F00000A9F906F09DF9D0480078022803D0CE482F
:10F010000078052877D1C821C6480068F4F7AEF813
:10F020000029F7D1CD480068C249096888426AD0F2
:10F03000C0480068C9490860C648807A002803D1E2
:10F04000C548807A002849D0C5480078002803D1F7
:10F05000C048807A002807D1C1480078012805D12E
:10F06000BD48807A002801D0012000E0002005463C
:10F07000002D13D0BB48807802280FD1B848007803
:10F08000002802D1AE48807801E0AE48807804467E
:10F09000082C02D0204606F00BFC1EE0B148807818
:10F0A000022812D1AC4A1178AA4A107806F042FC24
:10F0B000AB490978002902D1A649098801E0A6498F
:10F0C0000988C8B2F8F770F907E09D4880780828E9
:10F0D00003D09B49887806F0EBFB00BFA24800787C
:10F0E00000281FD09B48807A00281BD19A4A1178AB
:10F0F000984A107806F01EFC99490978002903D136
:10F100009449098802E038E093490988C8B2F8F7C1
:10F110004BF990480088002804D08E4801880020D0
:10F1200004F014FC9148007800281ED08A48807AA8
:10F1300000281AD1884A1178864A107806F0FAFB1E
:10F1400087490978012902D18349098801E0814969
:10F150000988C8B2F8F728F97F480088002804D049
:10F160007D480188012004F0F1FB7A48807A7E49CD
:10F1700008707948807A7D49087005F07DFFFBF7BB
:10F1800017FBFBF7CDFA02F059FAFBF74BFF06F03D
:10F1900061F9FEF7BDF806F049F8F6F7C1FE7448CC
:10F1A0000078002805D068480078002801D103F0D5
:10F1B000E7FCFFF79BFB6F49087004F0EBF802F0E7
:10F1C00041F96D48006B10210840002801D0FAF782
:10F1D0003FF9F6F713FA02F0BDFFFBF7D3FD01F09C
:10F1E000F5F9FCF7C9FF01F08DF8F6F799FEFFF786
:10F1F0008BFB002803D14E480078002829D05F48B7
:10F200000078002816D05E480078002812D05D48AB
:10F21000007800280ED05C48007800280AD05B48AF
:10F220000068401C002808D058480068401C574916
:10F23000086002E0002055490860544800687D21BC
:10F24000C900884201D3012000E000205049087025
:10F2500004E000204D4908604D4908704D48007891
:10F2600001282FD14C480078032808D04A4800785C
:10F27000012804D049A24AA1354804F0D9F94648EA
:10F280000078022803D10020FFF71AF917E042485E
:10F290000078002803D040480078012803D10A20D4
:10F2A000FCF7A0FF0BE03C480078042807D1264873
:10F2B0000078002803D067210120FFF7D3F9002050
:10F2C0003449087037480078012824D136484079FD
:10F2D000002807D135480078002871D034480078DC
:10F2E00000286DD0F6F756FA00287DDD2E4800790B
:10F2F000002802D0012876D170E02E48007800283E
:10F300006BD12D48006800285CD02C4800682A4941
:10F310000968401A57E073E000200B404E4100009E
:10F32000B00A00204154454320434C490A000000E4
:10F33000BC000020A00000201C000020BE04002013
:10F340001E0900202E090020F201002014020020D6
:10F35000000004403E0900204A0900201800002057
:10F360008C010020F4060020200000202100002055
:10F370005F00002085000020008008406E00002013
:10F380006F00002070000020710000207400002039
:10F3900050000020BA010020940400204F4B0000D0
:10F3A00041540000BB010020080500203805002062
:10F3B000390500209504002010000020B000002036
:10F3C00014E011E00F2004460F2C05D3FE4800681E
:10F3D000FE49086002F022F800BF04E003F0FCFCE4
:10F3E00000F082FF00BF01E000F0C0FDF8A2F9A12B
:10F3F000FB4804F01DF9FB4908700020FA49087029
:10F40000FA48007801281ED1F9480078042808D16C
:10F4100067210120FFF726F903F02EFB05F0C2FD5E
:10F420000CE0F4480078042808D072210220FFF78D
:10F4300019F906F05FFA0520FBF706FA05F00EFE53
:10F440000020EA490870F6F76BFDFFF74FFA044613
:10F45000E8480078042815D0002C13D0E64800783E
:10F4600000280FD1E248007800280BD1E34800784B
:10F47000002807D10520FCF7B5FE0120E0490870FF
:10F48000DE490870DC480470DE480078002808D0A7
:10F49000DD480078002804D005F044FF0020D94959
:10F4A0000870FFF723FA00287ED0D84ED84F0024EA
:10F4B000D8480078002832D0D748006831468842C2
:10F4C0002DD3D54800683946884228D80025D3482E
:10F4D0000068002809D0D14800683146884204D32A
:10F4E000CE4800683946884201D9012510E0CB4852
:10F4F000CBA214210368CB48F9F7C2FFC948F3F740
:10F50000F5FEC9490860084600680A2800D20125AE
:10F51000002D03D0C0480068C049086000BFC34840
:10F52000007800281ED1B348007804281AD0B048CB
:10F530000078032816D0AE480078012812D00521A3
:10F54000A1480068F3F71AFE00290BD19E48006815
:10F55000B7490968884205D09B480068B4490860EB
:10F56000FAF7DEF9AD48006800281AD0AB48ACA223
:10F5700014210368AB48F9F783FFAA48F3F7B6FEF6
:10F58000A9490860A5480068A049884209D3A34852
:10F5900000689F49884204D8A34800680A2800D31D
:10F5A0000124002C14D000E01BE0A04800780028C3
:10F5B00009D19A4800689F490860FDF747FA012081
:10F5C0009A4908700CE0954800689A49086007E07D
:10F5D00092480068002803D07B4800688F49086083
:10F5E00000BF95480078002854D18248007804284C
:10F5F00050D07F48007803284CD07D4800780128FF
:10F6000048D0FFF773F9002844D005216E48006800
:10F61000F3F7B4FD00293DD16B48006887490968BC
:10F62000884237D06848006884490860FEF72EFB9E
:10F630008349086008460068002806D181A08249F5
:10F64000086100207C49087024E07D480068F3F7D9
:10F650004DFE7E49086008460068142803D000204B
:10F660007549087016E07A4975480068FEF7D4FAC3
:10F670007748FAF7D5FF002806D001206E490870B8
:10F6800073487149086105E06EA06F490861002068
:10F69000694908706F480079002837D155480078CB
:10F6A000042833D05248007804282FD1FFF71EF9E0
:10F6B00000282BD0052144480068F3F75FFD00299E
:10F6C00024D1414800686449096888421ED05A48DC
:10F6D000007800281AD03C4800685F49086001A8FB
:10F6E000FDF794FB5B48029A019906C0083800793F
:10F6F00000280BD057480068002807D055480068FC
:10F7000056490860084600684F49486151480079E9
:10F71000002802D14BA04C4948614E48007900288E
:10F720003BD04F480078002837D10A21264800688E
:10F73000F3F724FD002930D12348006849490968BE
:10F7400088422AD02A480078042826D11E4800681A
:10F7500044490860012000E0C1E341490870F9F71D
:10F760001FFC03F047FA23480078002815D13E48D3
:10F770004079002807D13D48007800280DD03C484A
:10F780000078002809D0F6F705F8002803D036489D
:10F79000007C002801D100F0E9FB364800683649BA
:10F7A000096888426CD013480078002868D0314836
:10F7B000006831490968441A30480078012871D13D
:10F7C000C82C6FD341035CE0B00000201000002083
:10F7D0004F4B000041542B4353434C4B3D320000F0
:10F7E0000000044052000020BB010020BC010020AA
:10F7F00094040020F20100209C0000209D000020C5
:10F800004E0000208600002085000020808574675F
:10F81000005786F4F4040020F0040020AC0000201F
:10F82000256C75002D060020580000204D0000209A
:10F8300028000020EC0100204F0000202C000020B8
:10F84000440000204E410000B00A00205400002077
:10F85000180600207C000020300000204800002016
:10F860005100002034000020080500203805002049
:10F8700039050020A4000020240000205D000020A5
:10F8800028E0FE48F6F766F901218903FB48F6F700
:10F8900061F90020FA490870FA480068FA490860DE
:10F8A00017E0FFE7F6480078002812D1142C10D397
:10F8B00001214903F148F6F7A1FA01218903EF4834
:10F8C000F6F79CFA0120EE490870EE480068EE4910
:10F8D000086000BFED480078002803D0EC4800889D
:10F8E000002802D10020EB494870E8480078002841
:10F8F00003D0E9480088002802D10020E749487079
:10F900000821E448FEF736FF0821E448FEF764FFCB
:10F91000002009E0E249095CE24A1154E249095C2D
:10F92000E24A1154411CC8B20B28F3DBDC48C07B0F
:10F93000DF490978884203D0DD480078002871D17A
:10F94000D248007800286DD0D0480078042869D0CB
:10F95000D8480078002865D1CC480078022803D028
:10F96000CA480078052856D1CD48807800281BD099
:10F97000CB488078012817D0C9488078022813D056
:10F98000C748807803280FD0C548807804280BD05A
:10F99000C3488078052807D0C1488078062803D05E
:10F9A000BF488078072836D1C3480078002803D0A4
:10F9B000C2488078012804D1B949887805F078FFD9
:10F9C00005E0B54A1178B24A107805F0B3FFBC489B
:10F9D0000078002806D1BB480068B949486001207A
:10F9E00008701FE0B6484068B6490968081AFF2148
:10F9F000F531884216D3B2484078002812D1A84881
:10FA00008178B1480068FAF73BFD0120AC494870A5
:10FA10000020087006E00020C043A949486000208B
:10FA200008704870A548807802286BD10020A04952
:10FA3000087000BF07E09C49095C9D4A127889184C
:10FA40009B4A1170401C0F28F5DB9748C07B9849F2
:10FA50000978884203D096480078002873D18B48F3
:10FA6000007800286FD08948007804286BD091482E
:10FA70000078002867D185480078022803D08348A1
:10FA80000078052858D18848807800281BD08648FF
:10FA90008078012817D084488078022813D08248C3
:10FAA000807803280FD08048807804280BD07E48C7
:10FAB0008078052807D07C488078062803D07A48CB
:10FAC0008078072838D17C480078012804D176490D
:10FAD000887805F0EDFE05E06F4A11786C4A1078E1
:10FAE00005F028FF7048817877480068FAF7C8FC6D
:10FAF00076480078002806D172480068734948604B
:10FB0000012008701FE0714840686E490968081AB2
:10FB1000FF21F531884216D36C484078002812D175
:10FB20006148817868480068FAF7AAFC01206749B3
:10FB300048700020087006E00020C0436349486018
:10FB40000020087048707D21C90061480068F3F703
:10FB500015FB002913D15F4800685D490968884298
:10FB60000DD05B4800685B490860FEF79BFD534879
:10FB70008078022802D1FEF7BDFD00E000BFFA2127
:10FB800053480068F3F7FAFA002933D15148006866
:10FB90004F49096888422DD04D4800684D4908609A
:10FBA0004D4800784D490978884216D043488078FE
:10FBB000022809D14848007849490978884201D08B
:10FBC000012002E0002000E00120002805D042488A
:10FBD0000078401C4049087000E000BF3E480078B3
:10FBE000032804DB00203C490870012000E00020CD
:10FBF0003C49087025480078002877D02D480078C7
:10FC0000002873D02148007804286FD06721002095
:10FC1000FEF708FD67210020FEF724FD0120324990
:10FC20000870FBF751FB00210C20F7F743FB002184
:10FC30000F20F7F73FFB00210B20F7F73BFB0021DC
:10FC40000D20F7F737FB00210E20F7F733FBF7F70E
:10FC5000D7FB002010490880C8700871887048726E
:10FC600088720B490880C870087188704872887261
:10FC70001248807802283AD1012039E000200B4058
:10FC80005D000020A400002024000020F2010020DC
:10FC90003E090020750100204A0900207D01002056
:10FCA0001E090020410600202E0900204C060020DD
:10FCB00060000020500000208C010020F40600208D
:10FCC00088000020B0000020AC0000209000002040
:10FCD000A0000020140000206C000020B2040020CE
:10FCE000C20400206D000020AC0100202AE00320A7
:10FCF0007C4908700020487002207B490870002071
:10FD00007A49487000BF05E0002279490A547949D0
:10FD10000A54401C0428F7DB7748FBF739FF774883
:10FD2000FBF736FF0020FDF709F8754840790028F9
:10FD300001D000F01BF973A27349744803F078FCFA
:10FD4000734908706C48807B002803D16B48807B26
:10FD500000287DD0002008E06E49095C6E4A1154ED
:10FD60006149095C6D4A1154401C0B28F4DB6C4955
:10FD7000098888B20B226849F5F760FB6949086079
:10FD80006749098888B20B226449F5F757FB664931
:10FD900008605948807B002809D05E48C07A00027C
:10FDA0005C49097B08435F49096888420DD0534884
:10FDB000807B002866D04C48C07A00024A49097B03
:10FDC00008435949096888425CD100265148407966
:10FDD000002803D144484079002836D05348807821
:10FDE000022823D14B49497B09024A4A52791143DF
:10FDF0000846F4F721F88721C9050090F3F749FE7A
:10FE000007463949497B0902374A52791143084666
:10FE1000F4F712F88721C9050090F3F73AFE019034
:10FE200038460199F3F79FFD06460EE03949497BB4
:10FE30000902384A527911430846F3F7FDFF074695
:10FE40008721C905F3F725FE06463248C07800E051
:10FE500018E004022F4909790C432348C0780502B1
:10FE6000214909790D43002C03D02046F3F7EFFF19
:10FE700002E02846F3F7EBFF02903046029901F0CA
:10FE800035FB00BFFF2101312948F5F7AEFF2949B5
:10FE90000870012149022648F5F7A7FF2649087096
:10FEA00080212648F5F7A1FF25490870FF2101317F
:10FEB0002248F5F79AFF2349087004211F48F5F7F7
:10FEC00094FF012800D100E000201F4908701F485E
:10FED000006B10210840002801D0F9F7B9FAFFF7AC
:10FEE0003CF80000750100202E0900207D01002053
:10FEF000430900204F090020C4010020D401002044
:10FF0000080500204F4B0000D4F70000000004401B
:10FF1000520000201E090020410600204C0600204F
:10FF2000C40400206400002068000020F4060020C3
:10FF300000400B406E0000206F00002000200B40AE
:10FF40007000002071000020780000200080084030
:10FF500005480078002805D003480078042801D01F
:10FF6000012070470020FCE7F201002010B50BA033
:10FF700003F026FB0DA003F023FB10A003F020FBF1
:10FF80001248F7F78FFDF8F787FE00201049087038
:10FF900010490870FCF788FE10BD000041542B4347
:10FFA0004D515454444953433D30000041542B4378
:10FFB0004D51545452454C3D3000000041542B43A8
:10FFC0004D51545453544F5000000000A08601007E
:10FFD0004B0400204A040020FFB5A1B00746FAF701
:10FFE000EDFC1F901F98002801D125B0F0BD22988C
:10FFF000F3F734FF02460B460391029084A11F9849
:020000040001F9
:10000000FAF75CFC83A1239A1F98FAF72BFCF5F70B
:10001000DDFB1E901E98F3F735FF02460B46039159
:1000200002907DA11F98FAF749FC002F70D07BA1A8
:100030003846F3F762F9002805D079A13846F3F77E
:100040005CF9002864D1FAF7B9FC0646002E04D109
:100050001F98FAF7DDFC0020C7E772490868F3F73C
:10006000FDFE02460B46019100906FA13046FAF763
:1000700025FC6C498869F3F7F1FE02460B460191B5
:1000800000906AA13046FAF719FC6648007900280A
:1000900001D167A000E067A0024669A13046FAF7E7
:1000A0002BFC60484079002801D166A006E05D483D
:1000B0004079012801D166A000E068A0024669A14C
:1000C0003046FAF719FC57498868F3F7C7FE02462D
:1000D0000B460191009064A13046FAF7EFFB5149BD
:1000E000C868F3F7BBFE02460B46019100905FA182
:1000F0003046FAF7E3FB4B48807C002801D0012012
:1001000000E000204749497C002902D0012101E09C
:1001100026E00021009101904248007C002801D097
:10012000012000E00020034651A2062102A8F9F7B1
:10013000A7F902AA51A13046FAF7DEFB3949C8698E
:10014000F3F78CFE02460B46019100904CA130461D
:10015000FAF7B4FB32464BA11F98FAF79FFB00BF9A
:100160001F98FAF74BFD05461F98FAF751FC002D32
:1001700001D1002039E745A2202116A81E9BF9F7DE
:100180007FF916A8F3F7B2F815902846F3F7AEF802
:100190001490012440A241A1414803F049FA0440CF
:1001A00040A2402104A8159BF9F76AF942A204A9CC
:1001B0003B4803F03DFA044037A216A9384803F043
:1001C00037FA04403DA2402104A8149BF9F758F9DE
:1001D00039A204A9324803F02BFA04402EA2294682
:1001E0002F4803F025FA04403AA2402104A8249B9A
:1001F000F9F746F928A204A9294803F019FA04409E
:100200002846F9F75BFBF8F747FD2046EDE60000CE
:10021000636964006F6B00007369640070750000AF
:1002200072700000080500206B6100007073000010
:10023000616C6C00657373656E7469616C000000BD
:10024000706D0000616C776179735F6F6E00000004
:100250006F6E5F64656D616E640000006F6E636554
:1002600000000000637300006D7000006D70690095
:1002700025645825645825640000000043454D005E
:100280006E636200706172616D73000072657370FD
:100290002F256C75000000004F4B000041540000FA
:1002A0000000044041542B434D515454544F504985
:1002B000433D302C257A75003E00000041542B430D
:1002C0004D5154545041594C4F41443D302C257AA6
:1002D0007500000041542B434D5154545055423D3C
:1002E000302C25642C363000002003490870034868
:1002F000006803490860704788040020A0000020BF
:100300008404002000B50E480078042800D100BD08
:100310000C480078002810D10B48006800280CD049
:100320000A48006808490968094A8918884204D3BC
:10033000F7F784F801200349087000BFE7E70000E1
:10034000F20100208804002084040020A000002086
:10035000701700000FB4F0B587B00EA80690A2E0A9
:100360000D980078252872D10D98401C0D900D989D
:10037000007873280CD1069810C8069004E0217804
:100380000C9800F0CFF8641C20780028F7D187E0A3
:100390000D980078632807D1069810C80690E1B23E
:1003A0000C9800F0BFF87BE00D98007864282BD102
:1003B000069810C8069025460026002D01D101267A
:1003C00008E005E0761C0A212846F2F7EDFE054616
:1003D000002DF7D1771E0DE00A212046F2F7E4FE4A
:1003E0003031C8B201A9C8550A212046F2F7DCFE17
:1003F00004467F1E002FEFDA002001A9885501A8CE
:100400000C9900F05BF84BE00D98007878281FD12C
:100410000824069820C80690601E0EE02907090FE0
:10042000303101AA115401A9095C392903DD01A960
:10043000095CC91D11542D11401E0028EEDA002060
:1004400001A9085501A80C9900F038F828E022E02D
:100450000D980078682823D10224069820C80690B9
:10046000601E0EE02907090F303101AA115401A9BD
:10047000095C392903DD01A9095CC91D11542D113D
:10048000401E0028EEDA002001A9085501A80C99A9
:1004900000F014F804E00D9801780C9800F042F890
:1004A0000D98401C0D900D980078002800D057E75B
:1004B000069007B0F0BC08BC04B0184770B50446FD
:1004C0000D4604E02178284600F02CF8641C2078C2
:1004D0000028F7D170BD000070B505460F48854271
:1004E0000AD1F8F7A9FE0446601C002801D1401E7D
:1004F00070BDE4B22046FBE7094885420AD1F8F70F
:1005000017FD0446601C002801D1401EF0E7E4B24C
:100510002046EDE70020C043EAE700000000044069
:100520000010004073B505461648854212D1164E9C
:1005300009E0F8F76BFE0446002C00DD04E0701EB5
:10054000061E00DC00E0F4E700BF012101A8F8F777
:10055000ABFE15E00D48854212D10B4E09E0F8F7CD
:10056000D1FC0446002C00DD04E0701E061E00DCF9
:1005700000E0F4E700BF012101A8F8F731FD00BF5A
:100580007CBD000000000440102700000010004067
:1005900010B50A480078002800D110BD0020074996
:1005A0000870074908700749087007490870FDF787
:1005B000DFFB00F00DF900BFEFE700006F04002043
:1005C0006E040020700400207104002010B57348F0
:1005D0000078042800D110BD71480078012800D0AF
:1005E000F9E770480078002800D0F4E7FEF77EF9BC
:1005F000002800D1EFE76C480068002809D06B485C
:10060000006869490968401A69490968884200D246
:10061000E1E76648006864490860022064490860B0
:1006200064480078042828D1FDF722FD0446002004
:10063000614908706149087061480078401C604950
:10064000087008460078052803DB0120554908702A
:10065000C1E7012C0AD100205A4908705549087099
:1006600059490870022052490860B4E700205649F1
:10067000087005204F490870ADE700F0BBF900286D
:1006800044D00020504908704A4800780D2818DBF3
:1006900000204E4908704949087049490870464988
:1006A000087000F095F8FFF753FC002803D10220F2
:1006B000FCF7FAFA04E00320FCF7F6FAFBF7ACFDCE
:1006C00089E73C480078002804D13E48007800289B
:1006D00000D180E737480078032809D136480078F0
:1006E000002801D0042000E00520324908700CE009
:1006F00030480078062803D108202E49087004E00D
:100700002C480078401C2B49087064E72E4800787C
:10071000401C2D4908702748007800F0F9FA00289D
:1007200001D0012000E00520044627480078A042BF
:1007300032DB0020244908701E480078012805DCBF
:100740000020204908701B49087025E019480078EE
:1007500000F0DEFA002802D000F06CF81CE015482A
:100760000078052805D10120124908701549087044
:1007700012E016480078022807DA14480078401C76
:100780001249087000F026F906E0012009490870B6
:100790000C49087000F042F800BF1CE7F20100208D
:1007A000940400206F04002064040020B0000020A6
:1007B00068040020610400206E0400207104002001
:1007C000700400206D040020620400206C040020EE
:1007D00010B50020084908700849087008490860E9
:1007E000022008490860002007490870102207A16C
:1007F000094804F0B0FB10BD610400206204002031
:1008000064040020680400206D0400206F6E6F6D8A
:100810006F6E646F00000000720400200020034926
:1008200008701E2002490860704700006204002022
:100830006804002010B50B480078002800D010BDD7
:1008400009480078401C08490870084600780528C7
:1008500004DB0020087001200449087000F0BAF899
:1008600000BFECE76F040020710400206E0400203C
:1008700038B505460BA12846F2F70DFD0446002CBD
:1008800000D138BD002000906A4608A12046F2F74A
:100890006BFD012803D10098012800D1F1E7002069
:1008A000EFE700002B43474154543A002B434741A4
:1008B00054543A20256400007CB506460C4610A12D
:1008C0003046F2F7E8FC0546002D00D17CBD6320E0
:1008D000019000906B4601AA0BA12846F2F744FD57
:1008E000022801D00020F1E7002C01D001982060FF
:1008F0000198632801D00120E8E70020E6E7000026
:100900002B4353513A0000002B4353513A202564A6
:100910002C25640038B504460020C0430090694689
:10092000204600F00DF8002800D138BD00980128BD
:1009300002D00098052801D10120F6E70020F4E755
:100940007CB506460C4617A13046F2F7A4FC0546D6
:10095000002D04D115A13046F2F79DFC0546002D6F
:1009600001D100207CBD00200190401E00906B460C
:1009700001AA10A12846F2F7F7FC022809D06B461D
:1009800001AA10A12846F2F7EFFC022801D00020AE
:10099000E8E7002C01D0009820600098C017401CA8
:1009A000E0E700002B435245473A00002B434752F3
:1009B00045473A002B435245473A2025642C25648D
:1009C000000000002B43475245473A2025642C2560
:1009D0006400000010B5FDF7E5F901200349087037
:1009E000002003490870FFF7F3FE10BD60040020EB
:1009F0004B04002030B591B000200F9010900024DF
:100A00008C4800780300F8F79AFD0E0817223C5A2C
:100A10005C7A8B8DA3CDD8DAE4168748007800285D
:100A200008D1FDF719FA002805D001208249087085
:100A3000012400E00124F9E080A10DA8F5F7F4FB02
:100A40000E990D9810910F9008A8047FEEE07CA1FC
:100A50000DA8F5F7E9FB0E990D9810910F9008A8D5
:100A6000007F00280AD01098002807D077A110989E
:100A7000F2F711FC002801D0012000E0002004461C
:100A8000D4E0FDF703F90546002D02D028780028B0
:100A900001D10024CAE006226EA12846F2F744FCE8
:100AA000002805D110226DA16F4804F054FA04E02B
:100AB00010226EA16C4804F04EFA0124B6E0012425
:100AC000B4E063200E906DA10CA8F5F7ADFB0D9975
:100AD0000C9810910F9008A8007F002807D00EA94D
:100AE0001098FFF7E9FE002801D0012000E0002067
:100AF0000446002C02D063490E98086496E05A4BD5
:100B000061A2302103A8F8F7BBFC03A901A8F5F7FF
:100B10008BFB0299019810910F9008A8047F85E043
:100B2000012483E05EA10DA8F5F77EFB0E990D98D8
:100B300010910F9008A8007F002806D01098FFF7AA
:100B400097FE002801D0012000E0002004466DE05F
:100B500056A10DA8F5F768FB0E990D9810910F900E
:100B600008A8007F002806D01098FFF7D3FE0028C1
:100B700001D0012000E000200446002C11D14EA13C
:100B80000DA8F5F751FB08A8007D002806D00E98A7
:100B9000FFF7C0FE002801D0012000E0002004463D
:100BA00000BF43E047A10DA8F5F73EFB0E990D9855
:100BB00010910F9008A8047F38E0012436E044A18A
:100BC0000DA8F5F731FB0E990D9810910F900124A7
:100BD0002CE042A10DA8F5F727FB08A8007D00280E
:100BE0000AD00E98002807D03FA10E98F2F753FBC9
:100BF000002801D0012419E03EA10BA8F5F714FB51
:100C00000C990B9810910F9008A8007F002808D12C
:100C10001098002807D03AA11098F2F73CFB002862
:100C200001D0012000E00020044600BF00BF2046A4
:100C300011B030BD610400206D040020415400005B
:100C400041542B4350494E3F00000000524541445F
:100C50005900000038393435373300006F6E6F6D3E
:100C60006F6E646F0000000072040020696F742DC5
:100C700065752E6165722E6E6574000041542B43BC
:100C800053510000B00A002041542B434744434FC6
:100C90004E543D312C224950222C22257322000033
:100CA00041542B43474154543F00000041542B43CF
:100CB0005245473F0000000041542B4347524547EF
:100CC0003F00000041542B435053493F00000000B7
:100CD00041542B43474143543F00000041542B4EA5
:100CE00045544F50454E3F002B4E45544F50454EB6
:100CF0003A20310041542B4E45544F50454E000090
:100D0000616C7265616479206F70656E6564000066
:100D10000146082901D0092901D10120704700208E
:100D2000FCE7000000B589B02022054901A8F2F7D0
:100D30008EFA202201A90348F2F789FA09B000BD12
:100D4000C85B010008050020F8B507460C460026E0
:100D5000002000907D21C900E068884201D3002076
:100D6000F8BDE068401CE060A1682068405C5B283A
:100D700000D064E0A068401CA0602046F9F744FD64
:100D8000002C09D06168A068884205D2A16820685B
:100D9000405C5D2800D147E0002C03D06168A0686A
:100DA000884203D3A068401EA06048E0A068401EAF
:100DB000A06000BF20461030F9F797FE0546002DD1
:100DC00000D13CE0002E02D12E46009504E00098B0
:100DD0000560009868600095A068401CA0602046EF
:100DE000F9F712FD2146009800F06EFA002800D1B4
:100DF00025E02046F9F708FD002C08D06168A068BE
:100E0000884204D2A1682068405C2C28D2D0002CF3
:100E100008D06168A068884204D2A1682068405C5C
:100E20005D2800D00BE000BFE068401EE06020209D
:100E3000F860BE60A068401CA060012090E7002E12
:100E400002D03046F9F7E4FD002089E7024600238E
:100E5000002100BF23E0505C302806DB505C3928BD
:100E600003DC505C3038C31815E0505C412806DBC9
:100E7000505C462803DC505C3738C3180BE0505CEC
:100E8000612806DB505C662803DC505C5738C318C9
:100E900001E000207047032900D21B01491C0429EE
:100EA000D9D31846F6E70000F3B593B00C4600BF5F
:100EB00000201290FCF7AEFE01900025002C02D01D
:100EC0002068002802D1002015B0F0BD00253CE0CC
:100ED000A16820684018405D34281FD009DC2B38F9
:100EE0000300F8F72CFB09212F222B2F1718191AB2
:100EF0002F00382816D006DC352810D036280FD021
:100F000037281FD10DE039280DD045280FD065288E
:100F100018D10BE000BF00BF00BF00BF00BF00BF83
:100F200000BF00BF00BF00BF00BF00BF00BFA1687F
:100F300020684018405D02A9485504E002A90198C4
:100F4000485500E00BE000BF6D1C3F2D06D2002C81
:100F500004D0A068401961688842B9D300BF00205E
:100F600002A9485512A902A804F00DF806460F463A
:100F700002A81299884201D10020A5E71398C76101
:100F80008661144A144B30463946F2F7E9FF03D81C
:100F900012491398416111E00022114B3046394645
:100FA000F2F7CAFF04D80121C9071398416105E08F
:100FB00030463946F2F788FF1399486108211398A3
:100FC000C160A06802AA1299891A4018A060012085
:100FD0007AE700000000C0FFFFFFDF41FFFFFF7F57
:100FE0000000E0C1F3B581B00C46002700257D214B
:100FF000C900E068884201D30020FEBDE068401CC3
:10100000E060002C08D06168A068884204D2A16822
:101010002068405C7B2800D084E0A068401CA06071
:101020002046F9F7F1FB002C09D06168A0688842DE
:1010300005D2A1682068405C7D2800D165E0002CC5
:1010400003D06168A068884203D3A068401EA060F6
:1010500068E0A068401EA06000BF20461030F9F78D
:1010600044FD0646002E00D15CE0002F02D1374639
:10107000354602E02E6075603546A068401CA060D1
:101080002046F9F7C1FB2146284600F052F8002817
:1010900000D147E02046F9F7B7FB28692862002015
:1010A0002861002C08D06168A068884204D2A16839
:1010B0002068405C3A2800D034E0A068401CA06062
:1010C0002046F9F7A1FB2146284600F0FDF800284C
:1010D00000D127E02046F9F797FB002C08D0616883
:1010E000A068884204D2A1682068405C2C28B4D053
:1010F000002C08D06168A068884204D2A1682068EA
:10110000405C7D2800D00DE000BFE068401EE0603C
:1011100040210198C16001988760A068401CA060D0
:1011200001206AE7002F02D03846F9F771FC002051
:1011300063E7F3B583B00C46A16820684018461CED
:10114000A16820684018451C002002900027A16873
:101150002068405C222800D0AAE000200190009086
:101160000EE028785C280AD1681C2168401A616862
:10117000884200D39CE00098401C00906D1C6D1CC0
:101180002068281A6168884202D228782228E8D18B
:101190002068281A6168884202D22878222800D064
:1011A00086E0A16820684018291A0098081A019062
:1011B00021690198401C88470746002F00D177E03D
:1011C000029762E030785C2807D030780299087086
:1011D000761C0298401C029057E002200190A81B48
:1011E000012800DA64E07078662819D008DC22282B
:1011F00032D02F2832D05C282FD0622840D108E08E
:101200006E2814D0722819D074281ED0752837D1B2
:101210002BE00820029908700298401C029030E0F0
:101220000C20029908700298401C029029E00A20C4
:10123000029908700298401C029022E00D20029949
:1012400008700298401C02901BE009200299087067
:101250000298401C029014E000BF00BF7078029911
:1012600008700298401C02900BE002AA2946304602
:1012700004F02EF901900198002800D118E000E058
:1012800016E000BF0198361800BFAE429AD3002086
:101290000299087010210398C160039807612068C3
:1012A000281AA060A068401CA060012005B0F0BD15
:1012B000002F02D0384661698847002E02D020688E
:1012C000301AA0600020F1E770B505460C46002CEE
:1012D00002D02068002801D1002070BD002C14D05D
:1012E000A068001D616888420FD8A268216888182C
:1012F000042244A1F2F718F8002806D10420E8607F
:10130000A068001DA0600120E7E7002C14D0A068B1
:10131000401D616888420FD8A2682168881805229C
:101320003AA1F2F701F8002806D10120E860A06890
:10133000401DA0600120D0E7002C16D0A068001D41
:101340006168884211D8A26821688818042231A1F6
:10135000F1F7EAFF002808D10220E8600120686167
:10136000A068001DA0600120B7E7002C0DD06168C7
:10137000A068884209D2A1682068405C222804D174
:1013800021462846FFF7D5FEA7E7002C17D0616855
:10139000A068884213D2A1682068405C2D2809D03B
:1013A000A1682068405C302809DBA1682068405CA7
:1013B000392804DC21462846FFF776FD8DE7002C0E
:1013C0000DD06168A068884209D2A1682068405C9D
:1013D0005B2804D121462846FFF7B6FC7DE7002CA8
:1013E0000DD06168A068884209D2A1682068405C7D
:1013F0007B2804D121462846FFF7F4FD6DE7002045
:101400006BE700006E756C6C0000000066616C7329
:101410006500000074727565000000000120054938
:1014200008700020044908700448006804490860F6
:10143000704700001C04002010040020A0000020C1
:101440001404002010B521480078042800D110BDF4
:101450001F480078002836D11E480068002832D086
:101460001D4800681B4909681C4A891888422AD30C
:10147000012017490870F4F78DF919490968884265
:101480001BDC00201649086003F0AAFC0020154967
:101490000870154908700D480078002806D1F4F747
:1014A00079F9002802D1FEF761FD05E007480078D0
:1014B000002801D1FFF7B2FFC9E70948006801F031
:1014C00081FDFEF711FF00BFC1E70000F20100201F
:1014D0001004002014040020A0000020B80B00001D
:1014E00018040020480400201C040020F3B583B039
:1014F0000C463D490398F2F76DFD09D23B4903982C
:10150000F2F75EFD04D23A490398F2F7C2FA03906B
:10151000384A39492046FDF779F9002801D105B04C
:10152000F0BD364A36490398FDF770F9002801D01E
:10153000039800E0002002903248C068401C314906
:10154000C860C868F2F783FC064631467F20C005B4
:10155000F2F79FFA05462B4801680298F2F754FA11
:1015600007462946F2F758FA0646264801683046EB
:10157000F2F7F9F923490860084641682046F2F776
:1015800043FA07462946F2F747FA06461D484168DE
:101590003046F2F7E8F91B49486021460298F2F715
:1015A0003BFA0190174881680198F2F72DFA074637
:1015B0002946F2F731FA0646124881683046F2F7BA
:1015C000D2F910498860084601680F4801620D4948
:1015D0004868F2F765FC0C49C8610A4881680A4806
:1015E000416200BF9BE700000050C3478096184B44
:1015F0000024744900009643000048430000A041C5
:10160000CDCC4C3D3C100020B00A00200020034906
:10161000886048600860C860704700003C10002087
:1016200000200349087003480068034908607047B8
:10163000A5010020A0000020A801002010B52F481F
:101640000078002859D12E480068002855D02D4830
:101650000078002851D12C488078012803D02A48EE
:101660008078022849D1FDF74FF9002845D0274856
:101670000078002841D101202049087021480078D5
:10168000002837D122A223A1234801F0D1FF23480B
:10169000006B401C21490863FBF7D8F90120204961
:1016A0000870FCF743FA1F49086001210C20F5F788
:1016B00001FE1D4A11781D4A107804F03BF91248CA
:1016C0008078022800D103E018490878F5F76CFE0D
:1016D0000D488078022803D10120FBF72FFB02E0A0
:1016E0000220FBF72BFB0120114908700021114853
:1016F000017202E000200149087010BDA501002020
:10170000A8010020F2010020F40600205000002073
:101710004F4B00004154000000000440B00A00207C
:10172000AC010020700100204A0900203E09002081
:10173000BA010020D8060020F0B589B007460E4651
:101740001446002524216846F1F79AFDFF20013058
:10175000216888470090FF200130019005962046BF
:1017600007C806AB07C30098002800D137E06946D8
:10177000384600F06DFC002800D130E0684603F0E8
:1017800093FEA06800280BD0029B591C0098A26809
:1017900090470546002D00D121E0002000901BE07D
:1017A000029A501C216888470546002D00D116E09A
:1017B0000298401C019B834201D2019801E00298EB
:1017C000401C024628460099F1F741FD002002998D
:1017D0006854009861688847284609B0F0BD0098B1
:1017E000002802D0009861688847002D02D0284662
:1017F000616888470020F0E7F1B5FFB0FFB0A2B004
:10180000F3F7C8FFFFA9C867A848C569A84880784A
:10181000012801D0012100E00021FFA84167C06F2D
:10182000002802DA0020FFA9C867002D09DCA1A169
:10183000FFA884300068FEF78DFD7FB07FB023B035
:10184000F0BDFFA8C06F002800D106E0FFA9C96F56
:101850004919481E2946F1F7A7FCFFA98867FFA888
:101860009DA1826F84300068FEF774FD0020FFA9FF
:10187000086713E1FFA8016F6943C166C16FC06EBD
:10188000091AFFA88166806EA84201DDFFA885665F
:10189000FCF74CF90746F3F799FF18909B4840680E
:1018A000002802D09948406800E097A00197009076
:1018B00097A20121890219A8189BF7F7E1FD0446B8
:1018C000002C03DD01208002844206DB9DA1FFA8DD
:1018D00084300068FEF73EFDAFE70026ADE0FFA8CC
:1018E000C06E811912A8F3F717FF1499139881425B
:1018F00011DD1498C2171399CB17401A9A41E123AE
:101900005B010021181A914101D2184604E0149994
:101910001398081A00E000201190FFA9496F1622C1
:101920005143944A8A1810A9898A4900505AF2F7FB
:101930008EFA0B901198F2F78AFA0A900B99F2F747
:101940006BF88D490C90F2F7A4F810901198F2F70B
:1019500099FA099108901898F2F7DAFA059104902B
:101960001798F2F7D5FA03910290059B049AF2F7C3
:1019700083F907910690099B089AF2F77DF90022F6
:101980007E4B0B910A90F2F7DFF90F910E90012038
:101990008002001B0D9046488078012801D17848CC
:1019A00000E0784801461098F2F714FB07D240484F
:1019B0008078012801D1724800E072481090109898
:1019C000F2F7A6FA0B910A90FFA8806E401EB04273
:1019D00001DD6DA000E04CA008900F990E980791D2
:1019E00006900B990A9805910490FFA8406F162164
:1019F00048436049411810A8808A4000095A149A47
:101A0000139801920291009010A8037A19A909195C
:101A10005E4A09910D990998F7F732FD0746002FA4
:101A200002DD0D98874206DB46A1FFA884300068DE
:101A3000FEF790FC01E7E419761CFFA8806E864251
:101A400000DA4CE7A01C01218902884206DB3DA197
:101A5000FFA884300068FEF77DFCEEE65D2120469D
:101A6000641C19AA11547D202146641C5054002086
:101A700019A90855FFA88430016819A8FEF71EFDB2
:101A80000A21FFA884300068FEF74CFD6420F3F7BC
:101A90004BF8FFA8006F401CFFA90867FFA9086F5B
:101AA000896F884200DAE5E600BFC6E60805002037
:101AB000F40600200A4552524F523A20696E766170
:101AC0006C696420636F6F6B696E6720626C6F6313
:101AD0006B2073697A650A000A4E756D6265722023
:101AE0006F6620636F6F6B696E6720626C6F636BEC
:101AF00073203A2025640A436F6F6B696E6720423A
:101B00006C6F636B73203A0A00000000B00A00207B
:101B10007B226465764944223A7B22736E223A2204
:101B20002575222C224657223A222573227D2C220B
:101B30007473223A256C752C22436F6F6B223A5BCB
:101B4000000000000A4552524F523A20636F6F6BFB
:101B5000696E6720626C6F636B20697320746F6FAE
:101B6000206C6172676520746F207072696E740AF0
:101B7000000000006E5B0100000061450020AC40E9
:101B80000000484500404E452C000000D060010098
:101B9000F3B581B00C460025002701988668002C1B
:101BA00001D10020FEBD01212046FBF717F80546B4
:101BB000002D00D1F6E75B202870A068401CA060D3
:101BC000E068401CE0602AE02146304600F040FA20
:101BD000002800D1E6E7204603F066FC30680028C4
:101BE0001CD06069002801D0022000E001200746D7
:101BF000791C2046FAF7F2FF0546002D00D1D1E707
:101C00002C2028706D1C6069002802D020202870CC
:101C10006D1C00202870A068C019A0603668002ED6
:101C2000D2D102212046FAF7D9FF0546002D00D176
:101C3000B8E75D2028706D1C00202870E068401E09
:101C4000E0600120AEE70000F3B58FB00D4600273D
:101C50000F998869C9690D910C9000260024FBF743
:101C6000D9FF0490002D02D1002011B0F0BD002258
:101C700013460D990C98F1F7FFFF002213460191CE
:101C80000090F2F759F905D023A105A8F7F714FC45
:101C900006461BE022A105A80D9B0C9AF7F70CFC49
:101CA000064602AA20A105A8F1F75EFB012806D18D
:101CB0000D9B0C9A03990298F2F73EF906D01BA1EE
:101CC00005A80D9B0C9AF7F7F7FB0646002E01DBE3
:101CD000192E01DD0020C8E7711C2846FAF77EFFA7
:101CE0000746002F00D1C0E700240CE005A8015DE5
:101CF0000498814202D12E20385503E005A8005DEA
:101D0000385500BF641CB442F0D300203855A86891
:101D10008019A8600120A8E76E756C6C00000000B7
:101D200025312E3135670000256C670025312E31B5
:101D300037670000F3B581B00C46002500260198F6
:101D40008768002C01D10020FEBD6069002801D009
:101D5000022000E001200646711C2046FAF73EFFF3
:101D60000546002D00D1EFE77B2028706D1CE06850
:101D7000401CE0606069002802D00A2028706D1CB9
:101D8000A0688019A06072E06069002819D0204620
:101D9000E168FAF723FF0546002D00D1D4E70020C3
:101DA000009005E0092028706D1C0098401C0090F0
:101DB000E16800988142F5D8E168A0684018A06009
:101DC00000BF2146386A00F083F8002800D1BBE745
:101DD000204603F069FB6069002801D0022000E082
:101DE0000120064631462046FAF7F8FE0546002D4A
:101DF00000D1A9E73A2028706D1C6069002802D044
:101E0000092028706D1CA0688019A0602146384602
:101E100000F01EF9002800D196E7204603F044FBAD
:101E20006069002801D0012000E000203968002905
:101E300001D0012100E000214618711C2046FAF76C
:101E4000CDFE0546002D00D17EE73868002802D07F
:101E50002C2028706D1C6069002802D00A20287090
:101E60006D1C00202870A0688019A0603F68002FBA
:101E70008AD16069002802D0E068401C00E002209E
:101E800001462046FAF7AAFE0546002D00D15BE781
:101E9000606900280AD0002003E0092129706D1C28
:101EA000401CE168491E8142F7D800BF7D202870A0
:101EB0006D1C00202870E068401EE060012043E7B0
:101EC00070B504460D462946206900F001F870BD42
:101ED000F3B583B0074600240026002500200290B9
:101EE00001900498002801D105B0F0BD002F0DD15C
:101EF00003210498FAF772FE0646002E00D1F3E79C
:101F000050A13046F1F707FA0120EDE73C4624E006
:101F100020780C2811D006DC08280DD009280FD015
:101F20000A2811D10AE00D2809D0222802D05C2805
:101F30000AD100E000BF00BF00BF00BF00BF00BF6C
:101F40000198401C019006E02078202802DA0198D0
:101F5000401D019000BF00BF641C20780028D7D12D
:101F6000E11B0198081802900299C91C0498FAF71D
:101F700035FE0646002E00D1B6E70198002810D1A4
:101F8000222030703946701C029AF1F760F9222144
:101F90000298401C315400210298801C31540120C9
:101FA000A2E722203070751C3C463DE020781F28B7
:101FB00008DD2078222805D020785C2802D02078FF
:101FC00028702FE05C2028706D1C20780C2815D01C
:101FD00006DC08280FD0092819D00A281AD110E0E9
:101FE0000D2811D0222803D05C2813D1287018E0C6
:101FF0002220287015E06220287012E066202870E8
:102000000FE06E2028700CE07220287009E0742028
:10201000287006E022780CA12846F7F74DFA2D1D0E
:1020200000BF00BF641C6D1C20780028BED1222197
:102030000298401C315400210298801C3154012028
:1020400052E700002222000075253034780000009D
:10205000F8B504460E460025002C01D0002E01D113
:102060000020F8BD207B102857D008DC01281BD0A9
:10207000022827D0042809D008285DD130E0202884
:1020800050D0402853D0802856D12EE0052130462C
:10209000FAF7A4FD0546002D00D1E2E727A1284666
:1020A000F1F739F90120DCE706213046FAF796FD11
:1020B0000546002D00D1D4E722A12846F1F72BF9DF
:1020C0000120CEE705213046FAF788FD0546002DB0
:1020D00000D1C6E71DA12846F1F71DF90120C0E790
:1020E00031462046FFF7B0FDBBE7002720690028F6
:1020F00000D1B6E72069F1F7F9F8471C39463046B8
:10210000FAF76CFD0546002D00D1AAE73A462846AD
:102110002169F1F79CF80120A3E731462046FFF73B
:10212000CFFE9EE731462046FFF732FD99E7314664
:102130002046FFF7FFFD94E7002092E76E756C6C78
:102140000000000066616C736500000074727565C4
:1021500000000000F0B5D7B000205690C6E0002483
:10216000E4432046559000200FE0664B5B88191829
:10217000CB171B0E5B181B121B02CA1A6249895C23
:102180007B2901D1044604E0401C5E4989888142D4
:10219000EBDC00BF601C002800D1AFE0601C0FE04A
:1021A000584B5B881918CB171B0E5B181B121B02B0
:1021B000CA1A5549895C7D2901D1559004E0401C1B
:1021C000504989888142EBDC00BF5598401C0028AB
:1021D00000D193E05598001B451CFF2041308542FB
:1021E00014DB484949880919481CC117090E091808
:1021F00009120902411A8AB242494A800846818876
:10220000601C081A81B23F4881806FE000200EE018
:102210003C4B5B881B191918CB171B0E5B181B1244
:102220001B02CA1A3849895C05AB1954401CA842E4
:10223000EEDB002005A9485505A8F8F764FC064622
:10224000002E38D031A13046F8F718FC074630A1EF
:102250003046F8F713FC03902EA13046F8F70EFC39
:102260000290002F23D03846F8F729FC00281ED012
:10227000386900281BD00398002818D00398F8F775
:1022800013FC002813D0386901900398406900902E
:10229000224900980968884208D0204900980860BF
:1022A0003246029B00990198FAF7E4FB00BF3046E2
:1022B000F8F7AEFB00BF5598401C049011494A88BE
:1022C00004995018C117090E091809120902411A78
:1022D0008AB20C494A80084681880498081A81B25B
:1022E000084881805698401C569000BF5698032895
:1022F00004DA04488088002800DD30E700BF57B0CA
:10230000F0BD0000940C0020940B002074790000B4
:10231000636964006461746100000000980000203B
:10232000F8B507460C4615461E4669463846FCF782
:10233000C0FB002806D118A231462846F7F7A0F8BE
:102340000020F8BD1BA10098F0F7D7FF002802D1AC
:102350001B4948711AE01BA10098F0F7CEFF002836
:1023600003D101201649487110E019A10098F0F737
:10237000C4FF002803D102201149487106E016A2CB
:1023800031462846F7F77CF80020DAE72068401C41
:1023900020600120D5E70000636F6E6E5374726198
:1023A00074656779206D757374206265207374722B
:1023B000696E6700616C776179735F6F6E00000012
:1023C000080500206F6E5F64656D616E640000003B
:1023D0006F6E636500000000636F6E6E5374726110
:1023E0007465677920696E76616C6964000000002D
:1023F000F8B507460C4615461E4669463846FCF7B2
:102400001DFB002806D110A231462846F7F738F800
:102410000020F8BD00980A2803DB13490098884281
:1024200006DD12A231462846F7F72AF80020F0E729
:102430001549009808602068401C2060012013495D
:10244000087000BFE5E700006B656570416C697658
:1024500065206D75737420626520696E74206F72DB
:1024600020737472696E6700805101006B6565703E
:10247000416C697665206D7573742062652031301A
:102480002E2E383634303000080500203805002064
:10249000FFB583B006460F4600BF3046F8F704FB91
:1024A000002802D0F569B46915E03046F8F707FB5B
:1024B000002808D03069002805D03069F8F754F9B1
:1024C00004460D4607E01CA206990598F6F7D8FFCA
:1024D000002007B0F0BD0022134620462946F1F740
:1024E0002BFD06D900221D4B20462946F1F738FD69
:1024F00006D21BA206990598F6F7C2FF0020E8E76E
:1025000022462B4600201D49F1F71EFC0191009048
:10251000F1F7DAFC02900298642801DA6420029054
:102520007D21C9000298F0F73FFE1549C860386860
:10253000401C38600120CCE76D657461467265719E
:10254000487A206D757374206265206E756D6265C2
:1025500072206F7220737472696E670000002440ED
:102560006D65746146726571487A206D757374206B
:1025700062652028302C31305D00000000408F4023
:1025800008050020F8B507460C4615461E46694664
:102590003846FCF753FA002806D10EA231462846E9
:1025A000F6F76EFF0020F8BD0098012803DB104904
:1025B0000098884206DD0FA231462846F6F760FFF4
:1025C0000020F0E711490098C8602068401C206096
:1025D0000120E8E76D657461496E74657276616C1F
:1025E00053206D75737420626520696E740000005D
:1025F000805101006D657461496E74657276616C1D
:102600005320312E2E38363430300000080500209B
:10261000F8B507460C4615461E4669463846FCF78F
:102620000DFA002806D10EA231462846F6F728FFFB
:102630000020F8BD0098012802DB00980A2806DD7A
:1026400010A231462846F6F71BFF0020F1E7144997
:102650000098C8612068401C20600120E9E7000064
:102660006E756D436F6F6B426C6F636B206D75732E
:102670007420626520696E74206F722073747269B1
:102680006E6700006E756D436F6F6B426C6F636BAE
:10269000206D75737420626520312E2E313000005C
:1026A00008050020F8B507460C4615461E46694643
:1026B0003846FCF7FEF9002806D113A23146284619
:1026C000F6F7DEFE0020F8BD16A10098F0F715FE23
:1026D000002802D11449087110E014A10098F0F705
:1026E0000CFE002803D101200F49087106E012A258
:1026F00031462846F6F7C4FE0020E4E72068401C77
:1027000020600120DFE700007061796C6F61644D2B
:102710006F6465206D7573742062652073747269CF
:102720006E670000616C6C000805002065737365BE
:102730006E7469616C0000007061796C6F61644D4A
:102740006F646520696E76616C696400F8B5074650
:102750000C4615461E4669463846FCF76FF90028B8
:1027600006D112A231462846F6F78AFE0020F8BDAF
:102770000098002809D00098012806D00BA2314605
:102780002846F6F77DFE0020F1E70F4880690099A2
:10279000884209D00098C0B20B4988612068401C6B
:1027A00020600120094908700120E0E7706572731C
:1027B000697374656E74206D757374206265203062
:1027C000206F72203100000008050020390500202C
:1027D000F8B507460C4615461E4669463846FCF7CE
:1027E000BDF8002806D108A231462846F6F748FE73
:1027F0000020F8BD684600780C4908742068401C29
:1028000020600120F5E7000073656E64436F6F6B15
:10281000696E6753657373696F6E73206D7573743A
:1028200020626520626F6F6C0000000008050020C8
:10283000F8B507460C4615461E4669463846FCF76D
:102840008DF8002806D108A231462846F6F718FE72
:102850000020F8BD68460078094948742068401C8B
:1028600020600120F5E7000073656E644572726FA9
:102870007273206D75737420626520626F6F6C00D7
:1028800008050020F8B507460C4615461E46694661
:102890003846FCF763F8002806D108A231462846DE
:1028A000F6F7EEFD0020F8BD684600780949887407
:1028B0002068401C20600120F5E7000073656E640D
:1028C0004D657461206D75737420626520626F6F51
:1028D0006C00000008050020F0B589B005460E46E2
:1028E0000024002736E0F6F7D7F91EA21EA12348E0
:1028F00000F09EFE002801D1641C2BE020A221A143
:102900001E4800F095FE002801D1641C22E03346E9
:1029100023A21E2101A8F6F7B3FD12A201A91748B0
:1029200000F086FE002801D1641C13E014A22946A1
:10293000124800F07DFE002801D1641C0AE010A2BC
:102940001DA10E4800F074FE002801D1641C01E0B6
:10295000012700BF052C01DA002FC4D0384609B08A
:10296000F0BD00003E00000041542B434D51545433
:10297000544F5049433D302C323500000000044094
:102980004F4B000075736167652D7261772D64612F
:1029900074612D746F7069632D70726F6400000034
:1029A00041542B434D5154545041594C4F41443D97
:1029B000302C25640000000041542B434D515454E9
:1029C0005055423D302C312C36300000F3B583B0E9
:1029D00005001AD028680190284680380290C76FF9
:1029E00004983E1F864200D906462846F6F766FF41
:1029F00004460091324629460498FBF73DFF0199B1
:102A0000002806D0016005B0F0BD0498F7F782F801
:102A1000F9E729600299002CCF670AD02168621873
:102A2000291F8A4202D9291B091F21600099616070
:102A3000E9E7024A00991160E5E700000C06002072
:102A400003480078002801D102490870704700004F
:102A50004D000020E5040020002001490870704767
:102A60000405002010B5012002490870FFF7F4FFAB
:102A700010BD00005201002010B500F009F801E07F
:102A8000F3F74EFA00F02EF80028F9D010BD000040
:102A900000200C4908600C4908600C4800680C498B
:102AA000086001200B490870002007E00A490A5C11
:102AB0000A490B4B1B5C9B00CA50401C0428F5DBE9
:102AC000704700003001002034010020A0000020E9
:102AD000380100203C010020445B010018A00540A3
:102AE000405B01001E480078002801D1012070479A
:102AF0001C4800681C490968401AFA2801D20020C5
:102B0000F5E7184800681849086018480068401C34
:102B1000164908600846006806280FDB0020086098
:102B200013480068401C12490860084600680228E3
:102B300004DB00200A4908700120D8E700200BE0E0
:102B40000A49096889000B4A89180A5C0A490B4B33
:102B50001B5C9B00CA50401C0428F1DB0020C6E728
:102B60003C010020A000002038010020300100209E
:102B700034010020445B010018A00540405B0100C7
:102B800070B50D251048046810480068201A962872
:102B900019D300200BE00E49096889000D4A8918F5
:102BA0000A5C0D490D4B1B5C9B00CA50401C04285D
:102BB000F1DB294606480068401CF0F7F5FA0448A6
:102BC00001600248046070BDA000002044010020A4
:102BD00040010020F800002018A00540405B0100E3
:102BE00002460B46934202DD981AC1177047002037
:102BF0000146FBE7F0B5FFB09CB05C4F5C489A9093
:102C00005C480078002809D05B4800683946884253
:102C100004D3594800685649884203D900207FB040
:102C20001CB0F0BD0120F6F7BBF9F2F7CFFD534918
:102C3000086053480078C860FAF734FF0121514812
:102C4000F3F7D3F8504908704C49886A0021F1F72E
:102C5000C1F915D84949886A4C49F1F7B1F90FD83B
:102C60004649886AF1F754F905464748007848A272
:102C7000009501910290102196A8F6F701FC07E05B
:102C8000102245A196A8F0F71AFB002098A9C87158
:102C9000424800884249098800910190414842A277
:102CA000202103688EA8F6F7EBFB344841A21021DF
:102CB000036B8AA8F6F7E4FB8AA88EA996AA2E4B86
:102CC0001B6805930692079108902C4840690028DC
:102CD00002D02A48426900E035A22848006900284D
:102CE00002D02648006900E031A02449C968234B7E
:102CF0001B7A0193049202910390204840680028B7
:102D000002D01E48406800E029A000901B482A4AD3
:102D10000121490203680AA8F6F7B2FB0446002C19
:102D200003DD01204002844201DB002077E723A27B
:102D300023A1244800F07CFC21460AA8FFF7CCFD23
:102D4000002800D16BE71DA21FA11E4800F070FCF7
:102D500020490870002013490860114908800F4974
:102D60000880002105480163012058E780857467C9
:102D7000005786F44D000020AC000020B00A00206F
:102D80001E09002000600B405C0000206666864043
:102D9000252E3266582564004E410000C0010020F7
:102DA000BE0100208C040020256458256458256449
:102DB0000000000025640000D06201004F4B0000BD
:102DC000415400000000044041542B4353434C4BFA
:102DD0003D32000052000020F0B5E1B00120F6F7CE
:102DE000DFF8F5F759FF02F0E7F9F2F7D3FC60904E
:102DF00000205E905F9000215C915D915A915B9103
:102E0000589159910027002681E031460FA8F2F72A
:102E100083FC65488078401E16214843634940186A
:102E200010A909894900405A0E9011991098F8F795
:102E300037FA05460E98F1F725F8099108902846CB
:102E4000F1F720F807910690099B089AF0F714FF14
:102E50000022574B0B910A90F0F776FF0D910C90E2
:102E600051498978012902D11921C90100E051494C
:102E70000846F0F7F3FF0B910A900D9B0C9AF1F7BF
:102E80005BF800D242E000215E9A5F9852194841F7
:102E90005E925F900E98F0F7F5FF0B910A905D9BA4
:102EA0005C9AF0F735FE5D915C900D9B0C9A5B99F6
:102EB0005A98F0F72DFE5B915A902846F0F7E2FF02
:102EC000079106901598F1F723F803910290149852
:102ED000F1F71EF801910090039B029AF0F7CCFEE7
:102EE00005910490079B069AF0F7C6FE0022304B2E
:102EF00009910890F0F728FF0B910A90599B589A76
:102F0000F0F706FE599158907F1C00BF761C609820
:102F1000864200DA79E7002F0ADD3846F0F79EFF97
:102F200005462A460B465D995C98F0F70DFF01E0D7
:102F30000020014657915690FAF7F8FD0546F2F742
:102F400045FC0646599958980B910A905B995A98F6
:102F5000099108905F995E98079106905799569845
:102F60000591049014484068002802D01248406837
:102F700000E012A03346124AFF2101316C46A1C481
:102F800016A8F6F77DFA0446002C01DDFF2C02DDC1
:102F9000002061B0F0BD214616A8FFF79DFC002877
:102FA00000D1F6E70120F4E7F40600206E5B010093
:102FB0000020AC40E40C0000B00A0020000000003B
:102FC00054630100F0B5FFB0FFB09FB0054601208B
:102FD000F5F7E6FFF2F7DEFBFFA90867FFA8006F31
:102FE000854203DB7FB07FB01FB0F0BDFFA8006F4C
:102FF000401B7149C969884202DB6F48C06902E021
:10300000FFA8006F401BFFA9C866FAF78FFD0646B0
:10301000F2F7DCFB074669484068002802D06748A1
:10302000406800E066A03B4666A201218902019645
:1030300000901AA8F6F724FA0446002C03DD0120BC
:103040008002844200DBCDE7002793E0E91913A852
:10305000F2F762FB15991498F8F722F9129012987A
:10306000F0F710FF099108901998F0F751FF0591BA
:1030700004901898F0F74CFF03910290059B049A76
:10308000F0F7FAFD07910690099B089AF0F7F4FD16
:103090000022594B0B910A90F0F756FE11911090B7
:1030A00056498978491E16225143554A8A1810A953
:1030B000098B4900505AF0F7CAFE0B901298F0F7AE
:1030C000C6FE0A900B99F0F7A7FC4E490C90F0F75A
:1030D000E0FC0F9049488078012801D14A4900E07E
:1030E0004A490E910E990F98F0F774FF01D20E988D
:1030F0000F9001208002001B0D900D98002800DC2D
:1031000070E70F98F0F704FF0B910A90FFA8C06ECC
:10311000401EB84201DD3EA000E029A008901199B0
:103120001098079106900B990A98059104903348DE
:103130008078401E162148433149411810A8008B61
:103140004000095A159A149801920291009010A813
:10315000037B1AA909192F4A09910D990998F6F7C5
:103160008FF90646002E02DD0D98864200DB39E716
:10317000A4197F1CFFA8C06E874200DA66E7A01C76
:1031800001218902884200DB2CE75D222046641C75
:103190001AA90A547D212046641C1AAA1154002041
:1031A0001AA9085521461AA8FFF796FB002800D156
:1031B00018E700BF16E7000008050020B00A00204D
:1031C000000000007B226465764944223A7B22732A
:1031D0006E223A222575222C224657223A22257346
:1031E000227D2C227473223A256C752C22436F6F3A
:1031F0006B223A5B000000000020AC40F406002087
:103200006E5B0100000061450000484500404E45EE
:103210002C000000D0600100F0B5FFB0C8B0012064
:10322000F5F7BEFE72B64148406B002803D0404817
:103230000068002804D162B600207FB048B0F0BD1D
:10324000F2F7C4FAC6903A480068C5903748476B11
:103250000020364948633649086062B60020C490B1
:1032600034A20321090204A8C69BF6F709F9044613
:10327000002C03DD03200002844200DB51E0002526
:1032800025E003200002001B03900398002800DCC7
:1032900047E0C598401EA84201D92EA100E02EA10A
:1032A000E800C019007901910090E8003B5804A89B
:1032B00000192AA202900399F6F7E2F80646002EBA
:1032C00002DD0398864200DB2BE0A4196D1CC59833
:1032D0008542D6D3A01C03210902884200DB20E0EE
:1032E0005D222046641C04A90A547D222046641CE9
:1032F0000A540020085520A220A1214800F098F986
:10330000214604A8FFF7E8FA002800D109E01AA234
:103310001CA11B4800F08CF91D4908700120C490C5
:1033200000BF3846F6F7CAFAC49886E7B00A00200C
:103330000C0400207B226465764944223A7B227388
:103340006E223A222575227D2C2265727243223A22
:103350005B0000002C000000000000007B22747362
:10336000223A22256C64222C22657272223A22258E
:1033700064227D25730000004F4B00004154000083
:103380000000044041542B4353434C4B3D3200005A
:103390005200002010B57C480078042800D110BDF0
:1033A0007A480068E1214901884202D908467749F4
:1033B000086076484068E1214901884202D9084600
:1033C0007249486072484079002804D0012803D02F
:1033D00002285FD15FE000BF6D48007C002835D037
:1033E0006B480079002809D1F2F7D4F96849C96916
:1033F000884201DB01200CE000200AE062480078EE
:10340000002805D1F2F7C6F9002801DD012000E00F
:10341000002000281AD05F480078002816D15E48A6
:103420000078042812D101205A49087058480079C0
:10343000002802D0012808D102E0FDF7EFFF04E0E8
:10344000FFF7CAFCFCF750FF00BF00BF5048407CAC
:10345000002809D051480068032805D34E48007859
:10346000042801D1FFF7D8FE4948807C002811D0FC
:103470004B4800684B490968401A4549C968884269
:1034800008D347480068474908600020464908704B
:10349000FFF7B0FB74E0454800780300F6F74FF8FB
:1034A0000504303C495C6E003D4800683D490968B0
:1034B000401A3749C968884203D23D48007800283D
:1034C0001DD03C480078002808D1334800780028F7
:1034D00004D1FAF7F5FF0120364908702E4800782C
:1034E00004280CD10020324908702D4800682D496D
:1034F000086000202C49087001202C4908703DE02C
:10350000FFF778FB002803D002202849087002E06A
:1035100004202649087031E020480068002801D0C6
:10352000FFF77AFE0320214908700020194908702E
:1035300024E0F2F72FF9002807DD1648007800286C
:1035400002D1FDF76BFF03E002E004201749087089
:1035500000201849087011E00D484079002807D173
:1035600015480078002805D014480078002801D0BC
:10357000FCF7FCFC00200D49087000BF00BF00BF35
:1035800000BF00BF0BE70000F2010020E4010020B3
:10359000080500201C040020940400200C040020D6
:1035A000B00000203C0400204D0000204804002012
:1035B0008A040020890400203805002039050020F5
:1035C000F8B5044617480078002800D0F8BD12E08E
:1035D000154E03E0701E061E00DC03E0F5F792FCBA
:1035E0000028F7D000BF2078009001216846F5F749
:1035F000F7FC641C00BF20780028E9D10A4D03E0E5
:10360000681E051E00DC03E0F5F77CFC0028F7D0FF
:1036100000BF022105A0F5F7E3FCF9F701FA00BFAE
:10362000D4E70000C9040020102700000D0A0000A4
:10363000F0B5C5B00C46164600273148049000206E
:10364000039030480078002802D0002045B0F0BD3B
:1036500015E02D48009005E00098401E00900028DD
:1036600000DC03E0F5F74EFC0028F5D000BF207821
:103670000290012102A8F5F7B3FC641C00BF20787A
:103680000028E6D12048019005E00198401E0190F5
:10369000002800DC03E0F5F735FC0028F5D000BF7A
:1036A00002211AA0F5F79CFCF9F7BAF919E0F5F731
:1036B0003FFC0546681C002812D0FF2F05DA38466B
:1036C0007F1C05A90D540020C855002E09D0314695
:1036D00005A8EFF7E0FD002803D00120039005E0E6
:1036E00004E00498411E04910028E0D100BF00BF0F
:1036F000F5F71EFC401C0028FAD10398C0B2A5E7DC
:1037000030750000C9040020102700000D0A0000D9
:1037100001460348814201D3012070470020FCE7A5
:103720008085746710B50446002C02D0FAF7FEF9C4
:1037300010BD01480068FBE7B0000020F0B504466A
:103740000D4616461F462570A672E772059820732F
:10375000002D08D100202072607A00231A461946F5
:10376000F3F7CEFD17E0012D08D101202072607A19
:103770003A463146059BF3F7C3FD0CE0022D0AD112
:1037800005480068606000202072607A3A46314641
:10379000059BF3F7B5FDF0BDA000002010B500219A
:1037A0000C20F3F787FD67210020FAF73BFF672124
:1037B0000020FAF757FFF7F787FD00210F20F3F7F6
:1037C00079FD00210B20F3F775FD00210D20F3F7A3
:1037D00071FD00210E20F3F76DFDF3F711FE0020BF
:1037E00020490880C87008718870487288721E4924
:1037F0000880C87008718870487288721B48807889
:10380000022801D1012000E003201949087000209E
:10381000487002201749087000201749487000BFFF
:1038200007E000221049491D0A540E49491D0A5457
:10383000401C0428F5DB1148F8F7AAF91048F8F7FE
:10384000A7F90020F9F77AFA0E484079002801D04C
:10385000FCF78CFB0CA20DA10F48FFF7E9FE0F4906
:10386000087010BD4A0900203E090020F40600201F
:10387000750100202E0900207D010020C4010020D8
:10388000D4010020080500204F4B000041542B4379
:1038900053434C4B3D3200000000044052000020D6
:1038A00010B504460BE0EFF7B9FC00682178405CE6
:1038B000C007C00F002801D1204610BD641C20782D
:1038C0000028F0D12046F8E710B50446002C05D0BA
:1038D0002068002802D0A068002801D0002010BD78
:1038E000002C10D0A068001D616888420BD2A2682D
:1038F00021688818032205A1EFF716FD002802D1E0
:10390000A068C01CA0602046E9E70000EFBBBF0034
:1039100070B504460D462046F8F73AF90948007894
:10392000002802D0FAF702F901E007480068606059
:10393000A5810120A0730020A06001F0BFFCFDF76D
:1039400065FE70BD4D000020B000002070B505463A
:103950000C46002D0AD14948807A002806D121461C
:103960004748FFF7D5FF454804800BE0012D09D1FA
:103970004448807A002805D121464348FFF7C8FF14
:1039800040480480002D03D13C48407A002805D1EE
:10399000012D04D13B48407A002800D005E0394A87
:1039A0001178364A107801F0C5FF38488078012830
:1039B0001FD10320364908704C70084600783549FD
:1039C0000870334840784870002088703249098870
:1039D00088B203222F49F1F731FD304908600846CB
:1039E00000880004000E2A49C8702C48007808712D
:1039F00042E02B48007800281FD10120244908709C
:103A00004C70084600782349087021484078487077
:103A1000002088702049098888B203221D49F1F7E7
:103A20000DFD1E490860084600880004000E184974
:103A3000C8701A48007808711EE001201949087002
:103A40004C70084600781349087016484078487052
:103A5000002088701049098888B203220D49F1F7C7
:103A6000EDFC0E490860084600880004000E0D4970
:103A7000C8700A480078087170BD00003E09002037
:103A8000C40100204A090020D4010020F4060020CF
:103A90007501002085010020C40400208801002059
:103AA0008C0100207D01002070B50546F848406972
:103AB00000280AD0F6484069F6490968884204D8C7
:103AC0000A20F349886000204861F1488468002694
:103AD0000A2C11DAF048407A002804D00021084668
:103AE000F1F716FA0126ED48407A002804D00021AB
:103AF0000120F1F70DFA0126E7480088A04204DD15
:103B0000A1B20020FFF722FF0126E4480088A0426E
:103B100004DDA1B20120FFF719FF0126002E26D0F7
:103B2000DE4A1178DC4A107801F004FFDC480078A6
:103B300000280BD1D8490988092902DCD64909880F
:103B400000E00921C8B2F3F72FFC0EE0D44800785A
:103B500001280AD1D1490988092902DCCF490988FD
:103B600000E00921C8B2F3F71FFCF1F7E7FEA81E39
:103B700016287DD243007B449B885B009F447C00D9
:103B80004001000238027002A802E002180350034C
:103B90008803D5030D04B2007800E8001500560430
:103BA00078003301650478005A040020BB4908807E
:103BB000C8700871887048728872B7490880C870E8
:103BC0000871887048728872B6488078022801D1DE
:103BD000012000E00320B449087000204870022052
:103BE000B24908700020B2494870B2480068B24932
:103BF0000968401A142808D9B0480078002804D071
:103C0000FAF7E4FCF2F760FB01E0F7F75DFB002157
:103C10000C20F3F74FFB67210020FAF703FD672123
:103C20000020FAF71FFD002007E000229A49491DF5
:103C30000A549A49491D0A54401C0428F5DBF3F73D
:103C4000DFFB00210B20F3F735FB00210F20F3F7FA
:103C500031FB00210D20F3F72DFB9948F7F798FF72
:103C60009848F7F795FF0020F9F768F8012000E081
:103C7000FDE3954908702AE28A48807802282FD10E
:103C80008648407A002803D18348407A002800D033
:103C900027E0FA21C800F1F7ADFA0020804908704A
:103CA00001210B20F3F706FB00210F20F3F702FBA5
:103CB00079488078002804D001210D20F3F7FAFA22
:103CC00003E000210D20F3F7F5FA744A1178724AE7
:103CD000107801F02FFE70490878F3F765FB00E0DB
:103CE00000BFF1E36F48807802282FD16B48407AFB
:103CF000002803D16848407A002800D027E0FA2144
:103D0000C800F1F777FA01206549087001210F20FA
:103D1000F3F7D0FA00210B20F3F7CCFA5F48807854
:103D2000002804D001210D20F3F7C4FA03E000219C
:103D30000D20F3F7BFFA594A1178574A107801F06D
:103D4000F9FD56490878F3F72FFB00E000BFBBE30D
:103D5000FA21C800F1F74EFA01210D20F3F7AAFA73
:103D6000F3F74EFB4E48007800281BD14A48807874
:103D7000002800D003E00021084601F09DFE4648DF
:103D80008078002803D00920F8F7D8FF02E0082047
:103D9000F8F7D4FF40488078002802D0F9F728F8D7
:103DA00000E000BF3E48007801281BD13B488078E6
:103DB000002800D003E00021084601F07DFE3748CE
:103DC0008078002803D00920F8F7B8FF02E0082027
:103DD000F8F7B4FF31488078002802D0F9F708F8E6
:103DE00000E000BF70E339480088401C3749088074
:103DF00001210E20F3F75EFA0520F8F79FFF63E339
:103E0000F8F724FEFA21C800F1F7F4F92448007805
:103E1000002803D12148407A002807D120480078A3
:103E2000012804D11C48407A002800D0A7E01C4893
:103E30000078002803D11848407A002807D1184894
:103E40000078012809D11548407A002805D00021C2
:103E500013480078F1F75CF800E000BF10480078E4
:103E600000280BD10F488078012803D103200E4988
:103E7000087006E001200C49087002E001200C499E
:103E8000087007480078002822D10749487022E0CE
:103E900008050020B00000203E0900204A0900204B
:103EA0008C010020F4060020750100202E0900205E
:103EB0007D010020AC000020700100207401002072
:103EC000C4010020D4010020BB010020C00100205B
:103ED0000020F8494870F848007800281BD1F748BE
:103EE0000078F7490870F5484078487000208870DD
:103EF000F449098888B20322F149F1F79FFAF2499F
:103F00000860084600880004000EEC49C870EE48BE
:103F1000007808711AE0E7480078E9490870E54838
:103F20004078487000208870E649098888B20322EA
:103F3000E349F1F783FAE449086008460088000481
:103F4000000EDC49C870E04800780871DA48007853
:103F5000002805D1DD490880DD48F7F719FE05E0A6
:103F60000020DC490880DC48F7F712FED94A1178B6
:103F7000D64A107801F0DEFC0020F3F715FAA3E230
:103F8000CD480078002803D1D248407A002807D1D4
:103F9000C9480078012804D1CC48407A002800D0D4
:103FA00025E0C5480078002803D1C848407A002899
:103FB00007D1C1480078012809D1C648407A0028B5
:103FC00005D00021BC480078F0F7A2FF00E000BF58
:103FD000012C08DB0121B8480078FFF7B7FC01206D
:103FE000F3F7E2F903E00320F6F72EFC00BF6BE2E3
:103FF000B1480078002803D1B648407A002807D19C
:10400000AD480078012804D1B048407A002800D09B
:1040100025E0A9480078002803D1AC48407A002860
:1040200007D1A5480078012809D1AA48407A00287C
:1040300005D00021A0480078F0F76AFF00E000BF3B
:10404000022C08DB02219C480078FFF77FFC02204D
:10405000F3F7AAF903E00320F6F7F6FB00BF33E21B
:1040600095480078002803D19A48407A002807D163
:1040700091480078012804D19448407A002800D063
:1040800025E08D480078002803D19048407A002828
:1040900007D189480078012809D18E48407A002844
:1040A00005D0002184480078F0F732FF00E000BF1F
:1040B000032C08DB032180480078FFF747FC03202E
:1040C000F3F772F903E00320F6F7BEFB00BFFBE154
:1040D00079480078002803D17E48407A002807D12B
:1040E00075480078012804D17848407A002800D02B
:1040F00025E071480078002803D17448407A0028F0
:1041000007D16D480078012809D17248407A00280B
:1041100005D0002168480078F0F7FAFE00E000BF03
:10412000042C08DB042164480078FFF70FFC04200E
:10413000F3F73AF903E00320F6F786FB00BFC3E18B
:104140005D480078002803D16248407A002807D1F2
:1041500059480078012804D15C48407A002800D0F2
:1041600025E055480078002803D15848407A0028B7
:1041700007D151480078012809D15648407A0028D3
:1041800005D000214C480078F0F7C2FE00E000BFE7
:10419000052C08DB052148480078FFF7D7FB0520F0
:1041A000F3F702F903E00320F6F74EFB00BF8BE1C3
:1041B00041480078002803D14648407A002807D1BA
:1041C0003D480078012804D14048407A002800D0BA
:1041D00025E039480078002803D13C48407A00287F
:1041E00007D135480078012809D13A48407A00289B
:1041F00005D0002130480078F0F78AFE00E000BFCB
:10420000062C08DB06212C480078FFF79FFB0620D0
:10421000F3F7CAF803E00320F6F716FB00BF53E1FB
:1042200025480078002803D12A48407A002807D181
:1042300021480078012804D12448407A002800D081
:1042400025E01D480078002803D12048407A002846
:1042500007D119480078012809D11E48407A002862
:1042600005D0002114480078F0F752FE00E000BFAE
:10427000072C08DB072110480078FFF767FB0720B1
:10428000F3F792F803E00320F6F7DEFA00BF1BE134
:1042900009480078002803D10E48407A002807D149
:1042A00005480078012819D10848407A002815D01F
:1042B0003AE000007D0100208C0100207501002003
:1042C00085010020C4040020880100203E09002050
:1042D000C40100204A090020D40100207B48007856
:1042E000002803D17A48407A002807D1774800781F
:1042F000012809D17748407A002805D00021734869
:104300000078F0F705FE00E000BF082C08DB08216C
:104310006E480078FFF71AFB0820F3F745F803E032
:104320000320F6F791FA00BFCEE068480078002835
:1043300003D16848407A002807D1644800780128F2
:1043400004D16348407A002800D025E05F48007817
:10435000002803D15E48407A002807D15B480078E6
:10436000012809D15B48407A002805D00021574830
:104370000078F0F7CDFD00E000BF092C08DB092133
:1043800052480078FFF7E2FA0920F3F70DF803E04E
:104390000320F6F759FA00BF96E04F4880780228CC
:1043A00043D14A480078002803D14A48407A00287F
:1043B0003BD146480078012803D14548407A00287F
:1043C00033D142480078002803D14148407A002880
:1043D00007D13E48007801280DD13E48407A002898
:1043E00009D0FA21C800F0F705FF0021374800780E
:1043F000F0F78EFD19E00A2C03DA0320F6F724FA11
:1044000062E0FA21C800F0F7F5FE01212F4800789C
:10441000F0F77EFD3148F7F7BBFB3148F7F7B8FB03
:104420000A212A480078FFF791FA4DE00320F8F7B7
:1044300085FC49E00620F8F781FCFA21C800F0F776
:10444000D9FE0120274908703EE020480078002866
:1044500003D11F488078002807D11C480078012824
:1044600030D11C48807800282CD0032000E02AE0BE
:10447000F6F7EAF915480078002811D11449C870F8
:104480000871887000BF04E000221149491D0A54D8
:10449000401C0428F8DB00210D20F2F70BFF11E08F
:1044A00000200C49C8700871887000BF04E0002229
:1044B0000849491D0A54401C0428F8DB00210D203E
:1044C000F2F7F8FE00E000BF00BF70BD8C010020D5
:1044D0003E0900204A090020F4060020C401002003
:1044E000D4010020BC01002010B50446152C54D185
:1044F0000320F6F7A9F92A480078002824D1294991
:10450000C8700871887000BF04E000222549491D69
:104510000A54401C0428F8DB2248407A002804D0C2
:104520001F48007801F080F905E01F4A11781D4A04
:10453000107801F0FFF91B490878F2F735FF0021E8
:104540000D20F2F7B7FE24E000201749C87008716B
:10455000887000BF04E000221349491D0A54401C22
:104560000428F8DB1048407A002804D00C48007872
:1045700001F05AF905E00C4A11780A4A107801F066
:10458000D9F900210D20F2F795FE07490878F2F7D6
:104590000BFF0220F8F7D2FB00E000BF00BF10BD08
:1045A0008C0100203E0900204A09002070B5044615
:1045B000112C10D008DC002C13D0012C3BD0032C84
:1045C00043D0102C75D14BE0182C2ED0192C50D084
:1045D0001A2CF7D16EE00020F8F7B0FBF6F774FE66
:1045E0008CE04748007800280FD0FA21C800F0F787
:1045F00001FEF8F797FA42480078002801D101201F
:1046000000E000203E4908700EE0FA21C800F0F7F3
:10461000F1FD01F001F83A480078002801D10120AD
:1046200000E000203649087068E00020F8F786FBBB
:10463000F6F74AFE62E0FA21C800F0F7DBFD3149E7
:10464000098888B201F00EFA58E0FA21C800F0F7A4
:10465000D1FDF1F79FF885B2284601F003FA4DE04D
:10466000FA21C800F0F7C6FD27494868F8F732FA82
:1046700044E0FA21C800F0F7BDFD67210020F9F7FA
:10468000D1FF67210020F9F7EDFFF6F71DFE0020AE
:10469000F2F7F6FDF1F764FD002803D0F4F7B0F966
:1046A000F5F7CEF800F0B8FFF0F7FEF9F4F7A8F947
:1046B00024E022E0FA21C800F0F79CFDFA20F0F790
:1046C00033FAF0F7B5FFFCF72DFBF1F737F90025CA
:1046D0000FE00120F2F7D4FDFF20F530F0F724FAC7
:1046E0000020F2F7CDFDFF20F530F0F71DFA681C31
:1046F000C5B2022DEDDBF5F7A3F800BF00BF70BD1A
:10470000F50100208C040020B00A002010B50446FA
:10471000112C0AD004DC022C2AD00E2C27D14DE01B
:10472000142C72D0172CF9D17CE000210C20F2F768
:10473000C1FD67210020F9F775FF67210020F9F717
:1047400091FFF6F7C1FD00210F20F2F7B3FD002124
:104750000B20F2F7AFFD00210D20F2F7ABFDF2F7D1
:104760004FFE0020F8F7EAFA01203549087064E0AE
:1047700000203449087000210F20F2F79BFD012131
:104780000B20F2F797FD30488078002804D00121F3
:104790000D20F2F78FFD03E000210D20F2F78AFDD6
:1047A0002A4A1178284A107801F0C4F82649087876
:1047B000F2F7FAFD0220F8F7C1FA3EE001202149A4
:1047C000087001210F20F2F775FD00210B20F2F790
:1047D00071FD1E488078002804D001210D20F2F7D9
:1047E00069FD03E000210D20F2F764FD174A1178FE
:1047F000154A107801F09EF814490878F2F7D4FDB4
:104800000220F8F79BFA18E0FFE711480088401CE7
:104810000F49088001210E20F2F74CFD0520F8F722
:104820008DFA0AE00620F8F789FAFA21C800F0F7B5
:10483000E1FC01200749087000BF00BF10BD000067
:10484000BB0100208C0100203E0900204A09002005
:10485000C0010020BC01002010B50446142C0BD16F
:104860000320F5F7F1FF00210E20F2F723FD0448A5
:104870000078F8F763FA00E000BF00BF10BD000049
:10488000F301002070B50446204611380300F4F708
:1048900056FE080554815881816474813F48007830
:1048A000002800D070BDFEF7CBF8FEF7DBF8FAF772
:1048B0002BF8002800D16EE039488078002804D118
:1048C00000F0AAFEFCF7ACFE36E036A236A137486F
:1048D000FEF7AEFE3648006B401C35490863F8F71A
:1048E000B5F8012033490870F9F720F9324908601A
:1048F00001210C20F2F7DEFC304A1178304A1078A2
:1049000001F018F826488078022800D103E02C49ED
:104910000878F2F749FD22488078022803D1012067
:10492000F8F70CFA02E00220F8F708FA012025490E
:1049300008700021244801722DE00320F8F7FEF9E9
:1049400029E0FA21C800F0F755FCF9F7ABF8054665
:1049500000F086FEF5F71EFF1DE01C4800780028D9
:1049600005D101201949087001F07CF804E000200D
:104970001649087001F076F80DE00520F5F764FFA0
:10498000F8F76EF80420F8F7D9F900F045FEF0F7D3
:104990008BF800E000BF00BF00BF83E75F0000208E
:1049A000F40600204F4B000041540000000004407A
:1049B000B00A0020AC010020700100204A0900204C
:1049C0003E090020BA010020D80600204000002047
:1049D00010B50446002C02D0112C14D10BE000219C
:1049E000084600F0A7FF72210020F9F71BFE012006
:1049F000F8F7A4F908E072210020F9F713FE01206E
:104A0000F8F79CF900BF00BF00BF10BD10B5044609
:104A10001948007806282DD0012C29D0112C02D05D
:104A2000172C24D108E0FA21C800F0F7E3FB134863
:104A30000078F8F783F91CE0FA21C800F0F7DAFBF8
:104A4000F9F7B0F9FDF7FCFFFEF70CF800200C4970
:104A50000870F9F701FA0020F9F732FD672101200B
:104A6000F9F700FE05480078F8F768F901E000BFA3
:104A700000BF00BF10BD0000F2010020F3010020C4
:104A80004B04002070B50546E81E0300F4F757FDFF
:104A90000F090A0B0C0D0E0F101112F7F7F7BBF6EA
:104AA000F70000BF00BF00BF00BF00BF00BF00BFD6
:104AB00000BF00BFFA21C800F0F79CFBEC1EC34802
:104AC000007800282ED1C2480068022801D1062CA7
:104AD00013DCC048C079062805D1002C03D0BC489F
:104AE0000068032809D0BB48007A002806DD052CA1
:104AF00004DDB7480068022800D109E0B548401D30
:104B0000B34A12688454B2480068401CB049086037
:104B1000B048C079062837D1AD480068401CAC4980
:104B2000086031E0A948007801282DD1A848006824
:104B3000022801D1062C13DCA748C079062805D12C
:104B4000002C03D0A2480068032809D0A248007AAC
:104B5000002806DD052C04DD9D480068022800D1F0
:104B600009E09D48401D9A4A12688454984800689C
:104B7000401C974908609848C079062804D1944899
:104B80000068401C9249086091480068032802DDD3
:104B900000208F4908608D480078002817D18D4883
:104BA00040790A2148438B49897940188949C8705E
:104BB0000846C0790A2148438649097A4018854940
:104BC00008710A461179D07800F076FF1AE07F4824
:104BD0000078012816D1804840790A2148437E494F
:104BE000897940187C49C8700846C0790A21484331
:104BF0007949097A4018784908710A461179D078BC
:104C000000F05AFFE0E00020714908606F4800782A
:104C1000002843D16F4840790A2148436D4989797A
:104C200040186C49C8700846C0790A214843694950
:104C3000097A4018674908710846C07800281FD1D2
:104C40000846007900281BD10878F2F7ADFB6148CF
:104C5000407A002804D05D48007800F0E5FD05E0CA
:104C60005D4A11785B4A107800F064FE00210D2047
:104C7000F2F720FB0220F8F761F854E054E0A2E0DC
:104C800056480088401C554908800920F8F756F816
:104C9000012050498870F8F7ABF844E04B480078A1
:104CA000012840D14C4840790A2148434A49897932
:104CB00040184949C8700846C0790A214843464906
:104CC000097A4018444908710846C07800281DD167
:104CD00008460079002819D10878F2F765FB3E48AC
:104CE000407A002804D03948007800F09DFD05E0A6
:104CF000394A1178374A107800F01CFE00210D2047
:104D0000F2F7D8FA0220F8F719F80CE033480088D7
:104D1000401C324908800920F8F710F801202E497C
:104D20008870F8F765F84FE000210D20F2F7C2FA1D
:104D30000020274908602548007800281FD100BFBF
:104D400004E000222349491D0A54401C0428F8DBD2
:104D500020490878F2F728FB1E48407A002804D042
:104D60001A48007800F060FD05E01B4A1178194AE6
:104D7000107800F0DFFD0220F7F7E0FF22E0134893
:104D8000007801281ED1002004E000221249491DAC
:104D90000A54401C0428F8DB0F490878F2F704FB9A
:104DA0000D48407A002804D00848007800F03CFD07
:104DB00005E0094A1178074A107800F0BBFD02208F
:104DC000F7F7BCFF00E000BF00BF70BD8C01002002
:104DD000B40100203E0900204A090020BE01002045
:104DE000F0B589B000204A4908604A49098849005D
:104DF0001C2251430846F4F78DFE0446002C03D1D3
:104E00004449088009B0F0BDF0F7C4FC064600250F
:104E10003CE068004049085AB04206DB2046F4F7FF
:104E20004DFD00203B490880ECE768003A49085AEC
:104E3000301A022801DB022003E068003649085AD4
:104E4000301A089000271CE03248008840003049A2
:104E50000968884200DC17E068002F4A105AC1191F
:104E600001A8F0F759FC2A4909681C225143081986
:104E700001A9EEF7ECF926480068401C24490860B7
:104E80007F1C08988742DFDB00BF6D1C214800882B
:104E90008542BEDB1E4800682049884206DD204668
:104EA000F4F70CFD00201B490880ABE7F0F7C0FBCE
:104EB00000251DE01C206843001980691C216943FE
:104EC000091949691C226A431219928900920191B9
:104ED00002901C206843001983681C206843001955
:104EE00042681C206843215C2846F0F773FC6D1C67
:104EF000074800688542DDDB05480068F0F7C6FC1E
:104F00000020044908802046F4F7D8FC00BF79E768
:104F1000A00400209C040020000B00208C05000051
:104F200010B5044600200AE0215C302901DB392954
:104F300004DD3A2902D00022225403E0401C215C07
:104F40000029F1D100BF2046EEF7D0F9082801D999
:104F50000020207210BD70B504460E461546002C88
:104F600001D0002D00D170BD002E02D10020207094
:104F7000F9E76A1E31462046EEF7A1F90021681EC6
:104F8000215400BFEFE700B50A4683B0002100912D
:104F9000019101466846EFF72AF90199009803B09C
:104FA00000BD000030B58FB01FA10DA8F1F73CF98E
:104FB0000E98002803D1214908700FB030BD1F485A
:104FC000007800282DD108A8007D002829D0F0F70E
:104FD000FDFB044623461AA20B210AA8F4F750FA57
:104FE00005462B46174A242101A8F4F749FA01A8DF
:104FF000FEF7E6FA14A20AA91448FEF719FB2B469D
:10500000134A242101A8F4F73BFA01A8FEF7D8FAC5
:105010000DA20AA90D48FEF70BFB012007490870F5
:1050200000BF00BFC9E7000041542B434D51545409
:10503000434F4E4E4543543F000000004A040020B9
:10504000257500009A5B01004F4B000000100040E6
:10505000B35B010001604860704700000020034915
:1050600008700348006803490860704795010020F4
:10507000A00000209801002010B51E4800780028EC
:1050800037D11D480068002833D01C4800681A49F1
:1050900009681B4A8918884205D2184800681649D1
:1050A0000968884225D2012012490870FA21C800F7
:1050B000F0F7A0F813480078002803D11248407A8E
:1050C000002807D10F480078012808D10F48407AFE
:1050D000002804D00B48007800F0A6FB05E00B4A3E
:1050E0001178094A107800F025FC09480078F7F794
:1050F00025FE10BD9501002098010020A000002091
:10510000C40900008C0100203E0900204A0900204B
:10511000F301002010B5064806490978445C0548AB
:10512000007800F023F803490870204610BD000005
:10513000620100206B01002070B504460848007829
:1051400000F014F8054607480078854200D170BD8C
:1051500005480349097844540148057000BFF6E743
:105160006A0100206B010020620100200246511CF0
:10517000C817400F4018C010C000081AC0B27047CE
:1051800070B505462846EEF7B1F8044610E0611EFA
:10519000685C0D2805D00A2803D0202801D00928F2
:1051A00004D10022611E6A54641E00E002E000BFC8
:1051B000002CECD100BF70BDF0B591B0F0F7EAFA69
:1051C00010901098002803DC0020014611B0F0BDBB
:1051D000002109A8F0F7A0FA0A9808900B9E002475
:1051E0002546012715E0394601A8F0F795FA0298FF
:1051F000B04204DC0398B0420ADD039E08E0314669
:105200000898FDF7EDFC04194D4102980890039EA3
:105210007F1C10988742E6DB31460898FDF7E0FCDA
:1052200004194D4120462946D0E7000010B5174823
:105230000078002828D016480078002824D1F7F7F5
:105240000FFCF6F741F862210220F9F70BFA012072
:105250001049087000201049086010480068104983
:10526000086010A0FEF7ACF90FA0FEF7A9F9FDF752
:10527000E7FBFDF7F7FB00200E49087001200E49FF
:10528000087000200149087010BD00005E00002079
:10529000F20100205F00002040010020A00000205B
:1052A000440100204154000041542B4352455345D2
:1052B000540000004B0400208600002010B5F8F7D1
:1052C00099FC044621461348F7F7B8F912490860DB
:1052D00008460068E1214901884202D908460E4982
:1052E00008600E48807802280FD121460C48F7F755
:1052F000A5F90949486008464068E121490188420A
:1053000006D908460449486002E000200249486086
:1053100010BD0000C4010020E4010020F4060020BC
:10532000D4010020002003490870034800680349A5
:105330000860704784000020A00000203800002092
:1053400030B54148046841480078022830D13F48D0
:105350004068201AFF212D31884234D33B484460F5
:10536000007A002801D1012000E0002037490872AE
:105370000D462D7A002D02D00D462D7B00E0002534
:105380002B46324D2D7A002D02D0304DED7A00E0C3
:1053900000252A462D4D2D7A002D02D02B4DAD7AB9
:1053A00000E000252946294D687AF1F7A9FF0AE0B7
:1053B00026480078012806D1244D2B7BEA7AA97A69
:1053C000687AF1F79DFF22480078022830D1204802
:1053D0004068201AFF212D31884234D31C48446094
:1053E000007A002801D1012000E00020184908724D
:1053F0000D462D7A002D02D00D462D7B00E00025B4
:105400002B46134D2D7A002D02D0114DED7A00E080
:1054100000252A460E4D2D7A002D02D00C4DAD7A76
:1054200000E0002529460A4D687AF1F769FF0AE095
:1054300007480078012806D1054D2B7BEA7AA97A26
:10544000687AF1F75DFF30BDA00000200007002062
:10545000C000002010B50F480078002819D10E4870
:105460000068002815D00D4800680B4909680C4AEF
:105470008918884205D209480068074909688842A6
:1054800007D20120034908700648F8F7E7F8F7F754
:1054900031FF10BD8400002038000020A000002053
:1054A000A86100006006002070B504460025002CAD
:1054B00002D02068002800D170BDA168206845187E
:1054C0002846EDF713FFA1684018A06000BFF3E77E
:1054D000F7B586B0154600240026069805900020F2
:1054E000049003900290019007990598081A0628E5
:1054F00000DA88E00598801CFBF7A8FC06463720F8
:105500008002864203D34148864200D87BE01B20BC
:10551000C00286422CD33E48864229D80598871D72
:10552000002000900C2002900798C01B062800DA8B
:1055300069E038785C2802D17878752800D062E07C
:10554000B81CFBF783FC0090372189020098884241
:1055500003D32E490098884200D954E0B005000BCF
:1055600000998905890D084301210904441802E0C6
:10557000062002903446802C02D2012004901AE0CA
:105580000120C002844204D202200490C020019075
:1055900011E001200004844204D203200490E020A2
:1055A000019008E01B48844204D804200490F020B5
:1055B000019000E027E00498401EC0B203900CE088
:1055C000204680210843BF2108402A68039950548F
:1055D000A4090398401EC0B2039003980028EFDC92
:1055E0000498012804DD019820432968087003E02D
:1055F0006006400E29680870296804980818286019
:10560000029809B0F0BD0020FBE70000FFDF0000BA
:10561000FFDB0000FFFF10000E4841790E480F4AE3
:105620001278920081500B4881790B480B4A5278CE
:10563000920081500748C1780748084A9278920042
:1056400081500448C1790448044AD27892008150BC
:1056500070470000335B010018A00540405B01006B
:10566000FEB5064666480290664D30460299EEF752
:10567000A7FC01D2002418E029463046EEF7AAFC28
:1056800001D2614C11E028460299EEF7BDF9019074
:1056900030460299EEF7B8F900900199EEF7F9F962
:1056A00007465949EEF7B8F9044657492046EEF740
:1056B00087FC21D855492046EEF78CFC1CD854486D
:1056C00001785448544A1278920081505048017829
:1056D0005048514A5278920081504D4801784D48C7
:1056E0004D4A9278920081504948017849484A4A87
:1056F000D2789200815082E044492046EEF760FC67
:1057000020D846492046EEF765FC1BD800214148C9
:10571000414A1278920081503D4801783D483E4A06
:105720005278920081503A4801783A483A4A927841
:1057300092008150364801783648374AD278920034
:1057400081505CE035492046EEF73AFC1DD83449DB
:105750002046EEF73FFC18D800212E482E4A12783A
:10576000920081502C4A527892008150284801784A
:105770002848294A92789200815025480178254886
:10578000254AD2789200815039E025492046EEF72B
:1057900017FC1AD800212046EEF71CFC15D8002172
:1057A0001C481D4A1278920081501B4A5278920080
:1057B0008150194A92789200815015480178154815
:1057C000154AD2789200815019E01648C1781148E4
:1057D000114A127892008150124801790D480E4A00
:1057E0005278920081500F4801790A480A4A92780B
:1057F000920081500021084A527892008150FEBDEB
:1058000066662640000060400000C84200009642E4
:10581000285B010018A00540405B010000004842E1
:105820000000C841335B010010B504460A20F1F7BF
:10583000BBFD002C02D0012C31D117E01948417872
:1058400019481A4A12789200815016480178164871
:10585000164A5278920081500021144A92789200A0
:105860008150124AD2789200815018E000210E48EF
:105870000E4A1278920081500C4A52789200815060
:10588000084841780848094A9278920081500548B2
:1058900001780548054AD2789200815000BF00BFC8
:1058A00010BD0000285B010018A00540405B01000E
:1058B00000220C490C4B1B789B00CA500B49CA783C
:1058C0000849094B5B789B00CA5009490A5C0549A5
:1058D000054B9B789B00CA500022034BDB789B0052
:1058E000CA50704718A00540405B0100335B0100BF
:1058F000285B01000C480078042800D17047402143
:105900000A480B4A127892008150094A5278920054
:105910008150074A927892008150054AD2789200CD
:10592000815000BFEAE70000F201002018A0054006
:10593000405B010010B5444A927A002A0CD0434AD9
:10594000D378434A434C2478A40013510023414C9C
:105950006478A400135129E00A280ED13E4A5378F6
:105960003B4A3C4C2478A40013513B4A1378384AF4
:10597000384C6478A400135118E00A290AD1002396
:10598000334A344C2478A4001351324C6478A40078
:1059900013510BE0304A135C2D4A2E4C2478A4009E
:1059A000135100232B4C6478A40013512B4A927896
:1059B000022A3DD12A4A927A002A0DD00023244A95
:1059C000244CA478A4001351204AD378204A214CB7
:1059D000E478A400135135E00A290ED11E4A537809
:1059E0001B4A1C4CA478A40013511B4A1378184A74
:1059F000184CE478A400135124E00A280AD10023AB
:105A0000134A144CA478A4001351124CE478A40057
:105A1000135117E000230E4A0E4CA478A400135132
:105A20000D4A535C0A4A0B4CE478A400135109E078
:105A30000023074A074CA478A4001351054CE478CE
:105A4000A400135110BD00003E090020335B01008B
:105A500018A00540405B0100285B0100F40600200F
:105A60004A090020F8B507467D26F600002518E013
:105A700031463846EDF798FB0446092C00DD12E06C
:105A80000A48015D0A480B4A525D92008150204647
:105A90007043381A87B20A213046EDF785FB064677
:105AA0006D1C042DE4DB00BFF8BD0000285B010085
:105AB00018A00540405B01007FB505460C460A2151
:105AC0002846EDF771FB00900A212846EDF76CFBA4
:105AD00001910A212046EDF767FB02900A2120463A
:105AE000EDF762FB039100200AE081006A465158FD
:105AF0000A4A525C0A490B4B1B5C9B00CA50401C73
:105B00000428F2DB05490198085C80210843044918
:105B1000044A5278920088507FBD0000285B010043
:105B200018A00540405B01003F065B4F666D7D2776
:105B30007F6F805E3F377950777839736E3D6D7631
:105B4000090803026D6E37396E3739003739005E48
:105B500039005E3F005E3F375E3F37792C01900190
:105B60005802BC0284034C041405DC054006000006
:105B70002C0190015802BC0284034C041405DC057E
:105B80004006000000002C019001F4015802BC0204
:105B900020035C03AC03E803720641542B434D51D0
:105BA0005454535542544F5049433D302C25642C96
:105BB000310D0041542B434D5154545355423D3007
:105BC0002C25642C310D000058020000000100005B
:105BD0000A000000805101000101010000000000E6
:105BE000000000000200000000000000A40E0020E1
:105BF00000000000A40E00201F0000001C00000098
:105C00001F0000001E0000001F0000001E0000001A
:105C10001F0000001F0000001E0000001F00000009
:105C20001E0000001F000000FC0F0020000000000C
:105C30000000000000000000000000000000000064
:105C40000000000000000000000000000000000054
:105C50000000000000000000000000000000000044
:105C60000000000000000000000000000000000034
:105C70000000000000000000000000000000000024
:105C80000000000000000000000000000000000014
:105C90000000000000000000000000000000000004
:105CA00000000000000000000000000000000000F4
:105CB00000000000000000000000000000000000E4
:105CC0002C640100F1230100000000003864010091
:105CD0004D2701000000000020640100A5260100FE
:105CE00000000000B4640100212301000000000056
:105CF000F46301008525010000000000C464010078
:105D000091240100000000008C640100D1270100F3
:105D100000000000A0640100312801000000000024
:105D20000464010085280100000000004C640100AB
:105D300011260100000000007064010071EB0000FA
:105D4000000000007C64010071EB00000000000016
:105D50005C640100F5EA000000000000FFFFFFFFA7
:105D60000000000000000000B064010081BD0000E0
:105D70001064010061BC0000AC64010091C000002F
:105D80001864010091BE00006864010055C1000064
:105D90004864010071C00000886401004DC000002B
:105DA0001C640100F9C000006C64010021C1000006
:105DB0004141414141414141414141412D2D2D410F
:105DC0004141181818181818181818181818181801
:105DD00000000B4000200B4000400B4000600B40D7
:105DE000000000000000000003020200020000406A
:105DF00000800101010101030010040008000101FD
:105E0000010C020300000440030010000600030020
:105E1000200006000040404040404040404041419A
:105E2000414141404040404040404040404040406F
:105E30004040404040050202020202020202020209
:105E40000202020202202020202020202020200206
:105E50000202020202029090909090901010101096
:105E60001010101010101010101010101010101032
:105E700002020202020288888888888808080808C6
:105E80000808080808080808080808080808080892
:105E90000202020240000000155E0100455241531B
:105EA000452046554E430000434F4F4B2046554E2C
:105EB00043000000544553542046554E4300000013
:105EC000627269646765205541525420746F2043A3
:105ED0004C4900002D6E20207072696E742063752D
:105EE0007272656E7420636F6F6B696E6720736585
:105EF0007373696F6E20636F756E742073746F7245
:105F0000656420696E20454550524F4D00000000E9
:105F1000436F6D6D756E6963617465207769746830
:105F20002047534D00000000726762006C656400FA
:105F30007265640062726964676500002D6D2020DF
:105F40007072696E74206D6178206E756D62657215
:105F5000206F6620636F6F6B696E67207365737364
:105F6000696F6E7320666C6173682063616E207365
:105F7000746F7265000000002D7020207072696ED1
:105F80007420636F6F6B696E6720626C6F636B73F5
:105F900020616E6420636F6E6669726D2065726148
:105FA0007365000065726173650000006F666600CE
:105FB00037736567000000002D64203C4E3E2020B2
:105FC0007772697465204E207265616C69737469BB
:105FD000632064756D6D7920636F6F6B696E6720E8
:105FE00073657373696F6E7320746F20666C617371
:105FF00068000000636F6F6B000000005B2D623C67
:10600000302E2E36343E5D207365742062726967CF
:1060100068746E657373206C6576656C00000000B3
:1060200067736D006E756D002D723C302E2E31350C
:106030003E203C2D307C2D313E20726564206C6505
:1060400064202D30206F6666202D31206F6E000099
:106050005B737769746368206C6564206F6E000001
:106060002D703C307C313E70756C736520746865B2
:1060700020706F7765722070696E2E20303A322E54
:10608000355320746F20706F776572206F66662CB1
:1060900020313A35306D5320746F20706F77657200
:1060A000206F6E006F6E00002D633C307C313E200F
:1060B0005B5B727C677C625D5D2073657420524718
:1060C00042206C656420636F6C6F75720000000085
:1060D0007B2270616E223A222563222C226F6E543D
:1060E000223A256C642C226F666654223A256C6431
:1060F0002C22707772223A25752C227077724322F7
:106100003A252E32662C225067223A252E32667DA1
:1061100025730000436F6F6B696E6720736573733F
:10612000696F6E20666C6173682073746F7261674B
:106130006520636F6D6D616E6473000072656164EC
:10614000207468652073746174757300737461746E
:106150007573000062726967687400007072696E1E
:106160007400000072756E206C6564206379636C46
:10617000652074657374000074657374000000001A
:106180006D6178004D616E6970756C617465204C4D
:1061900045447320616E642037205365672044694D
:1061A00073706C61790000002D733C5B302E2E39CA
:1061B0005D5B2E5D5B302E2E395D5B2E7C3A5D5B28
:1061C000302E2E395D5B2E5D5B302E2E395D5B2EC1
:1061D0005D3E20446973706C6179206E756D6265F7
:1061E00072206F6E2037207365676D656E74206452
:1061F0006973706C6179000064756D6D79000000E1
:1062000041542B48545450504152413D225553451E
:106210005244415441222C22582D4150492D4B6566
:10622000793A20736B646A6633383475726A39332D
:106230003475723339687233383433383475687270
:1062400033383479333965756877727772663977A0
:106250003834727968333834333834336872337988
:10626000716F64666B6A3339333837726734722200
:106270000000000041542B434D515454434F4E4EA7
:106280004543543D302C227463703A2F2F613362A2
:1062900036736F63667164747071342D6174732E1C
:1062A000696F742E61702D736F7574686561737496
:1062B0002D312E616D617A6F6E6177732E636F6D14
:1062C0003A38383833222C25642C2564000000002D
:1062D0007B226465764944223A7B22736E223A22FD
:1062E0002575222C224657223A222573222C227011
:1062F00074223A222575222C226D63223A222575BA
:10630000222C22736964223A222573222C226C6F7C
:1063100063223A222573227D2C227473223A256C43
:10632000752C2273746174223A7B22426174562266
:106330003A222573222C2253544C223A22257322CE
:106340002C22737476636E74223A222573227D7D2B
:10635000000000007B226465764944223A7B227368
:106360006E223A222575222C224657223A22257384
:10637000227D2C227473223A256C752C22436F6F78
:106380006B416767223A7B22636F756E74223A25F0
:10639000642C2261766750777257223A252E326636
:1063A0002C22746F74616C53656373223A256C6C94
:1063B000752C2270777243223A252E32662C225099
:1063C000675768223A252E32667D7D002B46534C56
:1063D000533A2046494C45533A0D0A0065436F6FC6
:1063E0006B335F4F54415F54455354312E68657889
:1063F000000000006D657461496E74657276616CB1
:106400005300000073656E644D6574610000000008
:10641000666F7461000000006C620000726400002E
:106420007061796C6F61644D6F6465006B65657058
:10643000416C6976650000007065727369737465FC
:106440006E74466C61670000706700006E756D4386
:106450006F6F6B426C6F636B00000000647572615C
:1064600074696F6E00000000736F000072700000AE
:106470006D6178506F776572000000006D61785F24
:10648000706F7765720000006D72000073656E6456
:10649000436F6F6B696E6753657373696F6E7300DB
:1064A00073656E644572726F7273000070750000E0
:1064B00066770000636F6E6E5374726174656779FE
:1064C000000000006D65746146726571487A0000D5
:1064D000F064010010000020080600006E48000073
:1064E0004466010018060020B0390000789B0000C7
:1064F0000118DAFF0101257A0105012569580920F3
:106500006409115459131204180F040104020403FE
:1065100004040405040704060115010605053012EC
:106520000501050205030504050506070602030427
:106530001832302A213B293C890532033206220CCD
:106540005B0808031129300140025713F24C0A413D
:106550005288142C5F011484610123EDEB1A300C76
:106560001428600132721AB00C1AA81832731AACCF
:106570000C1A501832301AA408290C32312A282457
:10658000190C32631A782C1A640432741A54081ADB
:10659000FC1C023F621A205C1A10482361E114803F
:1065A00064011A601032701A4C605A3C9C1A3420F4
:1065B0004BC05E6C29841AB40C29842AF49C190CF3
:1065C000299C1AA40C1A9C0C024B6529601A1470A1
:1065D000412A80901910326D1A24A41AD46C326E9C
:1065E0001A5C181A781829B41AF80C1AB80C027B1D
:1065F00064139009024C2002130592020009106FE7
:106600006E6F6D6F6E646F022701E92812010342FD
:10661000FFFF2A58A1195B320A148051018B010136
:106620006889BC2114DC63011ACC04015104108771
:10663000930323159B23BD981BCD29900143022B67
:046640007D000000D9
:04000005000030C106
:00000001FF
