:020000040000FA
:10300000C83F0020C1300000597400005163000027
:10301000FFFFFFFFFFFFFFFFFFFFFFFFFFFFFFFFC0
:10302000FFFFFFFFFFFFFFFFFFFFFFFFE97600004D
:10303000FFFFFFFFFFFFFFFF85740000C97800005E
:1030400035310000C5750000353100003531000014
:103050003531000035310000FF55000035310000EA
:10306000714900003531000035310000617B0000FE
:10307000B15E0000357600003531000035310000CA
:1030800035310000494B0000ED4C00009D6400000C
:103090007D6700003531000035310000353100001A
:1030A00031910000B18D0000353100003531000054
:1030B00035310000C17100003531000035310000AC
:1030C0001D4880471D4880471D4800471D4801692D
:1030D000002908D14169002905D18169002902D15F
:1030E000C169002909D01848C1680901090D0029E2
:1030F0000ED005290CD006290AD0BFF34F8F1348F4
:103100001349016013491248C860BFF34F8FFEE7AF
:103110000E4801680E48884200D070470E480F499B
:1031200001600A480E4901607047FEE7FEE7FEE7CE
:10313000FEE7FEE7FEE70000CD300000CD7800009E
:1031400065310000000308408001084000000020B5
:103150000400FA0500ED00E00081084001000000D5
:10316000000000000448854601F07EF90048004751
:1031700021EF0000C046C046C83F002030B50B46D6
:10318000014600202022012409E00D46D5409D4241
:1031900005D31D469540491B2546954040191546C7
:1031A000521E002DF1DC30BD70B5002425460028EC
:1031B00001DA01244042002901DA01254942FFF7E2
:1031C000DDFFAC4200D04042002C00D0494270BD2F
:1031D000F8B500242546002904DA0E460124002112
:1031E0004042B141002B04DA1E4600235242012521
:1031F000B34100F0F9FE8C4617461E46AC4203D0A0
:10320000002540428D41AC46002C02D0002657429A
:103210009E4161463A46334601B0F0BD00487047D2
:10322000F45E010010B50446FFF7F8FF0068005D8A
:10323000C007C00F10BD01466139192900D82038D8
:10324000704701464139192900D82030704703469C
:103250000B439B0703D009E008C9121F08C0042ACA
:10326000FAD203E00B780370401C491C521EF9D2BD
:103270007047D2B201E00270401C491EFBD2704779
:103280000022F6E710B513460A4604461946FFF732
:10329000F0FF204610BD30B505462A460B46107893
:1032A0001C78521C5B1C002801D0A042F7D0002CD7
:1032B00003D0002802D06D1CEFE7284630BD10B5C2
:1032C000044605E00B780370401C002B00D0491C1D
:1032D000521EF7D2204610BDCAB2401E4178401C93
:1032E0008A4202D00029F9D100207047421C01789F
:1032F000401C0029FBD1801A704710B5002200E065
:10330000521C835C8C5CA34201D1002BF8D1D8B253
:10331000E1B2401A10BD03460A780270401C491CF5
:10332000002AF9D11846704730B5054600200346FB
:1033300000E05B1C934205D2EC5CC85C201A01D112
:10334000002CF6D130BD10B508E00A4602E0A342D9
:1033500008D0521C1378002BF9D1401C0478002CA3
:10336000F3D1002010BD00000FB400B58DB009905E
:103370000B9010A900200091C0430A9000200C90EF
:1033800006480690064807906A4609A80F9900F07B
:10339000E1FE0DB008BC04B0184700007541000004
:1033A00095410000FFB50027FF4383B000205C6813
:1033B00001909E681D46A9697F1C0498884700906B
:1033C000296A88470028F6D10098401C0CD00320B9
:1033D00040028443002E19DD600614D500982B2886
:1033E00009D02D280FD103E00020C04307B0F0BD65
:1033F000012080020443A9697F1C04988847761E37
:103400000090002E02DD0098302803D00598002897
:1034100025D035E0012040020443A969761E7F1CB7
:10342000049888470090002E03DD782805D058289E
:1034300003D00598002810D022E00598002801D07C
:1034400010281DD1012040028443A969761E7F1CEB
:10345000049888470090102002E0082000E00A202D
:1034600005900DE0012149020C43059A0199761E51
:10347000514308180190A9697F1C0498884700905F
:10348000002E05DD0599009800F04FFE0028E9DACE
:10349000E96904988847A00502D40120C043A5E744
:1034A000E00722D1600611D56005019800D54042A1
:1034B00029680A1D2A600968220501D5087014E0F0
:1034C000220701D5088010E008600EE02868011D81
:1034D00029600068210502D50199017005E02107E6
:1034E000019901D5018000E0016038467EE7FFB513
:1034F000002083B000905068019091691446002626
:1035000097680498884705460C990698084305D0A3
:1035100009E0A169761C049888470546216A284677
:1035200088470028F5D1681C03D00198C00704D053
:1035300017E00020C04307B0F0BD2068011D2160E6
:10354000006800900DE00198C00704D10098057054
:103550000098401C0090A169761C7F1E0498884743
:103560000546002F1CDD681C1AD0069800280FD0D5
:10357000E817C00E401941118A00069940095118F8
:1035800040012A1A0968012090400142DBD107E07E
:103590000C980028D7D1216A284688470028D2D025
:1035A000E169049888470C98002807D1002E05DDB2
:1035B0000198C00702D1009800210170A068B842AC
:1035C00004DD0C98002804D0002F02D00120C04355
:1035D000B1E73046AFE70000FFB5087889B015467F
:1035E000FF2805D0491C2D2804D00022002407E024
:1035F00000240BE00122F9E70A235C430419491C6B
:103600000878FF28F8D1002A00D0644200200490F6
:103610002A7801462D2A01D02B2A0FD16D1C2D2A84
:1036200002D00022049209E00122FBE700260A22D0
:1036300033466D1C00F008FD381871412F78FF2FBC
:10364000F4D10C9AA218069202460A4304D0FF2332
:10365000069A9133DA4205DA002109980A4606C033
:103660000DB0F0BD0024B74AB54D2646079200F0D4
:10367000CDFE029006980391002801DA474200E04F
:10368000074639050020AF4A001C514101910090C6
:1036900012E0F80707D022462B463046079900F083
:1036A000EBFA0646079122462B461046194600F0D3
:1036B000E3FA04460D467F10002FEAD10698019BDD
:1036C0000028009A0399029806DA00F03DFB324682
:1036D000079B00F039FB05E000F0CEFA3246079B6D
:1036E00000F0CAFA049A002A02D00122D2075140FF
:1036F000099A03C2B4E7FFB591B0002009900025F4
:10370000ED432E209E685C681F460190B9696D1CD0
:10371000129888470090396A88470028F6D10098A7
:10372000401C0AD00D20C0018443002E12DD0098F9
:103730002B2809D02D280DD103E00020C04315B05F
:10374000F0BD012080020443B9696D1C12988847BE
:10375000761E009003A9600501D52D2000E02B20E6
:103760006A461073491C0CA80F9102900AE0B969CF
:103770006D1C129888470090012040020443139862
:10378000761E0560002E02DD00983028EFD00199EA
:103790000098884246D18020044308E00998401EE2
:1037A00009900120400204431399681C0860B9691C
:1037B0006D1C761E1298884700903028EED031E0BC
:1037C0000199884205D1200603D480200443761E47
:1037D0001EE0009806F098FA002826D0012040024A
:1037E000044307A90F980331761E88420BD2009834
:1037F0000F99303808700F98401C0F90200607D59D
:103800000998401E03E0200602D40998401C099044
:10381000A00502D51399681C0860B9696D1C12983F
:1038200088470090002ECBDC59E0002E57DD009831
:10383000652801D0452852D1A00550D503200002AB
:103840008443B9696D1C761E129888470090002E3B
:103850000CDD2B2804D02D2808D1FF200130044393
:10386000B9696D1C12988847761E0090E00501D555
:103870002D2100E02B21029801700298401C02903B
:10388000019025E00120400204430EA90298013175
:10389000761E88420ED20098029930380006000E3B
:1038A000087003D10299019881420AD90298401CFC
:1038B000029006E0E00501D5234801E0224840429D
:1038C0000990B9696D1C129888470090139805609B
:1038D000002E04DD009806F017FA0028D2D1F9690D
:1038E000129888470F99FF200870029903AA087060
:1038F00000200A900B900CA90AA8099BFFF76CFE08
:10390000A00502D40120C04319E72420044209D0B5
:10391000E00713D138680B9A0A99031D3B600068D1
:1039200006C00BE00B990A9800F02EFB0146E00759
:1039300004D13868021D3A60006801602846FEE63E
:10394000000014400000F03FF1D8FFFF70B50646BC
:1039500005F084FF046805460A220021304600F085
:103960007DFC2C6070BDF8B502464A40D40F420081
:103970004B0052085B089A4202D2024608461146A2
:103980004A0023D0C30D4A00DDB2120EAD1A202D1D
:1039900035DA49020126490AF6058A19002C00D0B9
:1039A000524220214F1B1146B9402A411018C20D26
:1039B0009A4221D0002C17D0012D08DCDA05801A9C
:1039C000D20F8019D207DBB200F088FCF8BDDA050F
:1039D000801A012340001B06C01880185A42801824
:1039E000CA0F1043490007E04908C2071143DA052E
:1039F000801A80194008801800F068FCF8BD61004A
:103A00000122511A001BF7E70122D2075140AAE711
:103A10000122D2075040A6E7024670B54A40D30FB4
:103A2000DB0740002DD04A002AD0010E140E000200
:103A300012020919400A520A8418E5010446544347
:103A4000000A120A2E045043A4194219200CC5433F
:103A5000AA18120C0125AD03521C521912047F3909
:103A6000240400D0521C104301D44000491EC2B2AD
:103A70000C06C0092018401C4008802A02D003E030
:103A8000002070BD40084000002900DA00201843E3
:103A900070BD70B502464A40D50F40004A00ED07A0
:103AA00040085208002814D0002A12D0C40DD30DAB
:103AB00041020120C0055202490A520AE41A0918BB
:103AC00012187D34914201D3641C00E04900002C9F
:103AD00001DA002070BD0023914201D3891A03430B
:103AE000400849000028F7D100290AD0914202D1AC
:103AF0000121C90705E0914201D2012101E0012124
:103B0000C943E005C018401900F0E0FB70BD00009B
:103B1000F0B507460846584087B0C00F04904800EB
:103B20000E46590040084908BC1A884105D238465B
:103B300031461E4617460B460246580040081043C1
:103B40004DD0300D039040055900400D490D0590B2
:103B5000401A0290402873DA18030121000B09056E
:103B60000843019004980092002806D01146019A5B
:103B700049420020904100910190029840210A1A88
:103B80000199009800F09DFA05460C466B4607CB5C
:103B900000F0B8FAC0197141039A0E0D0023D7172F
:103BA00056401A467A40164344D0049A002A2DD033
:103BB000029A012A039A15DC1205C01A91410126C6
:103BC0003605001C7141D20F059ED2070093019269
:103BD00002962A46234600F0C7FB07B0F0BD3846E0
:103BE0003146FAE71605234A0F46B218C01AB74104
:103BF00001210905001C4F4100187F41114618188A
:103C00007941E20F10436D19644113E0E2076D083A
:103C100015436408C2071443039A01261205C01A0B
:103C200091413605001C7141CE07400830434908D8
:103C3000C01851412A46234600F089FBCDE7FFE733
:103C4000049801224000C117121A00238B410498E6
:103C50003146C417381AA141EEE730B40124E40715
:103C6000634030BC54E730B40124E407614030BC09
:103C70004EE700000000E0FFF0B51FB488B00B99DC
:103C80000998002448400999C00F49004908099142
:103C9000C0070B990090490049080B9109990898B1
:103CA000A64608431CD00B990A98084318D00998D7
:103CB00001244000420D4800410D099824050003ED
:103CC000000B204309900B980003000B20430B903E
:103CD00050181C494018002201901446104605E077
:103CE000002001460DB0F0BD032801DA034600E0D4
:103CF00003239C46C11A0AAE0AE05F0008ADED5BE3
:103D00004F00F75B7D430027AA187C41491C5B1ECE
:103D10006145F2DD410004AB5A522104120C0A4302
:103D2000240C401C0828DFDB0198029000997046A3
:103D300001910090059B049A0799069800F014FBE6
:103D4000D0E700000DFCFFFFF0B50C465C4085B0ED
:103D5000E40FE40703944C000026640859009446DD
:103D6000490802460296224321D062460A431ED0E9
:103D70006200570D4A000E032303550D012402462D
:103D80002C492405781B1B0B360B40182343264374
:103D9000614600901C46501AB44103D30098401C61
:103DA000009002E0921800985B41002803DA00209E
:103DB000014605B0F0BD00200121090507468646F1
:103DC00011E064461D46141BB54106D36546521BDF
:103DD000B341744607430C43A646CD074008490843
:103DE000284392185B4105460D43EAD1104618431B
:103DF00013D06046194650407140084306D06046D3
:103E0000101AB34106D20122002306E0002201234A
:103E1000DB0702E00122D2435310009874460105EB
:103E2000381C6141029C039D0019694100F08FFA22
:103E3000BFE70000FD030000C217C10F504010B5DE
:103E40004018CA079623002100F048FA10BD10B5AB
:103E500000229623114600F041FA10BD0EB5C2179C
:103E6000C10F5040CA0740180021054B0293019230
:103E700000910A460B4600F077FA03B000BD00003F
:103E8000330400000EB505490291002100910A4655
:103E90000B46019100F068FA03B000BD3304000046
:103EA000410040020122400AD205090E80187F29F4
:103EB00001DA00207047962903DC9622511AC84087
:103EC000704796398840704770B5CD0F4A00090396
:103ED0000123090B1B0519430B4BED070024520D61
:103EE0009A4201DA002070BD074B34339A4203DC5A
:103EF0009A1A00F0F6F802E00449511888402C4361
:103F0000F1D0404270BD0000FF030000CDFBFFFF79
:103F1000C20FD207400040080BD0C10D0723DB01C0
:103F2000C91840020905400A1143C208400711435D
:103F3000704700200146704710B5002904DB0124BA
:103F4000E40740428C412146002B04DB1C46012340
:103F5000DB075242A3418B4200D1824210BD0000D8
:103F600010B5002904DB0124E40740428C412146BE
:103F7000002B04DB1C460123DB075242A34199427C
:103F800000D1904210BD0000CB0FDB07490010B5F7
:103F9000490802460A4307D00A0D07240903E40131
:103FA000090B121B002A01DC002010BDC900440FC0
:103FB0000C43C100E018D205801800F087F910BD4D
:103FC0000122D207002800DB101A002900DB511A59
:103FD000814270470122D207002800DB101A002915
:103FE00000DB511A88427047F0B51FB40646002026
:103FF00082B005464024019100901BE001992246C1
:104000000F46304600F06DF8049A059B801A9941DE
:1040100010D310461946224600F053F8361A8F4145
:104020000197224601200021009F00F04AF838182D
:104030004D4100902046641E0028DFDC019B009863
:104040002946324607B0F0BDF0B51FB486B0002057
:104050000090019002900698069980B2049007980B
:10406000090C02040014114307900027089D0998C9
:1040700006913E463C4603900398A9B20204000C08
:10408000039004982D0C154348430021224600F06C
:1040900018F8C719714110340E46402CECDB384635
:1040A000029A00F00EF8009A019B80180090594186
:1040B00002980191103002904028CCDB00980BB0A0
:1040C000F0BD10B5202A04DB0146203A91400020C3
:1040D00010BD914020239C1A0346E34019439040B1
:1040E00010BD10B5202A04DB0846203AD04000213C
:1040F00010BD0B46D340D0402024A21A9140084363
:10410000194610BD10B5202A06DBCB170846203A09
:104110001041C1170B4306E00B461341D040202449
:10412000A21A91400843194610BD3A2800D23038EF
:10413000202302469A43412A01D310463738884249
:1041400001D30020C0437047026813785118016002
:104150001846704710B5D160044951610449116295
:1041600000211161114600F091F910BD4941000094
:10417000253200004268002A08D001680B78491CEB
:10418000002B03D0521E06C0184670470121C160A3
:10419000881E70474268002A0BD0C3680168002B54
:1041A00007D183688B4204D0491E521C06C00020F0
:1041B00070470020C04370470FB400B589B00CA908
:1041C00000910B990023CB60204B214A0693079264
:1041D000042201921F4A02921F4A089202466B462D
:1041E0000020FFF788FA09B008BC04B0184770B582
:1041F00086B006460020C0430190002015460C46BC
:104200000091029104903246694604A8FFF7D4FF5A
:10421000024604982118002D05D0002801D0084638
:1042200000E020462860049800280DD0002A02DD16
:104230000098884208D0081B0190009432466946D5
:10424000029404A8FFF7B8FF06B070BD75410000E6
:1042500095410000FFFFFF7F25320000F7B5009C6D
:104260000F4600262578641C002D05D0FEF7D6FFEA
:104270000068405DC007F5D12B2D02D02D2D18D040
:10428000641E39462046029A00F09EFA002F04D0A0
:104290003968A14201D100993960710502240029D1
:1042A0000BDA4042002803DD05F0D8FA0460A007CD
:1042B000FEBD012080020643E3E70028F8DA05F09E
:1042C000CDFA04600048FEBDFFFFFF7F002904DA3D
:1042D000401C490001D140084000704770B40024E0
:1042E000050C05D11024000402D1002921D011248D
:1042F000050E01D100020834050F01D10001241D73
:10430000850F01D18000A41C002801DB4000641C43
:10431000002908D020252E1B0D46F540A14000D0D5
:1043200001212943084301061B1B000ADB1D02D59E
:10433000002070BC7047DB05181880180029F8DAD7
:10434000401C4900F5D170BC40084000704710B5D2
:10435000002B08DA0024401C614192185B411A438B
:1043600001D14008400010BDF0B51FB482B0054631
:104370000C0003D0084605F0B3F802E005F0B0F8F1
:1043800020300246009021462846FFF79AFE049B03
:10439000059A04460F4618431143084314D01846A3
:1043A00010431BD0009840210A1A18460599FFF7C0
:1043B00098FE05460E46009A05990498FFF781FE7F
:1043C000084305D0012004E02046394607B0F0BD7F
:1043D0000020C11705430E432C43374300990E9824
:1043E0006305401A7905E40A00220C43FD0A0A30ED
:1043F00002D500200146E9E70105101969410C9C2E
:104400000D9D00196941FFF7A2FFDFE70EB5054AD0
:1044100002920022009213460192FFF7A5FF03B01B
:1044200000BD0000330400004A0009030123090B0A
:104430001B0519430A4B10B5520D9A4202DA0020AF
:10444000014610BD064B34339A4203DC9A1AFFF73B
:1044500048FE10BD034BD218FFF733FE10BD00001D
:10446000FF030000CDFBFFFF064C0125064E05E0D3
:10447000E36807CC2B430C3C98471034B442F7D385
:10448000FEF774FE2C6501004C650100F3B58DB09C
:1044900000200A9001200B90002608460C300C46A4
:1044A00009906269012109989047051E2ED0252D9B
:1044B0002DD0216A8847002818D062690121099807
:1044C0009047216A88470028F7D1411E6269099800
:1044D000904700E0761CA1690D988847216A8847BB
:1044E0000028F7D1E1690D988847DAE7A1690D98AE
:1044F00088470746A84201D1761CD2E7E1690D98AA
:1045000088477F1C02D10A98002877D04AE100270B
:1045100062693D463946099890472A280CD162695C
:10452000012109989047012506E00A214F433F18D1
:10453000303FEBD410200543626901210998904770
:10454000014630390A2903D29C498F42DEDCECE770
:10455000E90600D49A4F6C280AD04C2810D068285D
:1045600024D06A282ED074280CD07A280AD00DE0E6
:1045700062690121099890476C2823D004211CE02E
:10458000202005436269012109989047A760656072
:1045900065284FD026DC582839D01ADC452849D068
:1045A00012DC252834D04128B0D143E062690121D2
:1045B00009989047682802D008210D43E6E70120BA
:1045C000C002DEE70220DCE7462833D047282CD1A2
:1045D00030E05B2870D061282CD063286CD0642830
:1045E00023D161E06F284FD009DC662822D06728EC
:1045F00020D0692826D06E2817D12EE0CEE0702872
:104600004DD073286FD075284ED078280DD154E046
:10461000A1690D9888470546252800D16CE7E16916
:104620000D9888476D1C00D16DE7BBE00A224CE075
:104630000A2252E0012023466A46C0430D99FFF743
:104640005AF8A4E02846402108436060A8072346A2
:1046500001D5002239E000223FE0E80700D020E742
:104660002068011D21600068290501D5067018E742
:10467000290701D5068014E7A90703D5F1170660BD
:1046800041600EE706600CE7284640210843606061
:10469000A807234601D5082217E008221DE0494952
:1046A00028460840606016E02846402108436060C4
:1046B000A8072346BCD5B9E715E0284640210843A2
:1046C0006060A80707D5234610220120C0430D993A
:1046D000C046C0465BE0234610220120C0430D992E
:1046E000FEF760FE53E000210C910B460091632819
:1046F00002D05B2808D044E02079C00601D4012014
:10470000A060012000903CE0626901210998904777
:104710005E2805D101200C900146626909989047F6
:104720002169002906D10B4601AA8F00491CD351EB
:104730000829FADB002835D0216900290ED1C117DC
:10474000C90E09184A11930001AA9A18490949018A
:10475000411A0120136888400343136062690121F4
:10476000099890475D28E5D10C98002808D00020D2
:1047700001AB81005A58401CD2435A500828F8DB3C
:1047800001AB01202246C0430D99FEF7B0FE002880
:104790000ADA401C06D10B98002803D00020C04341
:1047A0000FB0F0BD0A98FBE7E90702D10A99491C4E
:1047B0000A91361800200B9073E60000CCCCCC0C8C
:1047C000FFFFFF7FF1F7FFFFF7B582B0029C0027E4
:1047D0002078641C15460197302802D0002D15D092
:1047E00015E020780127641C782804D0582802D0CE
:1047F000002D09D00BE0002D01D0102D07D100278E
:1048000010252078641C02E0082500E00A25002617
:10481000009610E00099012769430818020C294608
:1048200080B2714300908E183804864201D3012073
:1048300001902078641C2946FFF777FC0028E9DA0C
:104840000398002805D0002F01D0641E00E0029CD0
:1048500004600198002806D005F000F802210160EC
:10486000C81E05B0F0BD009930040843F9E770B5E3
:104870008C180578401C6B075B0F01D10378401C36
:104880002A1106D10278401C03E006780E70401C05
:10489000491C5B1EF9D12B0705D40023521E0DD4F1
:1048A0000B70491CFAE70378401CCB1A921C03E0FA
:1048B0001D780D70491C5B1C521EF9D5A142D8D33E
:1048C000002070BD8C2211507047002904D002686E
:1048D00080231A43026003E0026880239A43026047
:1048E000704700000EB50020009001900290012159
:1048F000090602988843401802908912019888435B
:10490000401801900123684607C800F069FD174868
:1049100000F085F802228021002000F093F80621A3
:10492000102000F07DFD0023012202210F4800F03D
:104930005FF800210D4800F077F800231A4609219E
:104940000A4800F03AF80121084800F061F8012215
:104950001146064800F022F801210448FFF7B5FF90
:104960000121024800F062F80EBD00000000014085
:1049700010B501210648FFF7A5FF0548006B0005AB
:10498000000D0449086001200349087010BD0000B3
:1049900000000140E0040020E404002010B5002ADB
:1049A00005D080231B580B438024235004E0802330
:1049B0001B588B438024235010BD70B50C469510B6
:1049C000AE00051DA9599507EE0E1F25B5402B46D3
:1049D0000D469D4329469507EE0E2546B5402B46CC
:1049E0000D461D4329469510AD00061D715170BD41
:1049F00070B5032900D100BF5C1E2404551E2D0292
:104A00002C430C430568802635402C43046070BD60
:104A1000CA06D20E02674A0952014267704701680E
:104A2000402211430160704701627047002904D0A1
:104A3000426F01231A43426703E0426F520852005B
:104A400042677047F7B50B46009DED00154EAA1959
:104A5000002000240027002120E000240027FF255B
:104A60008D401D40002D17D000200FE01D46C54091
:104A700001268E403540002D07D086000F25B54019
:104A80002C438600029DB5402F43401C0828EDD3DF
:104A90001568A5433D431560121D08310829DCDD6A
:104AA000FEBD00002020024000200349087003489A
:104AB0000068034908607047A00100209C000020A6
:104AC0009C010020FEB50020009001900290012181
:104AD000090402988843401802900123684607C8D9
:104AE00000F07EFC0E480068012104F010FD044631
:104AF0007D22D2000023FEF76BFB064631460948B3
:104B000000F04DF90021074800F04BF9012105485C
:104B100000F039F90121034800F029F9FEBD000039
:104B2000880500200060074070B504460548056808
:104B300001E001F0F5F903480068401BA042F8D3FA
:104B400070BD00009C00002010B53F4800F008F93F
:104B500003F0A4FD3D480068401C3C4908603C4807
:104B60000068401C3A4908603A480078012804D19E
:104B700039480088401C38490880384800780028A7
:104B80003FD137480088401C3549088035480078B7
:104B9000042801D1344800E034483149098888426A
:104BA00009D230480078042801D12F4800E02F486E
:104BB000401C2B4908802E480088401C2C49088046
:104BC00028480078042801D1274800E027482849D0
:104BD0000988884209D223480078042801D1224854
:104BE00000E02248401C2249088001F043FD01F00A
:104BF000B1FE10211F4809F0C7FD10211E4809F021
:104C0000F5FD1E480088401C1C49088008460088A5
:104C1000C82809DB002008801948006B10210840D3
:104C2000002801D004F014FC16480088401C1549E7
:104C3000088008460088322805DB0020088003F041
:104C4000ABFE03F0C3FE10BD006007409C000020D7
:104C5000A00000204805002076050020B3040020B5
:104C6000B0040020EE010020E093040060EA0000A0
:104C7000C00400201E0900202E090020B4000020DE
:104C800000800840B6000020FEB500200090019092
:104C900002900121490402988843401802900123A0
:104CA000684607C800F09CFB0E4800687D21C900DB
:104CB00004F02DFC04467D22D2000023FEF788FA82
:104CC00006463146084800F06AF80021064800F020
:104CD00068F80121044800F056F80121024800F06C
:104CE00046F8FEBD880500200070074010B5154845
:104CF00000F036F801201449086014480068401C90
:104D00001249086012480068401C114908601148A7
:104D10000068401C0F4908600F480088401C0E497D
:104D2000088007F0B9FC07F09DFD10F0F5FA0B487C
:104D30000078002801D1012000E000200749087018
:104D400010BD000000700740A4000020A800002053
:104D5000AC000020F0040020B0000020B2000020D1
:104D60004168490849004160BFF34F8F70470029EF
:104D700004D0026804231A43026003E0026804239B
:104D80009A4302607047002904D0026801231A4345
:104D9000026003E002685208520002607047C1607E
:104DA0007047816070470000F0B5364E0120B0704A
:104DB00000252F462EE0284601F0ACFE002827D122
:104DC0002C4644204443F06C015DCA0701D089079A
:104DD0001ED4B7702018C28D416889184160F06CEC
:104DE0002018028E816889188160F06C2018417843
:104DF000491CC9B2417010290AD3F06C0021201857
:104E00004770284602F070FE0121284602F06CFE31
:104E10006D1CEDB2707B8542CDD3B07800282FD0C9
:104E2000002329E0184601F075FE002822D11A4619
:104E300044214A43F16C144851188881F16C51188F
:104E40000882F16C51188882F16C51180883F06C5B
:104E50001018C781F06C10184782F06C1018C782C8
:104E6000F06C10184783F06C1118088E0887F16CED
:104E70005118C8865B1CDBB2707B8342D2D377713A
:104E8000F0BD0000A8050020FFFF0000F0B51F4D99
:104E9000E88C68640026374630E0304601F03AFE80
:104EA000002829D1344644204443E86CFD22015DAA
:104EB000490849001140015520184770E86C01214C
:104EC00020184760E86C490220188760E86C0022CF
:104ED00020184186E86C20188186E86C20184185EE
:104EE000E86C20188185E86C2018C785E86C2018CC
:104EF0000786304603F052FC761CF6B2687B864289
:104F0000CBD3AF706F70EF70F0BD0000A80500202C
:104F100070B505460C46002D02D0012D74D174E009
:104F2000002C4DD0284610F0ADFC74480088744920
:104F300008800A20714908800120724908706F4872
:104F40000078487000207049088002206F4908707E
:104F50006D4800786E4948706B48807800282AD0E8
:104F600000206949C870087188704871002166483E
:104F70008171C171017267480078012803D10D2049
:104F800002F098F900E000BF63480078092811D1C9
:104F90006048007801280DD15B4A1178574A107893
:104FA00010F0F6FC5849087802F0FEF9022007F0EC
:104FB000C7FE01E000E000BF01205049487223E035
:104FC0004F4800884D49088001204E4908704C48E0
:104FD000007848704949087802F0E6F94A4A1178A1
:104FE000464A107810F0D4FC44480088002805D0C8
:104FF0004248018828460EF0D7FC02E0474806F0F8
:10500000C7FD00203D49487275E0002C4DD0284670
:1050100010F038FC3C480088394908800A203A4999
:1050200008800220394908703748007838494870AC
:105030000020324908800120324908702F4800784A
:1050400048702E48807800282AD000202B49C8704C
:10505000087188704871002128488171C1710172FE
:105060002C480078002803D10D2002F023F900E03D
:1050700000BF29480078092811D126480078002867
:105080000DD1214A11781D4A107810F081FC1B497E
:10509000087802F089F9022007F052FE01E000E0F2
:1050A00000BF01201849487224E0154800881649BD
:1050B000088002201549087011480078144948708A
:1050C0001149087802F070F90F4A11780B4A1078EC
:1050D00010F05EFC0C480088002805D00A480188C2
:1050E00028460EF061FC02E00D4806F051FD00205C
:1050F0000549487200BF00BF70BD00003E09002096
:10510000EC010020710100204A0900202E09002036
:105110007901002088010020EE010020C00100205C
:10512000D00100207FB5044600200190029003903A
:10513000012189030298884340180290890303984B
:10514000884340180390012301A807C800F048F9DC
:105150000D2210210320FFF775FC21462248FEF79F
:105160000DF8451E0321684641800580002101712C
:1051700000200290FF2101316846818169461B4869
:1051800003F0C0FBFF210131184803F031FB00217F
:1051900068460170072141800021017141718171D0
:1051A000C171017201214172691C3C2251430846C0
:1051B0006421FDF7E3FF81B26846418100218181CE
:1051C00069460A4803F030FB0D20002809DB00BFC8
:1051D00000BFC206D20E01219140054A116000BFF6
:1051E00000BF00BF7FBD0000C0E1E40000400340FD
:1051F00000E100E070B504460D462046FFF792FF3F
:10520000A1B200232A46012000F002F870BD000080
:10521000FEB505460C4616461F4621462048FDF7BA
:10522000C3FF401E01900199491C3C22514308468E
:105230006421FDF7A3FF00901A48057021467143D1
:1052400008467D21C900FDF7AFFF174908802146B8
:10525000794308467D21C900FDF7A6FF1349088060
:10526000114800880988401811490860019881B2E6
:10527000104803F044FB009882B200210D4803F06F
:1052800037FB012211020B4803F0C3FA012200216F
:10529000084803F09FFA0121064803F0AEFAFEBD6C
:1052A000C0E1E400F4030020F6030020F80300202E
:1052B000FC03002000400340884202D9401A80B21B
:1052C000704700207047000070B504461748406BD7
:1052D0004607760F00F02EF82060330004F02FF917
:1052E000081605080B16160E12162068606010E0EE
:1052F0000F4860600DE00E4860600AE00120C003C6
:10530000606006E07D200002606002E000206060D6
:1053100000BF00BF0548056A052D02D3606840093B
:1053200001E06068E840A06070BD000000800840B7
:1053300000127A00F0B51B480068FF27013738409B
:10534000040A1848C069C50F164840687F003840F5
:10535000460A002E01D10020F0BD002C01D11248D8
:1053600000E0114802460F4FBF69FF00F80F1746D3
:10537000C7403A46012D01D11046EDE70948806942
:105380000F27FF053840C10D002900D11021054825
:10539000806903277F053840430D10464843D840B5
:1053A000DAE700000080084000127A007EB504466B
:1053B000002560118000094946182E2C00D10225D5
:1053C000E406E40E0321A14030680840E04045199E
:1053D0006846FFF779FF0298E8407EBD38800840B4
:1053E0003FB50E4C606AE16A226B0446009DAC43F7
:1053F00020460C46019DAC4321461446029DAC4319
:105400002246002B05D0009C2043019C2143029C96
:105410002243024C6062E16222633FBD008008408B
:10542000054A926A072383409A430B4683401A43F6
:10543000014B9A62704700000080084010B5034697
:10544000084843606520074C206003E00878054C5D
:105450002073491C1046521E0028F7D1014880686D
:1054600080B210BD00A0084000B587B000200190B8
:10547000029003900121490301988843401801904C
:10548000012301A807C8FFF7ABFF01206946087494
:105490000548006805900020069004A9034800F024
:1054A00007F807B000BD0000C404002000A00840B9
:1054B00002464B6853600B78002B06D0012B06D0B8
:1054C000022B06D00F2B06D106E0002006E0652057
:1054D00004E0E62002E000BF886800BF00BF106063
:1054E0007047000010B500200C4B012498645A7BD3
:1054F00011E0986C521E40009864D0B201F014FB89
:10550000002807D0D0B202F0E3FD002802D0986C4A
:1055100020439864D2B2002AEBD110BDA805002028
:10552000F0B5274C0746A0790025002805D1A078C2
:10553000002802D0E079002801D0A5653DE00023D5
:105540001A4622E0104601F0EFFA00281BD0104660
:1055500044214843E16CE68E4018018FB14206D9E0
:10556000418E00290FD0808E00280AD10BE0A68E34
:10557000B14208D2468E218F8E4204D2808E88425C
:1055800001D2627B0123521CD2B2607B8242D9D30A
:10559000002B05D0A06DC019A065E08C606400E010
:1055A000A565606DA18D884201D3608D00E0208DDE
:1055B000A16D814201D90120F0BD0020F0BD0000A5
:1055C000A805002010B500200649024606E0442345
:1055D000CC6C43431B19401CDA87C0B24B7B98420A
:1055E000F5D310BDA80500200348FF21C17200219A
:1055F000C182018370470000A8050020704710B5E4
:1056000001F058FA10BD0000014601228A40104600
:10561000014A506090607047404002400121814043
:10562000024A9161BFF34F8F704700004040024033
:10563000F8B5192636037F27BF0235460AE028460B
:1056400000F03AFA0446002C01D00020F8BD0120F9
:1056500080022D18BD42F2D9002000F017F9012078
:10566000F4E70000FFB5FFB0FFB087B02949FFA8FD
:105670004161406914214843192109034718B80AB8
:105680008502002405E0A0002858A10004AA50507B
:10569000641CFF2CF7D9781B81080391002407E0D4
:1056A0000021C94303980019800004AA1150641C0A
:1056B000052CF5D3284600F0FFF90646002E04D04D
:1056C00000207FB07FB00BB0F0BD002412E0A0003E
:1056D00004A90858401C00280BD0A20004AB99581C
:1056E000A200501900F0F4F90646002E01D0002067
:1056F000E7E7641CFF2CEAD9FFA8C26B016C406A83
:10570000019202910090FFA814300FC800F062F8D7
:10571000D7E700008B050000F0B589B007460E46BC
:105720001C2102A8FDF7ACFD1420704319210903C8
:1057300045182C6868460472200A03906C6821069C
:10574000039808430390200A0490AC68210604984B
:10575000084304902002010C68468182E8680790A3
:1057600028690890039A0499891A6A46928A5143D3
:105770000846FEF761FB06490190FEF78AF906909C
:105780001C2202A93846FDF762FD09B0F0BD0000F9
:1057900000006145632080020068704710B50A4B25
:1057A00000210CE088000B24A4020019026A501C9E
:1057B000002800D102E088001A5000BF491C0829C7
:1057C000F0D3012010BD0000080500200B2080024E
:1057D00000687047FFB585B016461F46142105982E
:1057E0004843192109034518142003902846133013
:1057F000029025490298884202D9002009B0F0BDE4
:1058000030020699084304902846049900F060F994
:105810000446002C01D00020F0E7300E3902084386
:105820000490281D049900F053F90446002C01D07F
:105830000020E3E7380E0E99090208430490284639
:105840000830049900F044F90446002C01D00020EF
:10585000D4E70F98019028460C30019900F038F9F0
:105860000446002C01D00020C8E71098009028467C
:105870001030009900F02CF90446002C01D00020D3
:10588000BCE70120BAE7000000FF0100F0B5FFB05F
:10589000FFB085B00746632080020168FFA8C160A1
:1058A000C068B84204D101207FB07FB005B0F0BD20
:1058B0006326B6023046801B8108FFA88160C0685D
:1058C000401C00280AD13946304600F001F905464F
:1058D000002D01D10120E7E70020E5E7002405E0E5
:1058E000A0003058A10001AA5050641CFF2CF7D929
:1058F000FFA88068800001A90F50304600F0DCF856
:105900000546002D01D00020CEE7002412E0A000C3
:1059100001A90858401C00280BD0A20001AB9958DF
:10592000A200901900F0D4F80546002D01D0002007
:10593000BAE7641CFF2CEAD90120B5E7F0B5FFB047
:10594000FFB087B03E4F0B208002016AFFA80161C3
:105950000021C160002410E0A1000B2292028918EE
:10596000086AA1007958814206D0411C002903D061
:105970000121FFAAD16002E0641C082CECD300BF17
:10598000FFA8C06800283AD00B26B6020196002472
:1059900006E0A10001984158A00002AA1150641C21
:1059A000FF2CF6D92748801B81080091002407E0CE
:1059B000A0003A5800990819800002A90A50641CF6
:1059C000082CF5D3304600F077F80546002D04D0BA
:1059D00000207FB07FB007B0F0BD00240CE0A20033
:1059E00002AB9958A200901900F072F80546002DFC
:1059F00001D00020EDE7641CFF2CF0D91DE000244D
:105A000019E0A0003858FFA94861A0000B218902C5
:105A10004018066AFFA9486986420BD0A100094ACE
:105A20008818FFA9496900F053F80546002D01D0F8
:105A30000020CEE7641C082CE3D30120C9E7000056
:105A400008050020202C00000EB502F063FBFFF7D4
:105A500039F80020009001900290FF210131029856
:105A600088434018029049000298884340180290E9
:105A7000C901029888434018029089100198884310
:105A800040180190090102988843401802900123B0
:105A9000684607C8FFF7A4FC01F046FE03F0D6F8FD
:105AA000112003F0FBFD0B2003F0F8FD0121022083
:105AB00002F05AF80EBD000010B504460348046019
:105AC00008200249C86000F011F810BD000008402D
:105AD00030B504460D460448046045600420024980
:105AE000C86000F003F830BD00000840174A1848AD
:105AF000406902231843164B58611420186106E0D0
:105B0000134800690C2318400C2800D103E010460C
:105B1000521E0028F4D100BF0D488169806902231C
:105B200098430B4B9861012040040840002801D0A5
:105B30000220704702200840002801D00120F8E729
:105B4000002A01D10320F4E70020F2E7FFFF0F0055
:105B500000000840816270473EB50020009001902F
:105B600002900121090400988843401800904900E0
:105B700000988843401800904900009888434018D6
:105B800000904900009888434018009049110198FE
:105B90008843401801900123684607C8FFF720FC9E
:105BA000012200210846FEF74DFF01221146002088
:105BB000FEF748FF012202210020FEF743FF0122E9
:105BC00003210020FEF73EFF012204210020FEF702
:105BD00039FF012205210020FEF734FF01220621B2
:105BE0000020FEF72FFF012207210020FEF72AFFE9
:105BF000FF2050490860012204211046FEF722FFD1
:105C0000012208211046FEF71DFF01224021104607
:105C1000FEF718FF012251031046FEF713FF012281
:105C200091031046FEF70EFF00220121490342486E
:105C300000F0E6F80022012189033F4800F0E0F877
:105C4000012149033C48FFF785FF012251033A48EF
:105C500000F07CF8032201214903374800F080F866
:105C6000012189033448FFF775FF0122910332486F
:105C700000F06CF80322012189032F4800F070F82E
:105C8000002204212C4800F061F8012208212A4852
:105C900000F05CF800224021274800F057F800226D
:105CA0000421254800F082F800224021224800F01B
:105CB0007DF801220421204800F06EF801224021E5
:105CC0001D4800F069F8012211460220FEF7BAFED5
:105CD000012202210846FEF7B5FE0122032102201F
:105CE000FEF7B0FE01220E210220FEF7ABFE0122DC
:105CF0000F210220FEF7A6FE104804681048044356
:105D00000E480460FF200B4908620E480A490862E9
:105D10000A490862012211460320FEF793FE002281
:105D20000121094800F012F801221146064800F04E
:105D300033F83EBD00000B4000200B4000400B40FC
:105D40000EC00000FFFF000000600B40002A03D0DF
:105D500003680B43036002E003688B4303607047F2
:105D6000F0B517460024002500220CE0CE07F60F00
:105D7000002E06D053003E469E40344303269E40EC
:105D800035434910521C102AF0D34669AE43466190
:105D9000466926434661F0BD002A03D043680B43A1
:105DA000436002E043688B434360704730B514465C
:105DB0008268C36815468D432A461D468D432B468F
:105DC000002C04D0012C06D0022C09D107E0154686
:105DD0000D432A4605E01D460D432B4601E000E039
:105DE00000BF00BF8260C36030BD0246D3690B4074
:105DF000002B01D0012000E0002070474162704775
:105E0000002A01D0416200E081627047F0B587B09E
:105E1000002700240020009001900290FF21013112
:105E200002988843401802900123684607C8FFF78C
:105E3000D7FA1C480068012103F069FB05467D2262
:105E4000D2000023FDF7C4F9471E00E0641C611C6A
:105E50003846FDF793F914498842F7D8611C384653
:105E6000FDF78CF9074668468781C48100210174DB
:105E700000200590FF2101316846018303A90B48EA
:105E800002F040FDFF210131084802F0B1FC01227F
:105E90001102064802F0BDFC0121044802F0ADFCED
:105EA00007B0F0BD88050020FFFF000000E00640BD
:105EB00010B5FF210131144802F09AFC02F0CEFE29
:105EC00000F03CFE00F0E6FE104908701048007833
:105ED000132811D0084600780E490978884206D068
:105EE0000A4800780FF056F901200B49087007485E
:105EF00000780849087002E0132006490870012064
:105F00000649087010BD000000E00640450500206D
:105F100044050020680100205C0100205D01002094
:105F200070B554480078002800D070BD0120514958
:105F300008705148007800280FD000204E490870A2
:105F400006F07AFD4D480078042803D119214CA0B1
:105F500003F086FA192008F025FB4C480078002849
:105F60000FD000204949087006F066FD43480078CC
:105F7000042803D11A2142A003F072FA1A2008F073
:105F800011FB18E00FF0F4F80546284607F0F8FD7D
:105F90000446132C0ED006F04FFD38480078042834
:105FA00004D1214636A003F05BFA00E000BF204692
:105FB00008F0F8FA00BF00BF354800783549097885
:105FC000884201D1012000E000200028DAD013200F
:105FD00031490870002031490870314800780028A4
:105FE00042D000202E49087024480078022803D0AF
:105FF00022480078052837D12A48807808280AD016
:106000002948807A002806D101202749887227482C
:1060100005F0BEFD0AE023488078082806D1224812
:10602000807A002802D000201F498872204880789A
:10603000022819D11F48807808280AD01E48807A83
:10604000002806D101201C4988721C4805F0A0FDDB
:106050000AE018488078082806D11748807A002876
:1060600002D000201449887200200249087000BF45
:106070005BE70000690100204C050020EE010020D4
:106080004556454E543A25640A000000620500203A
:106090006601002067010020440500205C0100200B
:1060A0005D0100201E0900203E090020C0010020E3
:1060B000F40600202E0900204A090020D00100200B
:1060C00010B508F035FC002800D110BD00F028F80C
:1060D000FBE7000038B5044608210E48FFF78EFEA6
:1060E0000D48006800900EE00B4800680099401AC7
:1060F000A04200D908E0FFF713FF08480078042801
:1061000001D00CF049FDEFE700BF08210148FFF77F
:1061100021FD38BD00200B409C000020EE01002036
:106120001CB50B4804680B480068002807D00948D4
:106130000068201A0849884201D201201CBDFF22B4
:10614000F53206A1684608F03DF968460078F5E7A3
:106150009C000020E8040020B80B0000415400001F
:1061600070B507F083FE08F0E3FB002817D029483C
:10617000FFF7B0FF2848056801E0FFF7D1FE08F0FF
:10618000D7FB002805D024480068401B23498842DB
:10619000F3D37D20C00008F0A5F907F067FE0024C6
:1061A00018E03220FFF796FF1B48056801E0FFF773
:1061B000B7FE08F0BDFB002805D117480068401B5A
:1061C00016498842F3D308F0B3FB002800D003E05F
:1061D000601CC4B2032CE4D300BF08F0A9FB002864
:1061E00000D170BD07F0D4FD0D490E4807F084FEC4
:1061F00000240BE0FFF794FF002801D00120F0E716
:106200007D20C00008F06EF9601CC4B2052CF1D3EB
:106210000020E6E7C40900009C00002010270000D1
:10622000204E0000B80B00007CB504460D4618490E
:1062300003C9019100900198002804D0002D02D0DC
:106240002878002804D101990098616020607CBD05
:1062500010480078002804D00199009861602060FF
:10626000F5E7FFF72DFF002809D1FF210131019843
:10627000FDF706F80199009861602060E7E77D224C
:1062800092012946204608F09DF800BFDFE7000094
:106290004C5C0100C90400200A4A09028918002840
:1062A00007D0012807D0022807D0032807D00020F4
:1062B0007047086B7047C86A7047886A7047486AB9
:1062C0007047000000A10140002003490870034806
:1062D0000068034908607047A80100209C00002066
:1062E000AC010020FEB505460E46280117494418AA
:1062F00000200090019002900121490201988843FA
:1063000040180190490101988843401801900123E9
:10631000684607C8FFF764F8227AE1882079FEF71B
:1063200091FBA27BA189A07AFEF78CFB3146206805
:1063300003F00EF801220021206803F079F8012211
:106340001146206803F074F8FEBD0000605E010095
:1063500003F068FA10B516480078002826D11548D1
:106360000068002822D014488078002809DD1348EE
:106370000078002802D008F04BF904E004F0A4FFF4
:1063800001E004F0A1FF0E4800680A4909680D4ABF
:106390008918884205D20A48006806490968884277
:1063A00004D201200249087004F08EFF10BD0000E5
:1063B000A8010020AC010020F4060020B20000205B
:1063C0009C00002060EA00000EB5002000900190C3
:1063D0000290019840084000401C0190012189036F
:1063E000019888434018019009010098884340189B
:1063F000009000988843401800900123684607C821
:10640000FEF7EEFF0022FF2101311248FFF7CEFC1C
:106410000022012149020F48FFF7C8FC0722FF2193
:1064200001310220FEF70EFB072201214902022062
:10643000FEF708FB00F0F2F8074808490860102052
:10644000888100200881064848600820C881002013
:1064500048810EBD00400B40640B0020540B00200F
:10646000A60400200EB50020009001900290019833
:1064700040084000401C01900123684607C801F015
:1064800035F80022FF2101310220FEF7DBFA00225D
:10649000012149020220FEF7D5FA0EBD10B50C21EC
:1064A000584800F025FB0446012000052040002844
:1064B0007ED101204005204000283CD0042020400F
:1064C000002818D0012050490870504908705049E0
:1064D000088000204F4948814F4908804D48428933
:1064E0004089401C4B4B588118464068815C4548A8
:1064F00000F00DFB49E0012040042040002844D07A
:10650000012043490880434840894249C98988425B
:1065100004DB00213B4800F0FAFA0BE03D484289D9
:106520004089401C3B4B588118464068815C354887
:1065300000F0EDFA29E004202040002806D00120D8
:10654000334908800020334908811EE001200004FF
:106550002040002819D001202D490880294800F04A
:10656000D2FA2C490A890989491C2A4B19811946F2
:10657000096888541846008919468989884203DBCE
:1065800000201946088100E000BF012040022040A1
:10659000002804D0012149021A4800F0F7F905202B
:1065A00000022040002806D005210902154800E01D
:1065B00018E000F0EBF90120C0022040002818D0BC
:1065C0000121C9020F4800F0E1F90E4800680821D6
:1065D00088430C49086008460068082108430949B7
:1065E000086006E00F20000220400146054800F048
:1065F000CDF902202040002802D000200449088064
:1066000010BD000000800440B2040020AE04002051
:10661000A4040020540B0020B004002000B587B073
:106620000020019002900390029840084000401C16
:106630000290012301A807C800F058FF0021684616
:1066400001744174012181745021018304A9074818
:1066500000F0B4F90121054800F09AF9012204493B
:10666000024800F01DFA07B000BD000000800440A1
:106670000606030010B50C480088002800D110BDA4
:1066800072B609480088401C0749088062B606486F
:106690000088142806DD002003490880FFF7E2FE89
:1066A000FFF792FE00BFEAE7A40400200EB5002029
:1066B000009001900290022101988843801C019073
:1066C00049030198884340180190C9000098884305
:1066D00040180090009888434018009001236846B5
:1066E00007C8FEF77DFE002280211248FFF75EFBFF
:1066F0000022FF2101310F48FFF758FB07228021BC
:106700000120FEF79FF90722FF2101310120FEF74A
:1067100099F900F0F3F808480849086010208881CA
:1067200000200881064848600820C8810020488170
:106730000EBD000000200B40840B0020740B0020D5
:10674000B60400200EB500200090019002900221B6
:1067500001988843801C01900123684607C800F017
:10676000C5FE002280210120FEF76CF90022FF21E6
:1067700001310120FEF766F90EBD000010B50C21B5
:10678000584800F0B5F904460120000520400028D3
:106790007ED101204005204000283CD0042020402C
:1067A000002818D0012050490870504908705049FD
:1067B000088000204F4948814F4908804D48428950
:1067C0004089401C4B4B588118464068815C4548C5
:1067D00000F09DF949E0012040042040002844D009
:1067E000012043490880434840894249C989884279
:1067F00004DB00213B4800F08AF90BE03D48428968
:106800004089401C3B4B588118464068815C3548A4
:1068100000F07DF929E004202040002806D0012066
:10682000334908800020334908811EE0012000041C
:106830002040002819D001202D490880294800F067
:1068400062F92C490A890989491C2A4B1981194680
:10685000096888541846008919468989884203DBEB
:1068600000201946088100E000BF012040022040BE
:10687000002804D0012149021A4800F087F80520B9
:1068800000022040002806D005210902154800E03A
:1068900018E000F07BF80120C0022040002818D04A
:1068A0000121C9020F4800F071F80E480068082164
:1068B00088430C49086008460068082108430949D4
:1068C000086006E00F20000220400146054800F065
:1068D0005DF802202040002802D0002004490880F2
:1068E00010BD000000900440C2040020BE0400203F
:1068F000B4040020740B0020C004002000B587B051
:106900000020019002900390022102988843801C8D
:106910000290012301A807C800F0E8FD00216846A5
:1069200001744174012181745021018304A9074835
:1069300000F044F80121054800F02AF8012204493A
:10694000024800F0ADF807B000BD00000090044020
:106950000606030010B50C480088002800D110BDC1
:1069600072B609480088401C0749088062B606488C
:106970000088142806DD002003490880FFF7E2FEA6
:10698000FFF794FE00BFEAE7B4040020C16070473F
:10699000002904D0026808231A43026003E0026859
:1069A00008239A43026070470246D06808400028D6
:1069B00001D0012070470020FCE70000FEB504462E
:1069C0000D4600200190009000BF00BF2068852187
:1069D00088432978084369780843A97808432060E8
:1069E0002889A0602B48844204D10020FEF7DEFCF9
:1069F00001900EE02848844204D10220FEF7D6FC24
:106A0000019006E02548844203D13620FEF7CEFCF3
:106A100001902068032189030840002806D0012145
:106A20008903401A05D0401A09D105E006200090DC
:106A300005E00820009002E00920009000BF00BFA0
:106A400014236A685A431146019AD300D018FCF700
:106A500095FB0099401AE978461A14236A685A434C
:106A600011460B23019A5A431046FCF787FB009905
:106A7000401AE978471A002E01DA002000E030467B
:106A80000646002F01DA002000E03846074626615E
:106A90006761FEBD0080044000900440008000401B
:106AA000002A03D043680B43436002E043688B43F2
:106AB0004360704710B50720FEF7A6FD0820FEF7DB
:106AC000A3FD0920FEF7A0FD0720FEF7A7FD082083
:106AD000FEF7A4FD0920FEF7A1FD00200249088071
:106AE0000249088010BD0000B0040020C00400204E
:106AF00008B50246002000900092009840180090CF
:106B00000098006808BD01468869C0B2704781617D
:106B100070470000442148430249C96C085C800664
:106B2000C00F7047A805002003490968C140C80785
:106B300000D0012070470000F805002010B501F0DA
:106B4000D9FA002871D101F0CFFA00286ED001F0F7
:106B5000B7F9444908600846006800284AD0012077
:106B60004149087041480088142820DD40480078D9
:106B700000281CD13F480078002818D107F0CEFF2C
:106B8000384909680840002807D0364800683A4963
:106B9000086000203949086006E03248006837493B
:106BA00008600020344908600120314908702F48EE
:106BB000008819214901884240DD2E4800780028CC
:106BC00003D1284800682E490860112002F006FD14
:106BD00026480088C83825490880112002F05EFD4B
:106BE000002028490860012022490870002020491F
:106BF000087023E000201C4908701C4908801D49CA
:106C000008701B480078012818D11F480078042814
:106C10000DD1194800681D490840002807D0002000
:106C2000134908701449086008E014E012E01248A3
:106C300000681449086000200D4908701248007867
:106C400004280DD10748006801F016FF05480068C8
:106C500001F086FF04E000200D490870FEF7F4FE05
:106C600010BD0000400500204805002076050020EA
:106C7000490500204A0500207805002084050020F1
:106C80007C05002080050020EE010020044000006B
:106C90004D00002000B5E4480178E4480278E4485B
:106CA0000068E44B1860E44800685860E3480068F6
:106CB00098600020E04B1860DD4B1860DF4B1860D7
:106CC000D94B1870D94B18701320DD4B1870002069
:106CD000DC4B1870002908D01920D94B18700120FE
:106CE000D84B1870D648007800BD002A08D01A206A
:106CF000D34B18700120D34B1870D1480078F3E7BC
:106D0000CC4800680123DB031840002804D1C9489F
:106D100040681840002806D00F20C94B1870012089
:106D2000C84B187041E1C348006801231B03184099
:106D3000002804D1BF4840681840002806D00C2025
:106D4000BF4B18700120BF4B18702EE1B948007876
:106D5000C007C00F002805D1B6480079C007C00F92
:106D6000002806D00020B64B18700120B54B1870D3
:106D70001BE1B048006802231840002804D1AD4848
:106D800040681840002805D00120AD4B1870AD4B6D
:106D900018700AE1A748006804231840002804D1AD
:106DA000A4484068184000280AD0A7480078042862
:106DB000B8D00220A24B18700120A24B1870F4E04A
:106DC0009C48006808231840002804D1994840686E
:106DD0001840002806D00320994B18700120994BC9
:106DE0001870E2E09348006810231840002804D18E
:106DF000904840681840002806D00520904B187035
:106E00000120904B1870D0E08A4800682023184079
:106E1000002804D1874840681840002806D0042084
:106E2000874B18700120874B1870BEE081480068BE
:106E300040231840002804D17E48406818400028AC
:106E400006D006207E4B187001207E4B1870ACE0F7
:106E50007848006880231840002804D175484068AD
:106E60001840002806D00720754B18700120754B7C
:106E700018709AE06F480068FF230133184000281B
:106E800004D16C4840681840002806D008206C4B9C
:106E9000187001206B4B187087E06648006801236A
:106EA0005B021840002804D162484068184000285E
:106EB00006D00920624B18700120624B187074E0F4
:106EC0005C48006801239B021840002804D15948FF
:106ED00040681840002806D00A20594B187001203D
:106EE000584B187061E0534800680123DB021840DA
:106EF000002804D14F4840681840002806D00B20D5
:106F00004F4B187001204F4B18704EE049480068F5
:106F100001239B031840002804D1464840681840CC
:106F200000280AD04848007804283ED00E20444B60
:106F300018700120434B187037E03E480068012369
:106F40005B031840002804D13A48406818400028E4
:106F500006D00D203A4B187001203A4B187024E0EF
:106F60003448006801235B041840002804D13148EC
:106F700040681840002806D01120314B18700120BD
:106F8000304B187011E02B48006801231B04184097
:106F9000002804D1274840681840002805D0102058
:106FA000274B18700120274B187022488068022355
:106FB0001840002806D01720214B18700120214BC3
:106FC00018702DE01B48806801231B04184000281E
:106FD00006D015201A4B187001201A4B18701FE0AC
:106FE000144880680123DB031840002806D01420D1
:106FF000134B18700120134B187011E00D48806876
:107000000823184000280BD00A4880689B021840CB
:10701000002805D018200A4B18700120094B187061
:107020000748007860E600004C050020620500205B
:1070300080050020BC170020840500207C0500206E
:10704000440500203C050020EE01002003480069B3
:1070500001210843014908617047000000A0054074
:10706000002806D00649096801221143044A11602C
:1070700005E00349096849084900014A1160704761
:1070800000A0054000B587B000200090019002905C
:10709000012189030198884340180190C903019890
:1070A0008843401801900123684607C8FEF798F905
:1070B0000E2201210020FDF7C5FC0E220221002036
:1070C000FDF7C0FC0E2204210020FDF7BBFC0E22C0
:1070D00008210020FDF7B6FC0E2210210020FDF74C
:1070E000B1FC0E2220210020FDF7ACFC0E22402135
:1070F0000020FDF7A7FC0E2208210320FDF7A2FCCB
:107100000E2210210120FDF79DFC0E2220210120DE
:10711000FDF798FC0E22012189030220FDF792FC65
:107120000E220121C9030220FDF78CFC0E22022150
:107130000846FDF787FC0E2204210220FDF782FCA1
:107140000E2208210220FDF77DFC01216846017313
:10715000002141730220049000200690DF2080006F
:10716000059003A800F034F80222FF210904DF2073
:10717000800000F053F8012000F03EF81D200028A8
:1071800009DB00BF00BFC206D20E01219140054AB3
:10719000116000BF00BF00BF0120FFF761FF07B013
:1071A00000BD000000E100E004480069C007C00F16
:1071B000002801D0012070470020FCE700A0054016
:1071C00010B5FFF7F1FF002801D0FFF73FFF10BD1A
:1071D0000021084A11600178090242781203114324
:1071E000828812041143034A116081685160C168AA
:1071F0005161704700A00540002806D00649C968C3
:1072000001221143044AD16005E00349C9684908D5
:107210004900014AD160704700A0054010B5002A1E
:1072200006D0012A0CD0022A14D0032A24D11BE054
:10723000124B9B6804460C43A343104CA3601BE015
:107240000E4B9B6803430D4CA36023469B688B4306
:10725000A36011E0094B9B688343084CA36023465D
:107260009B680B43A36007E0044B9B6804460C43F8
:107270002343024CA36000BF00BF10BD00A0054027
:1072800030B50546002405E02946204600F012F8F6
:10729000601CC4B20F2CF7DD00231A46294618469D
:1072A00000F02EF800231A462946012000F028F8A5
:1072B00030BD000030B502460B460F2A00DD30BD60
:1072C00054000D4D60190D4C0578AD00645921B284
:1072D000002B05D045780124AC400C4321B205E0D9
:1072E00045780124AC400D46A54329B2034C0578EE
:1072F000AD00615100BFE2E7CC00002018A00540BE
:10730000F0B504460D461F46002C02D0012C00D0DB
:10731000F0BDA300224E9819224B0678B6009B5967
:1073200019B2002D05D046780123B3400B4319B2A2
:1073300005E046780123B3400E469E4331B2002D4E
:1073400005D046780123B3400B4319B205E04678D7
:107350000123B3400E469E4331B2002A05D0867801
:107360000123B3400B4319B205E086780123B340F3
:107370000E469E4331B2002F05D0C6780123B3409C
:107380000B4319B205E0C6780123B3400E469E4375
:1073900031B2044B0678B600995100BFB8E700003F
:1073A000EC00002018A0054030B502460A2A00DD96
:1073B00030BD00211BE04C000F4D60190F4C0578CB
:1073C000AD00645923B2914205DC45780124AC40FC
:1073D0001C4323B205E045780124AC401D46A5437B
:1073E0002BB2064C0578AD0063514C1CE1B20A2962
:1073F000E1DD00BFDCE70000CC00002018A0054064
:1074000010B5002113E04B000A4C18190A4B047800
:10741000A4001B591AB244780123A34014469C438C
:1074200022B2054B0478A4001A514B1CD9B20A2988
:10743000E9DD10BDCC00002018A005400120034963
:1074400008700348006803490860704795040020ED
:10745000AC0000209804002070470000012008497B
:10746000486000BF0648406801210903884300289E
:10747000F8D100BF024800680028FBD17047000027
:1074800000A1064070471FB5E12040020090FF2197
:107490000131684681800021C18001810020039074
:1074A0006946FEF71FFF1FBDF8B504460D460A27C3
:1074B0002046FBF71BFF064600BF002E01D12046E9
:1074C000F8BD022E0ADD2078302807D160787828B0
:1074D00002D06078582801D11027A41C2A462146E2
:1074E000384602F0BFF900900098E9E73FB50E4C2E
:1074F0006068A168E2680446009DAC4320460C46E3
:10750000019DAC4321461446029DAC432246002B0C
:1075100005D0009C2043019C2143029C2243024C45
:107520006060A160E2603FBD008108400449896855
:107530000222914342001143014A916070470000CA
:1075400000A00640002806D00649896801221143A0
:10755000044A916005E00349896849084900014AE5
:107560009160704700A006400EB500200090019089
:1075700002904021029888434030029001236846DF
:1075800007C8FDF72DFFFFF769FF0020FFF7CEFFCB
:107590000520400200F032F80121084600F018F8FA
:1075A0000020C04300F024F80120FFF7CBFF0121A9
:1075B000080200F02FF80EBD0148C068C0B2704745
:1075C00000A0064010B5FFF7F7FF044610BD00000D
:1075D000002905D0054A12690243044B1A6104E0F0
:1075E000024A12698243014B1A61704700A00640AB
:1075F000014948607047000000A0064004498968BE
:107600000F22120291430143014A9160704700002A
:1076100000A00640002905D0054A12690243044B28
:107620001A6104E0024A12698243014B1A617047F1
:1076300000A0064010B5FF2101311F4801F0D8F825
:107640001E480068002835D01C480068401E1B49B1
:107650000860084600681A490988884204D1002257
:107660001146154801F0B6F814480068002821D1E9
:1076700014480088124909884018104908600122FE
:1076800000210D4801F0A6F80F480078002804D02A
:107690000D480078401E0C4908700B4800780028FF
:1076A00008D10021044801F0A8F806221021032087
:1076B000FDF7C8F910BD000000400340FC030020A6
:1076C000F8030020F6030020F4030020C1B2054AAD
:1076D000116000BF03490969FF22013211400029EE
:1076E000F8D07047000004407047000030B5002417
:1076F0000C4D12E02046FFF70DFA00280BD1442074
:10770000E96C60434018E978002249004018418E36
:10771000204601F043F8641CE4B2687B8442E9D35C
:1077200030BD0000A80500200EB50020009001909B
:10773000029001218904029888434018029009119F
:1077400001988843401801900123684607C8FDF757
:1077500047FE0C2210210220FDF774F90C22202193
:107760000220FDF76FF90C2240210220FDF76AF993
:107770000C2280210220FDF765F90C220121C903AA
:107780000120FDF75FF90C2201210220FDF75AF9D3
:107790000C22012189020220FDF754F90C2201215B
:1077A000C9020220FDF74EF90C22FF210131002011
:1077B000FDF748F90C22012149020020FDF742F9AA
:1077C0000C22012189020020FDF73CF90C22012145
:1077D000C9020020FDF736F90C220121090300201F
:1077E000FDF730F90C22012149030020FDF72AF9A9
:1077F0000C22012189030020FDF724F90C2201212C
:10780000C9030020FDF71EF90C2201210846FDF7EF
:1078100019F90C2202210120FDF714F90EBD10B553
:107820000021192001F04AFF0121132001F046FF39
:107830000121142001F042FF0121112001F03EFF3F
:107840000121122001F03AFF02210C2001F036FF45
:107850000221182001F032FF0221012001F02EFF49
:107860000221082001F02AFF192001F0C7FE132091
:1078700001F0C4FE142001F0C1FE112001F0BEFE93
:10788000122001F0BBFE0C2001F0B8FE182001F020
:10789000B5FE012001F0B2FE082001F0AFFE10BDE0
:1078A00000B50749095C002000F01AFF054801688F
:1078B000490849000160016801221143016000BDCF
:1078C000E205002000A00140704700005748006B0F
:1078D000102108435549086355485649086100205E
:1078E0004860084680680005000D0521090340181E
:1078F0005049886050484860504808604B48006BC9
:1079000040210843494908634D4840691021084314
:107910004B4948614548406A0121C90288434349AF
:107920004862084640680121C90208433F4948604F
:1079300000BF3E4880680007C00F0028F9D03B48D0
:107940004068C008C000C01C3849486000BF3748C4
:10795000406B4007400F0328F9D13A480068C0083F
:10796000C000401C374908600020304908620846C2
:107970004068491588432D494860084600688915C4
:1079800008432A4908600846406808218843274977
:1079900048600846006849150843244908600846BD
:1079A000006B40218843214908630F20C00588618E
:1079B00008468069490308431C49886108460068F5
:1079C0008915084319490860084640684915084365
:1079D0001649486000BF154880688007C00F00281E
:1079E000F9D018480068C008C000C01C15490860DC
:1079F00000200E49086208464068C008C000401CCC
:107A0000486000BF0948406B4007400F0128F9D18A
:107A10000C480068102108430A4908600348406880
:107A200009158843014948607047000000800840FC
:107A3000CA35000000800640A0AF01000100A05F31
:107A400000ED00E00002084010B51149114800683F
:107A5000FBF794FB1049086008467D21C9000468C3
:107A60004C43601E0D49884200D90CE0601E0C4951
:107A700048610321081F01F05DFE0020084988616C
:107A80000720086100BF0021481E01F053FE10BD11
:107A900040420F0088050020CC040020FFFFFF00BB
:107AA00000E000E070B503460D4E75690022B16933
:107AB0000C4E36685E4334460FE0094EB06988428A
:107AC0000BD0884202D20E1AB21802E02E1A761893
:107AD000B2180146A24200D300E0EEE700BF70BD3D
:107AE00000E000E0CC040020F0B54422184F5043E1
:107AF000FA6C8B008218D21853684D001B031C0CC3
:107B000000235360FA6C7E8B821853195A8EB4424C
:107B100002D95E8DB24302E0B44203D25E8D760894
:107B20005E853243FE6C861976197286FA6C861869
:107B300075196D8D002D02D07B8B9C4207D10029D9
:107B4000115C01D0022300E0012319431154F0BD60
:107B5000A8050020014908617047000000A001400D
:107B600010B500F0B3F910BD002905D0054AD26860
:107B70000243044BDA6004E0024AD2688243014BBC
:107B8000DA60704700A0014010B50020084B094C96
:107B90000AE04421DA6C414389188A8FA24201D25B
:107BA000521C8A87401CC0B2597B8842F1D310BD59
:107BB000A805002060EA000010B5044800F062FC4F
:107BC00000F028FAFFF7B0FD10BD00004C100020B7
:107BD000F0B50025204F3AE02846FEF7A5FF002823
:107BE00033D02846FEF796FF00282ED128464421A0
:107BF000FE6C484381194022525A002A25D10B8F2E
:107C0000CA8E9C1A24B2002C1FD0641000D101240B
:107C1000934201D9CB8618E0934216D2305C3E7C69
:107C20004006C00F304205D0D01A4B8F5B009842FF
:107C300009DC0AE0B88A002807D1B879002804D105
:107C4000888F302801D91019C8866D1CEDB2787B59
:107C50008542C1D3F0BD0000A8050020F0B5964CC8
:107C60006079401C60716079002601280AD0617932
:107C7000204602297ED14179022900D34671002491
:107C8000054614E1002588E02846FEF74DFF002850
:107C900071D02B4644204343E06C1818C189C1833E
:107CA000E06C181881898183E06C84491818C681BA
:107CB000E06C18188181E06C1818428A4284E06CEC
:107CC0001818028A0284E06C18184682E06C1818B2
:107CD0000182E06C18188189C089FDF7EDFA02B2C3
:107CE000E06C1818018A408AFDF7E6FA00B2824279
:107CF00000DD104681B2E06C18188184E06C181821
:107D0000C28C408801F0A4F90246E06C1818428049
:107D1000E16C52085818478FBA42CA5C02D9202732
:107D20003A4301E0DF273A40CA54C18B428C91426A
:107D300000D31146008F081A02B2104602F09AFBD7
:107D4000218E4908884203D2E16C0420591805E0CD
:107D5000E06C19184878002801D0401E4870104681
:107D600002F088FB002816D02846FEF7D3FE002834
:107D7000E06C01E015E00EE003D018184078401CDC
:107D800001E018184078024100D10122E06C181877
:107D9000018F891801876D1CEDB2607B854200D28E
:107DA00072E7F0BD2046FEF7BFFE00287DD02346D7
:107DB00044204343E86C1818C18AC183E86C181842
:107DC000818A8183E86C3D491818C682E86C1818CE
:107DD0008182E86C1818428B4284E86C1818028B78
:107DE0000284E86C18184683E86C18180183E86C64
:107DF0001818818AC08AFDF75FFA02B2E86C181879
:107E0000018B408BFDF758FA00B2824200DD10462C
:107E100082B2E86C1818C284E86C1818818C40880B
:107E200001F016F90246E86C18184280E96C520815
:107E30005818478FBA42CA5C02D920273A4301E05A
:107E4000DF273A40CA54C18B428C914200D311467D
:107E5000008F081A02B2104602F00CFB298E490866
:107E6000884203D2E96C0420591805E0E86C19181F
:107E70004878002801D0401E4870104602F0FAFAF7
:107E8000002812D02046FEF745FE0028E86C04D0FA
:107E900018184078401C02E007E0181840780241AA
:107EA000E86C1818018F89180187641CE4B2687B9C
:107EB000844200D276E7F0BDA8050020FFFF000055
:107EC0000148806C70470000A805002070B5504D37
:107ED000686C002878D000234AE09807800F990842
:107EE000FEF7DAF982B2A8780028184632D0442189
:107EF0004843E96CEC784118A4000C19A489944219
:107F000003D9EC78A40009198A81E96CEC7841184E
:107F1000A4000C19E489944203D2EC78A400091956
:107F2000CA81E96CEC784118A4000C19A48A944227
:107F300003D9EC78A40009198A82E96C4018E97821
:107F400089004118C98A914210D2E9788900401805
:107F5000C2820BE0FEF7DEFD002807D14420E96C69
:107F600058434018E97849004018C2855B1CDBB2D1
:107F7000687B8342B1D30220FFF7ECFDA978012092
:107F80000029E97821D0002900D00020E8700024E1
:107F90000DE04420E96C60434018E9780022490074
:107FA0004018418E204600F0F9FB641CE4B2687B67
:107FB0008442EED3E878002800D00120FFF770FC5F
:107FC000287A401C287270BD1DE0002901D068701D
:107FD000F9E7E87000240FE02046FEF79BFD00283B
:107FE00008D14420E96C60434018818E002220466D
:107FF00000F0D4FB641CE4B2687B8442ECD3012023
:10800000FFF74EFCDFE70220FFF7A4FDDBE70000EF
:10801000A805002010B59EB0002444210DA8FBF750
:108020002FF9082110A8817418210DA8C1772349C0
:10803000684601877D2109014187491081874900F0
:10804000C1871F4910A801807D21890101811D4937
:10805000684681861C49C1861A49203910A841808A
:108060001849203181807D21C900C1804B21C90080
:10807000418110218181032101741F21C1811C21B3
:108080004174012118A8017541750321817500BF54
:1080900005E00E48015D15A80155601CC4B21C2CFA
:1080A000F7DB342211A96846FBF7D1F80DA80FC8F9
:1080B00000F08AF900F0CAFD1EB010BDB80B000038
:1080C00070170000FE0F0000FE0300000C5E0100B0
:1080D000442148430349C96C085CC00900D0012011
:1080E00070470000A80500200148807B7047000011
:1080F000A80500200348406C002801D000207047EC
:1081000001207047A80500200149096C084070470C
:10811000A805002030B5134DE88C6864FDF764FABB
:10812000FDF750FA002412E02046FEF7FDFC00287F
:108130000BD04420E96C60434018E97800224900E4
:108140004018418E204600F029FB641CE4B2687B95
:108150008442E9D3002028726872E8636882FFF7DE
:108160009FFB30BDA805002070B5384C0025256464
:10817000A57300F03FFA00F0A7F92078002808D096
:1081800000F0E0FBFCF782FE0020FFF789FB257082
:108190006572A078002826D00120FFF7B5FF0028DF
:1081A00002D0A07A401CA072A07A617C012688428D
:1081B00032D9A572207A002824D025726572606DAC
:1081C0002349884202D2606D08306065FFF746FDA2
:1081D00000F09EF9E07B002801D0FFF7F9FCFDF7E5
:1081E00081F9A67318E0607800280AD06570FCF762
:1081F000DBFDE570FFF77AFA0020FFF751FBFDF792
:1082000071F970BD607A401CC0B26072102803D949
:1082100065720020FFF744FB1020FFF775FF002870
:1082200006D0FFF7B1FC00F015F8202000F046F86A
:10823000FF200130FFF768FF0028E2D00120400254
:10824000FDF76EF90028DCD0267070BDA80500206F
:10825000804F120070B50023174C28E01846FFF736
:1082600037FF002821D01846FEF75EFC00281CD0FE
:108270001A4644204243E06C658E1018818FA94253
:1082800013D90021C186E06C812610188187E06C2B
:10829000855C6D086D0035406D066D0E85541018B7
:1082A000C187E06C1018403001805B1CDBB2607B42
:1082B0008342D3D370BD0000A8050020F0B5414D26
:1082C000A98A081880B2A882E98D884201D90020C5
:1082D000A882002371E01846FEF726FC00286AD029
:1082E0001A4644204243E86C815C8C46C90904D09C
:1082F00011180C8FC98E611A15E0141861888E0848
:10830000298E4F00CF197F08BE4203D90326F603FA
:1083100071430E0C218FB14202D9891B89B200E052
:108320000021E48E091B09B2002944D08C1000D131
:1083300001241018068FC18E8E4210D91846FEF700
:10834000E9FB002807D0E86C698B1018C08E8842C2
:1083500001D9081A04B2E86C1018C18E29E08E42C7
:1083600029D2664676062F7CF60F3E4218D0184674
:10837000FEF7D0FB0028E86C09D01018C18E028FE0
:108380008E1A428F5700D219964212DC13E0101851
:10839000C18E028F468F8A1A7600B24209DC0AE04B
:1083A000AA8A002A07D1AA79002A04D1828F302A0A
:1083B00001D90919C1865B1CDBB2687B83428AD371
:1083C000F0BD0000A80500200FB470B508AA2C4825
:1083D000917B0170D17B4170294C6A46908A3A3C6E
:1083E0006084D08AA084108BFF21C008E084508B69
:1083F0002085908B6085908CA085158A0231A81C01
:1084000080096583081AA083568AE683B01C800918
:10841000081A2084D08BA086108CE086508C208790
:10842000D08CE085108D208608AA107BB11C401CE2
:108430002073507B607310AA107CE073907C607492
:10844000507C20746A46508D6086A81CFAF796FE10
:10845000E065A8023146FAF791FE002304AD2066DC
:1084600007E0E81820300178184600F017F85B1C88
:10847000DBB2607B8342F4D370BC08BC04B0184705
:10848000E20500200149C86470470000A8050020EB
:108490000149086070470000F80500200A2905D34B
:1084A00044225043024AD26C801841877047000032
:1084B000A805002041030A0C0249C008CA84486488
:1084C00070470000A805002000B5104A90790028E8
:1084D00009D19078002806D0D079002803D1506DBA
:1084E000918D884201D2D08C0EE00420FFF70CFE63
:1084F00000280AD0506C002807D09078002804D0BB
:10850000FDF772F8506C401E506400BDA8050020B5
:10851000F0B50022164622E01046FEF705FB0028C3
:108520001BD010464421DB6C4843C1180C8FCD8E04
:10853000641B1D5C24B26F062C4FCF5F06D57F10E5
:108540007F42A74209DABF24254004E07F42A742C8
:1085500003DD402425431D548E87521CD2B2244B88
:10856000587B8242D8D31C46E6710023A6710125B0
:1085700037E01846FEF7D8FA002830D01A464420D3
:108580004243E06C815C4F06FF0FC9098F4207D060
:10859000111840310888FF2805D2401C088002E0ED
:1085A000101840300680E16C277B5018403000885E
:1085B000B84207D3885C470640067F0EC00FC00153
:1085C00007438F54885CC00900D0A571885C4006C1
:1085D00004D41846FEF79EFA002800D0E5715B1C13
:1085E000DBB2607B8342C4D3F0BD00003A000000E0
:1085F000A80500202849C86B00284CD0C86B401E35
:10860000C863488A401C80B24882C20703D10A6C02
:1086100001231A430A64820703D10A6C02231A4316
:108620000A64420703D10A6C04231A430A6402074E
:1086300003D10A6C08231A430A64C20603D10A6CE8
:1086400010231A430A64820603D10A6C20231A43BA
:108650000A64420603D10A6C40231A430A640206E4
:10866000120E03D10A6C80231A430A64C20504D196
:108670000A6CFF2301331A430A64820504D10A6C91
:1086800001235B021A430A64400504D1086C0122ED
:108690009202104308647047A80500200248C16B8D
:1086A000491CC16370470000A805002001239B03FB
:1086B000C9180143014801608260704700A0014071
:1086C00010B50402054820180160190411434160E7
:1086D000016820221143016010BD000000A101408B
:1086E000FEB52D4DC9B22A7FC0B2FFF7DFFF0020D3
:1086F000029001900746064600902FE0264800248D
:1087000050300068B100C84005072D0FE80700D0C1
:108710000124A80701D502200443680701D50420DD
:108720000443280701D508200443002C05D0E42386
:10873000224608213046FFF7C3FFE80701D0012099
:108740000290A80701D501200190680701D50120FA
:108750000090280700D50127761CF6B20E48407B12
:108760008008B042CAD80298002800D0012401989D
:10877000002801D0022004430098002801D00420E2
:108780000443002F01D008200443E423224608219B
:108790000020FFF795FFFEBDA805002010B5830857
:1087A0001C020B4BE318D960022A0AD08007800F05
:1087B00007D0012807D0022807D0032800D119616B
:1087C00010BDD96110BD996110BD596110BD000087
:1087D00000A1014030B5036D4D000124AC40A3431E
:1087E0000365036D4D001446AC402343036530BD63
:1087F000CA43C267BFF34F8F7047002904D0026994
:1088000001231A43026103E0026952085200026127
:108810007047002A03D0436F0B43436702E0436F66
:108820008B43436770470000FCB50D78AD000646EA
:108830004036AF190D78AD005036AD1901950D7861
:10884000AD001036AD1900950D786D062A0E274D36
:10885000A84203D103259540EC4302E00125954051
:10886000EC43224DA84200D100BF056D25400565AF
:10887000436D23401D4DA84206D18D79CE797600F7
:10888000354395402B4302E08D7995402B4343655A
:10889000164DA84209D1C56E25402B460D7A4E7A59
:1088A0007600354395402B43C3663D68FF26083666
:1088B000B5433D603D684E8835433D604E89019D1E
:1088C0002E608E89009D2E60084DA84208D10D793A
:1088D0004E79760035439540066D3543056504E0D5
:1088E000056D0E79964035430565FCBD00C002401C
:1088F00030B58D00044690342B191A6030BD8822A3
:10890000115070470B88882213504B8884221350D3
:10891000026803231B049A430260026801231B06BA
:108920009A43026002688B681A430260044A9042CC
:1089300002D10B798C2213508A898267704700001C
:1089400000C0024070B500210B46124C1CE00846E6
:1089500044225043E26C155CAD0613D48218D386D2
:10896000E26C812682189387E26C155C6D086D00BD
:1089700035406D066D0E15548218D387E26C801851
:1089800040300380491CC9B2607B8142DFD3A365BC
:1089900070BD0000A805002010B509480078042823
:1089A00007D108480078002803D10748007800283C
:1089B00000D110BD012004F017FC00BFF9E7000052
:1089C000EE0100204B0500205005002010B509489D
:1089D0000078042807D108480078002803D1074808
:1089E0000078002800D110BD012004F03DFC00BF3C
:1089F000F9E70000EE010020610500206605002077
:108A000010B5002007490870074908700749088019
:108A100007490870074908600749086004F0E4FB4B
:108A200010BD00004B0500204C0500204E05002025
:108A300050050020540500205805002010B50020E6
:108A400007490870074908700749088007490870F6
:108A5000074908600749086004F006FC10BD0000E3
:108A600061050020620500206405002066050020E5
:108A7000680500206C050020F8B505462F480078F1
:108A8000042803D12E480078002803D0002004F0E9
:108A9000ABFBF8BD2B4804680420284000280BD00D
:108AA00029480078002804D1012027490870274868
:108AB00004602748046017E023480078002813D09A
:108AC00023480068201AFF212D3188420CD9204804
:108AD00000881E490988401A1E49098840181D4906
:108AE000088000201849087017480078002802D133
:108AF00004F07AFBCDE704202840002801D020466E
:108B000001E013480068074610480068381A114908
:108B1000098846181048864209D301200F49087079
:108B20000749087000200B4908800749087006486B
:108B3000007804F059FB00BFABE70000EE01002015
:108B40004B0500209C00002050050020540500200B
:108B5000580500204E050020B80B00004C050020F1
:108B6000F8B5054630480078042803D12F4800782E
:108B7000002803D0002004F077FBF8BD2C480468DF
:108B800001208003284000280BD02A4800780028C4
:108B900004D1012027490870274804602748046051
:108BA00017E024480078002813D024480068201AD1
:108BB000FF212D3188420CD9204800881E490988A0
:108BC000401A1F49098840181D490880002019498A
:108BD000087018480078002802D104F045FBCCE763
:108BE000012080032840002801D0204601E01348DE
:108BF0000068074610480068381A11490988461865
:108C00001048864209D301200F49087007490870AF
:108C100000200B490880074908700648007804F0D6
:108C200023FB00BFA9E70000EE0100206105002042
:108C30009C00002066050020680500206C050020CF
:108C400064050020102700006205002010B50248CE
:108C5000FFF71EFC10BD0000FFFF030010B5002051
:108C60000B4908707D20C000FFF724FC0B2000F0AA
:108C700015FD03210B2000F099FD01210220FEF7D4
:108C800073FFFFF771FA00200249087010BD000061
:108C9000460500204705002010B50024192000F0EB
:108CA0008DFC04E0144800F0B1FB601C84B220216C
:108CB000114800F044FB002803D0FF20113084420B
:108CC000F0DB02210C4800F03AFB002803D002211F
:108CD000094800F021FBFF2101310848FAF7D0FADA
:108CE00000210748418001808180002005490870EB
:108CF000192000F0C3FC10BD00100040940B0020B0
:108D0000940C0020C804002000B587B0002000901B
:108D10000190029001218902019888434018019036
:108D200009010198884340180190C90000988843C0
:108D3000401800900123684607C8FCF751FB002249
:108D4000012109031848FDF731F8062201214902E3
:108D50000120FBF777FE0622012109030120FBF722
:108D600071FEE12040020390FF210131684601823B
:108D70000021418281820020069003A90B4800F067
:108D8000E7FA01221146094800F052FB01220021B6
:108D9000064800F04DFB01221146044800F02CFB70
:108DA00000F0F0F807B000BD00200B4000100040BC
:108DB00010B534480069FF210131084000282ED049
:108DC00031488088002805D1002204212D4800F078
:108DD00013FB24E000241EE02B4840882B4A115C42
:108DE000284800F017FB28494988481CC117090E7C
:108DF000091809120902411A8AB223494A80084611
:108E00008088401E81B2204881808088002800D15F
:108E100003E0601CC4B2012CDEDB00BF00BF1948B8
:108E2000006920210840002821D0164800F0EEFA01
:108E3000C4B217488088FF2818DC154800881549F7
:108E40000C5413490988481CC117090E0918091246
:108E50000902411A8AB20E490A8008468088401CDD
:108E600081B20B48818001200B49087000BF054882
:108E7000006902210840002802D0024800F04CFAA4
:108E800010BD0000001000409C0D00209C0C002034
:108E9000940C0020940B0020C8040020F3B583B08C
:108EA000054640200290049E23E0402E01DD402034
:108EB00000E030460746002415E0295D0F4800F029
:108EC000A9FA0F48019005E00198401E0190002882
:108ED00000DC05E08021094800F031FA0028F3D0D9
:108EE00000BF601C84B2BC42E7DBED19F01B86B208
:108EF00000BF002ED9DC05B0F0BD0000001000401E
:108F0000204E0000094841880088814204DD07485E
:108F100001884088081A704704484088FF210131C1
:108F2000091A024800880818F5E700009C0D002087
:108F300010B512488088002801D1401E10BD1920AC
:108F400000F03CFB0D4840880D490C5C0B494988FA
:108F5000481CC117090E091809120902411A8AB2E0
:108F600006494A8008468088401E81B203488180B5
:108F7000192000F083FB2046E0E70000940C00205D
:108F8000940B002000210448418001808180034827
:108F90004180018081807047940C00209C0D00204E
:108FA00010B50446192000F009FB002C04D0FF2165
:108FB00001310848FAF764F900210748418001802F
:108FC0008180192000F05AFB00220421034800F0A0
:108FD00013FA10BD9C0C00209C0D002000100040D6
:108FE00070B504460D461DE0217816480088164AE3
:108FF0001154641C13490988481CC117090E09182B
:1090000009120902411A8AB20E490A80192000F099
:10901000D5FA0C488088401C81B20A48818019200A
:1090200000F02CFB2846691E8DB20028DCD10548D3
:109030008088002804D001220421044800F0DCF9D3
:1090400070BD00009C0D00209C0C00200010004012
:10905000914200D81146814202D908184008704751
:109060008142FCD20201101A001DC140080970475C
:1090700000B587B0002000900190029001214902C4
:10908000019888434018019049010198884340188D
:1090900001904901009888434018009001236846D8
:1090A00007C8FCF79DF9002220211F48FCF77EFE2F
:1090B000062210210320FBF7C5FC062220210320F5
:1090C000FBF7C0FCE12040020390FF21013168461C
:1090D00001820021418281820020069003A9134869
:1090E00000F036F901221146104800F0A1F90122E2
:1090F00000210E4800F09CF9202201210B4800F0CD
:109100008BF920220021094800F086F90122FF2175
:109110000231064800F070F9A8200449486100F0C7
:10912000B5F807B000BD000000600B40000004402F
:1091300010B530480069FF210131084000282ED0C9
:109140002D488088002805D100220421294800F0FC
:1091500053F924E000241EE027484088274A115C88
:10916000244800F057F924494988481CC117090EC2
:10917000091809120902411A8AB21F494A80084691
:109180008088401E81B21C4881808088002800D1E0
:1091900003E0601C84B2012CDEDB00BF00BF154879
:1091A0000069C007C00F002823D01CE0114800F060
:1091B0002DF9134908700846017812480088124AB0
:1091C000115410490988481CC117090E09180912C1
:1091D0000902411A8AB20B490A8008468088401C5D
:1091E00081B2084881800221024800F099F80028E5
:1091F000DCD110BD00000440180900201808002030
:109200006A0100201008002010070020094841884A
:109210000088814204DD074801884088081A7047A9
:1092200004484088FF210131091A024800880818C3
:10923000F5E700001809002010B5124880880028C2
:1092400001D1401E10BD182000F088F90D4880881B
:10925000401E81B20B488180182000F0DFF90948D8
:10926000408809490C5C07494988481CC117090E08
:10927000091809120902411A8AB202494A80204695
:10928000E0E700001008002010070020002104483B
:109290004180018081800348418001808180704746
:1092A000100800201809002070B504460D461DE086
:1092B000217816480088164A1154641C13490988FD
:1092C000481CC117090E091809120902411A8AB26D
:1092D0000E490A80182000F041F90C488088401C93
:1092E00081B20A488180182000F098F92846691E4A
:1092F000CDB20028DCD105488088002804D00122A6
:109300000421044800F078F870BD0000180900201E
:10931000180800200000044002690A4002617047FA
:109320000246012905D190680F231B041840000C48
:10933000704790680F231B061840000EF8E702469E
:1093400010690840002801D0012070470020FCE788
:10935000F8B504460D4600272646606823490840B4
:10936000E9880843A988084329890843E96808432C
:1093700060601F49701A8E4217D00ADC1D483018F1
:1093800000280DD001210903401A13D0401A25D11D
:109390001AE001210903401A11D0401A1ED118E029
:1093A0001820FCF703F8074618E01A20FBF7FEFF29
:1093B000074613E01C20FBF7F9FF07460EE01E20CE
:1093C000FBF7F4FF074609E00820FBF7EFFF07462D
:1093D00004E00A20FBF7EAFF074600BF00BF38465B
:1093E0002968F9F7CBFE6062F8BD0000FCE0FFFFE2
:1093F00000000440000000C0002A03D0C3680B43F3
:10940000C36002E0C3688B43C360704701460868CD
:1094100080B270470160704730B583684D003024DA
:10942000AC40A3434D001446AC402343836030BDA1
:1094300010B5002A05D0436810248C4023434360B4
:1094400004E0436810248C40A343436010BD000037
:1094500001480249086070470100A05F0080064093
:109460000FB410B503A9044B044A029800F054FC51
:1094700010BC08BC04B0184745D600008C0500207D
:109480000FB47CB50C0009AD01D0611E00E00021D5
:1094900001910090074B6A462946089800F03CFC71
:1094A000002C02D0009A002111707CBC08BC04B0D2
:1094B0001847000055A400000FB410B504A9074BCD
:1094C00002AA039800F028FC044602A9002000F03C
:1094D000CCFF204610BC08BC04B018476BA40000A9
:1094E0002021020C01D010211046020A01D01046A2
:1094F0000839020901D01046091F820801D0104620
:10950000891E420801D0881E7047081A7047F8B5B6
:1095100082B28BB2040C0D0C104658430021264633
:109520005E43370C36048019794116466E43370C7A
:1095300036048019794126466E438919F8BD30B446
:109540007446641E2578641CAB4204D3635D5B00E3
:10955000E31830BC18471D46F8E70000002809DB77
:10956000C206D20E01219140034A1160BFF34F8F12
:10957000BFF36F8F7047000080E100E0002809DB37
:10958000C206D20E01219140034A1160BFF34F8FF2
:10959000BFF36F8F7047000080E100E0002809DB17
:1095A000C206D20E01219140034A1160BFF34F8FD2
:1095B000BFF36F8F7047000080E100E0002809DBF7
:1095C000C206D20E01219140034A1160BFF34F8FB2
:1095D000BFF36F8F7047000080E100E0002809DBD7
:1095E000C206D20E01219140034A1160BFF34F8F92
:1095F000BFF36F8F7047000080E100E0002809DBB7
:1096000000BF00BFC206D20E01219140024A116084
:1096100000BF00BF7047000000E100E0002809DB48
:1096200000BF00BFC206D20E01219140024A116064
:1096300000BF00BF7047000000E100E0002809DB28
:1096400000BF00BFC206D20E01219140024A116044
:1096500000BF00BF7047000000E100E0002809DB08
:1096600000BF00BFC206D20E01219140024A116024
:1096700000BF00BF7047000000E100E0002809DBE8
:1096800000BF00BFC206D20E01219140024A116004
:1096900000BF00BF7047000000E100E0002809DBC8
:1096A00000BF00BFC206D20E01219140024A1160E4
:1096B00000BF00BF7047000000E100E010B50028C7
:1096C00019DB1A4A03231B02D21883089B00D258C5
:1096D0008307DC0EFF23A3409A438B071B0E8407EE
:1096E000E40EA3401A43114B032424021B198408DF
:1096F000A4001A5118E00E4A03071B0F083B9B08F1
:109700009B00D2588307DC0EFF23A3409A438B07AC
:109710001B0E8407E40EA3401A43054B0407240FD5
:10972000083CA408A4001A5110BD000000E100E0AC
:109730001CED00E010B5002819DB1A4A03231B02B8
:10974000D21883089B00D2588307DC0EFF23A34066
:109750009A438B071B0E8407E40EA3401A43114B58
:10976000032424021B198408A4001A5118E00E4A8D
:1097700003071B0F083B9B089B00D2588307DC0E96
:10978000FF23A3409A438B071B0E8407E40EA340DC
:109790001A43054B0407240F083CA408A4001A51DF
:1097A00010BD000000E100E01CED00E010B5002855
:1097B00019DB1A4A03231B02D21883089B00D258D4
:1097C0008307DC0EFF23A3409A438B071B0E8407FD
:1097D000E40EA3401A43114B032424021B198408EE
:1097E000A4001A5118E00E4A03071B0F083B9B0800
:1097F0009B00D2588307DC0EFF23A3409A438B07BC
:109800001B0E8407E40EA3401A43054B0407240FE4
:10981000083CA408A4001A5110BD000000E100E0BB
:109820001CED00E0BFF34F8F03480449C860BFF34D
:109830004F8F00BF00BFFDE70400FA0500ED00E018
:10984000BFF34F8F03480449C860BFF34F8F00BF79
:1098500000BFFDE70400FA0500ED00E00048704796
:1098600014060020F7B506460F46002520E03C7898
:109870002046F9F7E0FCC4B2F9F7D0FC0068005DBF
:10988000202806D128467043054620463038451921
:109890000DE0102E0AD1412C08DB462C06DC2846B0
:1098A0007043054620463738451900E001E07F1C2B
:1098B000DDE700BF029805603846FEBD30B50028E0
:1098C00005D0164C021F20680023014605E008461B
:1098D00030BD904203D8034640680028F9D1002BE0
:1098E00000D05968002B0AD01C68D51AA54204D1B3
:1098F0001268A4181A461C6002E05A6000E0226058
:10990000002807D01468851AA54203D10568641998
:10991000146040685060184630BD00000C060020FE
:10992000F0B587B03C2006906F4805900520049064
:109930006E48007800280AD000206D4908606D4903
:1099400008706D4908706D490860684908706C4876
:1099500003906C4800686A49884202D969480068E7
:1099600001E069480068054664480068002813D093
:109970006248006885420FD360490968681A5A49ED
:10998000884208D300215A4A11605A4A11705A4A33
:1099900011705A4A116000BF04F0B2F90446002C5D
:1099A0000CD15948006857490860002050490860A8
:1099B000504908705049087007B0F0BD4E48007813
:1099C000002804D0504800684E490860F4E7494830
:1099D0000078052807DB0120474908704A480068DD
:1099E00048490860E8E74848006841490968461A5C
:1099F0003F480068002801D03C2E01D3012000E040
:109A000000200746002F16D14048007800280DD0CE
:109A10003F4800683A49884208D93D4800683949BA
:109A20000860084600683549086003E03648006869
:109A300034490860C0E735480078002806D034482B
:109A400000682F49884201D9012000E000200290DF
:109A50002F4800680190002F2ED026480078052856
:109A60002ADA24480078401C2249087026480068F9
:109A70001F49086003F038FC24480078002812D001
:109A8000234800681E4988420DD9214800681D49B5
:109A900008600846006819490860002015490870E8
:109AA0001549087008E00298002805D01849019867
:109AB00008600120154908701448007800280DD06E
:109AC000134800680E49884208D9114800680D49BA
:109AD0000860084600680949086003E00A48006811
:109AE0000849086000BF67E7805101004E0100206F
:109AF0005001002054010020550100205801002091
:109B000080857467A8000020AC000020F4040020C9
:109B1000F0040020F1B50E4C0F480C4E001B0D4F09
:109B2000C508ED0000221146009804F0C7FE002889
:109B300003D13068002801D00020F8BD3C6000202F
:109B40002560606001203060ECE700001006002016
:109B5000CC1700200C060020C83700200148006800
:109B6000704700001406002002E008C8121F08C158
:109B7000002AFAD170477047002001E001C1121F8E
:109B8000002AFBD1704700000149086070470000BF
:109B900014060020F0B51FB486B00998089A030D8A
:109BA0000021024314D05148514A1818504305145B
:109BB0001198012810981AD0281A401C00264D4FE1
:109BC0004D49009601910490002812DA444211E0B8
:109BD0001198012449A3012801D11098C143069886
:109BE000119A84600360C26041600BB0F0BD4042D6
:109BF000E4E70446210500203F4A001C514103913F
:109C0000029012E0E00707D032463B4601990098E7
:109C1000FAF732F80191009032463B461046194659
:109C2000FAF72AF806460F466410002CEAD1049889
:109C3000039B0028029A0999089806DAFAF71CF89B
:109C4000019B009AFAF718F805E0FAF77DF8019BF6
:109C5000009AFAF779F804460E460022284BFAF7E4
:109C60007FF903D80020C043014607E00022254BBE
:109C700020463146F9F74CFFFAF7D6FB102409E0ED
:109C8000002C0ADB0A220023FAF7AEF9079B3032D8
:109C90001A55641E02460A43F2D11122641C079B26
:109CA000121B1C19119B012B03D0012308430ED159
:109CB0000AE0084304D0112010900020119077E7AB
:109CC0001098151A6D1E0BE01098824202DD0023D9
:109CD0006D1C03E0824201DA00236D1E002BEED0E2
:109CE000069811998260C16030C07EE701FCFFFFD9
:109CF000104D0000000014400000F03F3000000054
:109D00000000F0430000E03F30380A2801D2012073
:109D10007047002070470000FFB597B00646002549
:109D20001BE2252876D100242746F749049400E059
:109D30000443761C32780120203A90400842F7D143
:109D400030782A280ED0022230780146303909298D
:109D500016D804990A235943303940181443761C05
:109D60000490F1E7189802C804911890002904DAC9
:109D70000120400304434842049002200443761C1F
:109D800030782E2814D1042004437078761C2A28B9
:109D900009D11898761C80C8189009E00A214F4311
:109DA000303FC719761C3078014630390929F5D97A
:109DB00030786C2810D006DC4C281AD068280ED0D9
:109DC0006A2817D104E0742813D07A2812D110E041
:109DD0000120400504430CE00121090501E00321B5
:109DE00009050C437178814203D101200005241834
:109DF000761C761C307866280BD013DC58287DD072
:109E000009DC00287BD04528F6D04628F4D0472826
:109E10001AD1A9E118E0632835D0642870D06528EC
:109E200012D1A1E170286CD008DC6728F1D0692834
:109E30007DD06E280DD06F2806D1BCE073282ED0BF
:109E4000752873D0782859D01A9A199990476D1CA3
:109E500082E16002400F022809D003280DD00428B7
:109E6000189801680DD00D60001D189074E11898C5
:109E7000EA1701680D604A60F6E7189801680D80DE
:109E8000F2E70D70F0E718986A4601781172001D2C
:109E900018900020507202A80090012005E0189848
:109EA00002C8189000200091C04361070ED5002120
:109EB00001E00199491C0191B94213DA8142F8DBB2
:109EC000019A0099895C0029F3D10BE0002101E09F
:109ED0000199491C01918142FADB019A0099895C40
:109EE0000029F5D1019904981A9B471A2146384652
:109EF000199A00F099FA4019019903E051E030E114
:109F000015E050E0451807E0009800990078491CDA
:109F100000911A9A199990470198401E0190401C8F
:109F2000F2D1214638461A9B199A12E137E00A20ED
:109F30000021009001916002410F022907D0189A78
:109F400001CA1892C2179446032908D00AE018984B
:109F5000C01DC108C90005C91891944607E000B2A8
:109F6000C2179446042902D140B2C1178C46002280
:109F70006146944506DA0A460021404291418C46EA
:109F80002D2102E0210504D52B216A461173012100
:109F900003E0E10701D02021F7E7029156E00A2013
:109FA0000AE0102008E01020009000210420044363
:109FB0000191082703E00820002101910090600230
:109FC000410F022907D0189A01CA1892002294461C
:109FD000032908D008E01898C01DC108C90005C9A8
:109FE0001891944603E080B2042900D1C0B2002148
:109FF000029121072AD531780D91702906D0009A57
:10A000001021019B4A401A4305D00EE040216A46C8
:10A010001173012108E06146014306D030216A46F0
:10A0200011730D99517302210291009A0821019B2D
:10A030004A401A430AD16146014301D1610705D55F
:10A0400030216A46117301217F1E0291317858290F
:10A0500004D02EA10E910DA90D910DE030A1F9E7CC
:10A060006146019B009AF9F7BFFF0E9B8C469B5CF3
:10A070000D9A521E0D92137061460143F0D10D9856
:10A0800005A9081A20300190600703D501200004BB
:10A09000844300E001270198874201DD381A00E07F
:10A0A0000020019900904118029809180498401A5C
:10A0B0000490E00306D421461A9B199A049800F0F4
:10A0C000B3F94519002706E003A81A9AC05D19994B
:10A0D00090476D1C7F1C02988742F5DBE0030CD58E
:10A0E00021461A9B199A049800F09EF9451904E03C
:10A0F0001A9A3020199990476D1C0099481E0090BB
:10A100000029F5DC1FE0000009280100303132335E
:10A1100034353637383961626364656600000000A3
:10A12000303132333435363738394142434445468D
:10A13000000000000D980D990078491C0D911A9AA5
:10A14000199990476D1C0199481E01900029F1DC76
:10A150004DE100F059F94519761C3078002800D0FF
:10A16000DFE528461BB0F0BD600700D4062718982D
:10A17000C01DC108C90048680A680831C30FDB0761
:10A180001891190001D09CA108E0210501D59BA1DF
:10A1900004E0E10701D09AA100E09AA143001091E8
:10A1A00030785B0865280CD006DC452809D04628A5
:10A1B0001DD0472841D141E0662818D067283CD1FE
:10A1C0003CE00021112F01DB112000E0781C0191FF
:10A1D000009008A911A8FFF7DDFC13990591002153
:10A1E000119A15927F1C12980197009150E001205E
:10A1F000C00703900120019008A9009711A8FFF75C
:10A20000C9FC139A149905920022119B009212988E
:10A210001593059A0192002901D0104602E0791C9D
:10A2200040180190381A01D5019804E04042401EC0
:10A230000090781C0190C01B029043E0012F00DACF
:10A2400001270021112F01DD112000E03846019186
:10A25000009008A911A8FFF79DFC13990591119A88
:10A260000021129815920091019721070CD40599AD
:10A27000B94201DB019900E00191012904DD159A41
:10A28000491E515C302906D0B84201DA011D05DAB9
:10A290000121029115E00199491EEDE7002805DC36
:10A2A0000099411800910199091A03E0019A411C93
:10A2B000914200DD01910099401A401C029001205A
:10A2C000C0070390200706D402990198814202DB5F
:10A2D0000020C043029000206946C87707AF0121E3
:10A2E00003980337C907884224D0022011902B20FD
:10A2F0001290039800280CDA404203902D2012900F
:10A3000007E00A210398F8F739FF30317F1E0390E8
:10A3100039701199481E11900029F2DC0398002829
:10A32000EFD1791E1298087030782021084045300E
:10A33000BF1E387006A8C01BC01D0390109800787F
:10A34000002800D00120019941180298C01709186F
:10A35000039809180498401A401E0490E00306D49C
:10A3600021461A9B199A049800F05EF84519109836
:10A370000078002803D01A9A199990476D1CE003C1
:10A3800024D521461A9B199A049800F04DF84519D6
:10A390001CE00098002807DB00990598884203DD3F
:10A3A0001598405C199901E0199930201A9A904744
:10A3B00000986D1C401C00900298401E02900028DE
:10A3C00004D11A9A2E20199990476D1C0199481EA4
:10A3D00001900029DDDC05E038781A9A7F1C199974
:10A3E00090476D1C0399481E03900029F4DC214618
:10A3F0001A9B199A0498ACE62D0000002B0000006F
:10A400002000000000000000F8B5044600251E46AC
:10A410001746880404D405E039462020B0476D1C57
:10A42000641EF9D52846F8BDFFB50446002581B065
:10A430001E46C80301D5302700E02027880404D534
:10A4400005E038460399B0476D1C641EF9D52846CF
:10A4500005B0F0BD4A68002A06D00A68531C0B609C
:10A4600010704868401E486070470A68531C0B60B3
:10A4700010707047002800DA404280B27047000038
:10A4800070B505460E4613480068082800D370BD15
:10A49000104A1268521CD1000F4A506B08F0A2FA01
:10A4A0000446002C00D1F2E70B484463406B094995
:10A4B0000968C90045500848406B06490968C90049
:10A4C0004018067103480068401C0249086000BF3C
:10A4D000DDE7000008040020B00A002070B5044643
:10A4E0000E460025002E01D0002C01D1002070BDA9
:10A4F000A568002D01D1A66008E000E02D6828685D
:10A500000028FBD1314628460AF0D2FD0120EEE7B3
:10A51000FEB507460D4614461E46002001900090E9
:10A52000002F03D0002D01D0002C01D10020FEBD52
:10A530000898002809D0284600F022FC019001214B
:10A540004902E068084300900DE03146284600F0DB
:10A550005FFB01900198002800D1E8E70121490242
:10A56000E0688843009001214902E0680840002823
:10A5700005D1206A002802D0206A716888470198B6
:10A5800020620098E06021463846FFF7A7FFCEE73B
:10A59000FFB583B006460120029000210D9801709E
:10A5A000002527E00C206843841922680599069845
:10A5B00004F089FA0190019800280CD1207A002833
:10A5C00008D00FA223680F990E98FEF759FF0020BC
:10A5D00007B0F0BD0DE067680F9B0E9A0C990198CB
:10A5E000B847002801D1029007E001210D980170C1
:10A5F00000BF6D1C04988542D4D300BF0298E7E7E2
:10A600006D697373696E67207265717569726564CF
:10A61000206F7074696F6E2027257327000000007B
:10A6200070B50446002C00D170BD00250EE0605DC1
:10A63000002800D10CE0F8F7F1FD0068615D405C96
:10A64000202801D00020EFE7681CC5B2142DEEDBF6
:10A6500000BF0120E8E7FEB504460D460A2002903F
:10A66000002001902046F8F741FE00900098002855
:10A6700000D1FEBD009803281ADC10E00A210198E1
:10A6800048430190F8F7CAFD00682178405C202813
:10A6900004D120783038019940180190641C00984A
:10A6A000411E00910028E9D1019828602046E0E78A
:10A6B0002078302809D12078782802D020785828AE
:10A6C00003D110200290A61C00E0264623E0286853
:10A6D0000299484328603078761CF8F7ACFDC7B281
:10A6E000F8F79CFD0068C05D202805D13846303859
:10A6F0002968081828600EE0412F0ADB462F08DC85
:10A700000298102805D1384637382968081828607B
:10A7100001E03046ADE730780028D8D100BFA8E787
:10A7200010B50E480078002817D10D4800680028A1
:10A7300013D00C4800680A4909687D225201891823
:10A74000884205D20748006805490968884204D252
:10A7500001200249087000F0B7FD10BDA0010020E3
:10A760009C0100209C00002030B583B00446FFF718
:10A77000F5F9054600200090024601902146684602
:10A78000F9F735FD2846FFF7FFF90199009803B066
:10A7900030BD0000002003490870034800680349E9
:10A7A00008607047920100209C0000209801002062
:10A7B00010B51048007800281AD10F48006800280A
:10A7C00016D00E4800680C4909680D4A891888425D
:10A7D00005D20A48006808490968884208D2094831
:10A7E0000078002804D101200249087000F06CFDB7
:10A7F00010BD000092010020980100209C00002064
:10A8000088130000EE0100200146002902D00868EC
:10A81000002801D10020704702E08868401C886051
:10A82000002908D04A688868904204D28A6808687B
:10A83000805C2028F1DD4A688868904202D18868EF
:10A84000401E88600846E6E710B504460020FAF787
:10A8500069FCE0B232231A467D210901FAF7D8FCDF
:10A8600010BD0000F8B505460E461446204600F01F
:10A870005FF807460020084B3A46314600902846CC
:10A88000FFF746FE002801D03846F8BD384600F0F4
:10A89000BFF80020F9E700009C050020F8B5044649
:10A8A0000D4616460020044B3246294600902046AD
:10A8B000FFF72EFEF8BD00009C050020FEB5064601
:10A8C0000F4614461D462046294600F043F80190E5
:10A8D0000020084B009039463046019AFFF718FED9
:10A8E000002801D00198FEBD019800F091F80020E9
:10A8F000F9E700009C050020F8B505460E46144611
:10A90000204600F069F807460020084B3A463146D9
:10A9100000902846FFF7FCFD002801D03846F8BD1E
:10A92000384600F075F80020F9E700009C0500208B
:10A9300070B50546064800F0D8F80446002C05D04E
:10A94000002D01D0022000E00120E060204670BD13
:10A950009C05002070B505460E46134800F0C5F86A
:10A960000446002C1DD00820E060E661A5610F4A76
:10A970000F4B28463146F9F7F3FA02D80D486061CB
:10A980000FE000220C4B28463146F9F7D5FA03D8E0
:10A990000120C007606104E028463146F9F794FAC7
:10A9A0006061204670BD00009C0500200000C0FFD3
:10A9B000FFFFDF41FFFFFF7F0000E0C110B505484A
:10A9C00000F093F80446002C01D04020E0602046BF
:10A9D00010BD00009C05002070B505460B4800F036
:10A9E00084F80446002C0ED01020E0600749284669
:10A9F00000F00EF920612069002804D1204600F003
:10AA000007F8002070BD2046FCE700009C050020F0
:10AA100070B5044600252BE02568FF210131E06870
:10AA20000840002805D1A068002802D0A068FFF7E0
:10AA3000EFFFFF210131E0680840002806D12069BE
:10AA4000002803D00C4A2069516888470121490237
:10AA5000E0680840002806D1206A002803D0064A92
:10AA6000206A5168884704484168204688472C4638
:10AA7000002CD1D170BD00009C05002070B50446AB
:10AA80000D4601222946204603F0EBF870BD014631
:10AA9000002900D17047087B8007800F002801D073
:10AAA0000120F7E70020F5E70146002900D17047B3
:10AAB000087B082801D10120F9E70020F7E70146CB
:10AAC000002900D17047087B102801D10120F9E747
:10AAD0000020F7E70146002900D17047087B0228D3
:10AAE00001D10120F9E70020F7E770B504462820DE
:10AAF000216888470546002D03D028212846F8F70D
:10AB0000BFFB284670BD10B5044600221146204602
:10AB100000F002F810BD0000F0B589B004460D4603
:10AB200017461C2102A8F8F7ABFB0026002031498C
:10AB300008604860002C00D138E002942046F8F705
:10AB4000D5FB401C0390002004902B4A07CA06AB9B
:10AB500007C32948FFF7C9FF0646002E00D125E0AC
:10AB600002A808F0DFFE0090FFF74EFE01460190BC
:10AB7000304606F0B5FB002800D117E0002F0CD0BE
:10AB800002A8FFF741FE03990498884204D2049971
:10AB90000298405C002800D008E0002D03D0049902
:10ABA000029840182860304609B0F0BD002E02D04F
:10ABB0003046FFF72DFF002C1AD0009400200190A2
:10ABC00003990498884202D20498019005E0039802
:10ABD000002802D00398401E0190002D03D0019957
:10ABE0000098401828600348019A009906C000BFE9
:10ABF0000020D9E7940500209C05002010B50446EC
:10AC0000024A0021204606F0A3FD10BD9C0500204D
:10AC1000F8B504460D4600260027002C00D1F8BDEB
:10AC20002046F8F763FB461C3046296888470746EC
:10AC3000002F00D1F3E7324621463846F8F707FBEC
:10AC40003846ECE7F0B593B00446384960694618D9
:10AC50002069401C1290E0681190A0681090606814
:10AC60000F9020680E903022314902A8F8F7EFFAD1
:10AC700000272E4D463518E0FF376E37E817800F56
:10AC80004019801080000095281A05D164212846BB
:10AC9000F8F78AFA002906D1FF2191312846F8F702
:10ACA00083FA002900D17F1C6D1CB542E4DB01252D
:10ACB0001DE0681E800002A90858C719022D15D191
:10ACC000F017800F8019801080000096301A05D18F
:10ACD00064213046F8F768FA002906D1FF21913146
:10ACE0003046F8F761FA002900D17F1C6D1C1298DC
:10ACF0008542DEDB1198401EC719384618214843AB
:10AD0000E1210901484301901098484301994018F6
:10AD100001903C210F9848430199401801900E99E9
:10AD2000019840180190019813B0F0BD6C07000025
:10AD3000545C010070B504460D46002C01D0002D76
:10AD400001D1012070BDAC4201D10020FAE705E03D
:10AD50002078002800D1F5E7641C6D1C2078F8F7F6
:10AD600070FA06462878F8F76CFA8642F0D0207818
:10AD7000F8F767FA06462878F8F763FA301AE1E739
:10AD800070470000F0B5C3B082480078042801D1B4
:10AD900043B0F0BD80488088002828D17F480078E3
:10ADA000032823D17E48006800281FD07D48006812
:10ADB0007B490968401A052818D37A480068784901
:10ADC000086079A16846FBF72FFA684600780028EA
:10ADD0000BD00198002808D078A10198F8F75BFA09
:10ADE000002802D0042001F061FF00BFD0E76A48CC
:10ADF0008488FF200130844200DD044600200FE0FB
:10AE0000654B5B881918CB171B0E5B181B121B02B6
:10AE1000CB1A9AB26B49895C02AB1954411C88B2B7
:10AE2000A042EDDB002002A9085502AD66A128462C
:10AE3000F8F731FA002805D0042001F037FFFDF7BC
:10AE40002BFFA5E755480078032821D12F4612E0B3
:10AE50003E461136307831280BDB3078392808DC53
:10AE600000205E490870012001F020FFFDF714FF6B
:10AE70008EE7374600BF5AA13846F8F70CFA071E8E
:10AE8000E6D145488088C02801D9FDF705FF00BFFD
:10AE90005848007800287AD0424800685649096826
:10AEA000401A0F2843D955480088401C5349088050
:10AEB00008460088052810DD36480078002809D1AA
:10AEC0004F484079012803D04D484079022801D1EC
:10AED00005F076F8002049490880002045490870AF
:10AEE00047480079002819D1464800882A280BDAFB
:10AEF0004548008881B2434802880088401C414B85
:10AF000018805000414A11523D48C0693E490968C5
:10AF100040183D49086006F08DFA38E0384800795D
:10AF2000012834D107F068FF05F012FA2FE038A1AC
:10AF30002846F8F7B0F9002829D000202D490870DC
:10AF40002F480079002809D12D48C0692E49096889
:10AF500040182D49086006F06DFA16E0284800797F
:10AF6000012812D1FAF764FB0A480078002809D1B9
:10AF700023484079012803D021484079022801D193
:10AF800005F01EF8002026490870FDF785FE00BF79
:10AF9000FEE60000EE010020940C00209404002046
:10AFA00090040020AC00002041542B434D515454D8
:10AFB000434F4E4E4543543F000000007463703AC7
:10AFC0002F2F0000940B00202B434D515454434F1E
:10AFD0004E4E4543543A20302C30000047040020A8
:10AFE0002B434D515454434F4E4E4543543A203019
:10AFF0002C00000095040020980400209E040020EE
:10B00000080500209C04002014040020000B0020F0
:10B010002B434D5154545055423A20302C300000AF
:10B0200018040020F8B58948047889480068E121AF
:10B030004901884207D287488078022805D1844890
:10B040004068884201D3012000E000200546824884
:10B050000088E1214901884201DA002D09D0002C45
:10B0600007D0012C05D07D480078002801D10120AF
:10B0700000E000200646002E6DD000210C20FCF7D9
:10B0800019F96721002003F0EFFA6721002003F08F
:10B090000BFB00F019F900210F20FCF70BF9002140
:10B0A0000B20FCF707F900210D20FCF703F9002124
:10B0B0000E20FCF7FFF8FCF7A3F900206849088090
:10B0C000C870087188704872887266490880C870B4
:10B0D00008718870487288725E488078022801D1B1
:10B0E000012000E001206049087000204870032022
:10B0F0005E4908700020487000BF07E000225949EF
:10B10000491D0A545649491D0A54401C0428F5DBC0
:10B11000574800F03DFD574800F03AFD01F096FC1D
:10B12000002001F00DFE01204C4908705248407982
:10B13000002807D151480078002805D050480078F1
:10B14000002801D004F03CFF4EA24FA1514808F066
:10B150009DFA514908703E480068002805D13C48D6
:10B160004068002801D1012000E0002007463A484D
:10B1700000884B21C900884203DB002F01D0012049
:10B1800000E000200090009800285DD0002C5BD0EB
:10B1900042480078002857D132480088002853D10F
:10B1A0002F48008800284FD100210C20FCF782F89E
:10B1B0006721002003F058FA6721002003F074FA99
:10B1C00000F082F800210F20FCF774F800210B201A
:10B1D000FCF770F800210D20FCF76CF800210E2020
:10B1E000FCF768F8FCF70CF900201D49C8700871DD
:10B1F00088701C49C8700871887000BF07E0002281
:10B200001849491D0A541649491D0A54401C04286E
:10B21000F5DB002001F094FD01202049087016485C
:10B220004079002807D115480078002805D0144837
:10B230000078002801D004F0C3FE12A212A1154824
:10B2400008F024FA14490870F8BD0000EE0100204F
:10B25000E0010020F4060020B00000204C01002096
:10B260004A0900203E0900207101002079010020D8
:10B27000C0010020D0010020080500203805002072
:10B28000390500204F4B000041542B4353434C4B96
:10B290003D320000000004404D0000204D01002020
:10B2A000F8B506460F463946304607F0A5FC044679
:10B2B0000D46E12040010021001BA94102D2E120FE
:10B2C0004001F8BD2046FCE7002006E000220449CA
:10B2D000044B1B5C9B00CA50401C0428F6DB7047E3
:10B2E00018A005409C5B0100F1B594B0FE480078C1
:10B2F000002806D1FDA1149805F060F80120FA4954
:10B30000087003E0E1B2149805F040F9FDF710FE73
:10B310000446401C0028F5D1A0E3F9480078002835
:10B320000FD0E0B21290012112A8FDF7B7FD032C57
:10B3300006D10020F2490870F2A1149805F03EF8F9
:10B340008CE3032C0AD1F6480068002806D00020C0
:10B35000F3490860F3A1149805F030F8122C30D1AD
:10B36000F448006800282CD0F2480568012000034A
:10B3700085421ED3E807C00F00281AD0ED48806828
:10B3800000280ADDEB48C068002806D1E9490860BA
:10B39000E9A1149805F012F812E0E648C368826843
:10B3A000416806681498B047ECA1149805F006F8B7
:10B3B00006E00020DF490860E9A1149804F0FEFFD0
:10B3C00000BF0A2C01D00D2C7BD10020EE49EF4AA2
:10B3D00012788854ED48007800283ADDEC4800786F
:10B3E00000280ED0EBA1E848F7F787FF002808D027
:10B3F000E9A1E548F7F781FF002802D00020E449E1
:10B400000870E3480078002831D0E2A1DE48F7F761
:10B4100074FF002805D0E0A1DB48F7F76EFF002895
:10B4200025D1DCA1D848F7F768FF002812D1FAF738
:10B43000FFF8012806D102F00DF9D8A1149804F004
:10B44000BDFF03E0DDA1149804F0B8FF0020D0494F
:10B450000870D8E2D0A1CC48F7F74FFF0028F8D108
:10B46000CB490870E0A1149804F0A8FFCBE2E6A154
:10B47000C548F7F742FF002807D10120A04908700E
:10B48000E4A1149804F09AFFBDE2E8A1BE48F7F7E2
:10B4900034FF002806D19A4908709AA1149804F044
:10B4A0008DFFB0E2E4A1B848F7F727FF002809D1E3
:10B4B000FAF78CF905462A46E1A1149804F07EFFBC
:10B4C000A1E2A8E2E0A1B048F7F717FF002806D1F3
:10B4D000DF48E0A10269149804F070FF93E2DFA155
:10B4E000A948F7F70AFF002806D1D948D9A142692F
:10B4F000149804F063FF86E2DA4BDB4ADBA1A24832
:10B50000F7F732FF022806D1D64A1178D64A1078CA
:10B51000FBF7D0FE77E2D34AD7A19B48F7F724FF89
:10B5200001280ED1CF480068002802D0012807D199
:10B5300002E0FFF7C9FE03E0D2480AF0C1FA00BFFB
:10B5400061E2D14BC84AD1A18F48F7F70DFF02281D
:10B5500028D1CD480078622813D0672809D07228F6
:10B5600017D100231A460121BF480068FBF7C8FE27
:10B5700017E0002301221946BB480068FBF7C0FE14
:10B580000FE0012300221146B7480068FBF7B8FE20
:10B5900007E000231A461946B3480068FBF7B0FEDF
:10B5A00000BF30E2BCA17848F7F7A7FE002805D11C
:10B5B000BB4ABCA1149804F001FF24E2C4A1724864
:10B5C000F7F79BFE002808D1FAF7E4F805462A466B
:10B5D000C1A1149804F0F2FE15E2C9A16A48F7F778
:10B5E0008CFE00280AD1149806F012F9C6A114980E
:10B5F00004F0E4FE01206649087004E2994AD0A1F3
:10B600006148F7F7B1FE012884D19648006812908E
:10B61000FAF7C0F80646002011901298002804DCC2
:10B62000CAA1149804F0CAFEECE102F08FFA0546B4
:10B630001422CD490CA8F7F70AFE0027D0E198485C
:10B64000864206DB03463246C8A1149804F0B6FED3
:10B65000CAE1D0486843D0494518E807C00F002820
:10B6600001D14C2000E052200B9028090921F7F766
:10B6700085FD48000CA90A5A0A9202F067FA12994D
:10B68000C91BC64A5143401A0990280AC449F7F712
:10B6900075FD0846FF302D3008900899099840182C
:10B6A0000790280B3221F7F769FD08460191F8F75A
:10B6B000CEFBBC490290F8F7AFF9BB490390F8F70D
:10B6C00052F90690280C1521F7F758FD084602910B
:10B6D000F8F7BDFBB5490390F8F745F90590069AD0
:10B6E0000A990598019263E10C02002041544543F8
:10B6F00020434C492076312E30203E200A000000A5
:10B70000100200200A47534D206272696467652069
:10B7100064656163746976617465640A3E00000063
:10B7200008020020212141424F5254454421210A60
:10B7300000000000800900200A496E76616C69648F
:10B74000206172677320706F696E74657220646522
:10B750007465637465640A3E000000000A3E0000E0
:10B760000A496E76616C69642066756E6374696FF0
:10B770006E20706F696E74657220646574656374A1
:10B7800065640A3E00000000580900200D020020F8
:10B79000F1030020790000006E0000000A416C6C8B
:10B7A00020636F6F6B696E672073657373696F6E6B
:10B7B0007320657261736564000000000A4552528F
:10B7C0004F523A206661696C656420746F2065721F
:10B7D00061736520636F6F6B696E67207365737348
:10B7E000696F6E73000000000A436F6F6B696E67CC
:10B7F000206461746120776173206E6F74206572BC
:10B80000617365640000000067736D202D62203154
:10B81000000000000A47534D20627269646765208A
:10B820006163746976617465640A3E0067736D20B4
:10B830002D622030000000006D657461202D7300C2
:10B840000A25640A000000006D657461202D6900FE
:10B85000B00A00200A25730A000000006D657461BB
:10B86000202D6700E8030020EC0300206C656420B5
:10B870002D722564202564006C6564202D73256479
:10B8800000000000B8220000F00300206C65642076
:10B890002D63256420257300636F6F6B202D6D0071
:10B8A0008C0500000A4D617820636F6F6B696E67CD
:10B8B0002073657373696F6E7320666C61736820A3
:10B8C00063616E2073746F72653A2025640A00000C
:10B8D000636F6F6B202D6E000A436F6F6B696E672D
:10B8E0002073657373696F6E732073746F72656410
:10B8F00020696E20454550524F4D3A2025640A007C
:10B90000636F6F6B202D7000457261736520414C31
:10B910004C20636F6F6B696E6720646174613F20B8
:10B9200054797065207920746F20636F6E66697238
:10B930006D2C206E20746F2063616E63656C0A004D
:10B94000636F6F6B202D6420256400000A455252FE
:10B950004F523A20636F756E74206D757374206258
:10B9600065203E20300A0000B85B01000A466C6189
:10B9700073682066756C6C2061742025642F2564C3
:10B980002C2073746F70706564206561726C790A25
:10B99000000000000D6619005FF36E3C605400006B
:10B9A000F51A0000CDCCCC3D0000404000005243D1
:10B9B000009102903046079B099A0B99F9F70AFF0C
:10B9C00004900498012804D1761C1198401C119011
:10B9D00005E032463DA1149804F0F0FC04E07F1C21
:10B9E0001298874200DA2AE600BF1198002808DD85
:10B9F0003046F9F74BFF33463DA1119A149804F0F5
:10BA0000DDFC00BF00BF00204449087044A1149829
:10BA100004F0D4FC21E0082C01D07F2C0DD13F484C
:10BA20000078002819DD3D480078401E3B49087029
:10BA30003CA1149804F0C2FC0FE038480078272895
:10BA40000BD2364801780078401C344B18703648C9
:10BA50004454E1B2149804F099FD00BF149804F026
:10BA60006FFD0446401C002800D056E42F480068B3
:10BA7000002828D02D4805680120000385421AD3EC
:10BA8000E807C00F002816D0294801780078401C2C
:10BA9000274B187027480078244A12689047139063
:10BAA000139800280EDA00202049086022A114987B
:10BAB00004F084FC06E000201C49086027A11498CB
:10BAC00004F07CFC00BF002015B0F0BD0A455252C6
:10BAD0004F523A207772697465206661696C6564BB
:10BAE00020617420696E6465782025640A00000076
:10BAF0000A25642064756D6D792073657373696FB1
:10BB00006E287329207772697474656E2028746FAB
:10BB100074616C3A202564290A0000000D0200209F
:10BB20000A3E0000082008005809002008020020F2
:10BB30000F0200200E0200200A4261636B67726FE1
:10BB4000756E64206F7065726174696F6E20636FCB
:10BB50006D706C657465640A3E0000000A496E767B
:10BB6000616C69642066756E6374696F6E20706FB6
:10BB7000696E7465722064657465637465642061C0
:10BB80006E6420636C65617265640A3E00000000AB
:10BB9000F0B585B00446A07B002856D0606807F059
:10BBA000E5FD0390039807F0EBFDA0606168A068D5
:10BBB000884203D2039807F0E3FDA0606168A068A3
:10BBC000401A05283BD96168A068401AE121490163
:10BBD000884202D9A068401A606001201D4908709F
:10BBE0006168A06888422AD9F9F7D4FD05461A4849
:10BBF00085420FDB1949C869F8F729F90646174845
:10BC0000006A01960090A3892078A2686168F9F71C
:10BC100029FD13E01149C869F8F719F906460F48DC
:10BC2000006AA18902960091019021782846A368B4
:10BC30006268F9F7CFFD681CF9F728FE00BF002005
:10BC4000A0736060A060A08100BF09F065FB05B033
:10BC5000F0BD0000700100208C050000B00A00203B
:10BC6000F0B589B004460F4615461E462CA239464B
:10BC7000284602F028FF08902BA23946284602F0F9
:10BC800022FF079029A23946284602F01CFF0690A1
:10BC9000002005900490039005A9089802F02BFF5E
:10BCA000002803D00598007800280DD120A2304646
:10BCB0000E99FDF7E5FB01230022214625A004F0A3
:10BCC000BFF9002009B0F0BD04A9079802F013FFE6
:10BCD000002801D113A0049003A9069802F00BFFDD
:10BCE000002801D10FA003900399049801910090BE
:10BCF0001AA280212048059BFDF7C2FB042215A152
:10BD00001D48083809F055F901201C490870012325
:10BD10001A4621460FA004F093F90120D2E7000053
:10BD200064617461000000007573720070776400D4
:10BD3000666F74613A206D697373696E67206F7204
:10BD400020656D70747920276461746127202855FF
:10BD5000524C2900666F74610000000041542B436F
:10BD6000464F54413D302C312C222573222C222564
:10BD700073222C2225732200600600203A05002041
:10BD8000FFB5C9B005461646002E01D0304603E087
:10BD900035A14A98FEF772FE0446902125A8F7F7D0
:10BDA0006FFA9022324925A8F7F751FA902225A977
:10BDB00001A8F7F74CFA04222EA101A809F0F9F81E
:10BDC0000295002020A9087324902BA230464A999E
:10BDD00002F079FE0746002F0ED06946384602F081
:10BDE0004FFE002807D00098002802D000980128B4
:10BDF00001D10098249000BF002C1AD02046FEF7F5
:10BE00005EFE002815D02069002812D02069007835
:10BE100000280ED0802203A8216909F0CAF8FF2269
:10BE200001321748216909F0C4F8012020A90873DC
:10BE300004E000206946087311490870902201A9A6
:10BE40001048F7F704FA00200F49087001200F4945
:10BE5000087020A8027B0123294606A004F0F0F810
:10BE600020A8007B4DB0F0BD64617461000000004B
:10BE70008C5C01006677000078617069000000004A
:10BE800090090020580600203A0500205A000020A2
:10BE9000FFB589B015461E46129F5F4A116850686B
:10BEA00092680892069107900021059105A806A9BD
:10BEB0002B4601AAC1C20091032158480A9AFEF7F5
:10BEC00067FB04906846007D002818D1002D0BD038
:10BED00003A9284602F0D4FD002805D00398069057
:10BEE00001200590049009E00498002806D04CA297
:10BEF00039463046FDF7C4FA0020049000BF04988C
:10BF0000002872D0069800287DDB4A490698886090
:10BF100008A8007800280FD00798002806DD4649B9
:10BF2000079809684018434948610AE04248006898
:10BF30003C304049486104E03F4800683C303D499E
:10BF40004861F9F7FBFC3B488468002003900A2C09
:10BF500013DA3A48407A002805D000210846F8F75D
:10BF6000D7FF012003903648407A002805D00021F1
:10BF70000120F8F7CDFF0120039030480088A0424F
:10BF800005DDA1B2002007F00FFD012003902C4831
:10BF90000088A04205DDA1B2012007F005FD0120C7
:10BFA00003900398002825D0254A1178234A107859
:10BFB00009F0EEFC2348007800280BD11F490988BE
:10BFC000092902DC1D49098800E00921C8B2FBF7F4
:10BFD000EBF90FE01B48007801280BD118490988BC
:10BFE000092903DC1649098801E00CE00921C8B2DF
:10BFF000FBF7DAF901231A4613A0099904F020F897
:10C0000001200DB0F0BD012300220FA0099904F01A
:10C0100017F80020F5E70000B85D0100945D01000D
:10C020006E6F20757361626C65206D6178506F77FB
:10C030006572000008050020AC0000203E090020C9
:10C040004A090020880100206C620000F8B504460F
:10C050000E461746069D03F063FF01231A4621464C
:10C0600002A003F0EDFF0120F8BD00006D7200009A
:10C07000F8B504460E461746069D012300222146C8
:10C0800002A003F0DDFF0020F8BD00007067000093
:10C09000FFB587B005460E461F4600200690059066
:10C0A00005A906AA109802970092019103903246C2
:10C0B0000A210F48099BFEF76BFA0446002C05D0B5
:10C0C0006846007D002801D0F9F738FC002C05D027
:10C0D0006846007D002801D0012000E000200246D3
:10C0E0000123294603A003F0ABFF20460BB0F0BDAF
:10C0F0001C5D010070750000F8B504460E46174639
:10C10000069D04F01BFEF9F719FC01231A4621468F
:10C1100002A003F095FF0020F8BD0000726400004B
:10C12000F8B504460F46069EF9F738FB0546012D83
:10C1300000D100E0002002460123214604A003F0C4
:10C140007FFF012D01D10120F8BD0020FCE7000098
:10C1500072700000F8B504460E461746069D07F0BB
:10C160004BFB01231A46214602A003F069FF012080
:10C17000F8BD0000736F000010B513480078042864
:10C1800000D110BD1148007800281AD1104800686D
:10C19000002816D00F4800680D490968441A0E4857
:10C1A000006884420CD301200849087000200B4924
:10C1B0000860084800680A490860002002F0A2F9F7
:10C1C00000BF00BFDDE70000EE01002045040020B5
:10C1D0004C040020AC000020500400205804002033
:10C1E0005404002007490978042900D17047002130
:10C1F000054A117005490968054A1160054908603A
:10C2000000BFF3E7EE01002045040020AC00002051
:10C210004C0400205004002070B5B2B047480078AC
:10C22000002804D1022000F041FD32B070BD434827
:10C230000078042803D1002000F038FDF5E7002045
:10C240003F4908703F480068401C3E490860F9F7C4
:10C25000BDFA064632463CA122A8FDF72DF940481A
:10C2600004680A2C00DA0A244B200001844200DD15
:10C2700004463B488569002D00DC0025012D00DBCC
:10C2800001252346374A802102A80095FDF7F8F8DA
:10C2900000203549087035490870FCF7FDFC34A0D2
:10C2A00007F0BCF935A007F0B9F939480078002843
:10C2B0003DD138A007F0B2F93AA007F0AFF93DA0A0
:10C2C00007F0ACF93F48FBF7EDFB01F067FD3EA03E
:10C2D00007F0A4F943A007F0A1F949A007F09EF9DF
:10C2E00050A007F09BF95AA007F098F963A007F057
:10C2F00095F96AA007F092F96F48FBF7D3FB6FA09E
:10C3000007F08CF92F48FBF7CDFB22A807F086F940
:10C310006EA007F083F974A007F080F979A007F008
:10C320007DF96548FBF7BEFB012019490870FCF751
:10C33000B3FC02A807F072F900BF76E7EE01002017
:10C34000460400208C04002041542B434D5154548A
:10C35000414343513D302C222564222C3100000002
:10C3600008050020D06201003805002039050020B2
:10C3700041542B434D47463D3100000041542B436F
:10C380004E4D493D322C322C302C302C30000000E8
:10C390004704002041542B434D51545444495343C6
:10C3A0003D30000041542B434D51545452454C3DB7
:10C3B0003000000041542B434D51545453544F50BE
:10C3C00000000000A086010041542B4353534C430E
:10C3D00046473D2273736C76657273696F6E222CCB
:10C3E000302C340041542B4353534C4346473D2299
:10C3F000617574686D6F6465222C302C320000000A
:10C4000041542B4353534C4346473D22636163657C
:10C410007274222C302C226361636572742E7065F5
:10C420006D22000041542B4353534C4346473D2259
:10C43000636C69656E7463657274222C302C2263A0
:10C440006C69656E74636572742E70656D22000090
:10C4500041542B4353534C4346473D22636C69651B
:10C460006E746B6579222C302C22636C69656E7456
:10C470006B65792E70656D220000000041542B43DE
:10C4800053534C4346473D2269676E6F7265727421
:10C490006374696D65222C302C31000041542B43AC
:10C4A00053534C4346473D22656E61626C65534E63
:10C4B00049222C302C31000050C3000041542B4342
:10C4C0004D515454535441525400000041542B4395
:10C4D0004D5154544346473D22636865636B555440
:10C4E0004638222C302C300041542B434D515454AB
:10C4F0004346473D2276657273696F6E222C302C5D
:10C500003400000041542B434D51545453534C4379
:10C5100046473D302C30000030B595B00546002D23
:10C5200002D1401E15B030BD00201490139012901F
:10C53000119010900F900FA810A911AA12AB0093A0
:10C5400001920291039013AB14AA2FA12846F6F78B
:10C550000BFF0446062C18D00FA810A911AA12AB85
:10C56000009301920291039013AB14AA2CA12846C8
:10C57000F6F7FAFE0446062C02D00020C043D1E7AD
:10C580007D2109011498401814901498642804DA45
:10C590007D2109011498401814901398012817DB85
:10C5A00013980C2814DC1298012811DB119800282C
:10C5B0000EDB119817280BDC1098002808DB109868
:10C5C0003B2805DC0F98002802DB0F983B2802DD92
:10C5D0000020C043A6E72C2104A8F6F751FE164917
:10C5E0001498401A09901398401E089012980790CA
:10C5F00011980690109805900F98049000200C90C8
:10C6000004A8FEF71FFB8DE72534642F2532642F25
:10C610002532642C2532643A2532643A253264008E
:10C620002532642F2532642F2532642C2532643A5A
:10C630002532643A253264006C070000F3B581B0FE
:10C640000446002C00D1FEBDA07B002802D060680B
:10C65000002801D10020F6E7606807F087F8064659
:10C66000029807F083F80546029F002E04D1002DA2
:10C6700002D00848076805E0002E03D0002D01D144
:10C680000020E0E76068B84201D90020DBE760687D
:10C69000381AD8E7AC00002010B56448807800282C
:10C6A0007ED062480079002805DD60480079401E90
:10C6B0005E4908710AE05D48C078002806DD5B48E5
:10C6C000C078401E5949C8703B200871584800780E
:10C6D000092808D157480078002804D1534A117915
:10C6E000D07809F017FA54480078002831D153481F
:10C6F000006800282DD052480068401C504908604E
:10C7000008460068052824D301204B490870002002
:10C710004B4908604548407A002804D045480078D5
:10C7200009F0B0F805E0474A1178404A107809F05E
:10C730002FF940480078002804D13C490878FAF7DE
:10C7400033FE03E03F490878FAF72EFE022000F09E
:10C75000F7FA3648C078002867D1344800790028B5
:10C7600063D13249487288700420FEF76DF80020CA
:10C770002E49088034488078012801D1032000E048
:10C78000012032490870002048700846007830497E
:10C7900008702E4840784870002088702D4900E0CD
:10C7A00043E0098888B203222949F8F747FE2A495D
:10C7B0000860084600880004000E2449C870264816
:10C7C000007808712548FFF7E3F91E4A1178174AE7
:10C7D000107809F0DDF8002004E000221349491D1B
:10C7E0000A54401C0428F8DB00201D490860114849
:10C7F0000078002803D100210D20FAF75BFD0D48D9
:10C800000078002804D109490878FAF7CDFD03E043
:10C810000C490878FAF7C8FD00F018F904480078C8
:10C82000052802D0022000F08BFA10BD3E0900203E
:10C83000EE01002088010020900100208C010020E2
:10C84000F80100204A090020F406002071010020B0
:10C8500081010020C404002084010020C0010020C8
:10C86000B001002010B56148807800287ED05F4874
:10C870000079002805DD5D480079401E5B4908719C
:10C880000AE05A48C078002806DD5848C078401EA3
:10C890005649C8703B20087155480078092808D1CE
:10C8A00054480078012804D1504A1179D07809F011
:10C8B00031F951480078002831D1504800680028EB
:10C8C0002DD04F480068401C4D490860084600685C
:10C8D000052824D3012048490870002048490860F1
:10C8E0004248407A002804D04248007808F0CAFF45
:10C8F00005E03E4A1178434A107809F049F83D486E
:10C900000078002804D13F490878FAF74DFD03E08C
:10C9100036490878FAF748FD022000F011FA33484A
:10C92000C078002861D13148007900285DD12F49B5
:10C93000487288700420FDF787FF00202B4908808B
:10C9400001203149087000204870084600782F49BE
:10C9500008702D4840784870002088702C4909885C
:10C9600088B203222949F8F769FD00E03DE0294932
:10C970000860084600880004000E2349C870254856
:10C98000007808712448FFF703F9184A11781D4A06
:10C99000107808F0FDFF002004E000221349491D33
:10C9A0000A54401C0428F8DB00201C490860114888
:10C9B0000078012803D100210D20FAF77BFC0D48F7
:10C9C0000078002804D10F490878FAF7EDFC03E05D
:10C9D00006490878FAF7E8FC00F038F804480078CF
:10C9E000052802D0022000F0ABF910BD4A09002052
:10C9F000EE01002088010020900100208C01002021
:10CA0000000200203E090020790100208101002061
:10CA1000C404002084010020D0010020B0010020C7
:10CA20000449086800E000BF02490968091A2A2978
:10CA3000F9D370479C000020002002490870024989
:10CA4000088070474C010020B000002000200249FF
:10CA500008700249088070474D010020B000002096
:10CA600010B5002002490860FEF72EFC10BD000042
:10CA7000AC010020FFB5A1B005460E46002D01D146
:10CA800025B0F0BD802101A8F6F7FAFB002414E0E0
:10CA9000E0000F4A11582846F6F72FFC00280BD16A
:10CAA00080200090E0000A49401801AB47683046FA
:10CAB000249A2399B847E3E7641C092CE8D301239F
:10CAC00000223146284603F0BBFA0020D8E70000D8
:10CAD000C45D01007CB50446002000900190002652
:10CAE00000250CE0F6F79AFB0068615D405C2028A9
:10CAF00004D1625D3046761C69460A546D1C605D47
:10CB0000002801D0042EEDDB032E07DB6846F6F784
:10CB10001DFF85B2284608F0D3FF02E0002008F090
:10CB2000CFFF7CBD70B5F8F751FE0446044920469E
:10CB3000F6F724FB0D46284608F0C2FF70BD000042
:10CB4000102700001C480021016041608160032023
:10CB5000194908700420487018A01C4948601C48F6
:10CB60000078C8601B48007800280BD1184840782E
:10CB7000012807D018484078012803D0164840788B
:10CB8000022808D102200C4988701049087201203F
:10CB90001249087070470E484078032807D10120D9
:10CBA00005498870094908720C490870F2E70020AD
:10CBB0000A49087000BFEDE7F4060020312E312E3F
:10CBC000332E315F54325F3200000000B00A002083
:10CBD0001E090020BE0400202E090020B8000020FD
:10CBE000F8B504460D4600260027002C02D0206828
:10CBF000002801D10020F8BD6068002805D06168D8
:10CC0000A068884201D30020F5E72648854201D973
:10CC10000020F0E7A068401C45196068A84203D3D3
:10CC2000A16820684018E6E72069002801D00020AC
:10CC3000E1E71D48854206D91A48854201D80746D2
:10CC400002E00020D7E76F00206A00280DD03946A7
:10CC5000226A206890470646002E1ED1E1692068AE
:10CC60008847002060602060C5E73846A169884792
:10CC70000646002E06D1E1692068884700206060E2
:10CC80002060B8E7002E05D0A068421C304621681D
:10CC9000F6F7DDFAE1692068884767602660A068DA
:10CCA0008019A8E7FFFFFF7FFFFFFF3F10B5044695
:10CCB0001C4804702300FCF742FC062604072C08DD
:10CCC000313203F083FD2AE029E000201649086094
:10CCD0001649086003F066F900280DD11449087060
:10CCE0001449087014480078042801D1002000E09D
:10CCF00002200C49087012E06721012001F0D4FCE9
:10CD000008F07EF90BE000200A4908700749086026
:10CD100005E00A4800680549086000E000BF00BF60
:10CD200010BD00009404002058040020900400204E
:10CD30004704002046040020EE010020AC00002043
:10CD400070B5044600BFEFF31080054672B6234865
:10CD5000007800280AD0002C08D02148007800284C
:10CD600004D100BF85F3108800BF70BD1C48007857
:10CD7000092803D01A480078052800D103E0FA21D9
:10CD8000C800F8F737FA16480078164908701448B2
:10CD9000047013201449087000BF85F3108800BF89
:10CDA00010480078002805D1002C03D0FBF7B2F919
:10CDB00003F022FC002C06D100F09CFB00200B4964
:10CDC00048700B494870042C05D1FBF719FEFBF79E
:10CDD00035FE00F0E1F900BFC7E700005B0000206E
:10CDE000EE010020EF010020F00100207101002081
:10CDF00079010020002003490870034800680349B6
:10CE000008607047900100209C0000208C010020E9
:10CE100010B504460021204600F002F810BD0000C5
:10CE2000F0B5A1B004460F466E4903C920911F908A
:10CE3000FF202D301E903C201D90002F1AD16A48F3
:10CE40000068002816D069490968674A1268881A7C
:10CE500067490979002902D0FF212D3100E03C21EA
:10CE60000B46984205D2624906C96260216021B032
:10CE7000F0BD00BF01F000F8002804D15C4903C9EF
:10CE800061602060F3E75B480078052804DB5849BF
:10CE900003C961602060EAE70020574908705749DC
:10CEA00008705749086057490870FBF7F5FE56A00F
:10CEB00006F0B4FBFF20F530F7F736FEFBF7ECFE8B
:10CEC0004C480078401C4B49087052A006F0A6FB65
:10CED0005348F7F729FE53481C9053A11C98F6F7C6
:10CEE000DAF90546002D0DD11F904148209A1F996F
:10CEF00006C03E4800683C49086020991F98616060
:10CF00002060B4E70020C0431B90202113A8F6F74F
:10CF1000B7F920210BA8F6F7B3F900200790089085
:10CF200009900A90039004900590069003A807A921
:10CF30000BAA13AB0092019102901BAA3CA12846B8
:10CF4000F6F712FA064607A808F048F903A808F011
:10CF500045F903A808F012F8052E0EDB1B980028EF
:10CF60000BD10BA813AB3EA2402100903E48FCF72A
:10CF700087FA012020A9087001E000201F90052EEB
:10CF800022DB07A8F6F7B2F900281DD003A8F6F7B0
:10CF9000ADF9062818D303A807AB31A218210090D9
:10CFA0001548FCF76DFA0120144908701248FFF784
:10CFB000B3FA02900298002805DB11490298086034
:10CFC00001201049087000BF0948209A1F9906C027
:10CFD000064800680449086020991F986160206035
:10CFE00000BF44E7845C010000050020AC00002085
:10CFF000F804002004050020A40F0020EC04002009
:10D00000F0040020F404002041542B434C42533DD3
:10D010003000000041542B434C42533D340000008B
:10D02000B80B0000940B00202B434C42533A0000F5
:10D030002B434C42533A2025642C2533315B5E2C24
:10D040005D2C2533315B5E2C5D2C252A5B5E2C5DCF
:10D050002C2531355B5E2C5D2C25313573000000AD
:10D0600025732C2573000000FC0F002070B50546C9
:10D07000002D00D170BD0AA12846F6F70CF9044630
:10D08000002C0BD0083408A12046F6F75CF90646C0
:10D09000002E01D0002030702046EBE70020E9E7A9
:10D0A0002B49434349443A000D0A0000F1B582B0D0
:10D0B000029C00E0641C207800280BD020782028F7
:10D0C000F8D020780D28F5D020780A28F2D02078E2
:10D0D0000928EFD02EA12046F6F7DDF8002814D05D
:10D0E0002BA12046F6F7D7F804460D212046F6F787
:10D0F000F3F80446002C08D0641C00E0641C20787F
:10D100000A28FBD020780D28F8D0264639E00020E8
:10D110000190354603E00198401C01906D1C287871
:10D12000302802DB28783928F5DD01980F280FD147
:10D1300028780D2805D028780A2802D028780028D9
:10D1400006D12946002901D0002008703046FEBDD6
:10D150000D213046F6F7C0F80746002F04D10A210A
:10D160003046F6F7B9F80746002F00D10CE07E1CD8
:10D1700000E0761C30780A28FBD030780D28F8D0F3
:10D1800000BF30780028C2D100BF0020DFE70000D8
:10D1900041542B4347534E0010B501200B490870F2
:10D1A00000200B4908600B4908600B4908700B49C7
:10D1B000087001200A49087000200A49087003F02D
:10D1C00005FB0020FFF772FD10BD000045040020A4
:10D1D0004C0400205804002047040020460400208E
:10D1E0000C0400205D04002070B50646002E11D10D
:10D1F0001A480078002803D119480068002808D090
:10D2000000210B20FAF756F8002014490870144941
:10D21000086070BD1348056811480068002801D1F6
:10D220000F4805600E490968681AFF212D31F5F78E
:10D23000A5FFC007C00F01210C1A084800788442DE
:10D240000AD006480470002C01D0012000E0002024
:10D2500001460B20FAF72EF800BFDAE76005002040
:10D260005C0500209C00002070B50646002E11D100
:10D270001A480078002803D119480068002808D00F
:10D2800000210F20FAF716F80020144908701449FD
:10D29000086070BD1348056811480068002801D176
:10D2A0000F4805600E490968681AFF212D31F5F70E
:10D2B00065FFC007C00F01210C1A0848007884429E
:10D2C0000AD006480470002C01D0012000E00020A4
:10D2D00001460F20F9F7EEFF00BFDAE774050020E2
:10D2E000700500209C0000201CB501216846FFF756
:10D2F00097FD06480078002805D0054800680028FA
:10D3000001D001201CBD0020FCE70000F404002037
:10D31000F004002000200349087003480068034916
:10D3200008607047830000209C0000203800002027
:10D3300010B53548007800281BD134480068002813
:10D3400017D03348006831490968324A8918884241
:10D3500005D22F4800682D490968884209D201206A
:10D36000294908707221002001F09EF9002001F087
:10D37000C9F82948007A002843D0234800780028BB
:10D380003FD02648007800283BD000F055F80446EE
:10D39000002C18D0002022490870FDF795FF62216B
:10D3A000002001F081F91F4801214907086000BFF2
:10D3B000BFF34F8F1C481D49C860BFF34F8F00BF9C
:10D3C00000BF00BFFDE7002015490870002112488A
:10D3D000017200200C490870154908701549086051
:10D3E0000A490860622101F05FF90320FDF72CFA79
:10D3F00008F0AEFA7D200001F7F796FBFDF764FF19
:10D4000010BD00BFFCE700008300002038000020B2
:10D410009C00002088130000D80600208100002016
:10D420005B000020F5FAAA550400FA0500ED00E0C3
:10D43000800000203400002070B5FBF72DFC1CA0FC
:10D4400006F0ECF87D20C000F7F76EFB1A4D1BA12B
:10D450002846F5F720FF002812D0FBF71DFC1BA083
:10D4600006F0DCF8FF20F530F7F75EFBFBF714FC65
:10D470000FA006F0D3F87D20C000F7F755FB00BFE2
:10D48000194801682846F5F706FF0446002C02D12A
:10D490001649086070BD14480068F5F727FF0419A5
:10D4A000134801682046F5F7F6FE06463046F1E7D8
:10D4B00041542B46534C5300940B00206950686F25
:10D4C0006E655F52696E672E6D70330041542B4656
:10D4D0005344454C3D6950686F6E655F52696E6795
:10D4E0002E6D70330000000034050020380000204D
:10D4F0003005002010B50848007800280BD00748F8
:10D500000078002807D1064800F078FC002802D0F7
:10D5100000200149087010BD3A050020EE010020EE
:10D520006006002010B5044607A12046F5F7B3FEBB
:10D53000002805D106A12046F5F7ADFE002801D050
:10D54000012010BD0020FCE73134342C30000000F5
:10D550003134342C2030000002460023002A00D150
:10D560007047114616E00878462802D008786628E9
:10D5700005D1581CC3B2182B0BDB0120F0E708784B
:10D58000222806D00878202803D008782C2800D03C
:10D590000023491C0878002805D008780D2802D0FF
:10D5A00008780A28DFD10020DAE7000010B500F083
:10D5B00009FC00200249087001200249087010BDD2
:10D5C000470400205C04002070B504462546002D69
:10D5D00001D1002070BD0CE02846FFF7A3FF002812
:10D5E00006D02846FFF7B8FF002801D00120F1E758
:10D5F000AD1D04A12846F5F74EFE051EECD100BF77
:10D60000E8E700002B4352534D3A000070B5044642
:10D610002546002D01D1002070BD07E02846FFF708
:10D6200081FF002801D00120F6E7AD1D03A12846A7
:10D63000F5F731FE051EF1D100BFEDE72B43525344
:10D640004D3A000070B504460D462046FAF73EF804
:10D6500070BD000010B50748806B002808D0054950
:10D66000886BFCF72BF900200249886302490860A7
:10D6700010BD0000B00A002004040020F1B5B0B0D5
:10D680003098002803D030980078002814D1622107
:10D69000002001F009F800209B4908709B490870A0
:10D6A0009B49087200219B48017200209A4908603A
:10D6B0009A49086031B0F0BD99A02F909EA02E909D
:10D6C000FBF7EAFAA0A005F0A9FF7D20C000F7F75C
:10D6D0002BFA9F482D902E992D98F5F7DCFD0446E6
:10D6E000002C12D02E98F5F701FE041920462F9930
:10D6F000F5F7D1FD002808D0FBF7CEFA95A005F08C
:10D700008DFFFF20F530F7F70FFA00200C90002571
:10D710000B909AE0FBF7C0FA96A005F07FFFFF2080
:10D720002D30F7F701FAFBF7B7FA99A005F076FF6D
:10D73000FF202D30F7F7F8F9FBF7AEFA9CA005F0C3
:10D740006DFFFF202D30F7F7EFF9FBF7A5FA9FA04B
:10D7500005F064FFFF20F530F7F7E6F99E489FA13A
:10D7600002680DA8FBF7A8FEFBF796FA0DA805F0D6
:10D7700055FFFF20F530F7F7D7F9FBF78DFA9DA09D
:10D7800005F04CFFFF20F530F7F7CEF96148C0688F
:10D79000012811D1FBF780FA9CA005F03FFFFF2084
:10D7A000F530F7F7C1F9FBF777FAA14805F036FF36
:10D7B000FF20F530F7F7B8F9FBF76EFA9DA005F0FA
:10D7C0002DFF0026002007909E480690FF20F53090
:10D7D00005900EE0FF20F530F7F7A6F90798FF3027
:10D7E000F53007905A482D9097A12D98F5F753FDE5
:10D7F000064694490798884201DA002EEAD0002EA6
:10D8000014D002A803AB04AA93A100903046F5F708
:10D81000ABFD032809D103980B900398C82804D1C5
:10D82000012501213B48017215E000BF002D08D100
:10D83000FBF732FA8EA005F0F1FEFF20F530F7F786
:10D8400073F90C98401C0C9000BF0C98052802DA64
:10D85000002D00D15EE700BF002D20D16221002005
:10D8600000F022FF00202849087028490870284944
:10D8700008720021274801720020274908602749C3
:10D8800008607E4908700320FCF7DEFF08F060F8AE
:10D890007D200001F7F748F9FDF716FD0AE7FBF7D1
:10D8A000FBF977A005F0BAFE002780480A90FF2018
:10D8B000F53009900020089016E0FF20F530F7F7CA
:10D8C00033F9FF37F53722482D9079A12D98F5F7D8
:10D8D000E2FC002805D177A12D98F5F7DCFC0028A3
:10D8E00002D00120089005E07048874202DA0898CB
:10D8F0000028E2D000BFFF20F530F7F715F95CA053
:10D9000005F08CFE00BFD5E68300002080000020DB
:10D91000E8060020D806002034000020380000204F
:10D9200065436F6F6B335F4F54415F5445535431C0
:10D930002E686578000000002B46534C533A204671
:10D94000494C45533A0D0A0041542B46534C530061
:10D95000940B002041542B465344454C3D65436F86
:10D960006F6B335F4F54415F54455354312E68659C
:10D970007800000041542B4353534C4346473D220B
:10D9800073736C76657273696F6E222C312C330061
:10D9900041542B4353534C4346473D2269676E6FB6
:10D9A000726572746374696D65222C312C310000CC
:10D9B00041542B4353534C4346473D22656E6162AD
:10D9C0006C65534E49222C312C31000041542B48B8
:10D9D000545450494E4954000004002041542B48EF
:10D9E000545450504152413D2255524C222C222534
:10D9F0007322000041542B48545450504152413D31
:10DA00002253534C434647222C31000041542B48AB
:10DA1000545450504152413D22434F4E54454E5470
:10DA2000222C22746578742F706C61696E2200005C
:10DA30005C62010041542B48545450414354494FB7
:10DA40004E3D3000307500002B4854545041435433
:10DA5000494F4E3A000000002B4854545041435463
:10DA6000494F4E3A2025642C25642C256400000083
:10DA700041542B485454505445524D005B000020F3
:10DA800041542B485454505245414446494C453D1D
:10DA90002265436F6F6B335F4F54415F544553545E
:10DAA000312E686578222C3100000000102700001C
:10DAB0004F4B00002B485454505245414446494C6A
:10DAC000453A0000F8B51A48007800282DD01948CA
:10DAD0000068F6F7BCF90090F6F71AFA044600223F
:10DAE000154BF6F731F90646F6F74EFA134908607A
:10DAF00008460068F6F70CFA0646114A114BF6F78D
:10DB0000BBF80446F6F740FA0C4908600121890782
:10DB10000A480068F5F780FF084908600846016870
:10DB20000948816205480068F8BD0020FCE7000054
:10DB3000E4040020E004002000FEAF4004020020C6
:10DB40009A99999999990940B00A0020084972B6A2
:10DB5000084A1278002A07D0074A1268044B9A42F2
:10DB600002D9054A106801E0044A106862B670479D
:10DB700080857467F4040020F0040020A8000020D1
:10DB800000B501460B00FBF7DAFC1B27292F0F110C
:10DB9000131517191B1D1F2125312D2B2333433539
:10DBA00037393B3D3F414300032000BD0420FCE7E3
:10DBB0000520FAE70620F8E70720F6E70820F4E753
:10DBC0000920F2E70A20F0E70B20EEE70C20ECE753
:10DBD0001120EAE70D20E8E70020E6E70120E4E76E
:10DBE0001020E2E70F20E0E70220DEE70E20DCE76E
:10DBF0001220DAE71420D8E71520D6E71620D4E75C
:10DC00001720D2E71820D0E71920CEE71A20CCE75A
:10DC10001320CAE710B505480078002802D0FFF7A6
:10DC200095FF10BD02480068FBE700004900002096
:10DC3000AC0000202E20704770B505460C46002D24
:10DC400001D0002C04D1002C01D00020207070BD28
:10DC5000142229462046F5F732FB0020207500BF2C
:10DC6000F5E7F8B505460E4617460024002D01D00D
:10DC7000002E01D10020F8BDAC68002F0AD000E0D2
:10DC80002468002C10D03046216AF5F736FB0028B6
:10DC9000F6D109E000E02468002C05D03046216A66
:10DCA000FDF748F80028F6D12046E4E71CB510A19E
:10DCB0006846F8F7B9FAFEF7B3FE68460078002820
:10DCC00002D00198002803D100200C4908701CBD27
:10DCD0000198FFF7CBF90446002C02D107490870E0
:10DCE000F5E720222146054807F063F90348EEE7EF
:10DCF00041542B434943434944000000BC0F0020DA
:10DD00001CB515480078052803DB0020134908706E
:10DD10001CBD13A16846F8F787FAFEF781FE01984B
:10DD2000FFF7C4F90446002C0CD10C4908700A48CE
:10DD30000078052804DA08480078401C0649087075
:10DD40000020E5E720222146044807F032F90020B0
:10DD5000014908700148DBE7E5040020DC0F0020E2
:10DD600041542B4347534E0010B504A005F056FC18
:10DD7000002006490870FEF799FF10BD41542B435F
:10DD80004D515454444953433D3000004604002053
:10DD900000200149087070472805002010B503A035
:10DDA00005F03CFC0648F9F77DFE10BD41542B43BD
:10DDB000534F433D224D7373222C313234300000D7
:10DDC000A86100001CB5064A06A1684600F0FAFAF0
:10DDD000034A07A1684600F0F5FA00F047F81CBDB9
:10DDE000983A000041542B4346554E3D3000000008
:10DDF00041542B4346554E3D31000000F8B50446D2
:10DE0000002C02D02078002801D10020F8BDFAF7BC
:10DE100043FF204605F002FC00250F4FFF20F530A0
:10DE2000009013E0FF20F530F6F77EFEFF35F53564
:10DE30000A4E0BA13046F5F72EFA002805D109A1AC
:10DE40003046F5F728FA002800D002E00248854263
:10DE5000E8DB00BF0120D9E7983A0000940B0020CE
:10DE60004F4B00004552524F520000000020014924
:10DE700008607047E804002007480078012807D0B0
:10DE800005480078022803D003480078042801D10F
:10DE9000012070470020FCE7940400207CB5FFF7C8
:10DEA000E5FF00241FE07D22120111A1684600F069
:10DEB00089FA68460078002801D001207CBDFAF775
:10DEC000EBFE601C05280CD20A48056801E0F8F753
:10DED00027F808480068401B7D21C9008842F6D316
:10DEE00000BF601CC4B2052CDDDB0020E6E70000AB
:10DEF000415400009C000020F8B504460D4611482E
:10DF00000668076810488088009011E00E488188F4
:10DF10000098814204D00C48808800900948076826
:10DF200008480068C01BA04200D306E0F7F7F8FFDE
:10DF300004480068801BA842E8D300BFFAF7ACFE93
:10DF4000F8BD00009C000020940C002070B5054630
:10DF5000002D02D02878002801D1002070BD2C4669
:10DF60001AE0AC4209D020462038C07F0D2804D0EA
:10DF700020462038C07F0A2801D10120EEE7681D25
:10DF8000844208D3601F052207A1F5F7CDF90028C8
:10DF900001D10120E2E7641D05A12046F5F77BF9D8
:10DFA000041EDED100BFD9E72B434D452000000001
:10DFB0004552524F5200000070B50546002D02D068
:10DFC0002878002801D1002070BD022219A128461E
:10DFD000F5F7AAF900280AD1A878002805D0A87872
:10DFE0000D2802D0A8780A2801D10120ECE72C46A0
:10DFF00017E0AC4209D020462038C07F0D2804D05D
:10E0000020462038C07F0A280AD1A078002805D0F1
:10E01000A0780D2802D0A0780A2801D10120D3E7EA
:10E02000A41C04A12046F5F736F9041EE1D100BF77
:10E03000CAE700004F4B000010B50446002C07D083
:10E0400004A12046F5F727F9002801D0012010BDD2
:10E050000020FCE72B4352534D3D000010B5044611
:10E060002046FFF7A9FF002804D12046FFF76EFFE6
:10E07000002801D0012010BD0020FCE770B5054646
:10E080000C462046FFF7EAFF002800D170BD284665
:10E09000FFF7D2FF002806D004A12046F5F7FBF8D1
:10E0A000002800D1F2E70120F0E700002B43525393
:10E0B0004D3A000010B586B000F03AFC002802D1BD
:10E0C000022006B010BD22480078002801D00320AD
:10E0D000F7E77D2292011FA104A800F073F90598CB
:10E0E000FFF772FA002801D00020EAE7002426E0BA
:10E0F0007D2292011EA102A800F064F97D22920106
:10E1000014A1684600F05EF90198FFF75DFA002857
:10E110000DD001200E4908700398FFF777FA002808
:10E1200003D0FFF743FA0120CBE70020C9E70398AB
:10E13000FFF76CFA002800D103E0601CC4B2052C84
:10E14000D6DB00BF0120024908700220B9E70000B9
:10E150002805002041542B4352534D3D3137362C76
:10E1600032383533392C302C302C3132000000005D
:10E1700041542B4352534D3D3231342C32383533D8
:10E18000392C302C302C31322C224646464646461D
:10E19000464646464646464646464646464646461F
:10E1A00046462200FFB581B00F46012675E0B1005A
:10E1B0000498445820782D286ED160782D2805D1F8
:10E1C000A21C3AA1019802F0F9F865E065782946A9
:10E1D000384600F0CBFB002857D0702D0CD006DC61
:10E1E000622D2ED0632D4BD0652D4DD149E0732D7E
:10E1F00019D0742D48D13BE0A01C05F07FFB0446EC
:10E200002078302803D12D48F7F764FF0AE0207802
:10E21000312803D13220F7F75DFF03E028A10198F0
:10E2200002F0CCF830E000F083FB002801D02DA0F4
:10E2300000E02DA002462EA10090019802F0BEF849
:10E2400022E0A01C05F05AFB04462078302803D1B8
:10E2500000202B4908700AE02078312803D10120E2
:10E260002749087003E027A1019802F0A7F80BE006
:10E27000F7F7ACFA014600902BA0FBF7F1F803E0AA
:10E2800002E0F7F7D5F900BF06E02A4627A101987A
:10E2900002F094F805B0F0BD761C0398864286DB48
:10E2A0002BA1019802F08AF800BFF3E74C6F6E676C
:10E2B000206F7074696F6E2025730A00C409000016
:10E2C0004552524F523A202D70206F7074696F6E14
:10E2D00020737065636966792030206F7220310A7F
:10E2E0000000000055500000444F574E0000000051
:10E2F00047534D20706F77657265642025730A005F
:10E30000100200204552524F523A202D62206F7069
:10E3100074696F6E20737065636966792030206F51
:10E320007220310A0000000025640A004552524F55
:10E33000523A20496E76616C69642073686F72741A
:10E34000206F7074696F6E202D25630A0000000035
:10E35000210A000010B51BE0134A5288134B9B5C46
:10E360000C68621C0A6003550F4B5B885A1CD3175C
:10E370001B0E9B181B121B02D31A9CB20A4B5C800B
:10E3800072B6094A9288521E93B2074A938062B6C7
:10E39000054A9288002A02DD0A68FF2ADCDB002297
:10E3A0000B68C25410BD0000940C0020940B002098
:10E3B0000248006802490860704700009C00002085
:10E3C000E8040020F0B585B004460D4616463E49E7
:10E3D00003C903910290002001900398002804D003
:10E3E000002D02D02878002805D103990298616099
:10E3F000206005B0F0BD35480078002804D00399AE
:10E40000029861602060F4E7012030490870FAF753
:10E41000C7FDFAF741FCFF2101310398F4F730FF03
:10E42000002204212A48FAF7E7FF2846F4F75EFFA6
:10E4300080B2014600902846FAF730FD022125A05F
:10E44000FAF72CFD2448076829E0244800780028C2
:10E4500002D1F7F765FD22E000202049087001A9EC
:10E460000398FFF777FF28460399FFF707FE002878
:10E4700012D001A90398FFF76DFF0398FFF79CFDE9
:10E4800069460872087A002802D0FFF791FF02E07F
:10E4900000201349086007E0F7F742FD00BF0E486F
:10E4A0000068C01BB042D0D300BF6846007A002885
:10E4B00001D10B49086000200449087003990298B3
:10E4C0006160206000BF94E7445C0100C904002043
:10E4D000001000400D0A00009C000020C80400202D
:10E4E000E804002070B504460548056801E0F7F728
:10E4F00017FD03480068401BA042F8D370BD000020
:10E500009C00002010B5044624480078042800D15F
:10E5100010BD234800780300FBF711F806040E161F
:10E520002830383C002C06D100F002FA002802D036
:10E530000120FEF7BBFB2DE0012C04D102F046F9CF
:10E540000020FEF7B3FB25E0002C09D101F02AFDE5
:10E55000002805D00320FEF7A9FBFDF75DFE04E0CF
:10E56000012C02D10020FEF7A1FB13E0002C04D007
:10E57000012C02D10020FEF799FB0BE0012C04D105
:10E580000520FEF793FBFFF7EFFB03E0012C00D023
:10E5900000BF00BF00BF00BFBAE70000EE010020CF
:10E5A0009404002010B50446184800780300FAF7D8
:10E5B000C6FF0A0E060A2A12161A1E22262A20460C
:10E5C00006F0D2F820E0204605F09CFA1CE0204638
:10E5D00006F086F918E0204606F016F814E020460A
:10E5E00006F068F910E0204606F03EFA0CE02046FE
:10E5F00006F01CFA08E0204606F072FA04E0204615
:10E6000005F0A0FF00E000BF00BF10BDEE0100203C
:10E610001148017B1148124A127892008150002162
:10E620000F4A5278920081500D4A927892008150A0
:10E630000C488078022807D10748017B0748084A20
:10E64000D2789200815005E000210448044A927873
:10E6500092008150704700008F5B010018A00540B8
:10E660009C5B0100F4060020FCB504460D46002624
:10E67000002001900027622D08D0672D03D0722D55
:10E6800006D1012604E00120019001E0012700BF2E
:10E6900000BF0097324621460248019B05F07CF8F6
:10E6A000FCBD0000BC000020FCB504460D46002661
:10E6B000002001900027622D08D0672D03D0722D15
:10E6C00006D1012604E00120019001E0012700BFEE
:10E6D00000BF0097324621460248019B05F05CF8D6
:10E6E000FCBD00000007002010B50C210F48F8F712
:10E6F000FFF904460121C9040C48F8F755F9002830
:10E7000004D00121C9040948F8F740F90420204049
:10E71000002806D106480078002805D10549087070
:10E7200002E001200249087010BD00000080044092
:10E73000AE040020B204002010B50C210F48F8F7F9
:10E74000D7F904460121C9040C48F8F72DF900282F
:10E7500004D00121C9040948F8F718F90420204021
:10E76000002806D106480078002805D10549087020
:10E7700002E001200249087010BD00000090044032
:10E78000BE040020C204002070B505460E461320CA
:10E79000FAF7F4FE002405E006480068005D2855FD
:10E7A000601CC4B2701EA042F6DC1320FAF746FFCC
:10E7B00070BD0000540B002070B505460E460021C8
:10E7C000701E29541320FAF7D9FE002405E0285DB5
:10E7D000054949680855601CC4B2B442F7DB1320F0
:10E7E000FAF72CFF70BD0000540B002070B50546F1
:10E7F0000E461420FAF7D2FE002405E00648006811
:10E80000005D2855601CC4B2701EA042F6DC1420C6
:10E81000FAF724FF70BD0000740B002070B50546A8
:10E820000E460021701E29541420FAF7B7FE00246A
:10E8300005E0285D054949680855601CC4B2B4422A
:10E84000F7DB1420FAF70AFF70BD0000740B0020FC
:10E8500070B505460E46144631462846F5F7BAFB14
:10E8600006D821462846F5F7ABFB01D8012070BD3C
:10E870000020FCE710B500200E4948638863C86398
:10E8800008600872C8600861486148608861C861B2
:10E890000021084801624162816220210648F4F7A4
:10E8A000EFFC05490348C1620021016300200149D2
:10E8B000086410BDB00A0020900A0020F8B50B30A3
:10E8C000C608F600104D19E02068B04215D3B042DA
:10E8D0000BD96368871B201D0093F4F7B8FCA019BF
:10E8E000009B07604360286004E060682860201D8A
:10E8F000F4F7ADFC201D2660F8BD251D2C68002C0A
:10E90000E2D10020F8BD00000C06002010B5F6F79B
:10E9100041FF0446601C002802D1F6F7B7FF04E06F
:10E920000248844201DDF6F7B1FF10BD8C050000FE
:10E9300010B540210448F7F758FA0446002C01D1DD
:10E94000012010BD0020FCE700200B4005480078A6
:10E95000002803D104480078002801D00120704726
:10E960000020FCE7AE040020BE04002030B50246C3
:10E970000B469C205043094D441900210AE00C200D
:10E98000484325460C354019007A984201D10120B0
:10E9900030BD491C0C29F2DB0020F9E714020020ED
:10E9A000F8B504460F46002C00D1F8BD2046FCF710
:10E9B0006EF8002805D02046FCF78CF8387001204E
:10E9C000F3E72046FCF770F800280DD0002213462C
:10E9D000A5692846E169F5F7AFFA01D0012000E00A
:10E9E000002038700120E0E72046FCF768F8002896
:10E9F0002FD0206900282CD0256917A12846F4F7CC
:10EA00007CFC00280BD016A12846F4F776FC0028E1
:10EA100005D015A12846F4F770FC002802D101208A
:10EA20003870C2E711A12846F4F767FC00280BD024
:10EA300010A12846F4F761FC002805D00FA1284654
:10EA4000F4F75BFC002803D1002038700120ACE70C
:10EA500000BF0020A9E70000747275650000000087
:10EA600054525545000000003100000066616C738F
:10EA70006500000046414C53450000003000000096
:10EA800070B504460D46002C00D170BD2046FCF741
:10EA90000BF8002807D0A2691046E169F5F714FACF
:10EAA00028600120F1E72046FCF709F8002808D08B
:10EAB0002069002805D02069F4F748FF286001206C
:10EAC000E3E70020E1E7F8B505460C461646002DC1
:10EAD00004D031462846FBF7D1FF00E0002007466E
:10EAE000002F06D1002C04D031462046FBF7C6FF8C
:10EAF00007463846F8BD70B504460D46002C07D0D1
:10EB00002046FBF7DCFF002802D02069002801D155
:10EB1000002070BD206928600120FAE703480449FD
:10EB20000978042901D10349084370470A200300EA
:10EB3000EE01002004400000F8B507460C461546DB
:10EB40001E4669463846FFF79BFF002806D10BA2F8
:10EB500031462846FAF794FC0020F8BD00980028BA
:10EB600006DA0EA231462846FAF78AFC0020F4E7BE
:10EB7000009860600120207200BFEEE7647572614A
:10EB800074696F6E53206D75737420626520696EB1
:10EB9000742F737472696E6700000000647572618F
:10EBA00074696F6E53206D757374206265203E3DED
:10EBB00020300000F8B507460C4615461E4669464B
:10EBC0003846FFF75DFF002806D10CA231462846E3
:10EBD000FAF756FC0020F8BD0098002802DB0098E8
:10EBE0000A2806DD0CA231462846FAF749FC002027
:10EBF000F1E7009820600120EDE700006D6178509A
:10EC00006F776572206D75737420626520696E740C
:10EC10002F737472696E6700696E76616C69642027
:10EC20006D6178506F7765722028302D3130290062
:10EC3000FFB589B00025ED432F46284607900020F8
:10EC40000590049003900290012001906CE00198DF
:10EC500081000C98445820782D2862D160782D28A6
:10EC600005D1A21C5FA1099801F0A8FB59E06678C4
:10EC700031460A98FFF77AFE00284CD0632E1CD04C
:10EC800006DC302E30D0312E31D0622E42D131E030
:10EC9000722E02D0732E3DD11EE0A078002805D13F
:10ECA00054A1099801F08AFB0DB0F0BD06A9A01C83
:10ECB000FBF7D1FC069845B22CE0A078002804D1DF
:10ECC00059A1099801F07AFBEEE706A9A01CF8F714
:10ECD000EBFB069847B21DE008A9A01CF8F7E4FB7F
:10ECE0005E4806F0EDFE15E00120029012E00220E1
:10ECF00002900FE0204604F001FE044607A92046DA
:10ED0000FBF7A9FC0446204604F0F8FD041E00D0E1
:10ED100000BF00BF05E0324651A1099801F04EFB4B
:10ED2000C2E70198401C01900B99019888428EDB44
:10ED3000681C00281CD0002D16DB102D14DA029858
:10ED4000012804D1E8B20021F8F7B4FA10E00298E3
:10ED5000022804D1E8B20121F8F7ACFA08E049A191
:10ED6000099801F02BFB03E054A1099801F026FB60
:10ED7000002F31DB012F04DD5BA1099801F01EFBA0
:10ED80002AE0E11C0C46084604F0B8FD044619E0F0
:10ED90002078F4F750FA522802D10120059010E0B3
:10EDA0002078F4F748FA472802D10120049008E0BF
:10EDB0002078F4F740FA422802D10120039000E0C5
:10EDC00003E0641C20780028E2D100BF3846039B92
:10EDD000049A0599F8F794FA50A1099801F0EEFA0F
:10EDE00000BF61E74C6F6E67206F7074696F6E20B3
:10EDF00025730A004552524F523A206E6F207265B9
:10EE000064206C65642076616C7565207370656341
:10EE1000696669656420666F72206F7074696F6ED1
:10EE2000202D720A000000004552524F523A206EC7
:10EE30006F20524742206C6564206E756D6265726A
:10EE40002073706563696669656420666F72206F00
:10EE50007074696F6E202D630A000000B8220000F4
:10EE60004552524F523A20496E76616C6964207364
:10EE7000686F7274206F7074696F6E202D25630A3D
:10EE8000000000004552524F523A206D75737420B5
:10EE900073706563696679202D3020286F66662956
:10EEA000206F72202D3120286F6E2920666F72200E
:10EEB0002D72206F7074696F6E0A00004552524FB8
:10EEC000523A20496E76616C6964204C4544206E4C
:10EED000756D62657220666F72202D72206F70747E
:10EEE000696F6E0A000000004552524F523A2049A5
:10EEF0006E76616C696420524742204C4544202064
:10EF0000666F72202D63206F7074696F6E2C207590
:10EF100073652030206F7220310A0000210A000042
:10EF20000EB5FFF7A7FCF7F74FFAF7F7BFFBF6F7B9
:10EF300013FEF5F7C7FDF5F7A7FEF6F767FFF8F73D
:10EF40003BFEF8F7A0FAF9F7DFFEFAF791F8F8F7C9
:10EF500099F8F8F709FB0120F8F7F4FAFDF7F2FD4C
:10EF6000FFF7D4FCF5F7BEFCF6F77EFAF8F76CFD78
:10EF7000F8F755FCF6F712FC01214903F748F6F7BC
:10EF80003DFF01218903F548F6F738FFF4A0F54964
:10EF90004861F3A00861F4A0FAF762FAFEE3F548CD
:10EFA000007800282BD16421F3480068F4F7E6F8D4
:10EFB000002905D1F1480068EF49096888420BD162
:10EFC000EF480078002807D1EE484078032803D0A6
:10EFD000ED484078032812D16421E7480068F4F72F
:10EFE000CDF8002909D1E5480068E349096888425D
:10EFF00003D0E1480068E1490860FDF7A3FDF6F79A
:10F000008FFFE248007804280FD1E14800780028FB
:10F0100008D002E0DF48FCF767F9DD4800780028F7
:10F02000F8D102E0DB48FCF75FF9D248007800280D
:10F030000BD0D948807A002805D1D848807A00289A
:10F0400001D1F7F787F906F0A9F9D048007802282E
:10F0500003D0CE480078052877D1C821C64800687B
:10F06000F4F78CF80029F7D1CD480068C249096847
:10F0700088426AD0C0480068C9490860C648807A9A
:10F08000002803D1C548807A002849D0C5480078B7
:10F09000002803D1C048807A002807D1C1480078F1
:10F0A000012805D1BD48807A002801D0012000E068
:10F0B00000200546002D13D0BB48807802280FD1D0
:10F0C000B8480078002802D1AE48807801E0AE4808
:10F0D00080780446082C02D0204606F017FC1EE07B
:10F0E000B1488078022812D1AC4A1178AA4A107827
:10F0F00006F04EFCAB490978002902D1A6490988DF
:10F1000001E0A6490988C8B2F8F74EF907E09D4822
:10F110008078082803D09B49887806F0F7FB00BF69
:10F12000A248007800281FD09B48807A00281BD175
:10F130009A4A1178984A107806F02AFC9949097879
:10F14000002903D19449098802E038E093490988ED
:10F15000C8B2F8F729F990480088002804D08E48F2
:10F160000188002004F020FC9148007800281ED07F
:10F170008A48807A00281AD1884A1178864A1078FD
:10F1800006F006FC87490978012902D183490988DC
:10F1900001E081490988C8B2F8F706F97F4800887C
:10F1A000002804D07D480188012004F0FDFB7A4846
:10F1B000807A7E4908707948807A7D49087005F028
:10F1C00089FFFBF7F5FAFBF7ABFA02F043FAFBF71E
:10F1D00029FF06F06DF9FEF7ABF806F055F8F6F7E3
:10F1E0009FFE74480078002805D068480078002801
:10F1F00001D103F0D1FCFFF79BFB6F49087004F0CD
:10F20000D9F802F02BF96D48006B10210840002856
:10F2100001D0FAF71DF9F6F7F1F902F0A7FFFBF7B5
:10F22000B1FD01F0EDF9FCF7A7FF01F09FF8F6F74B
:10F2300077FEFFF78BFB002803D14E4800780028AB
:10F2400029D05F480078002816D05E480078002852
:10F2500012D05D48007800280ED05C480078002865
:10F260000AD05B480068401C002808D05848006855
:10F27000401C5749086002E0002055490860544886
:10F2800000687D21C900884201D3012000E00020F0
:10F290005049087004E000204D4908604D4908704D
:10F2A0004D48007801282FD14C480078032808D019
:10F2B0004A480078012804D049A24AA1354804F000
:10F2C000E5F946480078022803D10020FFF71AF933
:10F2D00017E042480078012813D040480078002801
:10F2E00003D10A20FCF77EFF0BE03C48007804289D
:10F2F00007D126480078002803D067210120FFF7B6
:10F30000D3F900203449087037480078012824D107
:10F3100036484079002807D135480078002871D058
:10F320003448007800286DD0F6F734FA00287DDDE7
:10F330002E480079002802D0012876D170E02E48AE
:10F34000007800286BD12D48006800285CD02C483C
:10F3500000682A490968401A57E073E000200B4012
:10F360004E410000B00A00204154454320434C491F
:10F370000A000000B80000209C0000201C000020B3
:10F38000BE0400201E0900202E090020EE010020EE
:10F3900010020020000004403E0900204A0900201D
:10F3A0001800002088010020F40600202000002022
:10F3B000210000205B000020810000200080084028
:10F3C0006A0000206B0000206C0000206D0000200F
:10F3D000700000204C000020B601002094040020A2
:10F3E0004F4B000041540000B701002008050020E9
:10F3F0003805002039050020950400201000002069
:10F40000AC00002014E011E00F2004460F2C05D3BF
:10F41000FE480068FE49086002F00CF800BF04E0F6
:10F4200003F0EAFC00F094FF00BF01E000F0C8FD2B
:10F43000F8A2F9A1FB4804F029F9FB490870002063
:10F44000FA490870FA48007801281ED1F948007876
:10F45000042808D167210120FFF726F903F018FBE3
:10F4600005F0CEFD0CE0F4480078042808D07221A5
:10F470000220FFF719F906F06BFA0520FBF7E4F913
:10F4800005F01AFE0020EA490870F6F749FDFFF77B
:10F490004FFA0446002C04D1E8490870E849087086
:10F4A00015E0E5480078042811D0E44800780028E9
:10F4B0000DD1E0480078002809D1E1480078002803
:10F4C00005D10520FCF78EFE0120DD490870DB48E0
:10F4D0000470DC480078002808D0DB480078002859
:10F4E00004D005F04DFF0020D6490870FFF720FA40
:10F4F00000287CD0D54ED64F0024D648007800286E
:10F5000032D0D5480068314688422DD3D2480068B1
:10F510003946884228D80025D0480068002809D0FC
:10F52000CE4800683146884204D3CC48006839464A
:10F53000884201D9012510E0C848C9A214210368F6
:10F54000C848F9F79DFFC748F3F7D0FEC6490860E1
:10F55000084600680A2800D20125002D03D0BE48C5
:10F560000068BE49086000BFC0480078002831D15B
:10F57000B148007804282DD0AE480078022803D086
:10F58000AC480078042825D10521A0480068F3F78D
:10F59000F5FD00291ED19D480068B54909688842DB
:10F5A00018D09A480068B2490860AA480078002834
:10F5B0000ED0A9480068A549884209D3A64800682A
:10F5C000A349884204D8A4480068A449086001E01F
:10F5D000FAF7A6F9A148006800281CD09F48A0A20D
:10F5E000142103689F48F9F74BFF9E4800E030E084
:10F5F000F3F77CFE9C49086098480068934988426C
:10F6000009D3964800689249884204D89648006811
:10F610000A2800D30124002C12D094480078002836
:10F6200009D18E48006893490860FDF70FFA012060
:10F630008E4908700CE0894800688E49086007E030
:10F6400086480068002803D0704800688349086035
:10F6500000BF89480078002854D1774800780428F2
:10F6600050D07448007803284CD0724800780128A4
:10F6700048D0FFF75DF9002844D0052163480068B1
:10F68000F3F77CFD00293DD1604800687B4909689B
:10F69000884237D05D48006878490860FEF706FB6D
:10F6A0007749086008460068002806D175A07649A9
:10F6B000086100207049087024E071480068F3F781
:10F6C00015FE7249086008460068142803D000201F
:10F6D0006949087016E06E4969480068FEF7ACFA9F
:10F6E0006B48FAF79DFF002806D001206249087098
:10F6F00067486549086105E062A063490861002028
:10F700005D49087063480079002837D14A4800787D
:10F71000042833D04748007804282FD1FFF708F990
:10F7200000282BD0052139480068F3F727FD002970
:10F7300024D1364800685849096888421ED04E488E
:10F74000007800281AD0314800685349086001A8A1
:10F75000FDF75EFB4F48029A019906C00838007910
:10F7600000280BD04B480068002807D049480068A3
:10F770004A4908600846006843494861454800799D
:10F78000002802D13FA040494861454800684549EA
:10F790000968884238D02848007800E093E30028C0
:10F7A00032D03F4800683F490968441A3E48007813
:10F7B000012812D1C82C10D341033C48F6F7CAF9EE
:10F7C000012189033948F6F7C5F900203649087048
:10F7D00033480068334908606BE0334800780028FC
:10F7E00067D1142C65D3012149033048F6F706FB95
:10F7F000012189032D48F6F701FB01202A490870F1
:10F8000027480068274953E054E052E0AC0000204C
:10F81000100000204F4B000041542B4353434C4BEE
:10F820003D320000000004404D000020B7010020E0
:10F83000B801002094040020EE0100209800002070
:10F8400099000020820000208100002080857467DC
:10F85000005786F4F4040020F0040020A8000020E3
:10F86000256C75002D060020540000204900002062
:10F8700028000020E80100204B0000202C00002080
:10F88000400000204E410000B00A0020500000203F
:10F8900018060020780000203000002044000020DE
:10F8A000A0000020240000205900002000200B4070
:10F8B000086000BFFE480078002803D0FD4800889B
:10F8C000002802D10020FC494870F948007800283F
:10F8D00003D0FA480088002802D10020F849487077
:10F8E0000821F548FEF768FF0821F548FEF796FF66
:10F8F000002009E0F349095CF34A1154F349095C1B
:10F90000F34A1154411CC8B20B28F3DBED48C07B0D
:10F91000F0490978884203D0EE480078002871D178
:10F92000E348007800286DD0E1480078042869D0C9
:10F93000E9480078002865D1DD480078022803D026
:10F94000DB480078052856D1DE48807800281BD097
:10F95000DC488078012817D0DA488078022813D054
:10F96000D848807803280FD0D648807804280BD058
:10F97000D4488078052807D0D2488078062803D05C
:10F98000D0488078072836D1D4480078002803D0A2
:10F99000D3488078012804D1CA49887805F0B6FF99
:10F9A00005E0C64A1178C34A107805F0F1FFCD484A
:10F9B0000078002806D1CC480068CA494860012078
:10F9C00008701FE0C7484068C7490968081AFF2146
:10F9D000F531884216D3C3484078002812D1B9487F
:10F9E0008178C2480068FAF74BFD0120BD49487094
:10F9F0000020087006E00020C043BA49486000209B
:10FA000008704870B648807802286BD10020B14950
:10FA1000087000BF07E0AD49095CAE4A127889184A
:10FA2000AC4A1170401C0F28F5DBA848C07BA949DF
:10FA30000978884203D0A7480078002873D19C48F1
:10FA4000007800286FD09A48007804286BD0A2482C
:10FA50000078002867D196480078022803D094489F
:10FA60000078052858D19948807800281BD09748FD
:10FA70008078012817D095488078022813D09348C1
:10FA8000807803280FD09148807804280BD08F48C5
:10FA90008078052807D08D488078062803D08B48C9
:10FAA0008078072838D18D480078012804D187490B
:10FAB000887805F02BFF05E0804A11787D4A1078A0
:10FAC00005F066FF8148817888480068FAF7D8FC1D
:10FAD00087480078002806D1834800688449486038
:10FAE000012008701FE0824840687F490968081AB1
:10FAF000FF21F531884216D37D484078002812D185
:10FB00007248817879480068FAF7BAFC0120784990
:10FB100048700020087006E00020C0437449486027
:10FB20000020087048707D21C90072480068F3F712
:10FB300025FB002913D1704800686E490968884286
:10FB40000DD06C4800686C490860FEF7CDFD644834
:10FB50008078022802D1FEF7EFFD00E000BFFA2115
:10FB600064480068F3F70AFB002933D16248006853
:10FB70006049096888422DD05E4800685E49086087
:10FB80005E4800785E490978884216D054488078EB
:10FB9000022809D1594800785A490978884201D089
:10FBA000012002E0002000E00120002805D0534899
:10FBB0000078401C5149087000E000BF4F480078B1
:10FBC000032804DB00204D490870012000E00020DC
:10FBD0004D49087036480078002867D03E480078C4
:10FBE000002863D03248007804285FD067210020C5
:10FBF000FEF73AFD67210020FEF756FD012043493C
:10FC00000870FBF761FB00210C20F7F753FB002184
:10FC10000F20F7F74FFB00210B20F7F74BFB0021DC
:10FC20000D20F7F747FB00210E20F7F743FBF7F70E
:10FC3000E7FB002021490880C8700871887048726D
:10FC400088721C490880C870087188704872887270
:10FC500023488078022801D1012000E003201649C2
:10FC600008700020487002201849087000201449CC
:10FC7000487000BF07E000220E49491D0A540F4991
:10FC8000491D0A54401C0428F5DB2148FBF780FF7E
:10FC90002048FBF77DFF0020FDF752F81E48407911
:10FCA000002801D000F08CF91CA239E03EE00000F1
:10FCB000EE0100203E090020710100204A090020C9
:10FCC000790100201E090020410600202E09002095
:10FCD0004C0600205C0000204C0000208801002021
:10FCE000F406002084000020AC000020A8000020C2
:10FCF0008C0000209C0000201400002068000020E0
:10FD0000B2040020C204002069000020A8010020E5
:10FD1000C0010020D0010020080500204F4B00004A
:10FD20006A496B4803F0B2FC6A4908706A48807BF4
:10FD3000002803D16948807B00287DD0002008E09E
:10FD40006749095C674A11546749095C674A11545D
:10FD5000401C0B28F4DB6649098888B20B226149F4
:10FD6000F5F76CFB634908606149098888B20B228A
:10FD70005E49F5F763FB604908605748807B0028BF
:10FD800009D05748C07A00025549097B08435949B0
:10FD9000096888420DD05148807B002866D05248BF
:10FDA000C07A00025049097B0843534909688842D8
:10FDB0005CD100264A484079002803D14A4840795E
:10FDC000002836D04D488078022823D14449497B09
:10FDD0000902434A527911430846F4F72DF8872166
:10FDE000C9050090F3F755FE07463F49497B0902D4
:10FDF0003D4A527911430846F4F71EF88721C90598
:10FE00000090F3F746FE019038460199F3F7ABFDF9
:10FE100006460EE03249497B0902314A52791143C4
:10FE20000846F4F709F807468721C905F3F731FEBC
:10FE300006462B48C07800E018E0040228490979FA
:10FE40000C432948C0780502274909790D43002C45
:10FE500003D02046F3F7FBFF02E02846F3F7F7FF55
:10FE600002903046029901F04DFB00BFFF210131A5
:10FE70002348F5F7BAFF23490870012149022048B9
:10FE8000F5F7B3FF2049087080212048F5F7ADFF52
:10FE90001F490870FF2101311C48F5F7A6FF1D49D5
:10FEA000087004211948F5F7A0FF012800D100E0EF
:10FEB0000020194908701948006B102108400028DB
:10FEC00001D0F9F7C5FAFFF76AF8000018F800004A
:10FED000000004404D000020C0010020D00100209F
:10FEE0001E090020410600202E0900204C0600209B
:10FEF000C40400206000002064000020F4060020FC
:10FF000000400B406A0000206B00002000200B40E6
:10FF10006C0000206D00002074000020008008406C
:10FF200001200149087070475D04002009480068FD
:10FF3000002801D101207047074800680549096879
:10FF4000401A0649C968884201D30120F3E700201E
:10FF5000F1E7000038040020AC0000200805002074
:10FF6000034800680349086000200349087070478F
:10FF7000AC000020380400205D04002010B50748C4
:10FF80000078002801D0012010BD0548807C0028A1
:10FF900000D1F9E7FFF7CAFFF6E700005D04002093
:10FFA0000805002005480078002805D0034800789F
:10FFB000042801D0012070470020FCE7EE0100205A
:10FFC00010B50FA003F02AFB11A003F027FB14A02B
:10FFD00003F024FB1648F7F765FDF8F75DFE0020F7
:10FFE000144908701449087014480078042803D193
:10FFF0000020FCF75BFE02E00220FCF757FE10BD7C
:020000040001F9
:1000000041542B434D515454444953433D30000017
:1000100041542B434D51545452454C3D3000000047
:1000200041542B434D51545453544F500000000041
:10003000A08601004704002046040020EE010020B5
:10004000FFB5A1B00746FAF7B9FC1F901F9800282A
:1000500001D125B0F0BD2298F3F700FF02460B4610
:100060000391029084A11F98FAF728FC83A1239A98
:100070001F98FAF7F7FBF5F7A9FB1E901E98F3F708
:1000800001FF02460B46039102907DA11F98FAF7EB
:1000900015FC002F70D07BA13846F3F72EF900280D
:1000A00005D079A13846F3F728F9002864D1FAF78A
:1000B00085FC0646002E04D11F98FAF7A9FC002003
:1000C000C7E772490868F3F7C9FE02460B4601917B
:1000D00000906FA13046FAF7F1FB6C498869F3F79D
:1000E000BDFE02460B46019100906AA13046FAF728
:1000F000E5FB66480079002801D167A000E067A011
:10010000024669A13046FAF7F7FB604840790028BB
:1001100001D166A006E05D484079012801D166A0C2
:1001200000E068A0024669A13046FAF7E5FB5749AE
:100130008868F3F793FE02460B460191009064A194
:100140003046FAF7BBFB5149C868F3F787FE024611
:100150000B46019100905FA13046FAF7AFFB4B4888
:10016000807C002801D0012000E000204749497C24
:10017000002902D0012101E026E000210091019038
:100180004248007C002801D0012000E00020034606
:1001900051A2062102A8F9F773F902AA51A130462B
:1001A000FAF7AAFB3949C869F3F758FE02460B462D
:1001B000019100904CA13046FAF780FB32464BA1EA
:1001C0001F98FAF76BFB00BF1F98FAF717FD05465B
:1001D0001F98FAF71DFC002D01D1002039E745A238
:1001E000202116A81E9BF9F74BF916A8F3F77EF805
:1001F00015902846F3F77AF81490012440A241A103
:10020000414803F043FA044040A2402104A8159B52
:10021000F9F736F942A204A93B4803F037FA044043
:1002200037A216A9384803F031FA04403DA2402114
:1002300004A8149BF9F724F939A204A9324803F061
:1002400025FA04402EA229462F4803F01FFA044045
:100250003AA2402104A8249BF9F712F928A204A984
:10026000294803F013FA04402846F9F727FBF8F76A
:1002700013FD2046EDE60000636964006F6B00002B
:10028000736964007075000072700000080500203A
:100290006B61000070730000616C6C0065737365C6
:1002A0006E7469616C000000706D0000616C7761B4
:1002B00079735F6F6E0000006F6E5F64656D616ED5
:1002C000640000006F6E636500000000637300004F
:1002D0006D7000006D7069002564582564582564B0
:1002E0000000000043454D006E6362007061726162
:1002F0006D730000726573702F256C75000000002F
:100300004F4B0000415400000000044041542B4377
:100310004D515454544F5049433D302C257A75006B
:100320003E00000041542B434D5154545041594C10
:100330004F41443D302C257A7500000041542B4339
:100340004D5154545055423D302C25642C363000CC
:10035000002003490870034800680349086070479B
:10036000880400209C0000208404002000B50E4872
:100370000078042800D100BD0C480078002810D176
:100380000B48006800280CD00A4800680849096832
:10039000094A8918884204D3F7F750F80120034925
:1003A000087000BFE7E70000EE010020880400208D
:1003B000840400209C000020701700000FB4F0B5EA
:1003C00087B00EA80690A2E00D980078252872D17B
:1003D0000D98401C0D900D98007873280CD106984C
:1003E00010C8069004E021780C9800F0CFF8641C47
:1003F00020780028F7D187E00D980078632807D18E
:10040000069810C80690E1B20C9800F0BFF87BE0A7
:100410000D98007864282BD1069810C806902546C0
:100420000026002D01D1012608E005E0761C0A21F6
:100430002846F2F7B9FE0546002DF7D1771E0DE0EC
:100440000A212046F2F7B0FE3031C8B201A9C855E2
:100450000A212046F2F7A8FE04467F1E002FEFDA9D
:10046000002001A9885501A80C9900F05BF84BE029
:100470000D98007878281FD10824069820C8069087
:10048000601E0EE02907090F303101AA115401A99D
:10049000095C392903DD01A9095CC91D11542D111D
:1004A000401E0028EEDA002001A9085501A80C9989
:1004B00000F038F828E022E00D980078682823D171
:1004C0000224069820C80690601E0EE02907090F36
:1004D000303101AA115401A9095C392903DD01A9B0
:1004E000095CC91D11542D11401E0028EEDA0020B0
:1004F00001A9085501A80C9900F014F804E00D9822
:1005000001780C9800F042F80D98401C0D900D9861
:100510000078002800D057E7069007B0F0BC08BC70
:1005200004B0184770B504460D4604E0217828460B
:1005300000F02CF8641C20780028F7D170BD000072
:1005400070B505460F4885420AD1F8F775FE044696
:10055000601C002801D1401E70BDE4B22046FBE7BC
:10056000094885420AD1F8F7E3FC0446601C0028DC
:1005700001D1401EF0E7E4B22046EDE70020C04381
:10058000EAE70000000004400010004073B5054693
:100590001648854212D1164E09E0F8F737FE044698
:1005A000002C00DD04E0701E061E00DC00E0F4E715
:1005B00000BF012101A8F8F777FE15E00D4885423C
:1005C00012D10B4E09E0F8F79DFC0446002C00DD2B
:1005D00004E0701E061E00DC00E0F4E700BF01210D
:1005E00001A8F8F7FDFC00BF7CBD0000000004403E
:1005F000102700000010004010B5FDF7C9FB10BD2A
:1006000010B569480078042800D110BD674800780B
:10061000012800D0F9E7FEF78BF9002800D1F4E7B4
:1006200063480068002809D062480068604909688A
:10063000401A61490968884200D2E6E75D480068CF
:100640005B49086002205C4908605C480078042827
:1006500016D1FDF72FFD0446012C0AD10020584980
:1006600008705649087057490870022052490860BE
:10067000CBE7002053490870052050490870C4E7B3
:1006800000F09CF9002830D000204E4908704B48FB
:1006900000780E2812DB00204B49087000F096F815
:1006A000FFF780FC002803D10220FCF7FFFA04E0EA
:1006B0000320FCF7FBFAFBF7AFFDA6E73F48007805
:1006C000002804D13E480078002800D19DE73B482F
:1006D0000078062803D108203849087004E037481C
:1006E0000078401C354908708FE736480078401C78
:1006F000344908703148007800F016FB002801D01A
:10070000012000E0052004462E480078A04249DB85
:1007100000202C49087029480078012805DC0020B9
:1007200027490870254908703CE0244800780E28C5
:1007300012D100202449087000F048F8FFF732FC7D
:10074000002803D10220FCF7B1FA04E00320FCF7F3
:10075000ADFAFBF761FD58E71848007800F0E4FABD
:10076000002802D000F064F81CE014480078052846
:1007700005D10120114908701149087012E0124892
:100780000078022807DA10480078401C0E490870EB
:1007900000F004F906E001200849087008490870D3
:1007A00000F03AF800BF30E7EE010020940400208A
:1007B00068040020AC0000206C04002064040020C9
:1007C00071040020650400207004002010B5002092
:1007D000084908700849087008490860022008495B
:1007E0000860002007490870102207A1094804F09A
:1007F000E0FB10BD640400206504002068040020B4
:100800006C040020710400206F6E6F6D6F6E646F5A
:1008100000000000720400200020034908701E2020
:100820000249086070470000650400206C04002045
:1008300010B500F0B3F810BD38B505460BA1284639
:10084000F2F729FD0446002C00D138BD00200090AD
:100850006A4608A12046F2F787FD012803D10098D7
:10086000012800D1F1E70020EFE700002B434741CA
:1008700054543A002B43474154543A202564000015
:100880007CB506460C4610A13046F2F704FD05463D
:10089000002D00D17CBD6320019000906B4601AA21
:1008A0000BA12846F2F760FD022801D00020F1E7F5
:1008B000002C01D0019820600198632801D001200C
:1008C000E8E70020E6E700002B4353513A00000020
:1008D0002B4353513A2025642C25640038B5044637
:1008E0000020C04300906946204600F00DF8002823
:1008F00000D138BD0098012802D00098052801D108
:100900000120F6E70020F4E77CB506460C4617A167
:100910003046F2F7C0FC0546002D04D115A1304643
:10092000F2F7B9FC0546002D01D100207CBD002066
:100930000190401E00906B4601AA10A12846F2F7D4
:1009400013FD022809D06B4601AA10A12846F2F730
:100950000BFD022801D00020E8E7002C01D0009810
:1009600020600098C017401CE0E700002B43524570
:10097000473A00002B43475245473A002B43524524
:10098000473A2025642C2564000000002B43475281
:1009900045473A2025642C256400000010B5FDF77A
:1009A00011FA012003490870002003490870FFF77D
:1009B0000DFF10BD5C0400204704002030B591B04D
:1009C00000200F90109000249D4800780300F8F755
:1009D000B6FD0F0918233D5B5D7B8C8EA4CED9DB61
:1009E000E5F8170097480078002808D1FDF756FA77
:1009F000002805D0012093490870012400E001245B
:100A00001AE191A10DA8F5F70FFC0E990D98109120
:100A10000F9008A8047F0FE18CA10DA8F5F704FC46
:100A20000E990D9810910F9008A8007F00280AD009
:100A30001098002807D088A11098F2F72CFC002805
:100A400001D0012000E000200446F5E0FDF72EF97A
:100A50000546002D02D02878002801D10024EBE0C3
:100A600006227FA12846F2F75FFC002805D110225C
:100A70007DA1804804F09DFA04E010227EA17D480B
:100A800004F097FA0124D7E00124D5E063200E900A
:100A90007DA10CA8F5F7C8FB0D990C9810910F904B
:100AA00008A8007F002807D00EA91098FFF7E8FEDD
:100AB000002801D0012000E000200446002C02D0D4
:100AC00073490E980864B7E06A4B72A2302103A8FC
:100AD000F8F7D6FC03A901A8F5F7A6FB029901983F
:100AE00010910F9008A8047FA6E00124A4E06FA154
:100AF0000DA8F5F799FB0E990D9810910F9008A885
:100B0000007F002806D01098FFF796FE002801D03D
:100B1000012000E0002004468EE067A10DA8F5F753
:100B200083FB0E990D9810910F9008A8007F002864
:100B300006D01098FFF7D2FE002801D0012000E077
:100B400000200446002C11D15EA10DA8F5F76CFB26
:100B500008A8007D002806D00E98FFF7BFFE0028E9
:100B600001D0012000E00020044600BF64E058A14D
:100B70000DA8F5F759FB0E990D9810910F9008A844
:100B8000047F59E0012457E054A10DA8F5F74CFB70
:100B90000E990D9810910F9001244DE052A10DA8CF
:100BA000F5F742FB08A8007D00280BD00E9800281E
:100BB00008D050A10E98F2F76EFB002802D0012455
:100BC0003AE019E04EA10BA8F5F72EFB0C990B9813
:100BD00010910F9008A8007F002808D110980028D5
:100BE00007D04AA11098F2F756FB002801D0012047
:100BF00000E0002004461FE0FCF776FB05460DA848
:100C0000FCF706F908A8007E002805D00D980028FA
:100C100002D01F490D984861002D0BD03F48007845
:100C2000002807D03E480068002803D03C480068F0
:100C30003C4908602C4600BF00BF204611B030BDC3
:100C400064040020710400204154000041542B43EF
:100C500050494E3F000000005245414459000000F9
:100C600038393435373300006F6E6F6D6F6E646FD7
:100C70000000000072040020696F742D65752E61FC
:100C800065722E6E6574000041542B435351000071
:100C9000B00A002041542B434744434F4E543D314A
:100CA0002C224950222C22257322000041542B4330
:100CB000474154543F00000041542B435245473FA5
:100CC0000000000041542B43475245473F000000BD
:100CD00041542B435053493F0000000041542B43E3
:100CE000474143543F00000041542B4E45544F5060
:100CF000454E3F002B4E45544F50454E3A20310053
:100D000041542B4E45544F50454E0000616C726566
:100D1000616479206F70656E65640000F4040020E2
:100D2000F0040020A80000200146082901D009296C
:100D300001D1012070470020FCE7000000B589B018
:100D40002022054901A8F2F782FA202201A90348CE
:100D5000F2F77DFA09B000BD245C0100080500200F
:100D6000F8B507460C460026002000907D21C900FA
:100D7000E068884201D30020F8BDE068401CE060D4
:100D8000A1682068405C5B2800D064E0A068401C3B
:100D9000A0602046F9F738FD002C09D06168A068F2
:100DA000884205D2A1682068405C5D2800D147E0F8
:100DB000002C03D06168A068884203D3A068401E5D
:100DC000A06048E0A068401EA06000BF2046103030
:100DD000F9F78BFE0546002D00D13CE0002E02D134
:100DE0002E46009504E00098056000986860009524
:100DF000A068401CA0602046F9F706FD2146009837
:100E000000F06EFA002800D125E02046F9F7FCFC3E
:100E1000002C08D06168A068884204D2A1682068CC
:100E2000405C2C28D2D0002C08D06168A068884291
:100E300004D2A1682068405C5D2800D00BE000BFB0
:100E4000E068401EE0602020F860BE60A068401CA2
:100E5000A060012090E7002E02D03046F9F7D8FDBF
:100E6000002089E702460023002100BF23E0505CF8
:100E7000302806DB505C392803DC505C3038C3185E
:100E800015E0505C412806DB505C462803DC505CD2
:100E90003738C3180BE0505C612806DB505C6628CD
:100EA00003DC505C5738C31801E000207047032969
:100EB00000D21B01491C0429D9D31846F6E70000CB
:100EC000F3B593B00C4600BF00201290FCF7B2FEC1
:100ED00001900025002C02D02068002802D10020BB
:100EE00015B0F0BD00253CE0A16820684018405DC9
:100EF00034281FD009DC2B380300F8F720FB092128
:100F00002F222B2F1718191A2F00382816D006DC7D
:100F1000352810D036280FD037281FD10DE03928BA
:100F20000DD045280FD0652818D10BE000BF00BFB9
:100F300000BF00BF00BF00BF00BF00BF00BF00BFB9
:100F400000BF00BF00BFA16820684018405D02A933
:100F5000485504E002A90198485500E00BE000BFA5
:100F60006D1C3F2D06D2002C04D0A068401961688A
:100F70008842B9D300BF002002A9485512A902A88F
:100F800004F02FF806460F4602A81299884201D1B4
:100F90000020A5E71398C7618661144A144B3046B8
:100FA0003946F2F7DDFF03D812491398416111E089
:100FB0000022114B30463946F2F7BEFF04D801211A
:100FC000C9071398416105E030463946F2F77CFFC6
:100FD0001399486108211398C160A06802AA129968
:100FE000891A4018A06001207AE700000000C0FFC5
:100FF000FFFFDF41FFFFFF7F0000E0C1F3B581B0DD
:101000000C46002700257D21C900E068884201D3F5
:101010000020FEBDE068401CE060002C08D0616844
:10102000A068884204D2A1682068405C7B2800D078
:1010300084E0A068401CA0602046F9F7E5FB002C86
:1010400009D06168A068884205D2A1682068405C28
:101050007D2800D165E0002C03D06168A06888423B
:1010600003D3A068401EA06068E0A068401EA06096
:1010700000BF20461030F9F738FD0646002E00D19B
:101080005CE0002F02D13746354602E02E607560E5
:101090003546A068401CA0602046F9F7B5FB214604
:1010A000284600F052F8002800D147E02046F9F722
:1010B000ABFB2869286200202861002C08D06168F9
:1010C000A068884204D2A1682068405C3A2800D019
:1010D00034E0A068401CA0602046F9F795FB21464B
:1010E000284600F0FDF8002800D127E02046F9F757
:1010F0008BFB002C08D06168A068884204D2A168EC
:101100002068405C2C28B4D0002C08D06168A0680E
:10111000884204D2A1682068405C7D2800D00DE0A0
:1011200000BFE068401EE06040210198C160019866
:101130008760A068401CA06001206AE7002F02D0F1
:101140003846F9F765FC002063E7F3B583B00C4639
:10115000A16820684018461CA16820684018451CFA
:10116000002002900027A1682068405C222800D05F
:10117000AAE00020019000900EE028785C280AD1B7
:10118000681C2168401A6168884200D39CE000987E
:10119000401C00906D1C6D1C2068281A61688842F4
:1011A00002D228782228E8D12068281A616888426B
:1011B00002D22878222800D086E0A1682068401852
:1011C000291A0098081A019021690198401C884743
:1011D0000746002F00D177E0029762E030785C2864
:1011E00007D0307802990870761C0298401C029053
:1011F00057E002200190A81B012800DA64E0707813
:10120000662819D008DC222832D02F2832D05C285A
:101210002FD0622840D108E06E2814D0722819D04F
:1012200074281ED0752837D12BE008200299087049
:101230000298401C029030E00C200299087002983D
:10124000401C029029E00A20029908700298401C74
:10125000029022E00D20029908700298401C029032
:101260001BE00920029908700298401C029014E0CB
:1012700000BF00BF7078029908700298401C02906D
:101280000BE002AA2946304604F050F9019001987B
:10129000002800D118E000E016E000BF01983618E1
:1012A00000BFAE429AD30020029908701021039823
:1012B000C160039807612068281AA060A068401CDC
:1012C000A060012005B0F0BD002F02D03846616952
:1012D0008847002E02D02068301AA0600020F1E775
:1012E00070B505460C46002C02D02068002801D1BC
:1012F000002070BD002C14D0A068001D61688842D9
:101300000FD8A26821688818042244A1F2F70CF8CB
:10131000002806D10420E860A068001DA06001201C
:10132000E7E7002C14D0A068401D616888420FD800
:10133000A2682168881805223AA1F1F7F5FF002874
:1013400006D10120E860A068401DA0600120D0E720
:10135000002C16D0A068001D6168884211D8A268D0
:1013600021688818042231A1F1F7DEFF002808D196
:101370000220E86001206861A068001DA0600120D3
:10138000B7E7002C0DD06168A068884209D2A16837
:101390002068405C222804D121462846FFF7D5FE6C
:1013A000A7E7002C17D06168A068884213D2A16813
:1013B0002068405C2D2809D0A1682068405C302856
:1013C00009DBA1682068405C392804DC21462846F6
:1013D000FFF776FD8DE7002C0DD06168A06888428C
:1013E00009D2A1682068405C5B2804D121462846C8
:1013F000FFF7B6FC7DE7002C0DD06168A06888423D
:1014000009D2A1682068405C7B2804D12146284687
:10141000FFF7F4FD6DE700206BE700006E756C6C64
:101420000000000066616C736500000074727565F1
:1014300000000000012005490870002004490870E0
:101440000448006804490860704700001804002040
:101450000C0400209C0000201004002010B521483E
:101460000078042800D110BD1F480078002836D12C
:101470001E480068002832D01D4800681B490968D2
:101480001C4A891888422AD3012017490870F4F7AA
:1014900081F91949096888421BDC00201649086057
:1014A00003F0CCFC002015490870154908700D4860
:1014B0000078002806D1F4F76DF9002802D1FEF774
:1014C0007FFD05E007480078002801D1FFF7B2FF53
:1014D000C9E70948006801F085FDFEF739FF00BF44
:1014E000C1E70000EE0100200C04002010040020E1
:1014F0009C000020B80B00001404002044040020CD
:1015000018040020F3B583B00C463D490398F2F768
:1015100061FD09D23B490398F2F752FD04D23A49E2
:101520000398F2F7B6FA0390384A39492046FDF796
:101530008FF9002801D105B0F0BD364A364903982D
:10154000FDF786F9002801D0039800E00020029002
:101550003248C068401C3149C860C868F2F777FC5F
:10156000064631467F20C005F2F793FA05462B4820
:1015700001680298F2F748FA07462946F2F74CFA52
:101580000646264801683046F2F7EDF9234908601F
:10159000084641682046F2F737FA07462946F2F72F
:1015A0003BFA06461D4841683046F2F7DCF91B4914
:1015B000486021460298F2F72FFA01901748816897
:1015C0000198F2F721FA07462946F2F725FA06466E
:1015D000124881683046F2F7C6F91049886008461B
:1015E00001680F4801620D494868F2F759FC0C493F
:1015F000C8610A4881680A48416200BF9BE7000051
:101600000050C3478096184B00247449000096434D
:10161000000048430000A041CDCC4C3D3C100020D0
:10162000B00A002000200349886048600860C86054
:10163000704700003C100020002003490870034858
:101640000068034908607047A10100209C00002049
:10165000A401002010B52F480078002859D12E4849
:101660000068002855D02D480078002851D12C481A
:101670008078012803D02A488078022849D1FDF7D4
:1016800065F9002845D027480078002841D101207D
:101690002049087021480078002837D122A223A1D0
:1016A000234801F0F3FF2348006B401C21490863E5
:1016B000FBF7CCF9012020490870FCF747FA1F49D5
:1016C000086001210C20F5F7F5FD1D4A11781D4A2F
:1016D000107804F05DF912488078022800D103E008
:1016E00018490878F5F760FE0D488078022803D184
:1016F0000120FBF725FB02E00220FBF721FB012084
:101700001149087000211148017202E000200149CE
:10171000087010BDA1010020A4010020EE010020EE
:10172000F40600204C0000204F4B00004154000004
:1017300000000440B00A0020A80100206C01002035
:101740004A0900203E090020B6010020D8060020EA
:10175000F0B589B007460E46144600252421684698
:10176000F1F78EFDFF200130216888470090FF20AF
:10177000013001900596204607C806AB07C30098C4
:10178000002800D137E06946384600F06DFC00289B
:1017900000D130E0684603F0B5FEA06800280BD009
:1017A000029B591C0098A26890470546002D00D165
:1017B00021E0002000901BE0029A501C216888471D
:1017C0000546002D00D116E00298401C019B834283
:1017D00001D2019801E00298401C02462846009977
:1017E000F1F735FD00200299685400986168884738
:1017F000284609B0F0BD0098002802D00098616822
:101800008847002D02D02846616888470020F0E70D
:10181000F1B5FFB0FFB0A2B0F3F7BCFFFFA9C867F6
:10182000A848C569A8488078012801D0012100E0B6
:101830000021FFA84167C06F002802DA0020FFA93D
:10184000C867002D09DCA1A1FFA884300068FEF75D
:10185000B5FD7FB07FB023B0F0BDFFA8C06F0028FA
:1018600000D106E0FFA9C96F4919481E2946F1F7C2
:101870009BFCFFA98867FFA89DA1826F8430006848
:10188000FEF79CFD0020FFA9086713E1FFA8016F88
:101890006943C166C16FC06E091AFFA88166806E78
:1018A000A84201DDFFA88566FCF750F90746F3F76B
:1018B0008DFF18909B484068002802D099484068E6
:1018C00000E097A00197009097A20121890219A832
:1018D000189BF7F7D5FD0446002C03DD012080029C
:1018E000844206DB9DA1FFA884300068FEF766FDF8
:1018F000AFE70026ADE0FFA8C06E811912A8F3F78C
:101900000BFF14991398814211DD1498C217139993
:10191000CB17401A9A41E1235B010021181A91412B
:1019200001D2184604E014991398081A00E0002028
:101930001190FFA9496F16225143944A8A1810A9A1
:10194000898A4900505AF2F782FA0B901198F2F7FF
:101950007EFA0A900B99F2F75FF88D490C90F2F736
:1019600098F810901198F2F78DFA0991089018984C
:10197000F2F7CEFA059104901798F2F7C9FA03919D
:101980000290059B049AF2F777F907910690099B5C
:10199000089AF2F771F900227E4B0B910A90F2F748
:1019A000D3F90F910E9001208002001B0D90464844
:1019B0008078012801D1784800E0784801461098E5
:1019C000F2F708FB07D240488078012801D172481D
:1019D00000E0724810901098F2F79AFA0B910A9072
:1019E000FFA8806E401EB04201DD6DA000E04CA05B
:1019F00008900F990E98079106900B990A980591F7
:101A00000490FFA8406F162148436049411810A870
:101A1000808A4000095A149A13980192029100900A
:101A200010A8037A19A909195E4A09910D99099814
:101A3000F7F726FD0746002F02DD0D98874206DBEB
:101A400046A1FFA884300068FEF7B8FC01E7E4195E
:101A5000761CFFA8806E864200DA4CE7A01C0121AC
:101A60008902884206DB3DA1FFA884300068FEF7AA
:101A7000A5FCEEE65D212046641C19AA11547D20C8
:101A80002146641C5054002019A90855FFA8843031
:101A9000016819A8FEF746FD0A21FFA884300068F6
:101AA000FEF774FD6420F3F73FF8FFA8006F401CB9
:101AB000FFA90867FFA9086F896F884200DAE5E689
:101AC00000BFC6E608050020F40600200A45525271
:101AD0004F523A20696E76616C696420636F6F6B58
:101AE000696E6720626C6F636B2073697A650A00A8
:101AF0000A4E756D626572206F6620636F6F6B6949
:101B00006E6720626C6F636B73203A2025640A4312
:101B10006F6F6B696E6720426C6F636B73203A0A5C
:101B200000000000B00A00207B2264657649442250
:101B30003A7B22736E223A222575222C22465722A6
:101B40003A222573227D2C227473223A256C752C3F
:101B500022436F6F6B223A5B000000000A4552522D
:101B60004F523A20636F6F6B696E6720626C6F63D0
:101B70006B20697320746F6F206C617267652074CD
:101B80006F207072696E740A00000000CA5B010069
:101B9000000061450020AC400000484500404E4533
:101BA0002C0000002C610100F3B581B00C4600252B
:101BB000002701988668002C01D10020FEBD01217C
:101BC0002046FBF70DF80546002D00D1F6E75B2017
:101BD0002870A068401CA060E068401CE0602AE01B
:101BE0002146304600F040FA002800D1E6E72046C2
:101BF00003F088FC306800281CD06069002801D000
:101C0000022000E001200746791C2046FAF7E8FF91
:101C10000546002D00D1D1E72C2028706D1C60698D
:101C2000002802D0202028706D1C00202870A06899
:101C3000C019A0603668002ED2D102212046FAF7E2
:101C4000CFFF0546002D00D1B8E75D2028706D1C40
:101C500000202870E068401EE0600120AEE7000030
:101C6000F3B58FB00D4600270F998869C9690D91AA
:101C70000C9000260024FBF7DDFF0490002D02D11C
:101C8000002011B0F0BD002213460D990C98F1F719
:101C9000F3FF0022134601910090F2F74DF905D0B1
:101CA00023A105A8F7F708FC06461BE022A105A81A
:101CB0000D9B0C9AF7F700FC064602AA20A105A886
:101CC000F1F752FB012806D10D9B0C9A039902985B
:101CD000F2F732F906D01BA105A80D9B0C9AF7F775
:101CE000EBFB0646002E01DB192E01DD0020C8E7C4
:101CF000711C2846FAF774FF0746002F00D1C0E791
:101D000000240CE005A8015D0498814202D12E2038
:101D1000385503E005A8005D385500BF641CB44287
:101D2000F0D300203855A8688019A8600120A8E7E2
:101D30006E756C6C0000000025312E313567000097
:101D4000256C670025312E3137670000F3B581B06F
:101D50000C460025002601988768002C01D1002040
:101D6000FEBD6069002801D0022000E00120064687
:101D7000711C2046FAF734FF0546002D00D1EFE72D
:101D80007B2028706D1CE068401CE06060690028C2
:101D900002D00A2028706D1CA0688019A06072E033
:101DA0006069002819D02046E168FAF719FF054656
:101DB000002D00D1D4E70020009005E00920287014
:101DC0006D1C0098401C0090E16800988142F5D895
:101DD000E168A0684018A06000BF2146386A00F0A2
:101DE00083F8002800D1BBE7204603F08BFB606935
:101DF000002801D0022000E001200646314620469E
:101E0000FAF7EEFE0546002D00D1A9E73A2028702A
:101E10006D1C6069002802D0092028706D1CA06824
:101E20008019A0602146384600F01EF9002800D134
:101E300096E7204603F066FB6069002801D0012088
:101E400000E000203968002901D0012100E00021D4
:101E50004618711C2046FAF7C3FE0546002D00D136
:101E60007EE73868002802D02C2028706D1C60693D
:101E7000002802D00A2028706D1C00202870A0685D
:101E80008019A0603F68002F8AD16069002802D0C5
:101E9000E068401C00E0022001462046FAF7A0FE60
:101EA0000546002D00D15BE7606900280AD00020BC
:101EB00003E0092129706D1C401CE168491E814224
:101EC000F7D800BF7D2028706D1C00202870E068C6
:101ED000401EE060012043E770B504460D462946E8
:101EE000206900F001F870BDF3B583B00746002407
:101EF000002600250020029001900498002801D1BE
:101F000005B0F0BD002F0DD103210498FAF768FE4B
:101F10000646002E00D1F3E750A13046F1F7FBF959
:101F20000120EDE73C4624E020780C2811D006DCA7
:101F300008280DD009280FD00A2811D10AE00D2851
:101F400009D0222802D05C280AD100E000BF00BFDF
:101F500000BF00BF00BF00BF0198401C019006E019
:101F60002078202802DA0198401D019000BF00BFB0
:101F7000641C20780028D7D1E11B01980818029032
:101F80000299C91C0498FAF72BFE0646002E00D1D0
:101F9000B6E70198002810D1222030703946701C15
:101FA000029AF1F754F922210298401C3154002181
:101FB0000298801C31540120A2E722203070751C49
:101FC0003C463DE020781F2808DD2078222805D0F7
:101FD00020785C2802D0207828702FE05C202870C0
:101FE0006D1C20780C2815D006DC08280FD0092895
:101FF00019D00A281AD110E00D2811D0222803D0B8
:102000005C2813D1287018E02220287015E0622087
:10201000287012E0662028700FE06E2028700CE017
:102020007220287009E07420287006E022780CA144
:102030002846F7F741FA2D1D00BF00BF641C6D1C38
:1020400020780028BED122210298401C3154002162
:102050000298801C3154012052E700002222000027
:102060007525303478000000F8B504460E4600258A
:10207000002C01D0002E01D10020F8BD207B1028BB
:1020800057D008DC01281BD0022827D0042809D00B
:1020900008285DD130E0202850D0402853D0802837
:1020A00056D12EE005213046FAF79AFD0546002D5F
:1020B00000D1E2E727A12846F1F72DF90120DCE75E
:1020C00006213046FAF78CFD0546002D00D1D4E7F5
:1020D00022A12846F1F71FF90120CEE7052130465D
:1020E000FAF77EFD0546002D00D1C6E71DA1284662
:1020F000F1F711F90120C0E731462046FFF7B0FDA6
:10210000BBE700272069002800D1B6E72069F1F776
:10211000EDF8471C39463046FAF762FD0546002DBA
:1021200000D1AAE73A4628462169F1F790F8012044
:10213000A3E731462046FFF7CFFE9EE73146204613
:10214000FFF732FD99E731462046FFF7FFFD94E7A0
:10215000002092E76E756C6C0000000066616C7385
:10216000650000007472756500000000F0B5D7B01E
:1021700000205690C6E00024E443204655900020FD
:102180000FE0664B5B881918CB171B0E5B181B12F0
:102190001B02CA1A6249895C7B2901D1044604E00A
:1021A000401C5E4989888142EBDC00BF601C00282E
:1021B00000D1AFE0601C0FE0584B5B881918CB17BB
:1021C0001B0E5B181B121B02CA1A5549895C7D291C
:1021D00001D1559004E0401C504989888142EBDCD4
:1021E00000BF5598401C002800D193E05598001B73
:1021F000451CFF204130854214DB484949880919B4
:10220000481CC117090E091809120902411A8AB29D
:1022100042494A8008468188601C081A81B23F48BA
:1022200081806FE000200EE03C4B5B881B19191881
:10223000CB171B0E5B181B121B02CA1A3849895C8C
:1022400005AB1954401CA842EEDB002005A94855F7
:1022500005A8F8F758FC0646002E38D031A13046C4
:10226000F8F70CFC074630A13046F8F707FC03905E
:102270002EA13046F8F702FC0290002F23D03846FA
:10228000F8F71DFC00281ED0386900281BD00398E1
:10229000002818D00398F8F707FC002813D03869F5
:1022A000019003984069009022490098096888428B
:1022B00008D02049009808603246029B0099019896
:1022C000FAF7D8FB00BF3046F8F7A2FB00BF5598DD
:1022D000401C049011494A8804995018C117090EEE
:1022E000091809120902411A8AB20C494A800846A3
:1022F00081880498081A81B2084881805698401C49
:10230000569000BF5698032804DA044880880028B5
:1023100000DD30E700BF57B0F0BD0000940C002096
:10232000940B002074790000636964006461746137
:102330000000000094000020F8B507460C46154642
:102340001E4669463846FCF7D6FB002806D118A27F
:1023500031462846F7F794F80020F8BD1BA10098F5
:10236000F0F7CBFF002802D11B4948711AE01BA1EE
:102370000098F0F7C2FF002803D1012016494871E8
:1023800010E019A10098F0F7B8FF002803D102204F
:102390001149487106E016A231462846F7F770F851
:1023A0000020DAE72068401C20600120D5E700000B
:1023B000636F6E6E5374726174656779206D7573A7
:1023C0007420626520737472696E6700616C776156
:1023D00079735F6F6E000000080500206F6E5F6408
:1023E000656D616E640000006F6E63650000000043
:1023F000636F6E6E537472617465677920696E766F
:10240000616C696400000000F8B507460C4615468B
:102410001E4669463846FCF733FB002806D110A259
:1024200031462846F7F72CF80020F8BD00980A2816
:1024300003DB13490098884206DD12A23146284684
:10244000F7F71EF80020F0E71549009808602068AB
:10245000401C206001201349087000BFE5E7000020
:102460006B656570416C697665206D75737420626B
:102470006520696E74206F7220737472696E6700D4
:10248000805101006B656570416C697665206D75E2
:1024900073742062652031302E2E3836343030008F
:1024A0000805002038050020FFB583B006460F461A
:1024B00000BF3046F8F7F8FA002802D0F569B46991
:1024C00015E03046F8F7FBFA002808D030690028FC
:1024D00005D03069F8F748F904460D4607E01CA21C
:1024E00006990598F6F7CCFF002007B0F0BD002252
:1024F000134620462946F1F71FFD06D900221D4B41
:1025000020462946F1F72CFD06D21BA20699059814
:10251000F6F7B6FF0020E8E722462B4600201D49CB
:10252000F1F712FC01910090F1F7CEFC02900298B5
:10253000642801DA642002907D21C9000298F0F736
:1025400033FE1549C8603868401C38600120CCE76C
:102550006D65746146726571487A206D757374207B
:102560006265206E756D626572206F722073747281
:10257000696E6700000024406D6574614672657184
:10258000487A206D7573742062652028302C3130B4
:102590005D00000000408F4008050020F8B50746A8
:1025A0000C4615461E4669463846FCF769FA00286F
:1025B00006D10EA231462846F6F762FF0020F8BD8C
:1025C0000098012803DB10490098884206DD0FA21D
:1025D00031462846F6F754FF0020F0E711490098ED
:1025E000C8602068401C20600120E8E76D657461C8
:1025F000496E74657276616C53206D7573742062D8
:102600006520696E74000000805101006D65746181
:10261000496E74657276616C5320312E2E383634D3
:102620003030000008050020F8B507460C46154676
:102630001E4669463846FCF723FA002806D10EA24A
:1026400031462846F6F71CFF0020F8BD0098012807
:1026500002DB00980A2806DD10A231462846F6F76C
:102660000FFF0020F1E714490098C8612068401C62
:1026700020600120E9E700006E756D436F6F6B42CB
:102680006C6F636B206D75737420626520696E7466
:10269000206F7220737472696E6700006E756D43EF
:1026A0006F6F6B426C6F636B206D75737420626526
:1026B00020312E2E3130000008050020F8B50746E5
:1026C0000C4615461E4669463846FCF714FA0028A3
:1026D00006D113A231462846F6F7D2FE0020F8BDF7
:1026E00016A10098F0F709FE002802D114490871DC
:1026F00010E014A10098F0F700FE002803D101209B
:102700000F49087106E012A231462846F6F7B8FED6
:102710000020E4E72068401C20600120DFE7000083
:102720007061796C6F61644D6F6465206D75737451
:1027300020626520737472696E670000616C6C00C2
:1027400008050020657373656E7469616C00000094
:102750007061796C6F61644D6F646520696E76613C
:102760006C696400F8B507460C4615461E46694676
:102770003846FCF785F9002806D112A231462846D2
:10278000F6F77EFE0020F8BD0098002809D00098DA
:10279000012806D00BA231462846F6F771FE00202C
:1027A000F1E70F4880690099884209D00098C0B2CB
:1027B0000B4988612068401C20600120094908708D
:1027C0000120E0E770657273697374656E74206D43
:1027D0007573742062652030206F72203100000014
:1027E0000805002039050020F8B507460C461546B7
:1027F0001E4669463846FCF7D3F8002806D108A2E1
:1028000031462846F6F73CFE0020F8BD68460078C1
:102810000C4908742068401C20600120F5E7000086
:1028200073656E64436F6F6B696E6753657373692D
:102830006F6E73206D75737420626520626F6F6CAC
:102840000000000008050020F8B507460C461546B4
:102850001E4669463846FCF7A3F8002806D108A2B0
:1028600031462846F6F70CFE0020F8BD6846007891
:10287000094948742068401C20600120F5E70000E9
:1028800073656E644572726F7273206D7573742018
:10289000626520626F6F6C0008050020F8B507467E
:1028A0000C4615461E4669463846FCF779F800285E
:1028B00006D108A231462846F6F7E2FD0020F8BD11
:1028C00068460078094988742068401C206001200F
:1028D000F5E7000073656E644D657461206D757376
:1028E0007420626520626F6F6C0000000805002094
:1028F000F0B589B005460E460024002736E0F6F70D
:10290000CBF91EA21EA1234800F0C0FE002801D171
:10291000641C2BE020A221A11E4800F0B7FE002875
:1029200001D1641C22E0334623A21E2101A8F6F740
:10293000A7FD12A201A9174800F0A8FE002801D1A6
:10294000641C13E014A22946124800F09FFE0028E0
:1029500001D1641C0AE010A21DA10E4800F096FEF1
:10296000002801D1641C01E0012700BF052C01DA19
:10297000002FC4D0384609B0F0BD00003E00000072
:1029800041542B434D515454544F5049433D302CE6
:1029900032350000000004404F4B00007573616742
:1029A000652D7261772D646174612D746F70696338
:1029B0002D70726F6400000041542B434D515454EC
:1029C0005041594C4F41443D302C256400000000DB
:1029D00041542B434D5154545055423D302C312CD1
:1029E00036300000F3B583B005001AD02868019096
:1029F000284680380290C76F04983E1F864200D94F
:102A000006462846F6F75AFF044600913246294604
:102A10000498FBF753FF0199002806D0016005B028
:102A2000F0BD0498F7F776F8F9E729600299002CD1
:102A3000CF670AD021686218291F8A4202D9291B50
:102A4000091F216000996160E9E7024A009911605D
:102A5000E5E700000C06002003480078002801D1BB
:102A6000024908707047000049000020E50400207A
:102A700000200149087070470405002010B50120AE
:102A800002490870FFF7F4FF10BD00004E0100205E
:102A900010B500F009F801E0F3F742FA00F02EF863
:102AA0000028F9D010BD000000200C4908600C4936
:102AB00008600C4800680C49086001200B49087048
:102AC000002007E00A490A5C0A490B4B1B5C9B008B
:102AD000CA50401C0428F5DB704700002C01002080
:102AE000300100209C00002034010020380100202B
:102AF000A05B010018A005409C5B01001E48007807
:102B0000002801D1012070471C4800681C49096851
:102B1000401AFA2801D20020F5E718480068184941
:102B2000086018480068401C16490860084600689C
:102B300006280FDB0020086013480068401C12497B
:102B4000086008460068022804DB00200A49087073
:102B50000120D8E700200BE00A49096889000B4AE8
:102B600089180A5C0A490B4B1B5C9B00CA50401C2D
:102B70000428F1DB0020C6E7380100209C0000207B
:102B8000340100202C01002030010020A05B010056
:102B900018A005409C5B010070B50D251048046825
:102BA00010480068201A962819D300200BE00E491F
:102BB000096889000D4A89180A5C0D490D4B1B5C98
:102BC0009B00CA50401C0428F1DB294606480068D7
:102BD000401CF0F7E9FA044801600248046070BD47
:102BE0009C000020400100203C010020F400002057
:102BF00018A005409C5B010002460B46934202DD93
:102C0000981AC117704700200146FBE7F0B5FFB0E6
:102C10009CB05D489A905D4899905D480078002886
:102C20000CD05C4800685849884207D3594800686E
:102C30005649884202D85748076801E05648076855
:102C40000120F6F7ADF9F2F7C1FD54490860544888
:102C50000078C860FAF736FF01215248F3F7C5F84B
:102C6000514908704D49886A0021F1F7B3F915D828
:102C70004A49886A4D49F1F7A3F90FD84749886A4C
:102C8000F1F746F905464848007849A200950191B8
:102C90000290102195A8F6F7F3FB07E0102246A159
:102CA00095A8F0F70CFB002098A9C870434800884D
:102CB0004349098800910190424843A220210368BA
:102CC0008DA8F6F7DDFB354842A21021036B89A8D9
:102CD000F6F7D6FB89A88DA995AA059706920791C4
:102CE00008902E484069002802D02C48406900E036
:102CF00037A02A490969002902D02849096900E05A
:102D000033A1264AD268254B1B7A01930292039184
:102D1000049022484068002802D02048406800E023
:102D20002BA000901D482C4A01214902036809A8E4
:102D3000F6F7A6FB0446002C03DD01204002844286
:102D400003DB00207FB01CB0F0BD24A224A12548E5
:102D500000F09CFC214609A8FFF7CAFD002800D11D
:102D6000F0E71EA220A11F4800F090FC2149087046
:102D70000020144908601249088010490880002189
:102D8000064801630120DDE780857467005786F4FB
:102D900049000020A8000020AC000020B00A00205C
:102DA0001E09002000600B40580000206666864027
:102DB000252E3266582564004E410000BC010020DB
:102DC000BA0100208C04002025645825645825642D
:102DD00000000000256400002C6301004F4B000040
:102DE000415400000000044041542B4353434C4BDA
:102DF0003D3200004D000020F0B5E1B00120F6F7B3
:102E0000CFF8F5F749FF02F005FAF2F7C3FC60903E
:102E100000205E905F9000215C915D915A915B91E2
:102E2000589159910027002681E031460FA8F2F70A
:102E300073FC65488078401E16214843634940185A
:102E400010A909894900405A0E9011991098F8F775
:102E500027FA05460E98F1F715F8099108902846CB
:102E6000F1F710F807910690099B089AF0F704FF14
:102E70000022574B0B910A90F0F766FF0D910C90D2
:102E800051498978012902D11921C90100E051492C
:102E90000846F0F7E3FF0B910A900D9B0C9AF1F7AF
:102EA0004BF800D242E000215E9A5F9852194841E7
:102EB0005E925F900E98F0F7E5FF0B910A905D9B94
:102EC0005C9AF0F725FE5D915C900D9B0C9A5B99E6
:102ED0005A98F0F71DFE5B915A902846F0F7D2FF02
:102EE000079106901598F1F713F803910290149842
:102EF000F1F70EF801910090039B029AF0F7BCFEE7
:102F000005910490079B069AF0F7B6FE0022304B1D
:102F100009910890F0F718FF0B910A90599B589A65
:102F2000F0F7F6FD599158907F1C00BF761C609811
:102F3000864200DA79E7002F0ADD3846F0F78EFF87
:102F400005462A460B465D995C98F0F7FDFE01E0C8
:102F50000020014657915690FAF7F8FD0546F2F722
:102F600035FC0646599958980B910A905B995A98E6
:102F7000099108905F995E98079106905799569825
:102F80000591049014484068002802D01248406817
:102F900000E012A03346124AFF2101316C46A1C461
:102FA00016A8F6F76DFA0446002C01DDFF2C02DDB1
:102FB000002061B0F0BD214616A8FFF799FC00285B
:102FC00000D1F6E70120F4E7F4060020CA5B010017
:102FD0000020AC40E40C0000B00A0020000000001B
:102FE000B0630100F0B5FFB0FFB09FB0054601200F
:102FF000F5F7D6FFF2F7CEFBFFA90867FFA8006F31
:10300000854203DB7FB07FB01FB0F0BDFFA8006F2B
:10301000401B7149C969884202DB6F48C06902E000
:10302000FFA8006F401BFFA9C866FAF78FFD064690
:10303000F2F7CCFB074669484068002802D0674891
:10304000406800E066A03B4666A201218902019625
:1030500000901AA8F6F714FA0446002C03DD0120AC
:103060008002844200DBCDE7002793E0E91913A832
:10307000F2F752FB15991498F8F712F9129012987A
:10308000F0F700FF099108901998F0F741FF0591BA
:1030900004901898F0F73CFF03910290059B049A66
:1030A000F0F7EAFD07910690099B089AF0F7E4FD16
:1030B0000022594B0B910A90F0F746FE11911090A7
:1030C00056498978491E16225143554A8A1810A933
:1030D000098B4900505AF0F7BAFE0B901298F0F79E
:1030E000B6FE0A900B99F0F797FC4E490C90F0F75A
:1030F000D0FC0F9049488078012801D14A4900E06E
:103100004A490E910E990F98F0F764FF01D20E987C
:103110000F9001208002001B0D900D98002800DC0C
:1031200070E70F98F0F7F4FE0B910A90FFA8C06EBD
:10313000401EB84201DD3EA000E029A00890119990
:103140001098079106900B990A98059104903348BE
:103150008078401E162148433149411810A8008B41
:103160004000095A159A149801920291009010A8F3
:10317000037B1AA909192F4A09910D990998F6F7A5
:103180007FF90646002E02DD0D98864200DB39E706
:10319000A4197F1CFFA8C06E874200DA66E7A01C56
:1031A00001218902884200DB2CE75D222046641C55
:1031B0001AA90A547D212046641C1AAA1154002021
:1031C0001AA9085521461AA8FFF792FB002800D13A
:1031D00018E700BF16E7000008050020B00A00202D
:1031E000000000007B226465764944223A7B22730A
:1031F0006E223A222575222C224657223A22257326
:10320000227D2C227473223A256C752C22436F6F19
:103210006B223A5B000000000020AC40F406002066
:10322000CA5B0100000061450000484500404E4572
:103230002C0000002C610100F0B5FFB0C8B00120E7
:10324000F5F7AEFE72B64148406B002803D0404807
:103250000068002804D162B600207FB048B0F0BDFD
:10326000F2F7B4FAC6903A480068C5903748476B01
:103270000020364948633649086062B60020C49091
:1032800034A20321090204A8C69BF6F7F9F8044604
:10329000002C03DD03200002844200DB51E0002506
:1032A00025E003200002001B03900398002800DCA7
:1032B00047E0C598401EA84201D92EA100E02EA1EA
:1032C000E800C019007901910090E8003B5804A87B
:1032D00000192AA202900399F6F7D2F80646002EAA
:1032E00002DD0398864200DB2BE0A4196D1CC59813
:1032F0008542D6D3A01C03210902884200DB20E0CE
:103300005D222046641C04A90A547D222046641CC8
:103310000A540020085520A220A1214800F0B6F947
:10332000214604A8FFF7E4FA002800D109E01AA218
:103330001CA11B4800F0AAF91D4908700120C49087
:1033400000BF3846F6F7BAFAC49886E7B00A0020FC
:10335000080400207B226465764944223A7B22736C
:103360006E223A222575227D2C2265727243223A02
:103370005B0000002C000000000000007B22747342
:10338000223A22256C64222C22657272223A22256E
:1033900064227D25730000004F4B00004154000063
:1033A0000000044041542B4353434C4B3D3200003A
:1033B0004D00002010B589480078042800D110BDC8
:1033C00087480068E1214901884202D908468449BA
:1033D000086083484068E1214901884202D90846D3
:1033E0007F4948607F484079002804D0012803D0F5
:1033F000022872D172E000BF7A48007C002835D0E4
:1034000078480079002809D1F2F7C4F97549C969EB
:10341000884201DB01200CE000200AE06F480078C0
:10342000002805D1F2F7B6F9002801DD012000E0FF
:10343000002000281AD06C480078002816D16B486C
:103440000078042812D10120674908706548007986
:10345000002802D0012808D102E0FDF7EBFF04E0CC
:10346000FFF7CAFCFCF774FF00BF00BF5D48407C5B
:10347000002809D05E480068032805D35B4800781F
:10348000042801D1FFF7D8FEFCF778FD002824D0EE
:1034900056480078042820D15648007800281CD1CE
:1034A00055480078002803D154480068002814D1FA
:1034B0005348006853490968401A052803D2514807
:1034C0000068002809D14E4800684E490860FFF79F
:1034D0009DFB002801D0FCF743FD7CE04A480078C2
:1034E0000300F6F72CF80504104451647600FCF74D
:1034F00045FD002806D03D480078042802D101206F
:103500004149087065E03B480078002807D13A48F7
:103510000078002804D139480068002800D058E01D
:103520003748006837490968401A052804D23548E9
:103530000068002800D04CE031480068314908603C
:10354000FFF764FB002808D0FCF70AFD00202F4994
:10355000087002202C49087008E0244800780428EC
:1035600004D00020284908702949087031E020481B
:103570000068002801D0FFF75FFE03202249087091
:1035800000201949087024E0F2F704F9002807DD4B
:1035900015480078002802D1FDF74CFF03E002E057
:1035A00004201949087000201949087011E00D48DD
:1035B0004079002807D117480078002805D0164820
:1035C0000078002801D0FCF7FBFC00200E490870B1
:1035D00000BF00BF00BF00BF00BFF0E6EE0100204B
:1035E000E0010020080500201804002094040020B9
:1035F00008040020950400200C0400201004002082
:10360000AC00002060040020440400208A04002054
:10361000890400203805002039050020F8B504464B
:1036200017480078002800D0F8BD12E0154E03E0DE
:10363000701E061E00DC03E0F5F764FC0028F7D0DE
:1036400000BF2078009001216846F5F7C9FC641C92
:1036500000BF20780028E9D10A4D03E0681E051E4E
:1036600000DC03E0F5F74EFC0028F7D000BF022194
:1036700005A0F5F7B5FCF9F7D3F900BFD4E70000D2
:10368000C9040020102700000D0A0000F0B5C5B0E5
:103690000C4616460027314804900020039030481D
:1036A0000078002802D0002045B0F0BD15E02D487C
:1036B000009005E00098401E0090002800DC03E028
:1036C000F5F720FC0028F5D000BF207802900121FA
:1036D00002A8F5F785FC641C00BF20780028E6D11D
:1036E0002048019005E00198401E0190002800DC70
:1036F00003E0F5F707FC0028F5D000BF02211AA06F
:10370000F5F76EFCF9F78CF919E0F5F711FC0546B1
:10371000681C002812D0FF2F05DA38467F1C05A947
:103720000D540020C855002E09D0314605A8EFF7EA
:10373000B2FD002803D00120039005E004E00498C6
:10374000411E04910028E0D100BF00BFF5F7F0FB57
:10375000401C0028FAD10398C0B2A5E730750000DC
:10376000C9040020102700000D0A0000014603488C
:10377000814201D3012070470020FCE780857467F7
:1037800010B50446002C02D0FAF7E0F910BD01484C
:103790000068FBE7AC000020F0B504460D46164675
:1037A0001F462570A672E77205982073002D08D178
:1037B00000202072607A00231A461946F3F7A0FD14
:1037C00017E0012D08D101202072607A3A46314677
:1037D000059BF3F795FD0CE0022D0AD10548006822
:1037E000606000202072607A3A463146059BF3F70C
:1037F00087FDF0BD9C00002010B500210C20F3F7E0
:1038000059FD67210020FAF72FFF67210020FAF702
:103810004BFFF7F759FD00210F20F3F74BFD002177
:103820000B20F3F747FD00210D20F3F743FD0021A6
:103830000E20F3F73FFDF3F7E3FD00202049088059
:10384000C87008718870487288721E490880C870F4
:1038500008718870487288721B488078022801D1EC
:10386000012000E003201949087000204870022060
:103870001749087000201749487000BF07E0002270
:103880001049491D0A540E49491D0A54401C042878
:10389000F5DB1148F8F77CF91048F8F779F90020C2
:1038A000F9F74EFA0E484079002801D0FCF788FB62
:1038B0000CA20DA10F48FFF7E9FE0F49087010BDDB
:1038C0004A0900203E090020F40600207101002072
:1038D0002E09002079010020C0010020D001002025
:1038E000080500204F4B000041542B4353434C4BE1
:1038F0003D320000000004404D00002010B5044699
:103900000BE0EFF78BFC00682178405CC007C00F2C
:10391000002801D1204610BD641C20780028F0D179
:103920002046F8E710B50446002C05D02068002892
:1039300002D0A068002801D0002010BD002C10D0BB
:10394000A068001D616888420BD2A26821688818AF
:10395000032205A1EFF7E8FC002802D1A068C01CF3
:10396000A0602046E9E70000EFBBBF0070B5044649
:103970000D462046F8F70CF909480078002802D0D7
:10398000FAF7E4F801E0074800686060A5810120CB
:10399000A0730020A06001F0BFFCFDF743FE70BDE6
:1039A00049000020AC00002070B505460C46002DF3
:1039B0000AD14948807A002806D121464748FFF7B6
:1039C000D5FF454804800BE0012D09D14448807A99
:1039D000002805D121464348FFF7C8FF404804802E
:1039E000002D03D13C48407A002805D1012D04D197
:1039F0003B48407A002800D005E0394A1178364A21
:103A0000107801F0C5FF3848807801281FD10320C5
:103A1000364908704C7008460078354908703348BC
:103A200040784870002088703249098888B20322A3
:103A30002F49F1F703FD304908600846008800046B
:103A4000000E2A49C8702C480078087142E02B48C3
:103A5000007800281FD10120244908704C700846C6
:103A60000078234908702148407848700020887009
:103A70002049098888B203221D49F1F7DFFC1E495D
:103A80000860084600880004000E1849C8701A48EB
:103A9000007808711EE00120194908704C70084632
:103AA00000781349087016484078487000208870E4
:103AB0001049098888B203220D49F1F7BFFC0E496D
:103AC0000860084600880004000E0D49C8700A48C6
:103AD0000078087170BD00003E090020C001002080
:103AE0004A090020D0010020F406002071010020C6
:103AF00081010020C40400208401002088010020EE
:103B00007901002070B50546F848406900280AD0C0
:103B1000F6484069F6490968884204D80A20F34902
:103B2000886000204861F148846800260A2C11DA78
:103B3000F048407A002804D000210846F1F7E8F95F
:103B40000126ED48407A002804D000210120F1F739
:103B5000DFF90126E7480088A04204DDA1B2002079
:103B6000FFF722FF0126E4480088A04204DDA1B24D
:103B70000120FFF719FF0126002E26D0DE4A11781A
:103B8000DC4A107801F004FFDC48007800280BD1F3
:103B9000D8490988092902DCD649098800E00921A9
:103BA000C8B2F3F701FC0EE0D448007801280AD12E
:103BB000D1490988092902DCCF49098800E0092197
:103BC000C8B2F3F7F1FBF1F7B9FEA81E16287DD2B3
:103BD00043007B449B885B009F447C0040010002C3
:103BE00038027002A802E002180350038803D503CC
:103BF0000D04B2007800E800150056047800330187
:103C0000650478005A040020BB490880C870087118
:103C1000887048728872B7490880C87008718870C7
:103C200048728872B6488078022801D1012000E0ED
:103C30000320B4490870002048700220B24908707F
:103C40000020B2494870B2480068B2490968401A79
:103C5000142808D9B0480078002804D0FAF7D8FC16
:103C6000F2F732FB01E0F7F72FFB00210C20F3F70E
:103C700021FB67210020FAF7F7FC67210020FAF703
:103C800013FD002007E000229A49491D0A549A4971
:103C9000491D0A54401C0428F5DBF3F7B1FB002151
:103CA0000B20F3F707FB00210F20F3F703FB0021A4
:103CB0000D20F3F7FFFA9948F7F76AFF9848F7F7EE
:103CC00067FF0020F9F73CF8012000E0FDE395498B
:103CD00008702AE28A48807802282FD18648407AE4
:103CE000002803D18348407A002800D027E0FA2139
:103CF000C800F1F77FFA00208049087001210B20ED
:103D0000F3F7D8FA00210F20F3F7D4FA7948807836
:103D1000002804D001210D20F3F7CCFA03E00021A4
:103D20000D20F3F7C7FA744A1178724A107801F03F
:103D30002FFE70490878F3F737FB00E000BFF1E38E
:103D40006F48807802282FD16B48407A002803D131
:103D50006848407A002800D027E0FA21C800F1F72F
:103D600049FA01206549087001210F20F3F7A2FAF2
:103D700000210B20F3F79EFA5F488078002804D0DA
:103D800001210D20F3F796FA03E000210D20F3F74F
:103D900091FA594A1178574A107801F0F9FD5649BD
:103DA0000878F3F701FB00E000BFBBE3FA21C8008D
:103DB000F1F720FA01210D20F3F77CFAF3F720FB4D
:103DC0004E48007800281BD14A488078002800D04F
:103DD00003E00021084601F09DFE46488078002857
:103DE00003D00920F8F7ACFF02E00820F8F7A8FF9D
:103DF00040488078002802D0F8F7FCFF00E000BFC0
:103E00003E48007801281BD13B488078002800D02C
:103E100003E00021084601F07DFE37488078002845
:103E200003D00920F8F78CFF02E00820F8F788FF9C
:103E300031488078002802D0F8F7DCFF00E000BFAE
:103E400070E339480088401C3749088001210E2062
:103E5000F3F730FA0520F8F773FF63E3F8F7F6FDA0
:103E6000FA21C800F1F7C6F924480078002803D1E8
:103E70002148407A002807D120480078012804D141
:103E80001C48407A002800D0A7E01C480078002891
:103E900003D11848407A002807D118480078012833
:103EA00009D11548407A002805D000211348007830
:103EB000F1F72EF800E000BF1048007800280BD181
:103EC0000F488078012803D103200E49087006E0CE
:103ED00001200C49087002E001200C4908700748D5
:103EE0000078002822D10749487022E00805002008
:103EF000AC0000203E0900204A0900208801002073
:103F0000F4060020710100202E0900207901002014
:103F1000A80000206C01002070010020C0010020DA
:103F2000D0010020B7010020BC0100200020F8498A
:103F30004870F848007800281BD1F7480078F74906
:103F40000870F5484078487000208870F449098866
:103F500088B20322F149F1F771FAF2490860084684
:103F600000880004000EEC49C870EE480078087123
:103F70001AE0E7480078E9490870E5484078487059
:103F800000208870E649098888B20322E349F1F7E6
:103F900055FAE4490860084600880004000EDC4930
:103FA000C870E04800780871DA480078002805D128
:103FB000DD490880DD48F7F7EBFD05E00020DC492E
:103FC0000880DC48F7F7E4FDD94A1178D64A107822
:103FD00001F0DEFC0020F3F7E7F9A3E2CD4800781A
:103FE000002803D1D248407A002807D1C948007878
:103FF000012804D1CC48407A002800D025E0C548EB
:104000000078002803D1C848407A002807D1C14869
:104010000078012809D1C648407A002805D000213F
:10402000BC480078F0F774FF00E000BF012C08DB0B
:104030000121B8480078FFF7B7FC0120F3F7B4F985
:1040400003E00320F6F700FC00BF6BE2B148007804
:10405000002803D1B648407A002807D1AD4800783F
:10406000012804D1B048407A002800D025E0A948B2
:104070000078002803D1AC48407A002807D1A54831
:104080000078012809D1AA48407A002805D00021EB
:10409000A0480078F0F73CFF00E000BF022C08DBEE
:1040A00002219C480078FFF77FFC0220F3F77CF99F
:1040B00003E00320F6F7C8FB00BF33E29548007821
:1040C000002803D19A48407A002807D19148007807
:1040D000012804D19448407A002800D025E08D487A
:1040E0000078002803D19048407A002807D18948F9
:1040F0000078012809D18E48407A002805D0002197
:1041000084480078F0F704FF00E000BF032C08DBD0
:10411000032180480078FFF747FC0320F3F744F9B8
:1041200003E00320F6F790FB00BFFBE1794800783D
:10413000002803D17E48407A002807D175480078CE
:10414000012804D17848407A002800D025E0714841
:104150000078002803D17448407A002807D16D48C0
:104160000078012809D17248407A002805D0002142
:1041700068480078F0F7CCFE00E000BF042C08DBB4
:10418000042164480078FFF70FFC0420F3F70CF9D2
:1041900003E00320F6F758FB00BFC3E15D48007859
:1041A000002803D16248407A002807D15948007896
:1041B000012804D15C48407A002800D025E0554809
:1041C0000078002803D15848407A002807D1514888
:1041D0000078012809D15648407A002805D00021EE
:1041E0004C480078F0F794FE00E000BF052C08DB97
:1041F000052148480078FFF7D7FB0520F3F7D4F8EE
:1042000003E00320F6F720FB00BF8BE14148007874
:10421000002803D14648407A002807D13D4800785D
:10422000012804D14048407A002800D025E03948D0
:104230000078002803D13C48407A002807D135484F
:104240000078012809D13A48407A002805D0002199
:1042500030480078F0F75CFE00E000BF062C08DB79
:1042600006212C480078FFF79FFB0620F3F79CF807
:1042700003E00320F6F7E8FA00BF53E12548007891
:10428000002803D12A48407A002807D12148007825
:10429000012804D12448407A002800D025E01D4898
:1042A0000078002803D12048407A002807D1194817
:1042B0000078012809D11E48407A002805D0002145
:1042C00014480078F0F724FE00E000BF072C08DB5C
:1042D000072110480078FFF767FB0720F3F764F821
:1042E00003E00320F6F7B0FA00BF1BE109480078AD
:1042F000002803D10E48407A002807D105480078ED
:10430000012819D10848407A002815D03AE0000069
:104310007901002088010020710100208101002026
:10432000C4040020840100203E090020C0010020B8
:104330004A090020D00100207B480078002803D1E2
:104340007A48407A002807D177480078012809D1B7
:104350007748407A002805D0002173480078F0F7AC
:10436000D7FD00E000BF082C08DB08216E4800786C
:10437000FFF71AFB0820F3F717F803E00320F6F71E
:1043800063FA00BFCEE068480078002803D168488F
:10439000407A002807D164480078012804D1634896
:1043A000407A002800D025E05F480078002803D13B
:1043B0005E48407A002807D15B480078012809D17F
:1043C0005B48407A002805D0002157480078F0F774
:1043D0009FFD00E000BF092C08DB0921524800784E
:1043E000FFF7E2FA0920F2F7DFFF03E00320F6F718
:1043F0002BFA00BF96E04F488078022843D14A4804
:104400000078002803D14A48407A00283BD146482A
:104410000078012803D14548407A002833D142482A
:104420000078002803D14148407A002807D13E484F
:10443000007801280DD13E48407A002809D0FA21A1
:10444000C800F0F7D7FE002137480078F0F760FD8C
:1044500019E00A2C03DA0320F6F7F6F962E0FA21F4
:10446000C800F0F7C7FE01212F480078F0F750FD93
:104470003148F7F78DFB3148F7F78AFB0A212A48C4
:104480000078FFF791FA4DE00320F8F759FC49E076
:104490000620F8F755FCFA21C800F0F7ABFE012022
:1044A000274908703EE020480078002803D11F48C3
:1044B0008078002807D11C480078012830D11C489A
:1044C000807800282CD0032000E02AE0F6F7BCF921
:1044D00015480078002811D11449C87008718870F7
:1044E00000BF04E000221149491D0A54401C042861
:1044F000F8DB00210D20F2F7DDFE11E000200C4971
:10450000C8700871887000BF04E000220849491D86
:104510000A54401C0428F8DB00210D20F2F7CAFEE3
:1045200000E000BF00BF70BD880100203E090020F0
:104530004A090020F4060020C0010020D00100201C
:10454000B801002010B50446152C54D10320F6F70D
:104550007BF92A480078002824D12949C8700871BD
:10456000887000BF04E000222549491D0A54401C00
:104570000428F8DB2248407A002804D01F4800783D
:1045800001F080F905E01F4A11781D4A107801F00A
:10459000FFF91B490878F2F707FF00210D20F2F719
:1045A00089FE24E000201749C8700871887000BF98
:1045B00004E000221349491D0A54401C0428F8DB7A
:1045C0001048407A002804D00C48007801F05AF9CD
:1045D00005E00C4A11780A4A107801F0D9F9002157
:1045E0000D20F2F767FE07490878F2F7DDFE02209A
:1045F000F8F7A6FB00E000BF00BF10BD8801002057
:104600003E0900204A09002070B50446112C10D044
:1046100008DC002C13D0012C3BD0032C43D0102CF1
:1046200075D14BE0182C2ED0192C50D01A2CF7D164
:104630006EE00020F8F784FBF6F746FE8CE0474872
:10464000007800280FD0FA21C800F0F7D3FDF8F762
:1046500069FA42480078002801D1012000E00020DA
:104660003E4908700EE0FA21C800F0F7C3FD01F0E2
:1046700001F83A480078002801D1012000E000202C
:104680003649087068E00020F8F75AFBF6F71CFE80
:1046900062E0FA21C800F0F7ADFD3149098888B21F
:1046A00001F00EFA58E0FA21C800F0F7A3FDF1F787
:1046B00071F885B2284601F003FA4DE0FA21C800EE
:1046C000F0F798FD27494868F8F704FA44E0FA2122
:1046D000C800F0F78FFD67210020F9F7C5FF6721BB
:1046E0000020F9F7E1FFF6F7EFFD0020F2F7C8FD33
:1046F000F1F736FD002803D0F4F782F9F5F7A0F8BA
:1047000000F0B8FFF0F7D0F9F4F77AF924E022E0EE
:10471000FA21C800F0F76EFDFA20F0F705FAF0F77D
:1047200087FFFCF70BFBF1F709F900250FE00120EB
:10473000F2F7A6FDFF20F530F0F7F6F90020F2F7CA
:104740009FFDFF20F530F0F7EFF9681CC5B2022D90
:10475000EDDBF5F775F800BF00BF70BDF10100207B
:104760008C040020B00A002010B50446112C0AD099
:1047700004DC022C2AD00E2C27D14DE0142C72D050
:10478000172CF9D17CE000210C20F2F793FD672172
:104790000020F9F769FF67210020F9F785FFF6F798
:1047A00093FD00210F20F2F785FD00210B20F2F789
:1047B00081FD00210D20F2F77DFDF2F721FE0020A2
:1047C000F8F7BEFA01203549087064E0002034494A
:1047D000087000210F20F2F76DFD01210B20F2F788
:1047E00069FD30488078002804D001210D20F2F7BF
:1047F00061FD03E000210D20F2F75CFD2A4A1178EB
:10480000284A107801F0C4F826490878F2F7CCFD60
:104810000220F8F795FA3EE00120214908700121B5
:104820000F20F2F747FD00210B20F2F743FD1E4851
:104830008078002804D001210D20F2F73BFD03E031
:1048400000210D20F2F736FD174A1178154A10782D
:1048500001F09EF814490878F2F7A6FD0220F8F757
:104860006FFA18E0FFE711480088401C0F490880E4
:1048700001210E20F2F71EFD0520F8F761FA0AE08B
:104880000620F8F75DFAFA21C800F0F7B3FC012022
:104890000749087000BF00BF10BD0000B70100202D
:1048A000880100203E0900204A090020BC010020A8
:1048B000B801002010B50446142C0BD10320F5F7E5
:1048C000C3FF00210E20F2F7F5FC04480078F8F74A
:1048D00037FA00E000BF00BF10BD0000EF0100206C
:1048E00070B50446204611380300F4F728FE080589
:1048F00054815881816474813F480078002800D039
:1049000070BDFEF7A9F8FEF7B9F8FAF71FF800280E
:1049100000D16EE039488078002804D100F0AAFE6A
:10492000FCF78AFE36E036A236A13748FEF7AEFE27
:104930003648006B401C35490863F8F787F80120BA
:1049400033490870F9F702F93249086001210C2057
:10495000F2F7B0FC304A1178304A107801F018F8BC
:1049600026488078022800D103E02C490878F2F725
:104970001BFD22488078022803D10120F8F7E0F9D6
:1049800002E00220F8F7DCF9012025490870002137
:10499000244801722DE00320F8F7D2F929E0FA212A
:1049A000C800F0F727FCF9F78DF8054600F086FE01
:1049B000F5F7F0FE1DE01C480078002805D1012025
:1049C0001949087001F07CF804E0002016490870CD
:1049D00001F076F80DE00520F5F736FFF8F740F81E
:1049E0000420F8F7ADF900F045FEF0F75DF800E0BF
:1049F00000BF00BF00BF83E75B000020F40600207B
:104A00004F4B00004154000000000440B00A002059
:104A1000A80100206C0100204A0900203E09002066
:104A2000B6010020D80600203C00002010B5044646
:104A3000002C02D0112C14D10BE00021084600F00C
:104A4000A7FF72210020F9F70FFE0120F8F778F98F
:104A500008E072210020F9F707FE0120F8F770F94D
:104A600000BF00BF00BF10BD10B504461948007854
:104A700006282DD0012C29D0112C02D0172C24D19E
:104A800008E0FA21C800F0F7B5FB13480078F8F702
:104A900057F91CE0FA21C800F0F7ACFBF9F792F9DE
:104AA000FDF7DAFFFDF7EAFF00200C490870F9F77F
:104AB000F5F90020F9F726FD67210120F9F7F4FD4B
:104AC00005480078F8F73CF901E000BF00BF00BFDF
:104AD00010BD0000EE010020EF010020470400207F
:104AE00070B50546E81E0300F4F729FD0F090A0B0F
:104AF0000C0D0E0F101112F7F7F7BBF6F70000BF01
:104B000000BF00BF00BF00BF00BF00BF00BF00BFAD
:104B1000FA21C800F0F76EFBEC1EC34800780028AD
:104B20002ED1C2480068022801D1062C13DCC048EF
:104B3000C079062805D1002C03D0BC4800680328A2
:104B400009D0BB48007A002806DD052C04DDB748F3
:104B50000068022800D109E0B548401DB34A126838
:104B60008454B2480068401CB0490860B048C0791D
:104B7000062837D1AD480068401CAC49086031E0D8
:104B8000A948007801282DD1A8480068022801D141
:104B9000062C13DCA748C079062805D1002C03D0C9
:104BA000A2480068032809D0A248007A002806DD40
:104BB000052C04DD9D480068022800D109E09D48CD
:104BC000401D9A4A1268845498480068401C9749CE
:104BD00008609848C079062804D194480068401CB1
:104BE0009249086091480068032802DD00208F493F
:104BF00008608D480078002817D18D4840790A2137
:104C000048438B49897940188949C8700846C0795A
:104C10000A2148438649097A4018854908710A469D
:104C20001179D07800F076FF1AE07F4800780128EB
:104C300016D1804840790A2148437E498979401835
:104C40007C49C8700846C0790A2148437949097AE5
:104C50004018784908710A461179D07800F05AFF57
:104C6000E0E00020714908606F480078002843D1D7
:104C70006F4840790A2148436D49897940186C4949
:104C8000C8700846C0790A2148436949097A401822
:104C9000674908710846C07800281FD10846007986
:104CA00000281BD10878F2F77FFB6148407A002882
:104CB00004D05D48007800F0E5FD05E05D4A11781C
:104CC0005B4A107800F064FE00210D20F2F7F2FA42
:104CD0000220F8F735F854E054E0A2E05648008886
:104CE000401C554908800920F8F72AF8012050494E
:104CF0008870F8F77FF844E04B480078012840D1ED
:104D00004C4840790A2148434A4989794018494921
:104D1000C8700846C0790A2148434649097A4018B4
:104D2000444908710846C07800281DD1084600791A
:104D3000002819D10878F2F737FB3E48407A00285E
:104D400004D03948007800F09DFD05E0394A11781B
:104D5000374A107800F01CFE00210D20F2F7AAFA65
:104D60000220F7F7EDFF0CE033480088401C324981
:104D700008800920F7F7E4FF01202E498870F8F732
:104D800039F84FE000210D20F2F794FA002027496E
:104D900008602548007800281FD100BF04E00022E9
:104DA0002349491D0A54401C0428F8DB204908788F
:104DB000F2F7FAFA1E48407A002804D01A48007820
:104DC00000F060FD05E01B4A1178194A107800F0E8
:104DD000DFFD0220F7F7B4FF22E013480078012836
:104DE0001ED1002004E000221249491D0A54401C33
:104DF0000428F8DB0F490878F2F7D6FA0D48407A14
:104E0000002804D00848007800F03CFD05E0094A7D
:104E10001178074A107800F0BBFD0220F7F790FFE9
:104E200000E000BF00BF70BD88010020B00100207D
:104E30003E0900204A090020BA010020F0B589B0DF
:104E400000204A4908604A49098849001C22514308
:104E50000846F4F75FFE0446002C03D1444908805D
:104E600009B0F0BDF0F796FC064600253CE068006E
:104E70004049085AB04206DB2046F4F71FFD0020E7
:104E80003B490880ECE768003A49085A301A022882
:104E900001DB022003E068003649085A301A089006
:104EA00000271CE0324800884000304909688842E9
:104EB00000DC17E068002F4A105AC11901A8F0F76A
:104EC0002BFC2A4909681C225143081901A9EEF755
:104ED000BEF926480068401C244908607F1C0898D9
:104EE0008742DFDB00BF6D1C214800888542BEDBA6
:104EF0001E4800682049884206DD2046F4F7DEFCA3
:104F000000201B490880ABE7F0F792FB00251DE06D
:104F10001C206843001980691C21694309194969EB
:104F20001C226A43121992890092019102901C205E
:104F30006843001983681C206843001942681C20DC
:104F40006843215C2846F0F745FC6D1C0748006863
:104F50008542DDDB05480068F0F798FC0020044935
:104F600008802046F4F7AAFC00BF79E7A0040020DF
:104F70009C040020000B00208C05000010B50446A6
:104F800000200AE0215C302901DB392904DD3A29BF
:104F900002D00022225403E0401C215C0029F1D100
:104FA00000BF2046EEF7A2F9082801D900202072A0
:104FB00010BD70B504460E461546002C01D0002DDC
:104FC00000D170BD002E02D100202070F9E76A1ECA
:104FD00031462046EEF773F90021681E215400BFC8
:104FE000EFE700B50A4683B0002100910191014628
:104FF0006846EFF7FCF80199009803B000BD000087
:1050000030B58FB01FA10DA8F1F70EF90E9800284A
:1050100003D1214908700FB030BD1F480078002827
:105020002DD108A8007D002829D0F0F7CFFB044639
:1050300023461AA20B210AA8F4F722FA05462B46AA
:10504000174A242101A8F4F71BFA01A8FEF7E6FA93
:1050500014A20AA91448FEF719FB2B46134A24216F
:1050600001A8F4F70DFA01A8FEF7D8FA0DA20AA9D3
:105070000D48FEF70BFB01200749087000BF00BF79
:10508000C9E7000041542B434D515454434F4E4EF9
:105090004543543F000000004604002025750000F1
:1050A000F65B01004F4B0000001000400F5C010058
:1050B0000160486070470000002003490870034801
:1050C0000068034908607047910100209C0000209F
:1050D0009401002010B51E480078002837D11D48E3
:1050E0000068002833D01C4800681A4909681B4A28
:1050F0008918884205D2184800681649096888420C
:1051000025D2012012490870FA21C800F0F772F880
:1051100013480078002803D11248407A002807D1AC
:105120000F480078012808D10F48407A002804D0A1
:105130000B48007800F0A6FB05E00B4A1178094AFD
:10514000107800F025FC09480078F7F7F9FD10BD4C
:1051500091010020940100209C000020C40900005F
:10516000880100203E0900204A090020EF010020AC
:1051700010B5064806490978445C0548007800F0F7
:1051800023F803490870204610BD00005E0100208E
:105190006701002070B504460848007800F014F854
:1051A000054607480078854200D170BD054803498F
:1051B000097844540148057000BFF6E766010020F5
:1051C000670100205E0100200246511CC817400FF5
:1051D0004018C010C000081AC0B2704770B505462C
:1051E0002846EEF783F8044610E0611E685C0D283F
:1051F00005D00A2803D0202801D0092804D1002294
:10520000611E6A54641E00E002E000BF002CECD175
:1052100000BF70BDF0B591B0F0F7BCFA10901098D7
:10522000002803DC0020014611B0F0BD002109A8D0
:10523000F0F772FA0A9808900B9E00242546012781
:1052400015E0394601A8F0F767FA0298B04204DC8D
:105250000398B0420ADD039E08E031460898FDF746
:10526000CBFC04194D4102980890039E7F1C1098B6
:105270008742E6DB31460898FDF7BEFC04194D4134
:1052800020462946D0E7000010B5174800780028CE
:1052900028D016480078002824D1F7F7E1FBF6F76C
:1052A00013F862210220F9F7FFF901201049087074
:1052B000002010490860104800681049086010A0DC
:1052C000FEF7ACF90FA0FEF7A9F9FDF7C5FBFDF756
:1052D000D5FB00200E49087001200E4908700020FF
:1052E0000149087010BD00005A000020EE010020A6
:1052F0005B0000203C0100209C00002040010020B9
:105300004154000041542B43524553455400000082
:10531000470400208200002010B5F8F77BFC04460B
:1053200021461348F7F78AF91249086008460068D1
:10533000E1214901884202D908460E4908600E4819
:10534000807802280FD121460C48F7F777F90949F0
:10535000486008464068E1214901884206D908466C
:105360000449486002E000200249486010BD000086
:10537000C0010020E0010020F4060020D001002040
:10538000002003490870034800680349086070471B
:10539000800000209C0000203400002030B54148EF
:1053A000046841480078022830D13F484068201AFC
:1053B000FF212D31884234D33B484460007A0028D5
:1053C00001D1012000E00020374908720D462D7AF6
:1053D000002D02D00D462D7B00E000252B46324DDE
:1053E0002D7A002D02D0304DED7A00E000252A46BE
:1053F0002D4D2D7A002D02D02B4DAD7A00E00025E9
:105400002946294D687AF1F77BFF0AE026480078A3
:10541000012806D1244D2B7BEA7AA97A687AF1F724
:105420006FFF22480078022830D120484068201AB7
:10543000FF212D31884234D31C484460007A002873
:1054400001D1012000E00020184908720D462D7A94
:10545000002D02D00D462D7B00E000252B46134D7C
:105460002D7A002D02D0114DED7A00E000252A465C
:105470000E4D2D7A002D02D00C4DAD7A00E00025A6
:1054800029460A4D687AF1F73BFF0AE007480078A1
:10549000012806D1054D2B7BEA7AA97A687AF1F7C3
:1054A0002FFF30BD9C00002000070020BC00002022
:1054B00010B50F480078002819D10E480068002860
:1054C00015D00D4800680B4909680C4A89188842B4
:1054D00005D20948006807490968884207D20120B7
:1054E000034908700648F8F7C9F8F7F713FF10BD2D
:1054F00080000020340000209C000020A8610000F3
:105500006006002070B504460025002C02D02068FB
:10551000002800D170BDA168206845182846EDF725
:10552000E5FEA1684018A06000BFF3E7F7B586B0BC
:10553000154600240026069805900020049003904C
:105540000290019007990598081A062800DA88E069
:105550000598801CFBF786FC0646372080028642B1
:1055600003D34148864200D87BE01B20C00286421C
:105570002CD33E48864229D80598871D00200090EC
:105580000C2002900798C01B062800DA69E03878E2
:105590005C2802D17878752800D062E0B81CFBF74F
:1055A00061FC0090372189020098884203D32E497C
:1055B0000098884200D954E0B005000B0099890595
:1055C000890D084301210904441802E006200290D5
:1055D0003446802C02D2012004901AE00120C0023F
:1055E000844204D202200490C020019011E00120E6
:1055F0000004844204D203200490E020019008E0DB
:105600001B48844204D804200490F020019000E05C
:1056100027E00498401EC0B203900CE02046802191
:105620000843BF2108402A6803995054A4090398ED
:10563000401EC0B2039003980028EFDC04980128B4
:1056400004DD019820432968087003E06006400EDD
:10565000296808702968049808182860029809B019
:10566000F0BD0020FBE70000FFDF0000FFDB0000D3
:10567000FFFF10000E4841790E480F4A1278920041
:1056800081500B4881790B480B4A52789200815027
:105690000748C1780748084A927892008150044828
:1056A000C1790448044AD2789200815070470000C2
:1056B0008F5B010018A005409C5B0100FEB506460B
:1056C00066480290664D30460299EEF779FC01D2A9
:1056D000002418E029463046EEF77CFC01D2614CEC
:1056E00011E028460299EEF78FF9019030460299B1
:1056F000EEF78AF900900199EEF7CBF90746594980
:10570000EEF78AF9044657492046EEF759FC21D8AE
:1057100055492046EEF75EFC1CD8544801785448A1
:10572000544A127892008150504801785048514AAA
:105730005278920081504D4801784D484D4A9278F8
:10574000920081504948017849484A4AD2789200EB
:10575000815082E044492046EEF732FC20D8464989
:105760002046EEF737FC1BD800214148414A127809
:10577000920081503D4801783D483E4A527892005F
:1057800081503A4801783A483A4A927892008150DA
:10579000364801783648374AD278920081505CE02A
:1057A00035492046EEF70CFC1DD834492046EEF76B
:1057B00011FC18D800212E482E4A127892008150F0
:1057C0002C4A527892008150284801782848294A6A
:1057D000927892008150254801782548254AD27850
:1057E0009200815039E025492046EEF7E9FB1AD8AE
:1057F00000212046EEF7EEFB15D800211C481D4A7B
:105800001278920081501B4A527892008150194AB6
:10581000927892008150154801781548154AD2783F
:105820009200815019E01648C1781148114A127847
:1058300092008150124801790D480E4A5278920028
:1058400081500F4801790A480A4A927892008150A3
:105850000021084A527892008150FEBD66662640BB
:10586000000060400000C84200009642845B0100D6
:1058700018A005409C5B0100000048420000C841A0
:105880008F5B010010B504460A20F1F78DFD002C56
:1058900002D0012C31D117E01948417819481A4A31
:1058A000127892008150164801781648164A5278AC
:1058B000920081500021144A927892008150124A3D
:1058C000D2789200815018E000210E480E4A1278DA
:1058D000920081500C4A52789200815008484178D9
:1058E0000848094A92789200815005480178054895
:1058F000054AD2789200815000BF00BF10BD000061
:10590000845B010018A005409C5B010000220C494B
:105910000C4B1B789B00CA500B49CA780849094BAD
:105920005B789B00CA5009490A5C0549054B9B7886
:105930009B00CA500022034BDB789B00CA50704783
:1059400018A005409C5B01008F5B0100845B010097
:105950000C480078042800D1704740210A480B4ABF
:10596000127892008150094A527892008150074A79
:10597000927892008150054AD2789200815000BFFF
:10598000EAE70000EE01002018A005409C5B010042
:1059900010B5444A927A002A0CD0434AD378434A3D
:1059A000434C2478A40013510023414C6478A40094
:1059B000135129E00A280ED13E4A53783B4A3C4C09
:1059C0002478A40013513B4A1378384A384C647841
:1059D000A400135118E00A290AD10023334A344C99
:1059E0002478A4001351324C6478A40013510BE0C6
:1059F000304A135C2D4A2E4C2478A4001351002306
:105A00002B4C6478A40013512B4A9278022A3DD182
:105A10002A4A927A002A0DD00023244A244CA478E2
:105A2000A4001351204AD378204A214CE478A400E2
:105A3000135135E00A290ED11E4A53781B4A1C4CDB
:105A4000A478A40013511B4A1378184A184CE47820
:105A5000A400135124E00A280AD10023134A144C4D
:105A6000A478A4001351124CE478A400135117E059
:105A700000230E4A0E4CA478A40013510D4A535C27
:105A80000A4A0B4CE478A400135109E00023074AAA
:105A9000074CA478A4001351054CE478A4001351DA
:105AA00010BD00003E0900208F5B010018A00540DA
:105AB0009C5B0100845B0100F40600204A09002081
:105AC000F8B507467D26F600002518E03146384631
:105AD000EDF76AFB0446092C00DD12E00A48015D7F
:105AE0000A480B4A525D9200815020467043381A92
:105AF00087B20A213046EDF757FB06466D1C042D90
:105B0000E4DB00BFF8BD0000845B010018A0054085
:105B10009C5B01007FB505460C460A212846EDF73F
:105B200043FB00900A212846EDF73EFB01910A2134
:105B30002046EDF739FB02900A212046EDF734FBB1
:105B4000039100200AE081006A4651580A4A525CDB
:105B50000A490B4B1B5C9B00CA50401C0428F2DB1B
:105B600005490198085C802108430449044A527899
:105B7000920088507FBD0000845B010018A00540A2
:105B80009C5B01003F065B4F666D7D277F6F805EEB
:105B90003F377950777839736E3D6D760908030287
:105BA0006D6E37396E3739003739005E39005E3F28
:105BB000005E3F375E3F37792C0190015802BC02EE
:105BC00084034C041405DC05400600002C01900100
:105BD0005802BC0284034C041405DC054006000096
:105BE00000002C019001F4015802BC0220035C0368
:105BF000AC03E803720641542B434D5154545355A2
:105C000042544F5049433D302C25642C310D004106
:105C1000542B434D5154545355423D302C25642C44
:105C2000310D000058020000000100000A000000D1
:105C3000805101000101010000000000000000008F
:105C40000200000000000000A40E00200000000080
:105C5000A40E00201F0000001C0000001F00000018
:105C60001E0000001F0000001E0000001F000000BA
:105C70001F0000001E0000001F0000001E000000AA
:105C80001F000000FC0F00200000000000000000CA
:105C90000000000000000000000000000000000004
:105CA00000000000000000000000000000000000F4
:105CB00000000000000000000000000000000000E4
:105CC00000000000000000000000000000000000D4
:105CD00000000000000000000000000000000000C4
:105CE00000000000000000000000000000000000B4
:105CF00000000000000000000000000000000000A4
:105D00000000000000000000000000000000000093
:105D10000000000000000000000000008864010096
:105D200009240100000000009464010065270100BF
:105D3000000000007C640100BD260100000000009E
:105D400010650100392301000000000050640100CB
:105D50009D2501000000000020650100A92401002C
:105D600000000000E8640100E927010000000000D5
:105D7000FC6401004928010000000000606401008B
:105D80009D28010000000000A864010029260100F0
:105D900000000000CC640100B5EB00000000000032
:105DA000D8640100B5EB000000000000B8640100F9
:105DB00039EB000000000000FFFFFFFF00000000C3
:105DC000000000000C65010081BD00006C64010052
:105DD00061BC00000865010091C00000746401000E
:105DE00091BE0000C464010055C10000A46401001C
:105DF00071C00000E46401004DC00000786401003F
:105E0000F9C00000C864010021C1000041414141C6
:105E100041414141414141412D2D2D414141181800
:105E200018181818181818181818181800000B4007
:105E300000200B4000400B4000600B4000000000C1
:105E40000000000003020200020000400080010187
:105E5000010101030010040008000101010C02030C
:105E600000000440030010000600030020000600AC
:105E7000004040404040404040404141414141405D
:105E80004040404040404040404040404040404012
:105E900040050202020202020202020202020202A1
:105EA00002202020202020202020200202020202A6
:105EB00002029090909090901010101010101010FE
:105EC000101010101010101010101010020202020A
:105ED000020288888888888808080808080808084E
:105EE000080808080808080808080808020202024A
:105EF00040000000715E0100455241534520465567
:105F00004E430000434F4F4B2046554E4300000088
:105F1000544553542046554E430000006272696454
:105F20006765205541525420746F20434C4900004E
:105F30002D6E20207072696E742063757272656EAA
:105F40007420636F6F6B696E672073657373696F1D
:105F50006E20636F756E742073746F726564206950
:105F60006E20454550524F4D00000000436F6D6D4F
:105F7000756E696361746520776974682047534D55
:105F800000000000726762006C6564007265640066
:105F900062726964676500002D6D20207072696E01
:105FA00074206D6178206E756D626572206F662059
:105FB000636F6F6B696E672073657373696F6E7360
:105FC00020666C6173682063616E2073746F726504
:105FD000000000002D7020207072696E7420636FC5
:105FE0006F6B696E6720626C6F636B7320616E64A8
:105FF00020636F6E6669726D206572617365000063
:1060000065726173650000006F66660037736567CF
:10601000000000002D64203C4E3E20207772697401
:1060200065204E207265616C6973746963206475C4
:106030006D6D7920636F6F6B696E67207365737325
:10604000696F6E7320746F20666C61736800000066
:10605000636F6F6B000000005B2D623C302E2E36AC
:10606000343E5D20736574206272696768746E6582
:106070007373206C6576656C0000000067736D00BB
:106080006E756D002D723C302E2E31353E203C2D2C
:10609000307C2D313E20726564206C6564202D308B
:1060A000206F6666202D31206F6E00005B7377696C
:1060B000746368206C6564206F6E00002D703C3046
:1060C0007C313E70756C73652074686520706F77E5
:1060D00065722070696E2E20303A322E355320744E
:1060E0006F20706F776572206F66662C20313A35AD
:1060F000306D5320746F20706F776572206F6E0063
:106100006F6E00002D633C307C313E205B5B727C07
:10611000677C625D5D2073657420524742206C6528
:106120006420636F6C6F7572000000007B227061E9
:106130006E223A222563222C226F6E54223A256C5D
:10614000642C226F666654223A256C642C22707788
:1061500072223A25752C2270777243223A252E320C
:10616000662C225067223A252E32667D2573000068
:10617000436F6F6B696E672073657373696F6E2011
:10618000666C6173682073746F7261676520636FFA
:106190006D6D616E64730000726561642074686582
:1061A0002073746174757300737461747573000087
:1061B00062726967687400007072696E7400000032
:1061C00072756E206C6564206379636C65207465FC
:1061D0007374000074657374000000006D617800D2
:1061E0004D616E6970756C617465204C4544732017
:1061F000616E6420372053656720446973706C6159
:10620000790000002D733C5B302E2E395D5B2E5DD6
:106210005B302E2E395D5B2E7C3A5D5B302E2E3945
:106220005D5B2E5D5B302E2E395D5B2E5D3E204426
:106230006973706C6179206E756D626572206F6E26
:106240002037207365676D656E7420646973706CA8
:106250006179000064756D6D7900000041542B4830
:10626000545450504152413D22555345524441549B
:1062700041222C22582D4150492D4B65793A2073EB
:106280006B646A6633383475726A393334757233C5
:106290003968723338343338347568723338347946
:1062A0003339657568777277726639773834727901
:1062B000683338343338343368723379716F6466D5
:1062C0006B6A33393338377267347222000000004A
:1062D00041542B434D515454434F4E4E4543543D2E
:1062E000302C227463703A2F2F61336236736F63E0
:1062F000667164747071342D6174732E696F742EBD
:1063000061702D736F757468656173742D312E61C2
:106310006D617A6F6E6177732E636F6D3A383838BE
:1063200033222C25642C2564000000007B22646548
:10633000764944223A7B22736E223A222575222C1A
:10634000224657223A222573222C227074223A22A6
:106350002575222C226D63223A222575222C227368
:106360006964223A222573222C226C6F63223A221E
:106370002573227D2C227473223A256C752C22738E
:10638000746174223A7B2242617456223A22257348
:10639000222C2253544C223A222573222C2273742D
:1063A00076636E74223A222573227D7D0000000000
:1063B0007B226465764944223A7B22736E223A221C
:1063C0002575222C224657223A222573227D2C2223
:1063D0007473223A256C752C22436F6F6B4167678B
:1063E000223A7B22636F756E74223A25642C2261F7
:1063F000766750777257223A252E32662C22746FB8
:1064000074616C53656373223A256C6C752C227031
:10641000777243223A252E32662C22506757682223
:106420003A252E32667D7D002B46534C533A20464A
:10643000494C45533A0D0A0065436F6F6B335F4F0C
:1064400054415F54455354312E6865780000000074
:106450006D657461496E74657276616C53000000FD
:1064600073656E644D65746100000000666F746151
:10647000000000006C620000726400007061796CC2
:106480006F61644D6F6465006B656570416C697622
:106490006500000070657273697374656E74466C94
:1064A00061670000706700006E756D436F6F6B422F
:1064B0006C6F636B000000006475726174696F6ECD
:1064C00000000000736F0000727000006D61785072
:1064D0006F776572000000006D61785F706F77659F
:1064E000720000006D72000073656E64436F6F6B25
:1064F000696E6753657373696F6E730073656E645D
:106500004572726F7273000070750000667700004C
:10651000636F6E6E5374726174656779000000007A
:106520006D65746146726571487A00004C650100C2
:1065300010000020080600006E480000A46601005C
:1065400018060020B0390000789B000001189AFF5F
:106550000101257A010501256958092064091154B2
:1065600059131204180F040104020403040404055F
:106570000407040601150106050530120501050290
:106580000503050405050607060203041832302A30
:10659000213B293C890532033206220C5B080803A3
:1065A0001129300140025713F24C0A4152881488D5
:1065B0005F0114E061012331EC1A8C0C148460013A
:1065C00032721A0C081404620132731A080C1AACE5
:1065D000044230192C290C32311A84301A0410323A
:1065E000631AD4081AC00432741AB0081A58240264
:1065F0003F621A7C441A6C6423A5E114DC64011A1E
:10660000BC1032701AA8601A9804299C1A90201A9B
:106610001C04296C29841A100C29842A50C0190CD6
:10662000299C11190C14F85E01024B6529601A703F
:1066300070412ADC90196C326D1A80181A300C32B5
:106640006E1AB8181AD40C29B4145462011A141C06
:10665000027B64139009024C20021B0552020009C0
:10666000106F6E6F6D6F6E646F022701E928120163
:106670000342FFFF2A589D195B320A148051018B97
:1066800001016849B861143864011A2804015104F1
:106690001087930323159B23BD981BE52990014385
:0466A000022B7D004C
:04000005000030C106
:00000001FF
